,,,,,,,,,,,,,,,,,,,,,,,,,
"Stock Market Data Used in ""Irrational Exuberance"" Princeton University Press, 2000, 2005, 2015, updated",,,,,,,,,,,,Cyclically,,Cyclically ,,,,,,,,,,,
Robert J. Shiller ,,,,,,,,,,,,Adjusted,,Adjusted,,,,,,,,,,,
,,,,,,,,,,,,Price,,Total Return Price,,,,,,,,,,,
,,,,  Consumer,,,,, Real ,, Real ,Earnings,,Earnings,,,Monthly,Real,,,,,,,
,S&P,,,Price,,Long,,, Total ,, TR ,Ratio,,Ratio,,Excess,Total,Total,10 Year,10 Year,Real 10 Year,,,,
,Comp.,Dividend,Earnings,Index,Date  ,Interest,Real,Real, Return ,Real, Scaled ,P/E10 or,,TR P/E10 or,,CAPE,Bond,Bond,Annualized Stock,Annualized Bonds ,Excess Annualized ,,,,
Date,P,D,E,CPI,Fraction,Rate GS10,Price,Dividend, Price ,Earnings, Earnings ,CAPE,,TR CAPE,,Yield,Returns,Returns,Real Return,Real Return,Returns,,,,
1871.01,4.44,0.26,0.40,12.46,1871.04,5.32,118.65,6.95, 118.65 ,10.69, 10.69 ,NA,,NA,,,1.00,1.00,13.06%,9.25%,3.81%,,,,
1871.02,4.50,0.26,0.40,12.84,1871.13,5.32,116.69,6.74, 117.25 ,10.37, 10.42 ,NA,,NA,,,1.00,0.97,13.09%,9.46%,3.62%,,,,
1871.03,4.61,0.26,0.40,13.03,1871.21,5.33,117.80,6.64, 118.92 ,10.22, 10.32 ,NA,,NA,,,1.00,0.96,13.10%,9.62%,3.48%,,,,
1871.04,4.74,0.26,0.40,12.56,1871.29,5.33,125.71,6.90, 127.48 ,10.61, 10.76 ,NA,,NA,,,1.00,1.00,12.21%,9.10%,3.11%,,,,
1871.05,4.86,0.26,0.40,12.27,1871.38,5.33,131.89,7.06, 134.35 ,10.85, 11.06 ,NA,,NA,,,1.00,1.03,12.26%,8.95%,3.31%,,,,
1871.06,4.82,0.26,0.40,12.08,1871.46,5.34,132.86,7.17, 135.95 ,11.03, 11.28 ,NA,,NA,,,1.00,1.05,12.31%,8.77%,3.54%,,,,
1871.07,4.73,0.26,0.40,12.08,1871.54,5.34,130.38,7.17, 134.02 ,11.03, 11.33 ,NA,,NA,,,1.00,1.06,12.00%,8.66%,3.34%,,,,
1871.08,4.79,0.26,0.40,11.89,1871.63,5.34,134.15,7.28, 138.52 ,11.20, 11.57 ,NA,,NA,,,1.00,1.08,11.19%,8.27%,2.93%,,,,
1871.09,4.84,0.26,0.40,12.18,1871.71,5.35,132.37,7.11, 137.29 ,10.94, 11.35 ,NA,,NA,,,1.00,1.06,11.00%,8.10%,2.90%,,,,
1871.1,4.59,0.26,0.40,12.37,1871.79,5.35,123.60,7.00, 128.81 ,10.77, 11.22 ,NA,,NA,,,1.00,1.05,11.48%,8.17%,3.31%,,,,
1871.11,4.64,0.26,0.40,12.37,1871.88,5.35,124.95,7.00, 130.82 ,10.77, 11.28 ,NA,,NA,,,1.00,1.05,11.53%,8.26%,3.27%,,,,
1871.12,4.74,0.26,0.40,12.65,1871.96,5.36,124.76,6.84, 131.22 ,10.53, 11.07 ,NA,,NA,,,1.00,1.03,11.21%,8.50%,2.71%,,,,
1872.01,4.86,0.26,0.40,12.65,1872.04,5.36,127.92,6.93, 135.15 ,10.59, 11.19 ,NA,,NA,,,1.00,1.04,10.77%,8.49%,2.28%,,,,
1872.02,4.88,0.27,0.41,12.65,1872.13,5.38,128.45,7.02, 136.32 ,10.66, 11.31 ,NA,,NA,,,1.00,1.04,10.38%,8.39%,1.98%,,,,
1872.03,5.04,0.27,0.41,12.84,1872.21,5.40,130.69,7.00, 139.33 ,10.57, 11.26 ,NA,,NA,,,1.00,1.03,10.17%,8.55%,1.62%,,,,
1872.04,5.18,0.27,0.41,13.13,1872.29,5.42,131.40,6.93, 140.70 ,10.40, 11.14 ,NA,,NA,,,1.00,1.01,10.01%,8.69%,1.32%,,,,
1872.05,5.18,0.28,0.41,13.13,1872.38,5.43,131.40,7.02, 141.32 ,10.46, 11.25 ,NA,,NA,,,1.00,1.01,9.78%,8.59%,1.19%,,,,
1872.06,5.13,0.28,0.42,13.03,1872.46,5.45,131.08,7.15, 141.62 ,10.60, 11.46 ,NA,,NA,,,1.00,1.02,9.65%,8.41%,1.24%,,,,
1872.07,5.10,0.28,0.42,12.84,1872.54,5.47,132.25,7.35, 143.54 ,10.83, 11.75 ,NA,,NA,,,1.00,1.04,10.25%,8.35%,1.90%,,,,
1872.08,5.04,0.29,0.42,12.94,1872.63,5.49,129.73,7.38, 141.48 ,10.81, 11.79 ,NA,,NA,,,1.00,1.04,10.68%,8.32%,2.36%,,,,
1872.09,4.95,0.29,0.42,13.03,1872.71,5.51,126.48,7.41, 138.61 ,10.80, 11.83 ,NA,,NA,,,1.00,1.03,11.37%,8.70%,2.67%,,,,
1872.1,4.97,0.29,0.43,12.75,1872.79,5.53,129.84,7.66, 142.99 ,11.10, 12.23 ,NA,,NA,,,1.00,1.06,10.87%,8.56%,2.31%,,,,
1872.11,4.95,0.30,0.43,13.13,1872.88,5.54,125.57,7.53, 138.97 ,10.84, 12.00 ,NA,,NA,,,1.00,1.03,10.86%,8.98%,1.88%,,,,
1872.12,5.07,0.30,0.43,12.94,1872.96,5.56,130.50,7.72, 145.15 ,11.07, 12.31 ,NA,,NA,,,1.00,1.05,10.59%,8.92%,1.67%,,,,
1873.01,5.11,0.30,0.43,12.94,1873.04,5.58,131.53,7.79, 147.02 ,11.13, 12.44 ,NA,,NA,,,1.01,1.05,10.44%,8.91%,1.52%,,,,
1873.02,5.15,0.31,0.44,13.23,1873.13,5.57,129.70,7.68, 145.68 ,10.96, 12.31 ,NA,,NA,,,1.01,1.03,10.24%,9.02%,1.21%,,,,
1873.03,5.11,0.31,0.44,13.23,1873.21,5.56,128.69,7.74, 145.28 ,11.02, 12.44 ,NA,,NA,,,1.01,1.04,10.56%,9.10%,1.46%,,,,
1873.04,5.04,0.31,0.44,13.23,1873.29,5.55,126.93,7.81, 144.02 ,11.08, 12.57 ,NA,,NA,,,1.01,1.05,11.04%,9.18%,1.86%,,,,
1873.05,5.05,0.31,0.44,12.94,1873.38,5.54,129.99,8.04, 148.25 ,11.39, 12.99 ,NA,,NA,,,1.01,1.07,10.69%,9.03%,1.66%,,,,
1873.06,4.98,0.32,0.45,12.56,1873.46,5.53,132.07,8.35, 151.42 ,11.80, 13.53 ,NA,,NA,,,1.01,1.11,10.93%,9.00%,1.93%,,,,
1873.07,4.97,0.32,0.45,12.56,1873.54,5.53,131.81,8.42, 151.92 ,11.87, 13.68 ,NA,,NA,,,1.01,1.12,11.00%,9.20%,1.80%,,,,
1873.08,4.97,0.32,0.45,12.56,1873.63,5.52,131.81,8.49, 152.74 ,11.93, 13.83 ,NA,,NA,,,1.01,1.12,10.48%,9.17%,1.31%,,,,
1873.09,4.59,0.32,0.45,12.56,1873.71,5.51,121.73,8.55, 141.88 ,12.00, 13.99 ,NA,,NA,,,1.01,1.13,11.59%,9.26%,2.33%,,,,
1873.1,4.19,0.33,0.46,12.27,1873.79,5.50,113.70,8.82, 133.39 ,12.35, 14.48 ,NA,,NA,,,1.01,1.16,12.02%,8.99%,3.04%,,,,
1873.11,4.04,0.33,0.46,11.89,1873.88,5.49,113.14,9.17, 133.62 ,12.81, 15.13 ,NA,,NA,,,1.01,1.21,12.34%,8.73%,3.61%,,,,
1873.12,4.42,0.33,0.46,12.18,1873.96,5.48,120.88,9.03, 143.66 ,12.58, 14.95 ,NA,,NA,,,1.01,1.18,11.23%,8.85%,2.37%,,,,
1874.01,4.66,0.33,0.46,12.37,1874.04,5.47,125.49,8.89, 150.01 ,12.39, 14.81 ,NA,,NA,,,1.01,1.17,10.47%,9.00%,1.47%,,,,
1874.02,4.80,0.33,0.46,12.37,1874.13,5.44,129.26,8.89, 155.40 ,12.39, 14.89 ,NA,,NA,,,1.01,1.18,10.43%,8.96%,1.47%,,,,
1874.03,4.73,0.33,0.46,12.37,1874.21,5.40,127.37,8.89, 154.02 ,12.39, 14.98 ,NA,,NA,,,1.01,1.19,10.54%,8.92%,1.62%,,,,
1874.04,4.60,0.33,0.46,12.18,1874.29,5.37,125.81,9.03, 153.04 ,12.58, 15.30 ,NA,,NA,,,1.01,1.22,10.39%,8.95%,1.44%,,,,
1874.05,4.48,0.33,0.46,12.08,1874.38,5.34,123.49,9.10, 151.14 ,12.68, 15.52 ,NA,,NA,,,1.01,1.23,9.89%,9.06%,0.84%,,,,
1874.06,4.46,0.33,0.46,11.80,1874.46,5.30,125.91,9.32, 155.06 ,12.99, 15.99 ,NA,,NA,,,1.01,1.27,9.22%,8.76%,0.46%,,,,
1874.07,4.46,0.33,0.46,11.89,1874.54,5.27,124.90,9.24, 154.76 ,12.88, 15.96 ,NA,,NA,,,1.01,1.27,9.43%,8.93%,0.50%,,,,
1874.08,4.47,0.33,0.46,11.80,1874.63,5.24,126.19,9.32, 157.32 ,12.99, 16.19 ,NA,,NA,,,1.01,1.29,9.98%,8.81%,1.17%,,,,
1874.09,4.54,0.33,0.46,11.80,1874.71,5.20,128.17,9.32, 160.76 ,12.99, 16.29 ,NA,,NA,,,1.01,1.30,9.57%,8.89%,0.68%,,,,
1874.1,4.53,0.33,0.46,11.61,1874.79,5.17,129.98,9.47, 164.02 ,13.20, 16.66 ,NA,,NA,,,1.01,1.33,9.17%,8.80%,0.37%,,,,
1874.11,4.57,0.33,0.46,11.51,1874.88,5.14,132.22,9.55, 167.84 ,13.31, 16.89 ,NA,,NA,,,1.01,1.35,9.01%,8.92%,0.09%,,,,
1874.12,4.54,0.33,0.46,11.51,1874.96,5.10,131.35,9.55, 167.75 ,13.31, 17.00 ,NA,,NA,,,1.01,1.36,9.18%,9.01%,0.17%,,,,
1875.01,4.54,0.33,0.45,11.51,1875.04,5.07,131.35,9.47, 168.76 ,13.07, 16.79 ,NA,,NA,,,1.01,1.37,8.92%,8.97%,-0.05%,,,,
1875.02,4.53,0.33,0.44,11.51,1875.13,5.03,131.06,9.40, 169.39 ,12.83, 16.58 ,NA,,NA,,,1.01,1.38,9.15%,8.81%,0.34%,,,,
1875.03,4.59,0.32,0.44,11.51,1875.21,4.99,132.79,9.33, 172.64 ,12.59, 16.36 ,NA,,NA,,,1.01,1.39,9.28%,9.03%,0.25%,,,,
1875.04,4.65,0.32,0.43,11.61,1875.29,4.95,133.43,9.18, 174.46 ,12.24, 16.01 ,NA,,NA,,,1.01,1.39,9.07%,8.95%,0.12%,,,,
1875.05,4.47,0.32,0.42,11.32,1875.38,4.91,131.50,9.34, 172.95 ,12.31, 16.18 ,NA,,NA,,,1.01,1.43,9.35%,8.90%,0.45%,,,,
1875.06,4.38,0.32,0.41,11.13,1875.46,4.87,131.05,9.42, 173.40 ,12.27, 16.23 ,NA,,NA,,,1.01,1.47,9.59%,8.94%,0.65%,,,,
1875.07,4.39,0.31,0.40,11.13,1875.54,4.83,131.35,9.35, 174.83 ,12.02, 16.00 ,NA,,NA,,,1.01,1.48,9.83%,8.77%,1.05%,,,,
1875.08,4.41,0.31,0.39,11.23,1875.63,4.79,130.83,9.20, 175.16 ,11.67, 15.62 ,NA,,NA,,,1.01,1.48,10.46%,8.83%,1.63%,,,,
1875.09,4.37,0.31,0.39,11.13,1875.71,4.75,130.75,9.20, 176.08 ,11.52, 15.51 ,NA,,NA,,,1.01,1.50,10.44%,8.83%,1.61%,,,,
1875.1,4.30,0.31,0.38,11.13,1875.79,4.71,128.66,9.13, 174.28 ,11.27, 15.27 ,NA,,NA,,,1.01,1.51,11.23%,8.80%,2.43%,,,,
1875.11,4.37,0.30,0.37,11.04,1875.88,4.67,131.88,9.13, 179.67 ,11.11, 15.14 ,NA,,NA,,,1.01,1.53,11.50%,8.54%,2.96%,,,,
1875.12,4.37,0.30,0.36,10.94,1875.96,4.63,133.03,9.13, 182.27 ,10.96, 15.02 ,NA,,NA,,,1.01,1.56,11.04%,8.16%,2.88%,,,,
1876.01,4.46,0.30,0.35,10.85,1876.04,4.59,136.96,9.21, 188.71 ,10.85, 14.95 ,NA,,NA,,,1.00,1.58,10.95%,8.28%,2.67%,,,,
1876.02,4.52,0.30,0.35,10.85,1876.13,4.58,138.80,9.21, 192.31 ,10.65, 14.75 ,NA,,NA,,,1.00,1.59,11.00%,8.25%,2.75%,,,,
1876.03,4.51,0.30,0.34,10.85,1876.21,4.57,138.49,9.21, 192.95 ,10.44, 14.55 ,NA,,NA,,,1.00,1.60,10.90%,8.35%,2.55%,,,,
1876.04,4.34,0.30,0.33,10.75,1876.29,4.56,134.45,9.29, 188.39 ,10.33, 14.47 ,NA,,NA,,,1.00,1.62,11.19%,8.35%,2.84%,,,,
1876.05,4.18,0.30,0.33,10.37,1876.38,4.54,134.25,9.63, 189.23 ,10.49, 14.79 ,NA,,NA,,,1.00,1.69,11.24%,8.20%,3.04%,,,,
1876.06,4.15,0.30,0.32,10.09,1876.46,4.53,137.05,9.91, 194.36 ,10.57, 14.99 ,NA,,NA,,,1.00,1.74,11.62%,8.00%,3.62%,,,,
1876.07,4.10,0.30,0.31,10.09,1876.54,4.52,135.40,9.91, 193.19 ,10.35, 14.76 ,NA,,NA,,,1.00,1.75,11.76%,7.83%,3.93%,,,,
1876.08,3.93,0.30,0.31,10.18,1876.62,4.51,128.58,9.81, 184.61 ,10.03, 14.41 ,NA,,NA,,,1.00,1.74,12.25%,7.77%,4.48%,,,,
1876.09,3.69,0.30,0.30,10.28,1876.71,4.50,119.61,9.72, 172.90 ,9.72, 14.06 ,NA,,NA,,,1.00,1.74,13.32%,7.84%,5.48%,,,,
1876.1,3.67,0.30,0.29,10.47,1876.79,4.49,116.80,9.55, 169.98 ,9.33, 13.58 ,NA,,NA,,,1.00,1.71,13.84%,8.01%,5.83%,,,,
1876.11,3.60,0.30,0.29,10.56,1876.87,4.47,113.54,9.46, 166.39 ,9.04, 13.25 ,NA,,NA,,,1.00,1.71,14.39%,8.07%,6.32%,,,,
1876.12,3.58,0.30,0.28,10.75,1876.96,4.46,110.91,9.29, 163.67 ,8.67, 12.80 ,NA,,NA,,,1.00,1.68,14.18%,8.10%,6.08%,,,,
1877.01,3.55,0.29,0.28,10.94,1877.04,4.45,108.06,8.85, 160.56 ,8.58, 12.74 ,NA,,NA,,,1.00,1.66,14.04%,8.00%,6.04%,,,,
1877.02,3.34,0.28,0.28,10.66,1877.12,4.44,104.39,8.80, 156.20 ,8.85, 13.25 ,NA,,NA,,,1.00,1.71,14.18%,7.56%,6.61%,,,,
1877.03,3.17,0.27,0.29,10.18,1877.21,4.43,103.71,8.92, 156.29 ,9.32, 14.05 ,NA,,NA,,,1.00,1.80,14.47%,7.05%,7.43%,,,,
1877.04,2.94,0.26,0.29,10.47,1877.29,4.42,93.56,8.38, 142.05 ,9.12, 13.85 ,NA,,NA,,,1.00,1.76,15.87%,7.32%,8.56%,,,,
1877.05,2.94,0.25,0.29,10.66,1877.37,4.41,91.89,7.95, 140.52 ,9.01, 13.78 ,NA,,NA,,,1.00,1.74,16.23%,7.48%,8.75%,,,,
1877.06,2.73,0.25,0.29,10.09,1877.46,4.40,90.16,8.09, 138.90 ,9.58, 14.75 ,NA,,NA,,,1.00,1.84,16.21%,6.99%,9.21%,,,,
1877.07,2.85,0.24,0.29,10.18,1877.54,4.40,93.24,7.71, 144.64 ,9.54, 14.80 ,NA,,NA,,,1.00,1.83,15.63%,7.20%,8.43%,,,,
1877.08,3.05,0.23,0.29,9.80,1877.62,4.39,103.66,7.70, 161.80 ,9.97, 15.56 ,NA,,NA,,,1.00,1.91,13.96%,6.63%,7.32%,,,,
1877.09,3.24,0.22,0.30,9.70,1877.71,4.38,111.20,7.46, 174.53 ,10.12, 15.89 ,NA,,NA,,,1.00,1.94,13.13%,6.63%,6.50%,,,,
1877.1,3.31,0.21,0.30,9.70,1877.79,4.37,113.60,7.15, 179.24 ,10.18, 16.07 ,NA,,NA,,,1.00,1.95,12.35%,6.48%,5.87%,,,,
1877.11,3.26,0.20,0.30,9.51,1877.87,4.36,114.12,6.97, 180.98 ,10.44, 16.56 ,NA,,NA,,,1.00,2.00,12.37%,6.12%,6.25%,,,,
1877.12,3.25,0.19,0.30,9.51,1877.96,4.35,113.77,6.65, 181.30 ,10.50, 16.74 ,NA,,NA,,,1.00,2.00,12.07%,5.85%,6.22%,,,,
1878.01,3.25,0.19,0.30,9.23,1878.04,4.34,117.29,6.83, 187.81 ,10.86, 17.38 ,NA,,NA,,,1.00,2.08,11.67%,5.38%,6.30%,,,,
1878.02,3.18,0.19,0.30,9.13,1878.12,4.33,115.96,6.87, 186.60 ,11.00, 17.70 ,NA,,NA,,,1.00,2.11,11.85%,5.39%,6.46%,,,,
1878.03,3.24,0.19,0.30,8.94,1878.21,4.32,120.66,6.98, 195.10 ,11.27, 18.22 ,NA,,NA,,,1.00,2.16,10.97%,5.17%,5.80%,,,,
1878.04,3.33,0.19,0.30,8.85,1878.29,4.31,125.35,7.03, 203.62 ,11.42, 18.55 ,NA,,NA,,,1.00,2.19,10.71%,5.18%,5.53%,,,,
1878.05,3.34,0.19,0.30,8.56,1878.37,4.30,129.91,7.23, 212.02 ,11.83, 19.31 ,NA,,NA,,,1.00,2.28,10.59%,4.96%,5.63%,,,,
1878.06,3.41,0.19,0.31,8.37,1878.46,4.29,135.65,7.36, 222.39 ,12.13, 19.89 ,NA,,NA,,,1.00,2.34,9.89%,4.85%,5.04%,,,,
1878.07,3.48,0.18,0.31,8.47,1878.54,4.28,136.88,7.25, 225.39 ,12.03, 19.81 ,NA,,NA,,,1.00,2.32,9.94%,4.85%,5.09%,,,,
1878.08,3.45,0.18,0.31,8.56,1878.62,4.27,134.19,7.13, 221.94 ,11.93, 19.73 ,NA,,NA,,,1.00,2.31,10.38%,4.97%,5.42%,,,,
1878.09,3.52,0.18,0.31,8.56,1878.71,4.26,136.92,7.10, 227.43 ,11.96, 19.87 ,NA,,NA,,,1.00,2.32,10.42%,4.97%,5.46%,,,,
1878.1,3.48,0.18,0.31,8.47,1878.79,4.25,136.88,7.15, 228.36 ,12.13, 20.23 ,NA,,NA,,,1.00,2.35,10.23%,4.73%,5.50%,,,,
1878.11,3.47,0.18,0.31,8.37,1878.87,4.24,138.04,7.19, 231.29 ,12.30, 20.61 ,NA,,NA,,,1.00,2.39,9.77%,4.49%,5.28%,,,,
1878.12,3.45,0.18,0.31,8.18,1878.96,4.23,140.43,7.33, 236.33 ,12.62, 21.24 ,NA,,NA,,,1.00,2.46,9.37%,4.25%,5.11%,,,,
1879.01,3.58,0.18,0.32,8.28,1879.04,4.22,144.05,7.31, 243.44 ,12.71, 21.47 ,NA,,NA,,,1.00,2.44,9.68%,4.74%,4.94%,,,,
1879.02,3.71,0.18,0.32,8.37,1879.12,4.20,147.58,7.29, 250.44 ,12.80, 21.72 ,NA,,NA,,,1.00,2.42,9.66%,4.97%,4.69%,,,,
1879.03,3.65,0.19,0.33,8.28,1879.21,4.19,146.87,7.44, 250.27 ,13.18, 22.46 ,NA,,NA,,,1.00,2.46,9.61%,4.96%,4.66%,,,,
1879.04,3.77,0.19,0.33,8.18,1879.29,4.17,153.46,7.60, 262.58 ,13.57, 23.21 ,NA,,NA,,,1.00,2.50,9.10%,4.82%,4.29%,,,,
1879.05,3.94,0.19,0.34,8.18,1879.37,4.15,160.38,7.66, 275.52 ,13.81, 23.72 ,NA,,NA,,,1.00,2.52,9.18%,5.06%,4.12%,,,,
1879.06,3.96,0.19,0.35,8.09,1879.46,4.14,163.09,7.83, 281.29 ,14.21, 24.51 ,NA,,NA,,,1.00,2.56,9.17%,4.92%,4.26%,,,,
1879.07,4.04,0.19,0.35,8.18,1879.54,4.12,164.45,7.80, 284.76 ,14.28, 24.73 ,NA,,NA,,,1.00,2.54,8.85%,5.02%,3.83%,,,,
1879.08,4.07,0.19,0.36,8.18,1879.62,4.10,165.67,7.87, 288.01 ,14.52, 25.24 ,NA,,NA,,,1.00,2.55,8.91%,5.00%,3.91%,,,,
1879.09,4.22,0.20,0.36,8.47,1879.71,4.09,165.99,7.67, 289.67 ,14.26, 24.88 ,NA,,NA,,,1.00,2.48,9.01%,5.21%,3.80%,,,,
1879.1,4.68,0.20,0.37,8.94,1879.79,4.07,174.29,7.33, 305.23 ,13.72, 24.02 ,NA,,NA,,,1.00,2.36,8.28%,5.77%,2.51%,,,,
1879.11,4.93,0.20,0.37,9.42,1879.87,4.05,174.33,7.01, 306.31 ,13.23, 23.25 ,NA,,NA,,,1.00,2.25,8.18%,6.31%,1.87%,,,,
1879.12,4.92,0.20,0.38,9.70,1879.96,4.04,168.86,6.86, 297.71 ,13.04, 22.99 ,NA,,NA,,,1.00,2.19,8.33%,6.47%,1.86%,,,,
1880.01,5.11,0.21,0.39,9.99,1880.04,4.02,170.37,6.83, 301.37 ,12.98, 22.95 ,NA,,NA,,,1.01,2.14,8.62%,7.03%,1.59%,,,,
1880.02,5.20,0.21,0.40,9.99,1880.12,3.99,173.37,7.00, 307.71 ,13.28, 23.57 ,NA,,NA,,,1.01,2.15,8.31%,6.99%,1.33%,,,,
1880.03,5.30,0.22,0.41,10.09,1880.21,3.97,175.03,7.10, 311.72 ,13.46, 23.97 ,NA,,NA,,,1.01,2.14,8.13%,7.04%,1.08%,,,,
1880.04,5.18,0.22,0.42,9.70,1880.29,3.94,177.78,7.55, 317.73 ,14.30, 25.56 ,NA,,NA,,,1.01,2.24,8.18%,6.59%,1.59%,,,,
1880.05,4.77,0.23,0.43,9.42,1880.37,3.91,168.67,7.96, 302.64 ,15.06, 27.02 ,NA,,NA,,,1.01,2.32,9.07%,6.10%,2.97%,,,,
1880.06,4.79,0.23,0.44,9.23,1880.46,3.89,172.87,8.30, 311.41 ,15.70, 28.28 ,NA,,NA,,,1.01,2.38,8.71%,5.84%,2.87%,,,,
1880.07,5.01,0.24,0.44,9.23,1880.54,3.86,180.81,8.48, 326.99 ,16.03, 28.99 ,NA,,NA,,,1.01,2.39,8.14%,5.80%,2.34%,,,,
1880.08,5.19,0.24,0.45,9.23,1880.62,3.83,187.30,8.66, 340.04 ,16.36, 29.70 ,NA,,NA,,,1.01,2.41,7.11%,5.38%,1.73%,,,,
1880.09,5.18,0.25,0.46,9.32,1880.71,3.81,185.04,8.75, 337.25 ,16.52, 30.11 ,NA,,NA,,,1.01,2.40,6.93%,5.32%,1.61%,,,,
1880.1,5.33,0.25,0.47,9.32,1880.79,3.78,190.39,8.93, 348.37 ,16.85, 30.83 ,NA,,NA,,,1.01,2.41,6.13%,5.28%,0.85%,,,,
1880.11,5.61,0.26,0.48,9.42,1880.87,3.75,198.37,9.02, 364.34 ,17.00, 31.23 ,NA,,NA,,,1.01,2.40,5.15%,5.60%,-0.45%,,,,
1880.12,5.84,0.26,0.49,9.51,1880.96,3.73,204.44,9.10, 376.88 ,17.15, 31.62 ,NA,,NA,,,1.01,2.39,4.59%,5.66%,-1.08%,,,,
1881.01,6.19,0.27,0.49,9.42,1881.04,3.70,218.88,9.37, 404.94 ,17.18, 31.78 ,18.47,,24.14,,-1.05%,1.00,2.42,4.54%,5.65%,-1.11%,,,,
1881.02,6.17,0.27,0.48,9.51,1881.12,3.69,215.99,9.45, 401.05 ,16.86, 31.31 ,18.15,,23.66,,-1.14%,1.00,2.41,4.68%,5.62%,-0.94%,,,,
1881.03,6.24,0.28,0.48,9.51,1881.21,3.69,218.44,9.63, 407.09 ,16.72, 31.15 ,18.27,,23.77,,-1.31%,1.00,2.42,4.24%,5.49%,-1.25%,,,,
1881.04,6.22,0.28,0.47,9.61,1881.29,3.68,215.59,9.70, 403.28 ,16.40, 30.69 ,17.95,,23.31,,-0.75%,1.00,2.40,4.60%,5.46%,-0.87%,,,,
1881.05,6.50,0.29,0.47,9.51,1881.37,3.67,227.54,9.98, 427.20 ,16.43, 30.84 ,18.87,,24.46,,-0.89%,1.00,2.43,4.12%,5.48%,-1.36%,,,,
1881.06,6.58,0.29,0.47,9.51,1881.46,3.67,230.34,10.15, 434.04 ,16.28, 30.67 ,19.03,,24.62,,-0.77%,1.00,2.44,4.03%,5.73%,-1.70%,,,,
1881.07,6.35,0.30,0.46,9.61,1881.54,3.66,220.09,10.22, 416.33 ,15.97, 30.21 ,18.12,,23.40,,-0.40%,1.00,2.43,4.46%,5.96%,-1.50%,,,,
1881.08,6.20,0.30,0.46,9.80,1881.62,3.65,210.72,10.20, 400.21 ,15.52, 29.48 ,17.29,,22.29,,0.21%,1.00,2.39,5.26%,6.16%,-0.91%,,,,
1881.09,6.25,0.31,0.45,10.18,1881.71,3.65,204.48,9.98, 389.94 ,14.80, 28.23 ,16.72,,21.54,,0.56%,1.00,2.31,6.53%,6.69%,-0.17%,,,,
1881.1,6.15,0.31,0.45,10.28,1881.79,3.64,199.34,10.05, 381.74 ,14.53, 27.83 ,16.26,,20.93,,0.67%,1.00,2.29,6.79%,6.79%,0.00%,,,,
1881.11,6.19,0.32,0.44,10.18,1881.87,3.63,202.52,10.31, 389.46 ,14.53, 27.95 ,16.48,,21.19,,0.51%,1.00,2.32,6.58%,6.82%,-0.23%,,,,
1881.12,6.01,0.32,0.44,10.18,1881.96,3.63,196.63,10.47, 379.81 ,14.40, 27.81 ,15.96,,20.51,,0.49%,1.00,2.33,7.21%,6.81%,0.40%,,,,
1882.01,5.92,0.32,0.44,10.18,1882.04,3.62,193.68,10.47, 375.81 ,14.37, 27.88 ,15.68,,20.14,,0.61%,1.00,2.34,7.83%,7.08%,0.75%,,,,
1882.02,5.79,0.32,0.44,10.28,1882.12,3.62,187.67,10.37, 365.83 ,14.21, 27.69 ,15.15,,19.46,,0.92%,1.00,2.33,8.18%,7.17%,1.01%,,,,
1882.03,5.78,0.32,0.44,10.28,1882.21,3.62,187.35,10.37, 366.88 ,14.18, 27.77 ,15.09,,19.38,,0.80%,1.00,2.33,8.59%,7.45%,1.14%,,,,
1882.04,5.78,0.32,0.44,10.37,1882.29,3.62,185.63,10.28, 365.19 ,14.03, 27.59 ,14.92,,19.15,,0.75%,1.00,2.32,8.80%,7.68%,1.12%,,,,
1882.05,5.71,0.32,0.44,10.47,1882.37,3.62,181.72,10.18, 359.16 ,13.87, 27.41 ,14.57,,18.70,,1.00%,1.00,2.30,9.02%,7.77%,1.25%,,,,
1882.06,5.68,0.32,0.44,10.56,1882.46,3.62,179.13,10.09, 355.72 ,13.72, 27.24 ,14.33,,18.39,,1.27%,1.00,2.29,9.10%,7.85%,1.25%,,,,
1882.07,6.00,0.32,0.43,10.47,1882.54,3.63,190.95,10.18, 380.86 ,13.82, 27.56 ,15.24,,19.56,,0.91%,1.00,2.32,8.11%,7.46%,0.65%,,,,
1882.08,6.18,0.32,0.43,10.56,1882.62,3.63,194.90,10.09, 390.43 ,13.67, 27.37 ,15.53,,19.91,,0.80%,1.00,2.30,7.89%,7.41%,0.49%,,,,
1882.09,6.24,0.32,0.43,10.28,1882.71,3.63,202.26,10.37, 406.90 ,14.02, 28.20 ,16.08,,20.62,,0.24%,1.00,2.37,7.21%,7.10%,0.11%,,,,
1882.1,6.07,0.32,0.43,10.18,1882.79,3.63,198.59,10.47, 401.27 ,14.12, 28.54 ,15.76,,20.19,,0.49%,1.00,2.40,7.62%,6.99%,0.62%,,,,
1882.11,5.81,0.32,0.43,10.09,1882.87,3.63,191.88,10.57, 389.49 ,14.23, 28.88 ,15.19,,19.47,,0.35%,1.00,2.43,7.66%,6.61%,1.05%,,,,
1882.12,5.84,0.32,0.43,9.99,1882.96,3.63,194.70,10.67, 397.03 ,14.34, 29.23 ,15.38,,19.70,,0.32%,1.00,2.46,7.24%,6.37%,0.88%,,,,
1883.01,5.81,0.32,0.43,9.99,1883.04,3.63,193.70,10.70, 396.81 ,14.25, 29.20 ,15.27,,19.56,,0.36%,1.00,2.47,7.08%,5.97%,1.12%,,,,
1883.02,5.68,0.32,0.43,10.09,1883.12,3.63,187.58,10.62, 386.09 ,14.04, 28.89 ,14.76,,18.90,,0.47%,1.00,2.45,7.10%,5.94%,1.15%,,,,
1883.03,5.75,0.32,0.42,9.99,1883.21,3.63,191.70,10.75, 396.41 ,14.09, 29.13 ,15.05,,19.27,,0.25%,1.00,2.49,6.72%,6.10%,0.61%,,,,
1883.04,5.87,0.32,0.42,9.90,1883.29,3.63,197.59,10.88, 410.45 ,14.14, 29.37 ,15.48,,19.82,,-0.03%,1.00,2.52,6.52%,6.13%,0.38%,,,,
1883.05,5.77,0.32,0.42,9.80,1883.37,3.63,196.11,11.02, 409.28 ,14.19, 29.61 ,15.34,,19.63,,0.15%,1.00,2.55,5.74%,6.17%,-0.43%,,,,
1883.06,5.82,0.33,0.42,9.51,1883.46,3.63,203.74,11.38, 427.19 ,14.53, 30.46 ,15.90,,20.36,,-0.08%,1.00,2.63,5.09%,6.13%,-1.04%,,,,
1883.07,5.73,0.33,0.41,9.32,1883.54,3.63,204.68,11.64, 431.20 ,14.74, 31.04 ,15.95,,20.41,,-0.29%,1.00,2.70,4.29%,6.19%,-1.90%,,,,
1883.08,5.47,0.33,0.41,9.32,1883.62,3.62,195.40,11.67, 413.69 ,14.65, 31.01 ,15.20,,19.45,,0.02%,1.00,2.70,4.94%,6.62%,-1.68%,,,,
1883.09,5.53,0.33,0.41,9.23,1883.71,3.62,199.58,11.82, 424.62 ,14.71, 31.29 ,15.49,,19.83,,-0.20%,1.00,2.74,5.02%,6.09%,-1.07%,,,,
1883.1,5.38,0.33,0.41,9.23,1883.79,3.62,194.16,11.85, 415.20 ,14.62, 31.26 ,15.05,,19.26,,0.21%,1.00,2.75,5.47%,5.96%,-0.48%,,,,
1883.11,5.46,0.33,0.40,9.13,1883.87,3.62,199.10,12.00, 427.90 ,14.68, 31.54 ,15.41,,19.72,,0.26%,1.00,2.79,5.64%,6.13%,-0.49%,,,,
1883.12,5.34,0.33,0.40,9.23,1883.96,3.62,192.72,11.91, 416.32 ,14.44, 31.19 ,14.90,,19.07,,0.36%,1.00,2.77,5.75%,6.38%,-0.64%,,,,
1884.01,5.18,0.33,0.39,9.23,1884.04,3.62,186.94,11.85, 405.98 ,14.17, 30.76 ,14.43,,18.48,,0.42%,1.00,2.78,6.14%,6.68%,-0.54%,,,,
1884.02,5.32,0.33,0.39,9.23,1884.12,3.61,192.00,11.79, 419.09 ,13.89, 30.33 ,14.81,,18.96,,0.26%,1.00,2.79,6.14%,6.84%,-0.70%,,,,
1884.03,5.30,0.33,0.38,9.23,1884.21,3.60,191.27,11.73, 419.64 ,13.62, 29.89 ,14.74,,18.88,,0.30%,1.00,2.80,6.79%,7.16%,-0.37%,,,,
1884.04,5.06,0.32,0.37,9.04,1884.29,3.60,186.46,11.91, 411.25 ,13.63, 30.07 ,14.35,,18.40,,0.43%,1.00,2.87,7.19%,6.94%,0.25%,,,,
1884.05,4.65,0.32,0.36,8.85,1884.37,3.59,175.03,12.11, 388.28 ,13.65, 30.27 ,13.47,,17.27,,0.77%,1.00,2.94,7.45%,6.73%,0.72%,,,,
1884.06,4.46,0.32,0.36,8.85,1884.46,3.58,167.88,12.05, 374.64 ,13.36, 29.82 ,12.91,,16.58,,1.33%,1.00,2.95,7.74%,6.74%,1.00%,,,,
1884.07,4.46,0.32,0.35,8.75,1884.54,3.57,169.71,12.11, 380.97 ,13.22, 29.68 ,13.04,,16.77,,1.08%,1.00,2.99,7.38%,6.63%,0.74%,,,,
1884.08,4.74,0.32,0.34,8.75,1884.62,3.56,180.36,12.05, 407.14 ,12.94, 29.20 ,13.86,,17.83,,0.71%,1.00,3.00,6.80%,6.34%,0.46%,,,,
1884.09,4.59,0.32,0.33,8.66,1884.71,3.55,176.57,12.12, 400.87 ,12.79, 29.04 ,13.57,,17.47,,0.77%,1.00,3.05,7.03%,6.09%,0.94%,,,,
1884.1,4.44,0.31,0.33,8.56,1884.79,3.55,172.70,12.19, 394.38 ,12.64, 28.87 ,13.27,,17.11,,0.99%,1.00,3.09,7.21%,6.28%,0.93%,,,,
1884.11,4.35,0.31,0.32,8.37,1884.87,3.54,173.04,12.40, 397.53 ,12.63, 29.01 ,13.30,,17.17,,0.85%,1.00,3.17,7.17%,6.05%,1.12%,,,,
1884.12,4.34,0.31,0.31,8.28,1884.96,3.53,174.63,12.47, 403.56 ,12.47, 28.83 ,13.43,,17.36,,0.67%,1.00,3.22,7.11%,6.09%,1.02%,,,,
1885.01,4.24,0.30,0.31,8.28,1885.04,3.52,170.61,12.24, 396.62 ,12.34, 28.69 ,13.13,,16.99,,0.85%,1.00,3.23,7.21%,6.10%,1.11%,,,,
1885.02,4.37,0.30,0.30,8.37,1885.12,3.51,173.84,11.87, 406.43 ,12.07, 28.21 ,13.38,,17.33,,0.83%,1.00,3.21,6.84%,6.20%,0.64%,,,,
1885.03,4.38,0.29,0.30,8.18,1885.21,3.50,178.29,11.91, 419.16 ,12.21, 28.71 ,13.73,,17.80,,0.43%,1.00,3.30,6.56%,5.93%,0.62%,,,,
1885.04,4.37,0.29,0.30,8.28,1885.29,3.48,175.84,11.54, 415.65 ,11.94, 28.22 ,13.55,,17.58,,0.57%,1.00,3.27,6.68%,5.59%,1.10%,,,,
1885.05,4.32,0.28,0.29,8.09,1885.37,3.47,177.92,11.56, 422.84 ,12.08, 28.71 ,13.71,,17.80,,0.51%,1.00,3.36,6.96%,5.17%,1.79%,,,,
1885.06,4.30,0.28,0.29,7.90,1885.46,3.46,181.36,11.60, 433.32 ,12.23, 29.22 ,13.98,,18.17,,0.32%,1.00,3.46,6.80%,4.76%,2.04%,,,,
1885.07,4.46,0.27,0.29,7.99,1885.54,3.45,185.87,11.22, 446.33 ,11.95, 28.69 ,14.33,,18.63,,0.28%,1.00,3.43,6.71%,5.01%,1.70%,,,,
1885.08,4.71,0.26,0.28,7.99,1885.62,3.43,196.29,10.97, 473.55 ,11.81, 28.48 ,15.13,,19.68,,-0.16%,1.00,3.44,6.42%,5.13%,1.29%,,,,
1885.09,4.65,0.26,0.28,7.90,1885.71,3.42,196.12,10.86, 475.33 ,11.81, 28.62 ,15.12,,19.66,,-0.18%,1.00,3.50,6.48%,4.99%,1.50%,,,,
1885.1,4.92,0.25,0.28,7.90,1885.79,3.41,207.51,10.62, 505.07 ,11.67, 28.41 ,15.99,,20.80,,-0.53%,1.00,3.51,5.72%,4.97%,0.75%,,,,
1885.11,5.24,0.25,0.27,7.99,1885.87,3.40,218.38,10.24, 533.60 ,11.39, 27.83 ,16.82,,21.88,,-0.63%,1.00,3.48,4.82%,5.07%,-0.26%,,,,
1885.12,5.20,0.24,0.27,8.18,1885.96,3.38,211.67,9.77, 519.20 ,10.99, 26.96 ,16.30,,21.19,,-0.11%,1.00,3.42,4.65%,5.45%,-0.79%,,,,
1886.01,5.20,0.24,0.28,7.99,1886.04,3.37,216.71,9.93, 533.59 ,11.46, 28.22 ,16.69,,21.69,,-0.39%,1.00,3.51,4.43%,5.33%,-0.90%,,,,
1886.02,5.30,0.24,0.28,7.99,1886.12,3.38,220.88,9.86, 545.88 ,11.67, 28.84 ,17.01,,22.09,,-0.51%,1.00,3.52,4.81%,5.51%,-0.70%,,,,
1886.03,5.19,0.24,0.29,7.90,1886.21,3.40,218.90,9.91, 543.03 ,12.02, 29.82 ,16.84,,21.87,,-0.58%,1.00,3.56,4.74%,5.41%,-0.67%,,,,
1886.04,5.12,0.23,0.29,7.80,1886.29,3.41,218.58,9.96, 544.30 ,12.38, 30.83 ,16.80,,21.81,,-0.61%,1.00,3.61,5.00%,5.46%,-0.46%,,,,
1886.05,5.02,0.23,0.30,7.61,1886.37,3.42,219.67,10.14, 549.11 ,12.91, 32.27 ,16.86,,21.89,,-0.54%,1.00,3.71,5.05%,5.39%,-0.33%,,,,
1886.06,5.25,0.23,0.30,7.52,1886.46,3.43,232.64,10.19, 583.66 ,13.29, 33.35 ,17.83,,23.13,,-0.72%,1.00,3.77,4.42%,5.44%,-1.02%,,,,
1886.07,5.33,0.23,0.31,7.61,1886.54,3.45,233.23,9.99, 587.24 ,13.35, 33.60 ,17.85,,23.13,,-0.62%,1.00,3.73,3.69%,5.60%,-1.90%,,,,
1886.08,5.37,0.23,0.31,7.71,1886.62,3.46,232.08,9.80, 586.40 ,13.40, 33.85 ,17.72,,22.95,,-0.56%,1.00,3.69,3.14%,5.76%,-2.61%,,,,
1886.09,5.51,0.23,0.32,7.71,1886.71,3.47,238.13,9.72, 603.73 ,13.61, 34.51 ,18.15,,23.48,,-0.80%,1.00,3.69,3.41%,5.78%,-2.37%,,,,
1886.1,5.65,0.22,0.32,7.71,1886.79,3.48,244.18,9.65, 621.11 ,13.83, 35.18 ,18.56,,24.00,,-1.11%,1.00,3.70,3.08%,5.49%,-2.41%,,,,
1886.11,5.79,0.22,0.33,7.71,1886.87,3.50,250.23,9.58, 638.53 ,14.05, 35.84 ,18.97,,24.50,,-1.32%,1.00,3.71,3.21%,5.21%,-2.00%,,,,
1886.12,5.64,0.22,0.33,7.80,1886.96,3.51,240.78,9.39, 616.40 ,14.09, 36.07 ,18.19,,23.49,,-1.17%,1.00,3.67,3.23%,5.37%,-2.14%,,,,
1887.01,5.58,0.22,0.33,7.99,1887.04,3.52,232.54,9.27, 597.30 ,13.86, 35.59 ,17.51,,22.59,,-0.90%,1.00,3.59,3.89%,5.95%,-2.06%,,,,
1887.02,5.54,0.23,0.34,8.09,1887.12,3.53,228.16,9.27, 588.03 ,13.80, 35.56 ,17.13,,22.08,,-0.41%,1.00,3.55,3.99%,6.09%,-2.10%,,,,
1887.03,5.67,0.23,0.34,8.09,1887.21,3.55,233.52,9.37, 603.84 ,13.90, 35.94 ,17.47,,22.52,,-0.10%,1.00,3.56,3.78%,6.10%,-2.33%,,,,
1887.04,5.80,0.23,0.34,8.09,1887.29,3.56,238.87,9.47, 619.72 ,14.00, 36.33 ,17.82,,22.95,,-0.49%,1.00,3.57,3.37%,6.28%,-2.90%,,,,
1887.05,5.90,0.23,0.34,8.09,1887.37,3.57,242.99,9.58, 632.48 ,14.11, 36.72 ,18.08,,23.26,,-0.76%,1.00,3.57,3.41%,6.45%,-3.04%,,,,
1887.06,5.73,0.24,0.35,7.99,1887.46,3.58,238.80,9.79, 623.69 ,14.38, 37.55 ,17.71,,22.78,,-0.23%,1.00,3.62,4.06%,6.34%,-2.28%,,,,
1887.07,5.59,0.24,0.35,7.90,1887.54,3.60,235.77,10.02, 617.96 ,14.66, 38.42 ,17.43,,22.42,,-0.37%,1.00,3.67,4.65%,6.22%,-1.58%,,,,
1887.08,5.45,0.24,0.35,7.99,1887.62,3.61,227.13,10.00, 597.50 ,14.59, 38.37 ,16.74,,21.52,,0.35%,1.00,3.64,5.23%,5.89%,-0.66%,,,,
1887.09,5.38,0.24,0.35,7.90,1887.71,3.62,226.91,10.23, 599.17 ,14.87, 39.26 ,16.68,,21.43,,0.34%,1.00,3.69,5.43%,5.47%,-0.05%,,,,
1887.1,5.20,0.25,0.36,7.99,1887.79,3.63,216.71,10.21, 574.48 ,14.79, 39.22 ,15.88,,20.41,,0.74%,1.00,3.65,5.71%,5.76%,-0.05%,,,,
1887.11,5.30,0.25,0.36,8.09,1887.87,3.65,218.28,10.19, 580.89 ,14.72, 39.18 ,15.95,,20.50,,1.01%,1.00,3.61,5.25%,5.90%,-0.65%,,,,
1887.12,5.27,0.25,0.36,8.28,1887.96,3.66,212.05,10.06, 566.55 ,14.49, 38.70 ,15.46,,19.86,,1.43%,1.00,3.54,5.77%,6.16%,-0.39%,,,,
1888.01,5.31,0.25,0.35,8.37,1888.04,3.67,211.23,9.88, 566.57 ,13.99, 37.53 ,15.36,,19.73,,1.87%,1.00,3.51,6.09%,6.29%,-0.21%,,,,
1888.02,5.28,0.25,0.34,8.28,1888.12,3.65,212.45,9.93, 572.06 ,13.81, 37.19 ,15.42,,19.81,,1.85%,1.00,3.56,5.85%,6.02%,-0.17%,,,,
1888.03,5.08,0.25,0.34,8.28,1888.21,3.63,204.41,9.86, 552.60 ,13.48, 36.44 ,14.81,,19.03,,2.35%,1.00,3.58,5.76%,6.02%,-0.26%,,,,
1888.04,5.10,0.24,0.33,8.18,1888.29,3.62,207.60,9.90, 563.46 ,13.30, 36.09 ,15.02,,19.30,,2.26%,1.00,3.64,5.40%,5.90%,-0.49%,,,,
1888.05,5.17,0.24,0.32,8.09,1888.37,3.60,212.92,9.95, 580.17 ,13.11, 35.72 ,15.39,,19.77,,2.33%,1.00,3.70,5.08%,5.06%,0.03%,,,,
1888.06,5.01,0.24,0.31,7.99,1888.46,3.58,208.79,10.00, 571.18 ,12.92, 35.34 ,15.08,,19.38,,2.59%,1.00,3.76,6.41%,5.65%,0.76%,,,,
1888.07,5.14,0.24,0.30,8.09,1888.54,3.56,211.69,9.81, 581.34 ,12.43, 34.12 ,15.28,,19.64,,2.53%,1.00,3.73,6.45%,5.92%,0.52%,,,,
1888.08,5.25,0.24,0.29,8.09,1888.62,3.54,216.22,9.75, 596.01 ,12.08, 33.30 ,15.60,,20.05,,2.30%,1.00,3.75,6.60%,5.92%,0.68%,,,,
1888.09,5.38,0.24,0.29,8.09,1888.71,3.52,221.57,9.68, 612.99 ,11.74, 32.47 ,15.99,,20.54,,2.16%,1.00,3.76,6.32%,5.92%,0.40%,,,,
1888.1,5.35,0.23,0.28,8.18,1888.79,3.51,217.77,9.50, 604.68 ,11.26, 31.27 ,15.72,,20.19,,2.52%,1.00,3.74,6.27%,6.04%,0.23%,,,,
1888.11,5.24,0.23,0.27,8.28,1888.87,3.49,210.84,9.32, 587.59 ,10.80, 30.09 ,15.22,,19.56,,2.97%,1.00,3.71,6.96%,6.17%,0.79%,,,,
1888.12,5.14,0.23,0.26,8.28,1888.96,3.47,206.82,9.25, 578.53 ,10.46, 29.26 ,14.95,,19.21,,3.34%,1.00,3.73,7.65%,6.02%,1.63%,,,,
1889.01,5.24,0.23,0.26,7.99,1889.04,3.45,218.38,9.55, 613.08 ,10.97, 30.81 ,15.80,,20.31,,2.53%,1.00,3.88,7.84%,5.64%,2.20%,,,,
1889.02,5.30,0.23,0.27,7.90,1889.12,3.45,223.54,9.63, 629.82 ,11.25, 31.69 ,16.19,,20.81,,2.14%,1.00,3.93,7.68%,5.22%,2.47%,,,,
1889.03,5.19,0.23,0.27,7.80,1889.21,3.45,221.57,9.71, 626.55 ,11.53, 32.60 ,16.07,,20.65,,2.19%,1.00,3.99,7.92%,5.08%,2.84%,,,,
1889.04,5.18,0.23,0.27,7.80,1889.29,3.44,221.14,9.68, 627.62 ,11.67, 33.11 ,16.05,,20.63,,2.31%,1.00,4.01,7.92%,4.93%,2.99%,,,,
1889.05,5.32,0.23,0.28,7.61,1889.37,3.44,232.79,9.88, 663.04 ,12.11, 34.49 ,16.92,,21.73,,1.75%,1.00,4.12,6.90%,4.66%,2.24%,,,,
1889.06,5.41,0.23,0.28,7.61,1889.46,3.44,236.73,9.85, 676.59 ,12.25, 35.02 ,17.22,,22.11,,1.77%,1.00,4.13,6.33%,4.51%,1.82%,,,,
1889.07,5.30,0.22,0.28,7.61,1889.54,3.44,231.92,9.81, 665.17 ,12.40, 35.56 ,16.89,,21.68,,1.77%,1.00,4.15,6.76%,4.36%,2.39%,,,,
1889.08,5.37,0.22,0.29,7.61,1889.62,3.43,234.98,9.77, 676.29 ,12.55, 36.11 ,17.13,,21.97,,1.68%,1.00,4.16,6.74%,4.22%,2.52%,,,,
1889.09,5.50,0.22,0.29,7.71,1889.71,3.43,237.70,9.62, 686.42 ,12.53, 36.19 ,17.35,,22.24,,1.40%,1.00,4.12,6.09%,3.94%,2.14%,,,,
1889.1,5.40,0.22,0.29,7.71,1889.79,3.43,233.38,9.58, 676.24 ,12.68, 36.73 ,17.05,,21.84,,0.96%,1.00,4.13,6.09%,3.80%,2.29%,,,,
1889.11,5.35,0.22,0.30,7.71,1889.87,3.43,231.22,9.54, 672.29 ,12.82, 37.28 ,16.91,,21.64,,0.50%,1.00,4.14,6.25%,3.67%,2.58%,,,,
1889.12,5.32,0.22,0.30,7.80,1889.96,3.42,227.12,9.39, 662.64 ,12.81, 37.37 ,16.61,,21.25,,0.44%,1.00,4.11,5.56%,3.66%,1.90%,,,,
1890.01,5.38,0.22,0.30,7.61,1890.04,3.42,235.42,9.63, 689.21 ,13.09, 38.33 ,17.22,,22.02,,-0.30%,1.00,4.22,5.32%,3.40%,1.92%,,,,
1890.02,5.32,0.22,0.30,7.61,1890.12,3.44,232.79,9.63, 683.87 ,13.05, 38.35 ,17.03,,21.76,,-0.25%,1.00,4.23,5.49%,3.29%,2.20%,,,,
1890.03,5.28,0.22,0.30,7.61,1890.21,3.45,231.04,9.63, 681.08 ,13.02, 38.38 ,16.90,,21.58,,-0.31%,1.00,4.23,5.65%,3.31%,2.35%,,,,
1890.04,5.39,0.22,0.30,7.61,1890.29,3.47,235.86,9.63, 697.64 ,12.98, 38.40 ,17.26,,22.02,,-0.08%,1.00,4.24,5.57%,3.32%,2.25%,,,,
1890.05,5.62,0.22,0.30,7.71,1890.37,3.49,242.89,9.51, 720.77 ,12.78, 37.94 ,17.79,,22.68,,0.15%,1.00,4.19,5.00%,3.71%,1.29%,,,,
1890.06,5.58,0.22,0.30,7.71,1890.46,3.50,241.16,9.51, 717.99 ,12.75, 37.96 ,17.68,,22.53,,0.36%,1.00,4.20,4.89%,3.86%,1.04%,,,,
1890.07,5.54,0.22,0.29,7.71,1890.54,3.52,239.43,9.51, 715.20 ,12.71, 37.98 ,17.59,,22.38,,0.38%,1.00,4.21,4.84%,3.74%,1.10%,,,,
1890.08,5.41,0.22,0.29,7.99,1890.62,3.54,225.46,9.17, 675.76 ,12.22, 36.64 ,16.60,,21.10,,1.06%,1.00,4.06,5.75%,4.26%,1.49%,,,,
1890.09,5.32,0.22,0.29,8.09,1890.71,3.55,219.10,9.06, 658.96 ,12.05, 36.23 ,16.17,,20.54,,1.22%,1.00,4.02,5.68%,4.27%,1.40%,,,,
1890.1,5.08,0.22,0.29,8.09,1890.79,3.57,209.22,9.06, 631.51 ,12.01, 36.26 ,15.48,,19.65,,1.48%,1.00,4.03,6.68%,4.42%,2.26%,,,,
1890.11,4.71,0.22,0.29,7.90,1890.87,3.59,198.65,9.28, 601.95 ,12.27, 37.17 ,14.75,,18.70,,1.45%,1.00,4.13,8.04%,4.18%,3.86%,,,,
1890.12,4.60,0.22,0.29,7.90,1890.96,3.60,194.01,9.28, 590.24 ,12.23, 37.21 ,14.44,,18.31,,1.47%,1.00,4.14,9.07%,4.33%,4.74%,,,,
1891.01,4.84,0.22,0.29,7.80,1891.04,3.62,206.63,9.39, 630.99 ,12.56, 38.35 ,15.43,,19.55,,0.99%,1.00,4.20,8.55%,4.08%,4.47%,,,,
1891.02,4.90,0.22,0.30,7.90,1891.12,3.62,206.67,9.28, 633.47 ,12.58, 38.56 ,15.48,,19.59,,1.00%,1.00,4.16,8.96%,4.33%,4.63%,,,,
1891.03,4.81,0.22,0.30,7.99,1891.21,3.62,200.46,9.17, 616.78 ,12.61, 38.79 ,15.05,,19.04,,1.30%,1.00,4.12,9.67%,4.44%,5.23%,,,,
1891.04,4.97,0.22,0.31,8.09,1891.29,3.62,204.69,9.06, 632.12 ,12.63, 39.01 ,15.41,,19.47,,1.16%,1.00,4.09,10.46%,4.69%,5.78%,,,,
1891.05,4.95,0.22,0.31,7.99,1891.37,3.61,206.29,9.17, 639.43 ,12.95, 40.15 ,15.57,,19.66,,1.08%,1.00,4.15,9.80%,4.55%,5.25%,,,,
1891.06,4.85,0.22,0.32,7.80,1891.46,3.61,207.05,9.39, 644.22 ,13.45, 41.84 ,15.66,,19.76,,0.81%,1.00,4.26,10.80%,4.29%,6.51%,,,,
1891.07,4.77,0.22,0.32,7.71,1891.54,3.61,206.15,9.51, 643.88 ,13.80, 43.09 ,15.62,,19.69,,0.61%,1.00,4.33,9.94%,4.02%,5.92%,,,,
1891.08,4.93,0.22,0.32,7.71,1891.62,3.61,213.07,9.51, 667.95 ,13.97, 43.80 ,16.16,,20.36,,0.20%,1.00,4.34,9.59%,3.88%,5.71%,,,,
1891.09,5.33,0.22,0.33,7.61,1891.71,3.61,233.23,9.63, 733.69 ,14.33, 45.08 ,17.71,,22.28,,-0.83%,1.00,4.41,8.41%,3.61%,4.80%,,,,
1891.1,5.33,0.22,0.33,7.61,1891.79,3.61,233.23,9.63, 736.21 ,14.51, 45.82 ,17.72,,22.26,,-0.92%,1.00,4.42,8.29%,3.60%,4.69%,,,,
1891.11,5.25,0.22,0.34,7.52,1891.87,3.60,232.64,9.75, 736.91 ,14.88, 47.13 ,17.67,,22.19,,-0.93%,1.00,4.49,8.41%,3.33%,5.08%,,,,
1891.12,5.41,0.22,0.34,7.52,1891.96,3.60,239.73,9.75, 761.94 ,15.07, 47.89 ,18.21,,22.83,,-1.10%,1.00,4.51,7.78%,3.20%,4.59%,,,,
1892.01,5.51,0.22,0.34,7.33,1892.04,3.60,250.50,10.08, 798.85 ,15.57, 49.66 ,19.02,,23.82,,-1.58%,1.00,4.64,7.66%,3.04%,4.62%,,,,
1892.02,5.52,0.22,0.35,7.33,1892.12,3.61,250.96,10.15, 803.00 ,15.68, 50.19 ,19.04,,23.81,,-1.69%,1.00,4.65,7.74%,3.04%,4.69%,,,,
1892.03,5.58,0.23,0.35,7.14,1892.21,3.63,260.45,10.50, 836.17 ,16.22, 52.07 ,19.74,,24.66,,-2.14%,1.00,4.78,7.35%,2.77%,4.58%,,,,
1892.04,5.57,0.23,0.35,7.04,1892.29,3.64,263.50,10.72, 848.82 ,16.56, 53.34 ,19.94,,24.88,,-2.42%,1.00,4.86,7.45%,2.51%,4.95%,,,,
1892.05,5.57,0.23,0.35,7.04,1892.37,3.65,263.50,10.80, 851.72 ,16.68, 53.90 ,19.91,,24.81,,-2.51%,1.00,4.87,7.30%,2.38%,4.91%,,,,
1892.06,5.54,0.23,0.36,7.04,1892.46,3.66,262.08,10.88, 850.06 ,16.79, 54.47 ,19.77,,24.60,,-2.58%,1.00,4.88,7.16%,2.26%,4.90%,,,,
1892.07,5.54,0.23,0.36,7.23,1892.54,3.68,255.18,10.67, 830.58 ,16.47, 53.60 ,19.21,,23.88,,-2.10%,1.00,4.76,7.69%,2.53%,5.15%,,,,
1892.08,5.62,0.23,0.36,7.33,1892.62,3.69,255.50,10.61, 834.51 ,16.37, 53.46 ,19.20,,23.85,,-2.07%,1.00,4.70,8.08%,2.79%,5.29%,,,,
1892.09,5.48,0.24,0.36,7.33,1892.71,3.70,249.14,10.68, 816.63 ,16.48, 54.02 ,18.69,,23.19,,-1.68%,1.00,4.71,8.25%,2.67%,5.58%,,,,
1892.1,5.59,0.24,0.37,7.33,1892.79,3.71,254.14,10.76, 835.96 ,16.59, 54.58 ,19.04,,23.60,,-1.70%,1.00,4.72,6.96%,1.97%,4.98%,,,,
1892.11,5.57,0.24,0.37,7.52,1892.87,3.73,246.82,10.56, 814.77 ,16.28, 53.76 ,18.46,,22.86,,-1.21%,1.00,4.61,7.20%,2.57%,4.63%,,,,
1892.12,5.51,0.24,0.37,7.61,1892.96,3.74,241.11,10.50, 798.81 ,16.19, 53.64 ,18.01,,22.28,,-0.87%,1.00,4.57,7.08%,2.59%,4.50%,,,,
1893.01,5.61,0.24,0.36,7.90,1893.04,3.75,236.61,10.16, 786.72 ,15.22, 50.60 ,17.66,,21.82,,-0.41%,1.00,4.41,7.70%,2.85%,4.85%,,,,
1893.02,5.51,0.24,0.35,7.99,1893.12,3.75,229.63,10.07, 766.28 ,14.66, 48.91 ,17.13,,21.15,,-0.21%,1.00,4.37,7.95%,2.96%,4.99%,,,,
1893.03,5.31,0.24,0.34,7.80,1893.21,3.74,226.69,10.35, 759.36 ,14.62, 48.98 ,16.90,,20.86,,-0.27%,1.00,4.49,8.02%,3.04%,4.98%,,,,
1893.04,5.31,0.24,0.33,7.71,1893.29,3.74,229.49,10.51, 771.67 ,14.40, 48.44 ,17.10,,21.10,,-0.36%,1.00,4.57,7.43%,2.90%,4.53%,,,,
1893.05,4.84,0.24,0.32,7.61,1893.37,3.73,211.79,10.69, 715.15 ,14.19, 47.90 ,15.78,,19.47,,0.11%,1.00,4.64,8.33%,2.99%,5.34%,,,,
1893.06,4.61,0.25,0.32,7.42,1893.46,3.73,206.90,11.00, 701.73 ,14.14, 47.95 ,15.42,,19.03,,0.30%,1.00,4.77,7.96%,2.72%,5.24%,,,,
1893.07,4.18,0.25,0.31,7.23,1893.54,3.73,192.54,11.32, 656.22 ,14.09, 48.01 ,14.35,,17.73,,0.73%,1.00,4.92,8.22%,2.44%,5.79%,,,,
1893.08,4.08,0.25,0.30,6.95,1893.62,3.72,195.65,11.83, 670.20 ,14.23, 48.74 ,14.59,,18.03,,0.23%,1.00,5.14,7.69%,2.01%,5.68%,,,,
1893.09,4.37,0.25,0.29,7.23,1893.71,3.72,201.29,11.40, 692.76 ,13.24, 45.58 ,15.01,,18.57,,0.53%,1.00,4.95,7.00%,2.29%,4.70%,,,,
1893.1,4.50,0.25,0.28,7.33,1893.79,3.71,204.58,11.29, 707.34 ,12.65, 43.75 ,15.27,,18.90,,0.55%,1.00,4.90,6.59%,2.53%,4.06%,,,,
1893.11,4.57,0.25,0.27,7.14,1893.87,3.71,213.31,11.63, 740.85 ,12.57, 43.64 ,15.94,,19.74,,0.13%,1.00,5.05,6.31%,2.37%,3.94%,,,,
1893.12,4.41,0.25,0.26,7.04,1893.96,3.70,208.62,11.83, 728.00 ,12.30, 42.92 ,15.61,,19.34,,0.03%,1.00,5.14,7.02%,2.22%,4.81%,,,,
1894.01,4.32,0.25,0.25,6.85,1894.04,3.70,210.04,11.99, 736.44 ,12.24, 42.91 ,15.74,,19.52,,-0.28%,1.00,5.30,6.88%,1.69%,5.19%,,,,
1894.02,4.38,0.24,0.24,6.76,1894.12,3.68,215.96,12.00, 760.69 ,12.00, 42.25 ,16.20,,20.11,,-0.58%,1.00,5.40,6.04%,1.29%,4.76%,,,,
1894.03,4.51,0.24,0.24,6.57,1894.21,3.66,228.81,12.18, 809.54 ,11.92, 42.18 ,17.19,,21.34,,-1.19%,1.00,5.58,5.52%,1.09%,4.43%,,,,
1894.04,4.57,0.24,0.23,6.57,1894.29,3.64,231.86,12.01, 823.85 ,11.50, 40.87 ,17.43,,21.66,,-1.05%,1.00,5.61,5.76%,1.18%,4.58%,,,,
1894.05,4.40,0.23,0.22,6.57,1894.37,3.62,223.23,11.84, 796.71 ,11.08, 39.53 ,16.81,,20.90,,-0.61%,1.00,5.63,6.18%,1.39%,4.79%,,,,
1894.06,4.34,0.23,0.21,6.57,1894.46,3.60,220.19,11.67, 789.32 ,10.65, 38.19 ,16.61,,20.66,,-0.52%,1.00,5.66,6.34%,1.37%,4.97%,,,,
1894.07,4.25,0.23,0.20,6.57,1894.54,3.58,215.62,11.50, 776.38 ,10.23, 36.85 ,16.29,,20.29,,-0.28%,1.00,5.69,6.99%,1.34%,5.65%,,,,
1894.08,4.41,0.22,0.19,6.76,1894.62,3.56,217.44,11.01, 786.22 ,9.53, 34.46 ,16.46,,20.51,,-0.04%,1.00,5.55,7.13%,1.49%,5.64%,,,,
1894.09,4.48,0.22,0.19,6.85,1894.71,3.54,217.82,10.70, 790.83 ,8.99, 32.66 ,16.52,,20.61,,0.20%,1.00,5.50,7.45%,1.49%,5.95%,,,,
1894.1,4.34,0.22,0.18,6.66,1894.79,3.52,217.04,10.84, 791.29 ,8.84, 32.22 ,16.50,,20.60,,0.06%,1.00,5.68,8.09%,1.18%,6.91%,,,,
1894.11,4.34,0.21,0.17,6.66,1894.87,3.50,217.04,10.67, 794.53 ,8.42, 30.81 ,16.54,,20.67,,0.28%,1.00,5.71,8.41%,0.93%,7.48%,,,,
1894.12,4.30,0.21,0.16,6.57,1894.96,3.48,218.16,10.65, 801.86 ,8.12, 29.84 ,16.67,,20.86,,0.23%,1.00,5.82,8.45%,0.76%,7.68%,,,,
1895.01,4.25,0.21,0.17,6.57,1895.04,3.46,215.62,10.57, 795.78 ,8.50, 31.36 ,16.52,,20.69,,0.30%,1.00,5.85,8.80%,0.74%,8.06%,,,,
1895.02,4.19,0.21,0.18,6.57,1895.12,3.47,212.58,10.49, 787.77 ,8.88, 32.90 ,16.33,,20.47,,0.25%,1.00,5.86,9.41%,0.75%,8.65%,,,,
1895.03,4.19,0.21,0.18,6.57,1895.21,3.48,212.58,10.40, 790.98 ,9.26, 34.45 ,16.36,,20.53,,0.45%,1.00,5.87,9.83%,0.88%,8.94%,,,,
1895.04,4.37,0.20,0.19,6.85,1895.29,3.50,212.47,9.88, 793.65 ,9.24, 34.51 ,16.39,,20.58,,0.73%,1.00,5.63,9.69%,1.33%,8.36%,,,,
1895.05,4.61,0.20,0.20,6.95,1895.37,3.51,221.07,9.67, 828.78 ,9.47, 35.51 ,17.08,,21.46,,0.84%,1.00,5.57,8.82%,1.59%,7.23%,,,,
1895.06,4.70,0.20,0.21,7.04,1895.46,3.52,222.34,9.46, 836.50 ,9.70, 36.49 ,17.21,,21.63,,1.15%,1.00,5.50,8.88%,1.75%,7.14%,,,,
1895.07,4.72,0.20,0.21,6.95,1895.54,3.53,226.34,9.51, 854.55 ,10.19, 38.47 ,17.55,,22.06,,0.78%,1.00,5.59,9.02%,1.62%,7.40%,,,,
1895.08,4.79,0.20,0.22,6.85,1895.62,3.54,232.89,9.56, 882.27 ,10.70, 40.52 ,18.07,,22.73,,0.46%,1.00,5.68,8.98%,1.38%,7.60%,,,,
1895.09,4.82,0.20,0.23,6.85,1895.71,3.55,234.35,9.48, 890.79 ,11.06, 42.04 ,18.20,,22.89,,0.53%,1.00,5.69,9.06%,1.51%,7.56%,,,,
1895.1,4.75,0.19,0.24,6.85,1895.79,3.57,230.95,9.40, 880.83 ,11.43, 43.58 ,17.94,,22.57,,0.60%,1.00,5.70,9.37%,1.52%,7.85%,,,,
1895.11,4.59,0.19,0.24,6.85,1895.87,3.58,223.17,9.32, 854.13 ,11.79, 45.13 ,17.34,,21.81,,0.66%,1.00,5.71,9.56%,1.41%,8.14%,,,,
1895.12,4.32,0.19,0.25,6.76,1895.96,3.59,213.00,9.37, 818.19 ,12.33, 47.35 ,16.55,,20.82,,0.56%,1.00,5.80,10.20%,1.17%,9.03%,,,,
1896.01,4.27,0.19,0.25,6.66,1896.04,3.60,213.54,9.46, 823.31 ,12.34, 47.57 ,16.58,,20.86,,0.63%,1.00,5.90,10.54%,1.04%,9.50%,,,,
1896.02,4.45,0.19,0.24,6.57,1896.12,3.58,225.77,9.55, 873.52 ,12.34, 47.76 ,17.52,,22.04,,0.18%,1.00,6.01,9.84%,0.86%,8.98%,,,,
1896.03,4.38,0.19,0.24,6.57,1896.21,3.57,222.22,9.51, 862.84 ,12.18, 47.28 ,17.23,,21.69,,0.41%,1.00,6.04,9.74%,0.83%,8.91%,,,,
1896.04,4.42,0.19,0.24,6.47,1896.29,3.55,227.54,9.61, 886.64 ,12.19, 47.48 ,17.64,,22.20,,0.26%,1.00,6.15,9.33%,0.65%,8.67%,,,,
1896.05,4.40,0.19,0.23,6.37,1896.37,3.53,229.90,9.71, 898.95 ,12.19, 47.66 ,17.83,,22.43,,0.32%,1.00,6.27,8.80%,0.36%,8.44%,,,,
1896.06,4.32,0.19,0.23,6.28,1896.46,3.52,229.13,9.81, 899.18 ,12.20, 47.87 ,17.78,,22.37,,0.33%,1.00,6.39,8.97%,0.18%,8.79%,,,,
1896.07,4.04,0.18,0.23,6.28,1896.54,3.50,214.28,9.77, 844.09 ,12.02, 47.37 ,16.64,,20.93,,0.61%,1.00,6.42,9.78%,0.49%,9.30%,,,,
1896.08,3.81,0.18,0.22,6.28,1896.62,3.48,202.08,9.72, 799.23 ,11.84, 46.84 ,15.70,,19.76,,0.86%,1.00,6.45,10.96%,0.23%,10.73%,,,,
1896.09,4.01,0.18,0.22,6.28,1896.71,3.47,212.69,9.68, 844.37 ,11.67, 46.32 ,16.54,,20.82,,0.55%,1.00,6.48,10.60%,0.09%,10.51%,,,,
1896.1,4.10,0.18,0.22,6.47,1896.79,3.45,211.07,9.35, 841.03 ,11.16, 44.45 ,16.44,,20.69,,0.90%,1.00,6.31,10.10%,0.14%,9.96%,,,,
1896.11,4.38,0.18,0.21,6.66,1896.87,3.43,219.04,9.04, 875.79 ,10.67, 42.65 ,17.09,,21.51,,0.97%,1.00,6.16,9.80%,0.29%,9.51%,,,,
1896.12,4.22,0.18,0.21,6.66,1896.96,3.42,211.04,9.00, 846.80 ,10.50, 42.14 ,16.50,,20.77,,1.07%,1.00,6.19,9.99%,0.15%,9.83%,,,,
1897.01,4.22,0.18,0.22,6.47,1897.04,3.40,217.25,9.27, 874.81 ,11.24, 45.25 ,17.03,,21.43,,0.38%,1.00,6.40,9.47%,-0.06%,9.53%,,,,
1897.02,4.18,0.18,0.23,6.47,1897.12,3.40,215.19,9.27, 869.62 ,11.67, 47.16 ,16.89,,21.26,,0.32%,1.00,6.42,8.99%,-0.29%,9.28%,,,,
1897.03,4.19,0.18,0.24,6.47,1897.21,3.39,215.70,9.27, 874.82 ,12.10, 49.07 ,16.96,,21.33,,0.30%,1.00,6.44,7.96%,-0.20%,8.16%,,,,
1897.04,4.06,0.18,0.24,6.37,1897.29,3.39,212.13,9.40, 863.51 ,12.71, 51.75 ,16.70,,21.00,,0.25%,1.00,6.55,8.20%,-0.36%,8.56%,,,,
1897.05,4.08,0.18,0.25,6.28,1897.37,3.38,216.41,9.55, 884.15 ,13.35, 54.54 ,17.05,,21.44,,-0.02%,1.00,6.67,7.39%,-0.73%,8.12%,,,,
1897.06,4.27,0.18,0.26,6.28,1897.46,3.38,226.48,9.55, 928.58 ,13.79, 56.54 ,17.85,,22.43,,-0.16%,1.00,6.69,6.45%,-0.85%,7.30%,,,,
1897.07,4.46,0.18,0.27,6.28,1897.54,3.38,236.56,9.55, 973.16 ,14.23, 58.54 ,18.65,,23.42,,-0.28%,1.00,6.72,6.40%,-0.86%,7.26%,,,,
1897.08,4.75,0.18,0.28,6.57,1897.62,3.37,240.99,9.13, 994.50 ,14.04, 57.93 ,19.01,,23.84,,-0.06%,1.00,6.44,5.39%,-0.43%,5.83%,,,,
1897.09,4.98,0.18,0.29,6.76,1897.71,3.37,245.54,8.87," 1,016.34 ",14.05, 58.16 ,19.37,,24.27,,0.25%,1.00,6.28,5.10%,-0.16%,5.27%,,,,
1897.1,4.82,0.18,0.29,6.66,1897.79,3.36,241.05,9.00," 1,000.84 ",14.67, 60.90 ,19.03,,23.81,,0.09%,1.00,6.39,4.01%,-0.42%,4.43%,,,,
1897.11,4.65,0.18,0.30,6.66,1897.87,3.36,232.54,9.00, 968.66 ,15.09, 62.85 ,18.36,,22.94,,0.17%,1.00,6.41,4.21%,-0.02%,4.23%,,,,
1897.12,4.75,0.18,0.31,6.66,1897.96,3.35,237.55,9.00, 992.61 ,15.50, 64.78 ,18.75,,23.40,,-0.17%,1.00,6.43,4.76%,0.18%,4.58%,,,,
1898.01,4.88,0.18,0.31,6.66,1898.04,3.35,244.05,9.09," 1,022.94 ",15.67, 65.67 ,19.25,,23.99,,-0.42%,1.00,6.45,5.05%,0.28%,4.77%,,,,
1898.02,4.87,0.18,0.32,6.76,1898.12,3.33,240.12,9.04," 1,009.63 ",15.61, 65.66 ,18.92,,23.55,,-0.06%,1.00,6.39,4.97%,0.53%,4.45%,,,,
1898.03,4.65,0.19,0.32,6.76,1898.21,3.31,229.27,9.12, 967.21 ,15.78, 66.56 ,18.04,,22.44,,0.22%,1.00,6.42,5.90%,0.52%,5.38%,,,,
1898.04,4.57,0.19,0.32,6.76,1898.29,3.29,225.32,9.21, 953.81 ,15.94, 67.48 ,17.71,,22.00,,0.46%,1.00,6.45,6.54%,0.41%,6.14%,,,,
1898.05,4.87,0.19,0.33,7.23,1898.37,3.27,224.32,8.67, 952.61 ,15.05, 63.91 ,17.60,,21.84,,1.30%,1.00,6.05,7.17%,1.09%,6.08%,,,,
1898.06,5.06,0.19,0.33,6.76,1898.46,3.25,249.48,9.37," 1,062.80 ",16.27, 69.31 ,19.54,,24.23,,0.20%,1.00,6.51,6.06%,0.39%,5.67%,,,,
1898.07,5.08,0.19,0.33,6.66,1898.54,3.23,254.05,9.59," 1,085.64 ",16.67, 71.23 ,19.86,,24.60,,-0.11%,1.00,6.63,6.15%,0.14%,6.01%,,,,
1898.08,5.27,0.19,0.34,6.66,1898.62,3.20,263.55,9.67," 1,129.69 ",16.84, 72.18 ,20.54,,25.42,,-0.26%,1.00,6.66,6.22%,0.13%,6.09%,,,,
1898.09,5.26,0.20,0.34,6.66,1898.71,3.18,263.05,9.75," 1,131.03 ",17.00, 73.11 ,20.44,,25.26,,-0.21%,1.00,6.69,6.13%,0.13%,6.01%,,,,
1898.1,5.15,0.20,0.34,6.66,1898.79,3.16,257.55,9.84," 1,110.90 ",17.17, 74.05 ,19.95,,24.63,,-0.19%,1.00,6.72,6.38%,0.01%,6.37%,,,,
1898.11,5.32,0.20,0.35,6.66,1898.87,3.14,266.05,9.92," 1,151.14 ",17.34, 75.02 ,20.53,,25.32,,-0.42%,1.00,6.75,6.63%,-0.10%,6.73%,,,,
1898.12,5.65,0.20,0.35,6.76,1898.96,3.12,278.57,9.86," 1,208.88 ",17.26, 74.89 ,21.40,,26.37,,-0.46%,1.00,6.68,6.27%,-0.07%,6.34%,,,,
1899.01,6.08,0.20,0.36,6.76,1899.04,3.10,299.78,9.90," 1,304.46 ",17.79, 77.41 ,22.93,,28.22,,-0.41%,1.00,6.71,5.65%,0.03%,5.62%,,,,
1899.02,6.31,0.20,0.37,6.95,1899.12,3.10,302.59,9.67," 1,320.23 ",17.82, 77.77 ,23.05,,28.33,,-0.04%,1.00,6.54,5.15%,0.21%,4.94%,,,,
1899.03,6.40,0.20,0.38,6.95,1899.21,3.11,306.91,9.71," 1,342.59 ",18.34, 80.24 ,23.28,,28.57,,0.03%,1.00,6.56,5.15%,0.20%,4.95%,,,,
1899.04,6.48,0.20,0.39,7.04,1899.29,3.11,306.55,9.62," 1,344.51 ",18.61, 81.60 ,23.15,,28.37,,0.19%,1.00,6.48,5.42%,0.13%,5.29%,,,,
1899.05,6.21,0.20,0.40,7.04,1899.37,3.12,293.77,9.66," 1,292.02 ",19.12, 84.10 ,22.09,,27.03,,0.63%,1.00,6.50,6.12%,0.03%,6.09%,,,,
1899.06,6.07,0.21,0.42,7.14,1899.46,3.12,283.32,9.57," 1,249.56 ",19.37, 85.43 ,21.21,,25.92,,0.95%,1.00,6.42,6.59%,0.06%,6.53%,,,,
1899.07,6.28,0.21,0.43,7.23,1899.54,3.13,289.27,9.48," 1,279.26 ",19.61, 86.74 ,21.56,,26.31,,1.00%,1.00,6.35,6.53%,0.19%,6.34%,,,,
1899.08,6.44,0.21,0.44,7.33,1899.62,3.13,292.78,9.40," 1,298.28 ",19.85, 88.04 ,21.73,,26.47,,1.09%,1.00,6.29,6.55%,0.22%,6.33%,,,,
1899.09,6.37,0.21,0.45,7.61,1899.71,3.13,278.74,9.08," 1,239.37 ",19.58, 87.07 ,20.59,,25.04,,1.60%,1.00,6.06,6.99%,0.50%,6.49%,,,,
1899.1,6.34,0.21,0.46,7.71,1899.79,3.14,274.00,9.00," 1,221.64 ",19.81, 88.31 ,20.15,,24.48,,1.82%,1.00,6.00,7.02%,0.43%,6.59%,,,,
1899.11,6.46,0.21,0.47,7.80,1899.87,3.14,275.78,8.93," 1,232.90 ",20.03, 89.55 ,20.20,,24.49,,1.93%,1.00,5.94,6.80%,0.46%,6.34%,,,,
1899.12,6.02,0.21,0.48,7.90,1899.96,3.15,253.90,8.86," 1,138.38 ",20.24, 90.77 ,18.51,,22.42,,2.38%,1.00,5.88,7.72%,0.48%,7.24%,,,,
1900.01,6.10,0.22,0.48,7.90,1900.04,3.15,257.28,9.17," 1,156.93 ",20.24, 91.04 ,18.67,,22.59,,2.57%,1.00,5.90,7.45%,0.58%,6.88%,,,,
1900.02,6.21,0.23,0.48,7.99,1900.12,3.15,258.80,9.38," 1,167.29 ",20.00, 90.23 ,18.70,,22.60,,2.69%,1.00,5.84,7.01%,0.69%,6.31%,,,,
1900.03,6.26,0.23,0.48,7.99,1900.21,3.14,260.88,9.69," 1,180.33 ",20.00, 90.50 ,18.78,,22.66,,2.67%,1.00,5.86,6.99%,0.50%,6.48%,,,,
1900.04,6.34,0.24,0.48,7.99,1900.29,3.14,264.22,10.00," 1,199.19 ",20.00, 90.79 ,18.94,,22.83,,2.63%,1.00,5.88,6.50%,0.41%,6.09%,,,,
1900.05,6.04,0.25,0.48,7.80,1900.37,3.13,257.85,10.57," 1,174.30 ",20.49, 93.32 ,18.40,,22.17,,2.42%,1.00,6.04,6.79%,0.35%,6.44%,,,,
1900.06,5.86,0.26,0.48,7.71,1900.46,3.13,253.26,11.02," 1,157.55 ",20.74, 94.82 ,17.99,,21.67,,2.43%,1.00,6.13,6.56%,0.32%,6.24%,,,,
1900.07,5.86,0.26,0.48,7.80,1900.54,3.13,250.17,11.21," 1,147.71 ",20.49, 94.01 ,17.69,,21.29,,2.65%,1.00,6.08,6.15%,0.44%,5.70%,,,,
1900.08,5.94,0.27,0.48,7.71,1900.62,3.12,256.72,11.67," 1,182.20 ",20.74, 95.53 ,18.07,,21.75,,2.05%,1.00,6.17,6.24%,0.42%,5.82%,,,,
1900.09,5.80,0.28,0.48,7.80,1900.71,3.12,247.61,11.85," 1,144.80 ",20.49, 94.74 ,17.34,,20.87,,2.29%,1.00,6.11,6.80%,0.64%,6.16%,,,,
1900.1,6.01,0.29,0.48,7.71,1900.79,3.11,259.74,12.32," 1,205.64 ",20.74, 96.29 ,18.10,,21.78,,1.93%,1.00,6.21,7.09%,0.81%,6.28%,,,,
1900.11,6.48,0.29,0.48,7.71,1900.87,3.11,280.05,12.64," 1,304.82 ",20.74, 96.65 ,19.42,,23.37,,1.80%,1.00,6.22,6.50%,1.02%,5.48%,,,,
1900.12,6.87,0.30,0.48,7.61,1900.96,3.10,300.62,13.13," 1,405.74 ",21.00, 98.22 ,20.74,,24.95,,1.35%,1.00,6.32,5.45%,0.89%,4.56%,,,,
1901.01,7.07,0.30,0.48,7.71,1901.04,3.10,305.55,13.04," 1,433.88 ",20.82, 97.69 ,20.98,,25.22,,1.54%,1.00,6.26,5.54%,1.01%,4.53%,,,,
1901.02,7.25,0.30,0.48,7.61,1901.12,3.11,317.25,13.27," 1,493.96 ",21.15, 99.59 ,21.68,,26.05,,1.14%,1.00,6.35,5.67%,1.22%,4.45%,,,,
1901.03,7.51,0.31,0.49,7.61,1901.21,3.11,328.63,13.35," 1,552.77 ",21.22, 100.28 ,22.35,,26.84,,0.87%,1.00,6.37,5.07%,1.12%,3.95%,,,,
1901.04,8.14,0.31,0.49,7.52,1901.29,3.12,360.70,13.59," 1,709.69 ",21.57, 102.22 ,24.41,,29.29,,0.25%,1.00,6.46,4.40%,1.33%,3.07%,,,,
1901.05,7.73,0.31,0.49,7.52,1901.37,3.13,342.53,13.66," 1,628.97 ",21.64, 102.90 ,23.06,,27.66,,0.60%,1.00,6.47,5.17%,1.34%,3.83%,,,,
1901.06,8.50,0.31,0.49,7.52,1901.46,3.13,376.65,13.74," 1,796.68 ",21.71, 103.57 ,25.24,,30.24,,0.46%,1.00,6.49,4.39%,1.35%,3.04%,,,,
1901.07,7.93,0.31,0.49,7.61,1901.54,3.14,347.00,13.64," 1,660.67 ",21.52, 102.97 ,23.14,,27.71,,1.06%,1.00,6.42,5.10%,1.38%,3.72%,,,,
1901.08,8.04,0.31,0.49,7.71,1901.62,3.15,347.47,13.54," 1,668.32 ",21.32, 102.36 ,23.08,,27.61,,1.19%,1.00,6.35,4.25%,1.20%,3.06%,,,,
1901.09,8.00,0.32,0.50,7.80,1901.71,3.15,341.53,13.45," 1,645.15 ",21.13, 101.79 ,22.59,,27.01,,1.52%,1.00,6.29,3.76%,1.23%,2.53%,,,,
1901.1,7.91,0.32,0.50,7.80,1901.79,3.16,337.69,13.52," 1,632.07 ",21.20, 102.48 ,22.25,,26.59,,1.58%,1.00,6.30,3.94%,1.24%,2.71%,,,,
1901.11,8.08,0.32,0.50,7.90,1901.87,3.17,340.79,13.42," 1,652.47 ",21.02, 101.91 ,22.38,,26.71,,1.80%,1.00,6.24,4.38%,1.48%,2.90%,,,,
1901.12,7.95,0.32,0.50,7.99,1901.96,3.17,331.31,13.34," 1,611.91 ",20.84, 101.38 ,21.68,,25.87,,2.05%,1.00,6.17,4.84%,1.71%,3.12%,,,,
1902.01,8.12,0.32,0.51,7.90,1902.04,3.18,342.48,13.53," 1,671.70 ",21.54, 105.16 ,22.34,,26.64,,2.05%,1.00,6.26,4.40%,1.50%,2.91%,,,,
1902.02,8.19,0.32,0.52,7.90,1902.12,3.19,345.43,13.57," 1,691.63 ",22.00, 107.76 ,22.46,,26.76,,2.02%,1.00,6.27,4.13%,1.38%,2.75%,,,,
1902.03,8.20,0.32,0.53,7.90,1902.21,3.20,345.85,13.60," 1,699.25 ",22.46, 110.35 ,22.41,,26.67,,2.28%,1.00,6.28,4.21%,1.16%,3.05%,,,,
1902.04,8.48,0.32,0.54,7.99,1902.29,3.21,353.40,13.47," 1,741.87 ",22.64, 111.60 ,22.82,,27.14,,2.45%,1.00,6.22,4.00%,0.96%,3.04%,,,,
1902.05,8.46,0.32,0.55,8.09,1902.37,3.22,348.42,13.35," 1,722.80 ",22.82, 112.86 ,22.43,,26.64,,2.63%,1.00,6.16,4.15%,1.07%,3.08%,,,,
1902.06,8.41,0.33,0.57,8.18,1902.46,3.23,342.33,13.23," 1,698.16 ",23.00, 114.09 ,21.96,,26.06,,2.84%,1.00,6.10,4.44%,1.27%,3.17%,,,,
1902.07,8.60,0.33,0.58,8.18,1902.54,3.24,350.07,13.26," 1,742.01 ",23.44, 116.63 ,22.39,,26.53,,2.47%,1.00,6.11,4.23%,1.26%,2.97%,,,,
1902.08,8.83,0.33,0.59,8.09,1902.62,3.25,363.66,13.45," 1,815.21 ",24.16, 120.61 ,23.17,,27.42,,2.06%,1.00,6.19,3.98%,1.03%,2.95%,,,,
1902.09,8.85,0.33,0.60,8.18,1902.71,3.26,360.24,13.33," 1,803.72 ",24.32, 121.78 ,22.86,,27.02,,2.23%,1.00,6.13,4.04%,1.03%,3.00%,,,,
1902.1,8.57,0.33,0.61,8.75,1902.79,3.27,326.09,12.49," 1,637.95 ",23.15, 116.26 ,20.60,,24.33,,3.38%,1.00,5.74,5.07%,1.71%,3.36%,,,,
1902.11,8.24,0.33,0.62,8.47,1902.87,3.28,324.11,12.95," 1,633.39 ",24.36, 122.74 ,20.41,,24.08,,2.82%,1.00,5.95,5.02%,1.36%,3.66%,,,,
1902.12,8.05,0.33,0.63,8.56,1902.96,3.29,313.12,12.84," 1,583.38 ",24.50, 123.92 ,19.63,,23.15,,2.99%,1.00,5.89,5.11%,1.56%,3.55%,,,,
1903.01,8.46,0.33,0.62,8.66,1903.04,3.30,325.45,12.76," 1,651.12 ",23.92, 121.34 ,20.32,,23.93,,2.55%,1.00,5.84,4.52%,1.56%,2.96%,,,,
1903.02,8.41,0.33,0.61,8.66,1903.12,3.31,323.52,12.82," 1,646.78 ",23.59, 120.09 ,20.11,,23.67,,2.47%,1.00,5.85,4.22%,1.59%,2.63%,,,,
1903.03,8.08,0.34,0.61,8.37,1903.21,3.32,321.42,13.33," 1,641.75 ",24.07, 122.93 ,19.88,,23.40,,2.42%,1.00,6.06,4.10%,1.29%,2.81%,,,,
1903.04,7.75,0.34,0.60,8.37,1903.29,3.33,308.30,13.39," 1,580.40 ",23.74, 121.68 ,18.98,,22.33,,2.78%,1.00,6.08,4.53%,1.33%,3.21%,,,,
1903.05,7.60,0.34,0.59,8.18,1903.37,3.33,309.36,13.77," 1,591.74 ",23.95, 123.21 ,18.95,,22.29,,2.67%,1.00,6.23,4.32%,1.23%,3.09%,,,,
1903.06,7.18,0.34,0.58,8.18,1903.46,3.34,292.27,13.84," 1,509.71 ",23.61, 121.95 ,17.82,,20.96,,3.25%,1.00,6.24,4.28%,1.16%,3.12%,,,,
1903.07,6.85,0.34,0.57,8.18,1903.54,3.35,278.83,13.91," 1,446.31 ",23.27, 120.71 ,16.92,,19.91,,3.80%,1.00,6.26,4.82%,1.10%,3.72%,,,,
1903.08,6.63,0.34,0.56,8.18,1903.62,3.36,269.88,13.97," 1,405.90 ",22.93, 119.45 ,16.30,,19.19,,4.43%,1.00,6.27,5.44%,1.13%,4.31%,,,,
1903.09,6.47,0.35,0.56,8.28,1903.71,3.37,260.34,13.88," 1,362.22 ",22.33, 116.85 ,15.65,,18.45,,4.38%,1.00,6.21,5.82%,1.18%,4.64%,,,,
1903.1,6.26,0.35,0.55,8.18,1903.79,3.38,254.82,14.11," 1,339.49 ",22.25, 116.98 ,15.25,,18.00,,4.29%,1.00,6.30,5.71%,1.10%,4.61%,,,,
1903.11,6.28,0.35,0.54,8.09,1903.87,3.38,258.64,14.34," 1,365.86 ",22.17, 117.08 ,15.41,,18.20,,4.37%,1.00,6.38,5.18%,0.91%,4.26%,,,,
1903.12,6.57,0.35,0.53,8.09,1903.96,3.39,270.58,14.41," 1,435.28 ",21.83, 115.78 ,16.04,,18.97,,4.24%,1.00,6.40,4.80%,1.05%,3.75%,,,,
1904.01,6.68,0.35,0.53,8.28,1904.04,3.40,268.79,13.95," 1,431.93 ",21.19, 112.90 ,15.86,,18.78,,4.81%,1.00,6.26,5.30%,1.32%,3.98%,,,,
1904.02,6.50,0.34,0.52,8.47,1904.12,3.41,255.67,13.50," 1,368.03 ",20.58, 110.14 ,15.02,,17.80,,5.54%,1.00,6.14,6.07%,1.66%,4.42%,,,,
1904.03,6.48,0.34,0.52,8.37,1904.21,3.41,257.78,13.53," 1,385.34 ",20.69, 111.17 ,15.08,,17.90,,5.68%,1.00,6.22,5.79%,1.55%,4.24%,,,,
1904.04,6.64,0.34,0.52,8.28,1904.29,3.42,267.18,13.55," 1,441.94 ",20.79, 112.21 ,15.57,,18.49,,5.35%,1.00,6.31,5.26%,1.54%,3.72%,,,,
1904.05,6.50,0.33,0.51,8.09,1904.37,3.43,267.70,13.73," 1,450.92 ",21.14, 114.58 ,15.53,,18.46,,5.12%,1.00,6.47,5.20%,1.21%,3.99%,,,,
1904.06,6.51,0.33,0.51,8.09,1904.46,3.43,268.11,13.59," 1,459.29 ",21.00, 114.32 ,15.47,,18.42,,5.14%,1.00,6.48,5.14%,1.22%,3.92%,,,,
1904.07,6.78,0.33,0.51,8.09,1904.54,3.44,279.23,13.45," 1,525.92 ",20.87, 114.04 ,16.04,,19.11,,4.90%,1.00,6.50,4.02%,1.12%,2.90%,,,,
1904.08,7.01,0.32,0.50,8.18,1904.62,3.45,285.35,13.16," 1,565.33 ",20.49, 112.39 ,16.30,,19.45,,4.62%,1.00,6.44,3.60%,1.05%,2.56%,,,,
1904.09,7.32,0.32,0.50,8.28,1904.71,3.45,294.54,12.88," 1,621.65 ",20.12, 110.77 ,16.74,,19.99,,4.43%,1.00,6.38,3.29%,1.17%,2.12%,,,,
1904.1,7.75,0.32,0.50,8.28,1904.79,3.46,311.84,12.74," 1,722.76 ",19.99, 110.41 ,17.63,,21.07,,4.41%,1.00,6.39,2.81%,1.28%,1.54%,,,,
1904.11,8.17,0.31,0.49,8.47,1904.87,3.47,321.36,12.32," 1,780.99 ",19.40, 107.54 ,18.08,,21.61,,4.50%,1.00,6.26,2.42%,1.41%,1.00%,,,,
1904.12,8.25,0.31,0.49,8.47,1904.96,3.47,324.50,12.19," 1,804.06 ",19.27, 107.15 ,18.16,,21.72,,4.61%,1.00,6.28,1.99%,1.52%,0.47%,,,,
1905.01,8.43,0.31,0.51,8.47,1905.04,3.48,331.58,12.26," 1,849.10 ",19.86, 110.77 ,18.46,,22.09,,4.52%,1.00,6.29,1.96%,1.53%,0.44%,,,,
1905.02,8.80,0.31,0.52,8.47,1905.12,3.48,346.14,12.32," 1,935.99 ",20.45, 114.40 ,19.17,,22.94,,4.32%,1.00,6.31,1.51%,1.64%,-0.14%,,,,
1905.03,9.05,0.32,0.54,8.37,1905.21,3.47,360.01,12.53," 2,019.44 ",21.28, 119.38 ,19.83,,23.74,,4.03%,1.00,6.41,1.48%,1.65%,-0.16%,,,,
1905.04,8.94,0.32,0.55,8.37,1905.29,3.47,355.64,12.60," 2,000.78 ",21.88, 123.09 ,19.48,,23.33,,3.69%,1.00,6.43,2.26%,1.56%,0.70%,,,,
1905.05,8.50,0.32,0.57,8.28,1905.37,3.46,342.02,12.81," 1,930.18 ",22.73, 128.30 ,18.63,,22.31,,3.67%,1.00,6.52,2.33%,1.36%,0.97%,,,,
1905.06,8.60,0.32,0.58,8.28,1905.46,3.46,346.04,12.88," 1,958.95 ",23.34, 132.12 ,18.74,,22.45,,3.51%,1.00,6.54,2.34%,1.37%,0.97%,,,,
1905.07,8.87,0.32,0.60,8.28,1905.54,3.46,356.91,12.94," 2,026.56 ",23.94, 135.94 ,19.21,,23.01,,3.52%,1.00,6.56,2.00%,1.39%,0.61%,,,,
1905.08,9.20,0.32,0.61,8.37,1905.62,3.45,365.98,12.86," 2,084.15 ",24.27, 138.19 ,19.57,,23.45,,3.69%,1.00,6.51,2.18%,1.52%,0.66%,,,,
1905.09,9.23,0.33,0.63,8.28,1905.71,3.45,371.39,13.08," 2,121.19 ",25.15, 143.63 ,19.74,,23.65,,3.53%,1.00,6.61,2.42%,1.42%,1.00%,,,,
1905.1,9.36,0.33,0.64,8.28,1905.79,3.44,376.62,13.15," 2,157.32 ",25.75, 147.51 ,19.90,,23.83,,3.49%,1.00,6.63,2.73%,1.33%,1.40%,,,,
1905.11,9.31,0.33,0.66,8.37,1905.87,3.44,370.35,13.06," 2,127.64 ",26.06, 149.69 ,19.44,,23.28,,3.73%,1.00,6.57,3.17%,1.37%,1.80%,,,,
1905.12,9.54,0.33,0.67,8.47,1905.96,3.43,375.24,12.98," 2,161.94 ",26.35, 151.83 ,19.58,,23.43,,3.96%,1.00,6.52,3.07%,1.50%,1.57%,,,,
1906.01,9.87,0.34,0.68,8.47,1906.04,3.43,388.22,13.21," 2,243.06 ",26.65, 153.97 ,20.13,,24.08,,3.97%,1.00,6.54,2.46%,1.41%,1.05%,,,,
1906.02,9.80,0.34,0.69,8.47,1906.12,3.45,385.47,13.44," 2,233.62 ",26.94, 156.13 ,19.87,,23.75,,4.16%,1.00,6.55,2.41%,1.42%,0.98%,,,,
1906.03,9.56,0.35,0.69,8.47,1906.21,3.47,376.03,13.67," 2,185.52 ",27.24, 158.31 ,19.26,,23.02,,4.30%,1.00,6.56,2.54%,1.34%,1.21%,,,,
1906.04,9.43,0.35,0.70,8.47,1906.29,3.49,370.92,13.90," 2,162.54 ",27.53, 160.53 ,18.88,,22.56,,4.54%,1.00,6.57,2.48%,1.25%,1.23%,,,,
1906.05,9.18,0.36,0.71,8.56,1906.37,3.51,357.07,13.97," 2,088.60 ",27.52, 160.97 ,18.05,,21.57,,5.02%,1.00,6.50,3.01%,1.28%,1.74%,,,,
1906.06,9.30,0.37,0.72,8.56,1906.46,3.53,361.74,14.20," 2,122.82 ",27.81, 163.21 ,18.17,,21.72,,5.12%,1.00,6.51,2.89%,1.19%,1.70%,,,,
1906.07,9.06,0.37,0.72,8.28,1906.54,3.55,364.55,14.92," 2,146.64 ",29.07, 171.19 ,18.20,,21.75,,4.75%,1.00,6.74,2.68%,0.86%,1.82%,,,,
1906.08,9.73,0.38,0.73,8.47,1906.62,3.57,382.72,14.82," 2,260.86 ",28.71, 169.62 ,18.97,,22.67,,4.74%,1.00,6.60,2.18%,1.00%,1.18%,,,,
1906.09,10.03,0.38,0.74,8.56,1906.71,3.59,390.13,14.88," 2,311.99 ",28.69, 170.00 ,19.20,,22.94,,4.77%,1.00,6.53,2.22%,0.94%,1.28%,,,,
1906.1,9.73,0.39,0.75,8.75,1906.79,3.61,370.23,14.78," 2,201.37 ",28.35, 168.55 ,18.10,,21.62,,4.99%,1.00,6.40,2.90%,0.99%,1.91%,,,,
1906.11,9.93,0.39,0.75,8.85,1906.87,3.63,373.78,14.84," 2,229.83 ",28.33, 168.98 ,18.14,,21.68,,4.76%,1.00,6.34,2.87%,0.94%,1.93%,,,,
1906.12,9.84,0.40,0.76,8.94,1906.96,3.65,366.45,14.90," 2,193.51 ",28.30, 169.42 ,17.66,,21.11,,5.00%,1.00,6.28,2.58%,0.97%,1.61%,,,,
1907.01,9.56,0.40,0.75,8.85,1907.04,3.67,359.86,15.18," 2,161.59 ",28.30, 169.97 ,17.22,,20.60,,5.32%,1.00,6.36,2.45%,0.78%,1.67%,,,,
1907.02,9.26,0.41,0.74,9.04,1907.12,3.69,341.22,14.99," 2,057.17 ",27.39, 165.13 ,16.22,,19.41,,5.88%,1.00,6.23,2.16%,0.74%,1.42%,,,,
1907.03,8.35,0.41,0.74,8.94,1907.21,3.70,310.96,15.27," 1,882.42 ",27.37, 165.70 ,14.69,,17.60,,6.40%,1.00,6.31,3.44%,0.62%,2.81%,,,,
1907.04,8.39,0.41,0.73,8.94,1907.29,3.72,312.45,15.39," 1,899.20 ",27.06, 164.50 ,14.67,,17.59,,6.54%,1.00,6.32,2.74%,0.13%,2.61%,,,,
1907.05,8.10,0.42,0.72,9.13,1907.37,3.74,295.37,15.20," 1,803.04 ",26.19, 159.89 ,13.79,,16.56,,7.33%,1.00,6.20,2.82%,0.18%,2.64%,,,,
1907.06,7.84,0.42,0.71,9.23,1907.46,3.75,282.94,15.16," 1,734.90 ",25.62, 157.11 ,13.14,,15.81,,7.78%,1.00,6.15,3.32%,0.12%,3.20%,,,,
1907.07,8.14,0.42,0.70,9.23,1907.54,3.77,293.77,15.28," 1,809.09 ",25.32, 155.95 ,13.59,,16.36,,7.52%,1.00,6.16,2.82%,0.28%,2.55%,,,,
1907.08,7.53,0.43,0.69,9.23,1907.62,3.79,271.75,15.40," 1,681.42 ",25.02, 154.81 ,12.51,,15.09,,7.67%,1.00,6.17,3.17%,0.12%,3.06%,,,,
1907.09,7.45,0.43,0.69,9.23,1907.71,3.80,268.87,15.52," 1,671.56 ",24.72, 153.69 ,12.33,,14.90,,7.48%,1.00,6.18,2.56%,-0.11%,2.68%,,,,
1907.1,6.64,0.43,0.68,9.32,1907.79,3.82,237.19,15.48," 1,482.63 ",24.17, 151.10 ,10.83,,13.12,,8.83%,1.00,6.13,3.14%,-0.16%,3.31%,,,,
1907.11,6.25,0.44,0.67,8.94,1907.87,3.84,232.76,16.26," 1,463.41 ",24.89, 156.48 ,10.59,,12.86,,8.60%,1.00,6.40,2.47%,-0.58%,3.05%,,,,
1907.12,6.57,0.44,0.66,8.75,1907.96,3.85,249.99,16.74," 1,580.54 ",25.11, 158.78 ,11.33,,13.80,,7.74%,1.00,6.55,1.26%,-0.95%,2.21%,,,,
1908.01,6.85,0.44,0.65,8.66,1908.04,3.87,263.51,16.80," 1,674.86 ",25.13, 159.74 ,11.90,,14.52,,7.19%,1.00,6.64,1.13%,-1.27%,2.40%,,,,
1908.02,6.60,0.43,0.65,8.56,1908.12,3.86,256.72,16.85," 1,640.60 ",25.15, 160.75 ,11.55,,14.13,,7.19%,1.00,6.74,1.65%,-1.45%,3.10%,,,,
1908.03,6.87,0.43,0.64,8.56,1908.21,3.85,267.22,16.73," 1,716.62 ",24.89, 159.92 ,11.98,,14.68,,6.89%,1.00,6.76,1.13%,-1.37%,2.51%,,,,
1908.04,7.24,0.43,0.63,8.66,1908.29,3.84,278.51,16.41," 1,797.98 ",24.36, 157.27 ,12.45,,15.28,,6.70%,1.00,6.71,0.50%,-1.40%,1.90%,,,,
1908.05,7.63,0.42,0.63,8.66,1908.37,3.83,293.52,16.28," 1,903.59 ",24.11, 156.35 ,13.08,,16.07,,5.63%,1.00,6.74,0.10%,-1.61%,1.71%,,,,
1908.06,7.64,0.42,0.62,8.66,1908.46,3.82,293.90,16.16," 1,914.82 ",23.85, 155.39 ,13.05,,16.06,,6.35%,1.00,6.77,-0.01%,-1.74%,1.73%,,,,
1908.07,7.92,0.42,0.61,8.75,1908.54,3.82,301.36,15.86," 1,972.02 ",23.34, 152.71 ,13.35,,16.44,,6.45%,1.00,6.72,-0.42%,-1.89%,1.47%,,,,
1908.08,8.26,0.41,0.61,8.75,1908.62,3.81,314.30,15.73," 2,065.25 ",23.09, 151.69 ,13.88,,17.12,,6.17%,1.00,6.75,-0.92%,-2.08%,1.16%,,,,
1908.09,8.17,0.41,0.60,8.75,1908.71,3.80,310.87,15.60," 2,051.29 ",22.83, 150.65 ,13.70,,16.92,,6.27%,1.00,6.77,-1.03%,-2.27%,1.24%,,,,
1908.1,8.27,0.41,0.59,8.85,1908.79,3.79,311.30,15.31," 2,062.51 ",22.33, 147.97 ,13.69,,16.92,,6.40%,1.00,6.73,-0.80%,-2.34%,1.55%,,,,
1908.11,8.83,0.40,0.59,8.94,1908.87,3.78,328.84,15.02," 2,187.03 ",21.85, 145.31 ,14.44,,17.85,,6.14%,1.00,6.68,-1.25%,-2.42%,1.16%,,,,
1908.12,9.03,0.40,0.58,9.04,1908.96,3.77,332.75,14.74," 2,221.19 ",21.37, 142.67 ,14.58,,18.04,,6.04%,1.00,6.64,-1.66%,-2.43%,0.76%,,,,
1909.01,9.06,0.40,0.60,8.94,1909.04,3.76,337.41,15.02," 2,260.63 ",22.16, 148.46 ,14.76,,18.28,,5.86%,1.00,6.73,-1.84%,-2.53%,0.69%,,,,
1909.02,8.80,0.41,0.61,9.04,1909.12,3.77,324.27,14.99," 2,181.01 ",22.48, 151.18 ,14.17,,17.55,,5.96%,1.00,6.68,-1.21%,-2.26%,1.05%,,,,
1909.03,8.92,0.41,0.63,9.04,1909.21,3.79,328.69,15.11," 2,219.22 ",23.03, 155.49 ,14.34,,17.77,,5.86%,1.00,6.69,-1.15%,-2.39%,1.24%,,,,
1909.04,9.32,0.41,0.64,9.23,1909.29,3.80,336.35,14.92," 2,279.33 ",23.10, 156.52 ,14.65,,18.16,,5.77%,1.00,6.57,-1.22%,-2.38%,1.17%,,,,
1909.05,9.63,0.42,0.66,9.32,1909.37,3.81,344.00,14.89," 2,339.51 ",23.40, 159.13 ,14.95,,18.55,,5.73%,1.00,6.51,-0.88%,-2.41%,1.53%,,,,
1909.06,9.80,0.42,0.67,9.42,1909.46,3.82,346.53,14.85," 2,365.17 ",23.69, 161.70 ,15.04,,18.66,,5.64%,1.00,6.46,-0.68%,-2.33%,1.65%,,,,
1909.07,9.94,0.42,0.69,9.42,1909.54,3.84,351.48,14.97," 2,407.48 ",24.22, 165.91 ,15.23,,18.90,,5.41%,1.00,6.48,-0.78%,-2.62%,1.85%,,,,
1909.08,10.18,0.43,0.70,9.51,1909.62,3.85,356.37,14.94," 2,449.47 ",24.50, 168.43 ,15.42,,19.13,,5.29%,1.00,6.43,-1.75%,-2.70%,0.95%,,,,
1909.09,10.19,0.43,0.72,9.61,1909.71,3.86,353.19,14.90," 2,436.15 ",24.78, 170.94 ,15.25,,18.93,,5.05%,1.00,6.38,-1.55%,-2.68%,1.12%,,,,
1909.1,10.23,0.43,0.73,9.80,1909.79,3.87,347.69,14.73," 2,406.68 ",24.81, 171.74 ,14.99,,18.60,,5.23%,1.00,6.27,-1.06%,-2.66%,1.60%,,,,
1909.11,10.18,0.44,0.75,9.90,1909.87,3.89,342.66,14.70," 2,380.36 ",25.08, 174.20 ,14.75,,18.29,,5.30%,1.00,6.22,-1.41%,-2.79%,1.37%,,,,
1909.12,10.30,0.44,0.76,9.99,1909.96,3.90,343.40,14.67," 2,393.97 ",25.34, 176.64 ,14.75,,18.30,,5.26%,1.00,6.17,-1.93%,-2.92%,0.99%,,,,
1910.01,10.08,0.44,0.76,9.90,1910.04,3.91,339.30,14.89," 2,374.02 ",25.50, 178.41 ,14.55,,18.05,,5.24%,1.00,6.25,-2.10%,-3.22%,1.12%,,,,
1910.02,9.72,0.45,0.76,9.90,1910.12,3.92,327.18,14.98," 2,297.97 ",25.41, 178.49 ,14.00,,17.37,,5.38%,1.00,6.26,-2.67%,-3.32%,0.65%,,,,
1910.03,9.96,0.45,0.75,10.09,1910.21,3.92,328.93,14.78," 2,318.94 ",24.85, 175.20 ,14.05,,17.44,,5.55%,1.00,6.16,-2.15%,-3.23%,1.08%,,,,
1910.04,9.72,0.45,0.75,10.18,1910.29,3.93,318.01,14.72," 2,250.56 ",24.54, 173.65 ,13.56,,16.83,,5.90%,1.00,6.12,-2.18%,-3.42%,1.24%,,,,
1910.05,9.56,0.45,0.75,9.99,1910.37,3.93,318.73,15.09," 2,264.56 ",24.92, 177.07 ,13.57,,16.85,,5.94%,1.00,6.26,-2.96%,-3.74%,0.78%,,,,
1910.06,9.10,0.46,0.75,9.90,1910.46,3.94,306.31,15.32," 2,185.40 ",25.08, 178.91 ,13.02,,16.18,,6.27%,1.00,6.33,-2.87%,-3.96%,1.09%,,,,
1910.07,8.64,0.46,0.74,9.90,1910.54,3.95,290.82,15.40," 2,084.08 ",24.99, 179.10 ,12.34,,15.35,,6.56%,1.00,6.35,-2.32%,-3.91%,1.59%,,,,
1910.08,8.85,0.46,0.74,9.80,1910.62,3.95,300.79,15.63," 2,164.80 ",25.15, 181.01 ,12.75,,15.86,,6.33%,1.00,6.43,-2.79%,-3.76%,0.97%,,,,
1910.09,8.91,0.46,0.74,9.70,1910.71,3.96,305.79,15.87," 2,210.37 ",25.31, 182.96 ,12.94,,16.11,,5.98%,1.00,6.51,-2.46%,-3.71%,1.25%,,,,
1910.1,9.32,0.47,0.74,9.42,1910.79,3.96,329.56,16.44," 2,392.05 ",25.99, 188.64 ,13.92,,17.34,,5.25%,1.00,6.73,-3.11%,-3.94%,0.83%,,,,
1910.11,9.31,0.47,0.73,9.23,1910.87,3.97,335.99,16.87," 2,448.96 ",26.44, 192.68 ,14.16,,17.65,,4.91%,1.00,6.89,-3.74%,-4.08%,0.35%,,,,
1910.12,9.05,0.47,0.73,9.23,1910.96,3.97,326.61,16.96," 2,390.87 ",26.35, 192.86 ,13.74,,17.14,,5.25%,1.00,6.91,-4.15%,-3.88%,-0.27%,,,,
1911.01,9.27,0.47,0.72,9.23,1911.04,3.98,334.55,16.96," 2,459.34 ",25.92, 190.57 ,14.05,,17.53,,4.96%,1.00,6.93,-3.75%,-3.68%,-0.08%,,,,
1911.02,9.43,0.47,0.71,8.94,1911.12,3.98,351.19,17.50," 2,592.35 ",26.32, 194.28 ,14.72,,18.37,,4.44%,1.00,7.17,-3.96%,-3.61%,-0.35%,,,,
1911.03,9.32,0.47,0.70,9.04,1911.21,3.99,343.43,17.32," 2,545.79 ",25.61, 189.84 ,14.37,,17.94,,4.71%,1.00,7.12,-3.92%,-3.39%,-0.53%,,,,
1911.04,9.28,0.47,0.68,8.75,1911.29,3.99,353.11,17.88," 2,628.56 ",26.00, 193.55 ,14.75,,18.43,,4.33%,1.00,7.37,-4.03%,-3.54%,-0.49%,,,,
1911.05,9.48,0.47,0.67,8.75,1911.37,3.99,360.72,17.88," 2,696.31 ",25.56, 191.05 ,15.05,,18.81,,4.19%,1.00,7.39,-3.71%,-3.26%,-0.45%,,,,
1911.06,9.67,0.47,0.66,8.75,1911.46,3.99,367.95,17.88," 2,761.49 ",25.11, 188.48 ,15.33,,19.16,,4.07%,1.00,7.42,-4.63%,-3.15%,-1.48%,,,,
1911.07,9.63,0.47,0.65,8.85,1911.54,4.00,362.49,17.69," 2,731.58 ",24.40, 183.89 ,15.08,,18.86,,4.15%,1.00,7.36,-4.55%,-3.04%,-1.51%,,,,
1911.08,9.17,0.47,0.64,9.13,1911.62,4.00,334.39,17.14," 2,530.56 ",23.22, 175.70 ,13.90,,17.39,,4.91%,1.00,7.15,-3.88%,-2.68%,-1.20%,,,,
1911.09,8.67,0.47,0.63,9.23,1911.71,4.00,312.90,16.96," 2,378.63 ",22.56, 171.47 ,13.00,,16.28,,5.39%,1.00,7.10,-2.88%,-2.41%,-0.47%,,,,
1911.1,8.72,0.47,0.61,9.23,1911.79,4.00,314.70,16.96," 2,403.09 ",22.13, 169.02 ,13.07,,16.38,,5.34%,1.00,7.12,-2.79%,-2.35%,-0.44%,,,,
1911.11,9.07,0.47,0.60,9.13,1911.87,4.01,330.74,17.14," 2,536.47 ",21.94, 168.27 ,13.73,,17.23,,4.75%,1.00,7.22,-2.70%,-2.34%,-0.36%,,,,
1911.12,9.11,0.47,0.59,9.04,1911.96,4.01,335.70,17.32," 2,585.55 ",21.74, 167.45 ,13.93,,17.49,,4.41%,1.00,7.32,-2.44%,-2.33%,-0.11%,,,,
1912.01,9.12,0.47,0.60,9.13,1912.04,4.01,332.56,17.17," 2,572.44 ",21.85, 169.01 ,13.79,,17.34,,4.70%,1.00,7.27,-2.12%,-1.94%,-0.18%,,,,
1912.02,9.04,0.47,0.61,9.23,1912.12,4.05,326.25,17.02," 2,534.57 ",21.95, 170.55 ,13.53,,17.02,,4.91%,1.00,7.19,-1.71%,-1.81%,0.10%,,,,
1912.03,9.30,0.47,0.62,9.42,1912.21,4.08,328.85,16.71," 2,565.60 ",21.84, 170.35 ,13.64,,17.17,,5.03%,1.00,7.05,-1.30%,-1.46%,0.16%,,,,
1912.04,9.59,0.47,0.63,9.70,1912.29,4.12,329.13,16.24," 2,578.36 ",21.51, 168.49 ,13.65,,17.20,,5.16%,1.00,6.85,-0.72%,-1.14%,0.42%,,,,
1912.05,9.58,0.47,0.64,9.70,1912.37,4.16,328.79,16.27," 2,586.29 ",21.82, 171.65 ,13.65,,17.20,,5.01%,1.00,6.85,-0.32%,-1.11%,0.79%,,,,
1912.06,9.58,0.48,0.65,9.61,1912.46,4.19,332.05,16.46," 2,622.70 ",22.36, 176.58 ,13.79,,17.38,,4.68%,1.00,6.92,-0.51%,-1.19%,0.68%,,,,
1912.07,9.59,0.48,0.65,9.61,1912.54,4.23,332.39,16.49," 2,636.29 ",22.67, 179.84 ,13.80,,17.41,,4.64%,1.00,6.92,-0.50%,-1.22%,0.72%,,,,
1912.08,9.81,0.48,0.66,9.70,1912.62,4.27,336.68,16.36," 2,681.14 ",22.76, 181.28 ,13.98,,17.65,,4.72%,1.00,6.86,-0.13%,-0.98%,0.84%,,,,
1912.09,9.86,0.48,0.67,9.80,1912.71,4.30,335.11,16.23," 2,679.40 ",22.86, 182.75 ,13.93,,17.58,,4.70%,1.00,6.80,0.18%,-0.85%,1.03%,,,,
1912.1,9.84,0.48,0.68,9.80,1912.79,4.34,334.43,16.26," 2,684.80 ",23.17, 186.00 ,13.91,,17.56,,3.99%,1.00,6.80,0.36%,-0.89%,1.25%,,,,
1912.11,9.73,0.48,0.69,9.80,1912.87,4.38,330.69,16.29," 2,665.68 ",23.48, 189.26 ,13.75,,17.37,,4.37%,1.00,6.81,-0.09%,-0.92%,0.83%,,,,
1912.12,9.38,0.48,0.70,9.70,1912.96,4.41,321.93,16.47," 2,606.06 ",24.02, 194.48 ,13.39,,16.92,,4.31%,1.00,6.88,0.10%,-1.05%,1.15%,,,,
1913.01,9.30,0.48,0.69,9.80,1913.04,4.45,316.08,16.31," 2,569.75 ",23.59, 191.82 ,13.15,,16.62,,4.40%,1.01,6.82,0.49%,-0.87%,1.36%,,,,
1913.02,8.97,0.48,0.69,9.80,1913.12,4.43,304.86,16.31," 2,489.62 ",23.39, 191.04 ,12.68,,16.04,,4.71%,1.01,6.85,1.27%,-0.87%,2.15%,,,,
1913.03,8.80,0.48,0.68,9.80,1913.21,4.40,299.09,16.31," 2,453.53 ",23.20, 190.29 ,12.44,,15.75,,5.22%,1.01,6.89,1.63%,-0.87%,2.50%,,,,
1913.04,8.79,0.48,0.68,9.80,1913.29,4.38,298.75,16.31," 2,461.90 ",23.00, 189.53 ,12.43,,15.74,,5.25%,1.01,6.93,1.22%,-0.93%,2.15%,,,,
1913.05,8.55,0.48,0.67,9.70,1913.37,4.35,293.59,16.48," 2,430.69 ",23.03, 190.70 ,12.22,,15.49,,5.54%,1.01,7.04,0.91%,-1.03%,1.94%,,,,
1913.06,8.12,0.48,0.67,9.80,1913.46,4.33,275.98,16.31," 2,296.14 ",22.60, 188.05 ,11.49,,14.58,,6.19%,1.01,7.01,1.09%,-0.99%,2.08%,,,,
1913.07,8.23,0.48,0.66,9.90,1913.54,4.31,276.89,16.15," 2,314.94 ",22.18, 185.42 ,11.53,,14.65,,6.29%,1.01,6.98,0.60%,-1.00%,1.60%,,,,
1913.08,8.45,0.48,0.65,9.90,1913.62,4.28,284.29,16.15," 2,388.07 ",21.98, 184.63 ,11.85,,15.06,,6.08%,1.01,7.02,0.45%,-0.95%,1.39%,,,,
1913.09,8.53,0.48,0.65,10.00,1913.71,4.26,284.11,15.99," 2,397.76 ",21.57, 182.01 ,11.84,,15.07,,6.10%,1.01,6.98,0.46%,-0.90%,1.37%,,,,
1913.1,8.26,0.48,0.64,10.00,1913.79,4.23,275.12,15.99," 2,333.11 ",21.37, 181.25 ,11.47,,14.61,,6.51%,1.01,7.02,0.59%,-0.96%,1.55%,,,,
1913.11,8.05,0.48,0.64,10.10,1913.87,4.21,265.47,15.83," 2,262.47 ",20.97, 178.69 ,11.07,,14.12,,7.07%,1.01,6.99,1.25%,-0.86%,2.11%,,,,
1913.12,8.04,0.48,0.63,10.00,1913.96,4.18,267.79,15.99," 2,293.61 ",20.98, 179.72 ,11.17,,14.27,,6.91%,1.01,7.10,1.50%,-0.96%,2.46%,,,,
1914.01,8.37,0.48,0.62,10.00,1914.04,4.16,278.78,15.82," 2,399.04 ",20.68, 177.94 ,11.64,,14.88,,6.34%,1.00,7.14,1.42%,-0.96%,2.38%,,,,
1914.02,8.48,0.47,0.61,9.90,1914.12,4.17,285.30,15.81," 2,466.46 ",20.58, 177.92 ,11.91,,15.24,,5.80%,1.00,7.23,1.29%,-0.99%,2.28%,,,,
1914.03,8.32,0.47,0.60,9.90,1914.21,4.17,279.92,15.64," 2,431.19 ",20.27, 176.06 ,11.69,,14.97,,6.07%,1.00,7.25,1.35%,-0.91%,2.27%,,,,
1914.04,8.12,0.46,0.59,9.80,1914.29,4.18,275.98,15.63," 2,408.28 ",20.16, 175.96 ,11.52,,14.78,,6.20%,1.00,7.35,1.33%,-0.94%,2.26%,,,,
1914.05,8.17,0.46,0.58,9.90,1914.37,4.19,274.87,15.31," 2,409.76 ",19.65, 172.31 ,11.48,,14.74,,6.57%,1.00,7.30,1.34%,-0.82%,2.16%,,,,
1914.06,8.13,0.45,0.58,9.90,1914.46,4.19,273.52,15.14," 2,409.03 ",19.35, 170.38 ,11.43,,14.69,,6.60%,1.00,7.32,1.58%,-0.80%,2.39%,,,,
1914.07,7.68,0.45,0.57,10.00,1914.54,4.20,255.80,14.82," 2,263.81 ",18.85, 166.78 ,10.69,,13.77,,7.30%,1.00,7.26,2.67%,-0.74%,3.42%,,,,
1914.08,7.68,0.44,0.56,10.20,1914.62,4.21,250.78,14.37," 2,230.02 ",18.18, 161.65 ,10.49,,13.53,,7.55%,1.00,7.14,3.29%,-0.47%,3.76%,,,,
1914.09,7.68,0.44,0.55,10.20,1914.71,4.21,250.78,14.20," 2,240.54 ",17.88, 159.73 ,10.50,,13.56,,7.42%,1.00,7.16,3.13%,-0.51%,3.64%,,,,
1914.1,7.68,0.43,0.54,10.10,1914.79,4.22,253.27,14.18," 2,273.28 ",17.75, 159.34 ,10.61,,13.72,,7.21%,1.00,7.26,2.84%,-0.65%,3.49%,,,,
1914.11,7.68,0.43,0.53,10.20,1914.87,4.23,250.78,13.88," 2,261.38 ",17.28, 155.82 ,10.52,,13.62,,7.16%,1.00,7.21,3.50%,-0.54%,4.04%,,,,
1914.12,7.35,0.42,0.52,10.10,1914.96,4.23,242.39,13.85," 2,196.04 ",17.15, 155.37 ,10.17,,13.19,,7.38%,1.00,7.30,4.34%,-0.68%,5.01%,,,,
1915.01,7.48,0.42,0.55,10.10,1915.04,4.24,246.67,13.88," 2,245.36 ",18.14, 165.10 ,10.36,,13.46,,7.19%,1.00,7.32,4.57%,-0.66%,5.23%,,,,
1915.02,7.38,0.42,0.58,10.00,1915.12,4.22,245.81,14.05," 2,248.15 ",19.32, 176.68 ,10.33,,13.44,,7.13%,1.00,7.43,4.75%,-0.71%,5.46%,,,,
1915.03,7.57,0.42,0.61,9.90,1915.21,4.21,254.68,14.21," 2,340.16 ",20.52, 188.57 ,10.71,,13.94,,6.82%,1.00,7.54,4.04%,-0.87%,4.91%,,,,
1915.04,8.14,0.42,0.64,10.00,1915.29,4.19,271.12,14.10," 2,502.00 ",21.32, 196.72 ,11.40,,14.86,,6.37%,1.00,7.50,3.35%,-0.71%,4.06%,,,,
1915.05,7.95,0.42,0.67,10.10,1915.37,4.18,262.17,13.99," 2,430.16 ",22.09, 204.81 ,11.03,,14.38,,6.90%,1.00,7.46,3.96%,-0.67%,4.64%,,,,
1915.06,8.04,0.43,0.70,10.10,1915.46,4.16,265.14,14.02," 2,468.50 ",23.08, 214.92 ,11.15,,14.55,,6.81%,1.00,7.50,3.91%,-0.79%,4.70%,,,,
1915.07,8.01,0.43,0.73,10.10,1915.54,4.15,264.15,14.04," 2,470.18 ",24.07, 225.12 ,11.11,,14.50,,6.86%,1.00,7.54,4.12%,-0.91%,5.03%,,,,
1915.08,8.35,0.43,0.76,10.10,1915.62,4.13,275.36,14.07," 2,586.00 ",25.06, 235.37 ,11.58,,15.11,,6.40%,1.00,7.57,3.83%,-0.91%,4.74%,,,,
1915.09,8.66,0.43,0.79,10.10,1915.71,4.11,285.59,14.10," 2,693.04 ",26.05, 245.67 ,12.01,,15.66,,6.22%,1.00,7.61,3.69%,-0.92%,4.60%,,,,
1915.1,9.14,0.43,0.82,10.20,1915.79,4.10,298.46,13.99," 2,825.43 ",26.78, 253.49 ,12.55,,16.35,,5.98%,1.00,7.57,3.57%,-0.82%,4.39%,,,,
1915.11,9.46,0.43,0.85,10.30,1915.87,4.08,305.91,13.88," 2,906.91 ",27.49, 261.19 ,12.86,,16.74,,5.79%,1.00,7.53,3.46%,-0.90%,4.35%,,,,
1915.12,9.48,0.43,0.88,10.30,1915.96,4.07,306.56,13.91," 2,924.07 ",28.46, 271.43 ,12.88,,16.75,,5.68%,1.00,7.56,3.66%,-0.84%,4.51%,,,,
1916.01,9.33,0.44,0.93,10.40,1916.04,4.05,298.81,14.12," 2,861.35 ",29.92, 286.50 ,12.54,,16.30,,6.00%,1.00,7.53,4.09%,-0.75%,4.84%,,,,
1916.02,9.20,0.45,0.99,10.40,1916.12,4.07,294.64,14.47," 2,833.02 ",31.65, 304.33 ,12.35,,16.03,,6.11%,1.00,7.54,4.25%,-0.72%,4.97%,,,,
1916.03,9.17,0.46,1.04,10.50,1916.21,4.08,290.88,14.67," 2,808.65 ",33.05, 319.15 ,12.18,,15.79,,6.31%,1.00,7.49,3.71%,-0.54%,4.25%,,,,
1916.04,9.07,0.47,1.10,10.60,1916.29,4.10,285.00,14.87," 2,763.78 ",34.47, 334.27 ,11.91,,15.42,,6.57%,1.00,7.43,3.58%,-0.47%,4.04%,,,,
1916.05,9.27,0.48,1.15,10.70,1916.37,4.11,288.56,15.07," 2,810.50 ",35.83, 348.96 ,12.03,,15.55,,6.46%,1.00,7.38,3.58%,-0.28%,3.86%,,,,
1916.06,9.36,0.50,1.21,10.80,1916.46,4.13,288.66,15.27," 2,823.90 ",37.16, 363.55 ,12.00,,15.49,,6.56%,1.00,7.33,4.12%,-0.10%,4.22%,,,,
1916.07,9.23,0.51,1.26,10.80,1916.54,4.14,284.65,15.60," 2,797.40 ",38.83, 381.57 ,11.79,,15.21,,7.04%,1.00,7.34,4.81%,0.04%,4.77%,,,,
1916.08,9.30,0.52,1.31,10.90,1916.62,4.16,284.18,15.79," 2,805.69 ",40.12, 396.11 ,11.73,,15.11,,6.93%,1.00,7.29,5.29%,0.22%,5.07%,,,,
1916.09,9.68,0.53,1.37,11.10,1916.71,4.17,290.46,15.83," 2,880.73 ",41.05, 407.11 ,11.94,,15.36,,6.83%,1.00,7.18,5.16%,0.38%,4.78%,,,,
1916.1,9.98,0.54,1.42,11.30,1916.79,4.19,294.17,15.87," 2,930.56 ",41.91, 417.56 ,12.05,,15.46,,6.70%,1.00,7.07,4.72%,0.53%,4.20%,,,,
1916.11,10.21,0.55,1.48,11.50,1916.87,4.20,295.71,15.91," 2,959.16 ",42.75, 427.79 ,12.05,,15.44,,6.75%,1.00,6.96,4.74%,0.68%,4.07%,,,,
1916.12,9.80,0.56,1.53,11.60,1916.96,4.22,281.39,16.08," 2,829.25 ",43.93, 441.71 ,11.41,,14.60,,7.18%,1.00,6.91,5.50%,0.79%,4.70%,,,,
1917.01,9.57,0.57,1.51,11.70,1917.04,4.23,272.44,16.25," 2,752.85 ",42.96, 434.07 ,10.99,,14.04,,7.70%,1.00,6.87,5.88%,1.02%,4.86%,,,,
1917.02,9.03,0.58,1.49,12.00,1917.12,4.26,250.64,16.15," 2,546.18 ",41.30, 419.57 ,10.06,,12.84,,8.55%,1.00,6.71,7.02%,1.35%,5.67%,,,,
1917.03,9.31,0.59,1.47,12.00,1917.21,4.29,258.41,16.45," 2,639.05 ",40.75, 416.13 ,10.33,,13.17,,8.38%,1.00,6.72,6.91%,1.43%,5.48%,,,,
1917.04,9.17,0.60,1.45,12.60,1917.29,4.32,242.40,15.95," 2,489.16 ",38.25, 392.78 ,9.64,,12.29,,9.54%,1.00,6.40,7.84%,1.94%,5.90%,,,,
1917.05,8.86,0.61,1.43,12.80,1917.37,4.34,230.55,15.98," 2,381.11 ",37.11, 383.23 ,9.14,,11.65,,10.03%,1.00,6.31,8.67%,2.06%,6.61%,,,,
1917.06,9.04,0.63,1.41,13.00,1917.46,4.37,231.61,16.01," 2,405.89 ",36.00, 373.92 ,9.15,,11.67,,10.04%,1.00,6.22,8.62%,2.12%,6.50%,,,,
1917.07,8.79,0.64,1.38,12.80,1917.54,4.40,228.73,16.54," 2,390.23 ",36.01, 376.35 ,9.00,,11.49,,10.03%,1.00,6.33,9.16%,2.15%,7.01%,,,,
1917.08,8.53,0.65,1.36,13.00,1917.62,4.43,218.55,16.57," 2,298.27 ",34.92, 367.24 ,8.57,,10.95,,10.72%,1.00,6.24,10.26%,2.38%,7.88%,,,,
1917.09,8.12,0.66,1.34,13.30,1917.71,4.46,203.35,16.47," 2,152.88 ",33.63, 356.07 ,7.95,,10.17,,11.84%,1.00,6.11,11.58%,2.57%,9.01%,,,,
1917.1,7.68,0.67,1.32,13.50,1917.79,4.49,189.48,16.49," 2,020.61 ",32.62, 347.82 ,7.39,,9.47,,12.82%,1.00,6.03,12.09%,2.68%,9.42%,,,,
1917.11,7.04,0.68,1.30,13.50,1917.87,4.51,173.69,16.76," 1,867.11 ",32.10, 345.04 ,6.75,,8.69,,14.50%,1.00,6.04,13.34%,2.75%,10.59%,,,,
1917.12,6.80,0.69,1.28,13.70,1917.96,4.54,165.32,16.78," 1,792.16 ",31.12, 337.35 ,6.41,,8.28,,15.63%,1.00,5.96,14.12%,2.92%,11.20%,,,,
1918.01,7.21,0.68,1.26,14.00,1918.04,4.57,171.53,16.18," 1,874.11 ",29.88, 326.48 ,6.64,,8.60,,15.41%,1.00,5.84,13.69%,3.15%,10.54%,,,,
1918.02,7.43,0.67,1.23,14.10,1918.12,4.56,175.51,15.83," 1,932.01 ",29.10, 320.36 ,6.78,,8.81,,15.29%,1.00,5.82,13.39%,3.31%,10.07%,,,,
1918.03,7.28,0.66,1.21,14.00,1918.21,4.56,173.20,15.70," 1,920.93 ",28.74, 318.75 ,6.69,,8.70,,15.44%,1.00,5.89,14.09%,3.20%,10.88%,,,,
1918.04,7.21,0.65,1.18,14.20,1918.29,4.55,169.12,15.25," 1,889.76 ",27.75, 310.07 ,6.52,,8.51,,15.85%,1.00,5.83,15.01%,3.31%,11.70%,,,,
1918.05,7.44,0.64,1.16,14.50,1918.37,4.55,170.90,14.70," 1,923.39 ",26.62, 299.62 ,6.58,,8.61,,15.94%,1.00,5.73,15.13%,3.44%,11.70%,,,,
1918.06,7.45,0.63,1.14,14.70,1918.46,4.54,168.80,14.27," 1,913.16 ",25.72, 291.47 ,6.50,,8.52,,16.29%,1.00,5.68,14.72%,3.60%,11.12%,,,,
1918.07,7.51,0.62,1.11,15.10,1918.54,4.54,165.65,13.68," 1,890.39 ",24.51, 279.66 ,6.37,,8.38,,16.76%,1.00,5.55,14.99%,3.85%,11.14%,,,,
1918.08,7.58,0.61,1.09,15.40,1918.62,4.53,163.94,13.19," 1,883.39 ",23.51, 270.08 ,6.30,,8.31,,17.15%,1.00,5.47,15.44%,4.02%,11.42%,,,,
1918.09,7.54,0.60,1.06,15.70,1918.71,4.52,159.96,12.73," 1,849.84 ",22.55, 260.79 ,6.15,,8.12,,17.76%,1.00,5.39,16.33%,4.07%,12.27%,,,,
1918.1,7.86,0.59,1.04,16.00,1918.79,4.52,163.62,12.28," 1,904.03 ",21.61, 251.45 ,6.29,,8.33,,17.48%,1.00,5.31,16.34%,4.29%,12.05%,,,,
1918.11,8.06,0.58,1.01,16.30,1918.87,4.51,164.70,11.85," 1,928.03 ",20.72, 242.56 ,6.33,,8.40,,17.46%,1.00,5.23,16.99%,4.45%,12.54%,,,,
1918.12,7.90,0.57,0.99,16.50,1918.96,4.51,159.47,11.51," 1,878.08 ",19.98, 235.35 ,6.13,,8.15,,18.00%,1.00,5.19,17.45%,4.61%,12.84%,,,,
1919.01,7.85,0.57,0.99,16.50,1919.04,4.50,158.46,11.44," 1,877.42 ",19.88, 235.57 ,6.10,,8.12,,18.21%,1.00,5.21,18.33%,4.58%,13.75%,,,,
1919.02,7.88,0.56,0.98,16.20,1919.12,4.54,162.01,11.58," 1,930.93 ",20.15, 240.14 ,6.24,,8.33,,17.50%,1.00,5.31,18.09%,4.43%,13.66%,,,,
1919.03,8.12,0.56,0.98,16.40,1919.21,4.58,164.91,11.37," 1,976.77 ",19.80, 237.36 ,6.36,,8.50,,17.29%,1.00,5.25,18.12%,4.67%,13.45%,,,,
1919.04,8.39,0.56,0.97,16.70,1919.29,4.62,167.33,11.10," 2,016.90 ",19.35, 233.18 ,6.46,,8.65,,16.98%,1.00,5.16,17.92%,4.96%,12.95%,,,,
1919.05,8.97,0.55,0.97,16.90,1919.37,4.66,176.79,10.90," 2,141.76 ",19.02, 230.41 ,6.83,,9.16,,16.11%,1.00,5.10,17.35%,5.07%,12.28%,,,,
1919.06,9.21,0.55,0.96,16.90,1919.46,4.70,181.52,10.84," 2,210.01 ",18.92, 230.36 ,7.02,,9.43,,15.57%,1.00,5.11,17.17%,5.06%,12.11%,,,,
1919.07,9.51,0.55,0.96,17.40,1919.54,4.74,182.04,10.47," 2,227.04 ",18.28, 223.64 ,7.05,,9.48,,15.77%,1.00,4.96,17.98%,5.29%,12.69%,,,,
1919.08,8.87,0.54,0.95,17.70,1919.62,4.77,166.91,10.22," 2,052.38 ",17.88, 219.82 ,6.48,,8.71,,17.06%,1.00,4.88,19.64%,5.51%,14.13%,,,,
1919.09,9.01,0.54,0.95,17.80,1919.71,4.81,168.60,10.10," 2,083.41 ",17.68, 218.52 ,6.56,,8.83,,16.79%,1.00,4.86,19.96%,5.61%,14.34%,,,,
1919.1,9.47,0.54,0.94,18.10,1919.79,4.85,174.27,9.88," 2,163.66 ",17.30, 214.77 ,6.79,,9.15,,16.19%,1.00,4.79,18.21%,5.83%,12.38%,,,,
1919.11,9.19,0.53,0.94,18.50,1919.87,4.89,165.46,9.60," 2,064.22 ",16.83, 210.02 ,6.47,,8.72,,17.03%,1.00,4.69,15.21%,6.11%,9.11%,,,,
1919.12,8.92,0.53,0.93,18.90,1919.96,4.93,157.20,9.34," 1,970.88 ",16.39, 205.48 ,6.16,,8.32,,17.88%,1.00,4.59,16.31%,6.44%,9.88%,,,,
1920.01,8.83,0.53,0.92,19.30,1920.04,4.97,152.39,9.12," 1,920.09 ",15.86, 199.88 ,5.99,,8.09,,18.63%,1.00,4.50,16.90%,6.76%,10.13%,,,,
1920.02,8.10,0.53,0.91,19.50,1920.12,4.98,138.35,9.00," 1,752.73 ",15.51, 196.54 ,5.46,,7.38,,20.37%,1.00,4.47,18.80%,6.93%,11.87%,,,,
1920.03,8.67,0.53,0.90,19.70,1920.21,4.99,146.59,8.88," 1,866.39 ",15.17, 193.21 ,5.80,,7.86,,19.18%,1.00,4.44,18.60%,7.09%,11.51%,,,,
1920.04,8.60,0.52,0.89,20.30,1920.29,5.00,141.11,8.59," 1,805.72 ",14.55, 186.18 ,5.60,,7.60,,20.00%,1.00,4.32,19.70%,7.34%,12.36%,,,,
1920.05,8.06,0.52,0.88,20.60,1920.37,5.01,130.32,8.44," 1,676.68 ",14.16, 182.19 ,5.19,,7.05,,21.77%,1.00,4.27,19.96%,7.55%,12.41%,,,,
1920.06,7.92,0.52,0.87,20.90,1920.46,5.02,126.22,8.29," 1,632.80 ",13.79, 178.33 ,5.04,,6.86,,22.57%,1.00,4.23,19.12%,7.76%,11.36%,,,,
1920.07,7.91,0.52,0.85,20.80,1920.54,5.03,126.66,8.30," 1,647.52 ",13.68, 177.92 ,5.08,,6.93,,22.36%,1.00,4.26,18.94%,7.82%,11.12%,,,,
1920.08,7.60,0.52,0.84,20.30,1920.62,5.04,124.70,8.48," 1,631.13 ",13.84, 180.99 ,5.02,,6.86,,22.43%,1.00,4.38,19.03%,7.61%,11.41%,,,,
1920.09,7.87,0.52,0.83,20.00,1920.71,5.05,131.06,8.58," 1,723.77 ",13.86, 182.34 ,5.30,,7.25,,21.33%,1.00,4.46,18.34%,7.38%,10.96%,,,,
1920.1,7.88,0.51,0.82,19.90,1920.79,5.06,131.89,8.59," 1,744.04 ",13.75, 181.86 ,5.35,,7.33,,21.39%,1.00,4.50,16.59%,7.38%,9.21%,,,,
1920.11,7.48,0.51,0.81,19.80,1920.87,5.07,125.83,8.61," 1,673.36 ",13.64, 181.39 ,5.13,,7.04,,22.37%,1.00,4.54,16.32%,7.38%,8.94%,,,,
1920.12,6.81,0.51,0.80,19.40,1920.96,5.08,116.92,8.76," 1,564.59 ",13.74, 183.80 ,4.78,,6.58,,23.53%,1.00,4.65,16.57%,7.35%,9.23%,,,,
1921.01,7.11,0.51,0.76,19.00,1921.04,5.09,124.64,8.87," 1,677.79 ",13.28, 178.75 ,5.12,,7.06,,21.92%,1.01,4.76,16.31%,7.25%,9.06%,,,,
1921.02,7.06,0.50,0.72,18.40,1921.12,5.02,127.80,9.08," 1,730.51 ",12.94, 175.26 ,5.27,,7.29,,21.41%,1.01,4.96,17.01%,6.94%,10.07%,,,,
1921.03,6.88,0.50,0.67,18.30,1921.21,4.96,125.22,9.05," 1,705.82 ",12.24, 166.74 ,5.19,,7.19,,21.61%,1.01,5.04,17.53%,6.86%,10.67%,,,,
1921.04,6.91,0.49,0.63,18.10,1921.29,4.89,127.16,9.08," 1,742.49 ",11.59, 158.87 ,5.30,,7.35,,21.52%,1.01,5.14,16.24%,6.72%,9.53%,,,,
1921.05,7.12,0.49,0.59,17.70,1921.37,4.83,133.98,9.21," 1,846.54 ",11.06, 152.37 ,5.61,,7.80,,20.30%,1.01,5.31,14.61%,6.52%,8.09%,,,,
1921.06,6.55,0.49,0.55,17.60,1921.46,4.76,123.96,9.18," 1,718.90 ",10.31, 143.02 ,5.22,,7.27,,21.64%,1.01,5.39,15.27%,6.51%,8.76%,,,,
1921.07,6.53,0.48,0.50,17.70,1921.54,4.70,122.88,9.05," 1,714.43 ",9.46, 131.93 ,5.20,,7.26,,21.72%,1.01,5.40,15.74%,6.48%,9.26%,,,,
1921.08,6.45,0.48,0.46,17.70,1921.62,4.63,121.37,8.97," 1,703.85 ",8.66, 121.52 ,5.16,,7.23,,21.59%,1.01,5.45,15.52%,6.39%,9.13%,,,,
1921.09,6.61,0.47,0.42,17.50,1921.71,4.56,125.81,8.99," 1,776.60 ",7.95, 112.21 ,5.38,,7.55,,20.64%,1.01,5.57,13.34%,6.25%,7.09%,,,,
1921.1,6.70,0.47,0.38,17.50,1921.79,4.50,127.52,8.91," 1,811.27 ",7.14, 101.38 ,5.48,,7.71,,20.36%,1.01,5.62,11.66%,6.23%,5.43%,,,,
1921.11,7.06,0.46,0.33,17.40,1921.87,4.43,135.14,8.89," 1,930.08 ",6.36, 90.90 ,5.84,,8.24,,19.35%,1.01,5.70,11.33%,6.22%,5.11%,,,,
1921.12,7.31,0.46,0.29,17.30,1921.96,4.37,140.74,8.86," 2,020.52 ",5.58, 80.16 ,6.11,,8.65,,18.70%,1.01,5.78,8.71%,6.15%,2.56%,,,,
1922.01,7.30,0.46,0.32,16.90,1922.04,4.30,143.87,9.15," 2,076.46 ",6.37, 91.96 ,6.29,,8.92,,17.95%,1.00,5.97,8.54%,6.03%,2.51%,,,,
1922.02,7.46,0.47,0.36,16.90,1922.12,4.31,147.03,9.23," 2,133.07 ",7.03, 101.99 ,6.46,,9.19,,17.41%,1.00,5.99,8.39%,6.21%,2.18%,,,,
1922.03,7.74,0.47,0.39,16.70,1922.21,4.31,154.37,9.42," 2,251.03 ",7.78, 113.42 ,6.82,,9.72,,16.24%,1.00,6.08,8.01%,6.18%,1.82%,,,,
1922.04,8.21,0.48,0.42,16.70,1922.29,4.32,163.74,9.51," 2,399.28 ",8.44, 123.70 ,7.27,,10.38,,15.01%,1.00,6.10,4.59%,6.28%,-1.69%,,,,
1922.05,8.53,0.48,0.46,16.70,1922.37,4.32,170.13,9.59," 2,504.50 ",9.11, 134.09 ,7.59,,10.85,,14.43%,1.00,6.12,3.05%,6.46%,-3.42%,,,,
1922.06,8.45,0.49,0.49,16.70,1922.46,4.33,168.53,9.67," 2,492.88 ",9.77, 144.56 ,7.56,,10.82,,14.59%,1.00,6.14,1.81%,6.57%,-4.76%,,,,
1922.07,8.51,0.49,0.52,16.80,1922.54,4.33,168.72,9.70," 2,507.59 ",10.37, 154.20 ,7.60,,10.89,,14.57%,1.00,6.13,2.36%,6.65%,-4.30%,,,,
1922.08,8.83,0.49,0.56,16.60,1922.62,4.34,177.17,9.90," 2,645.49 ",11.17, 166.79 ,8.02,,11.50,,13.65%,1.00,6.22,6.19%,6.63%,-0.44%,,,,
1922.09,9.06,0.50,0.59,16.60,1922.71,4.34,181.79,9.98," 2,726.82 ",11.84, 177.57 ,8.27,,11.86,,13.17%,1.00,6.24,7.00%,6.73%,0.27%,,,,
1922.1,9.26,0.50,0.62,16.70,1922.79,4.35,184.69,10.01," 2,782.83 ",12.43, 187.32 ,8.43,,12.11,,12.99%,1.00,6.22,5.35%,6.90%,-1.55%,,,,
1922.11,8.80,0.51,0.66,16.80,1922.87,4.35,174.47,10.03," 2,641.44 ",13.02, 197.12 ,8.00,,11.49,,13.69%,1.00,6.20,5.95%,7.07%,-1.12%,,,,
1922.12,8.78,0.51,0.69,16.90,1922.96,4.36,173.04,10.05," 2,632.53 ",13.60, 206.88 ,7.96,,11.45,,13.90%,1.00,6.19,5.78%,7.24%,-1.46%,,,,
1923.01,8.90,0.51,0.71,16.80,1923.04,4.36,176.45,10.14," 2,697.25 ",14.16, 216.45 ,8.15,,11.73,,13.44%,1.01,6.24,6.15%,7.36%,-1.21%,,,,
1923.02,9.28,0.51,0.74,16.80,1923.12,4.34,183.98,10.18," 2,825.38 ",14.64, 224.78 ,8.53,,12.27,,12.92%,1.01,6.28,4.57%,7.51%,-2.94%,,,,
1923.03,9.43,0.52,0.76,16.80,1923.21,4.31,186.96,10.21," 2,884.12 ",15.12, 233.21 ,8.70,,12.51,,12.72%,1.01,6.32,4.47%,7.58%,-3.11%,,,,
1923.04,9.10,0.52,0.79,16.90,1923.29,4.29,179.35,10.18," 2,779.81 ",15.50, 240.32 ,8.37,,12.04,,13.26%,1.01,6.31,5.98%,7.63%,-1.65%,,,,
1923.05,8.67,0.52,0.81,16.90,1923.37,4.26,170.87,10.21," 2,661.65 ",15.98, 248.91 ,8.00,,11.51,,13.95%,1.01,6.35,9.21%,7.61%,1.60%,,,,
1923.06,8.34,0.52,0.84,17.00,1923.46,4.24,163.40,10.19," 2,558.50 ",16.36, 256.16 ,7.67,,11.04,,14.46%,1.01,6.35,11.35%,7.57%,3.77%,,,,
1923.07,8.06,0.52,0.86,17.20,1923.54,4.21,156.08,10.10," 2,457.04 ",16.64, 261.92 ,7.35,,10.57,,15.08%,1.01,6.31,12.36%,7.35%,5.01%,,,,
1923.08,8.10,0.52,0.88,17.10,1923.62,4.19,157.77,10.19," 2,497.04 ",17.20, 272.30 ,7.44,,10.72,,14.87%,1.01,6.38,11.56%,7.19%,4.37%,,,,
1923.09,8.15,0.53,0.91,17.20,1923.71,4.16,157.82,10.17," 2,511.26 ",17.57, 279.63 ,7.46,,10.75,,14.82%,1.01,6.38,11.44%,7.24%,4.21%,,,,
1923.1,8.03,0.53,0.93,17.30,1923.79,4.14,154.60,10.14," 2,473.43 ",17.94, 286.99 ,7.32,,10.55,,15.17%,1.01,6.37,10.52%,7.28%,3.24%,,,,
1923.11,8.27,0.53,0.96,17.30,1923.87,4.11,159.22,10.17," 2,560.91 ",18.40, 295.98 ,7.55,,10.88,,14.67%,1.01,6.41,10.44%,7.27%,3.17%,,,,
1923.12,8.55,0.53,0.98,17.30,1923.96,4.09,164.61,10.20," 2,661.30 ",18.87, 305.04 ,7.81,,11.26,,14.35%,1.01,6.44,10.27%,7.25%,3.02%,,,,
1924.01,8.83,0.53,0.98,17.30,1924.04,4.06,170.00,10.24," 2,762.24 ",18.79, 305.25 ,8.07,,11.63,,13.96%,1.00,6.48,10.51%,7.24%,3.27%,,,,
1924.02,8.87,0.53,0.97,17.20,1924.12,4.04,171.77,10.33," 2,804.87 ",18.82, 307.27 ,8.16,,11.76,,13.89%,1.00,6.55,11.08%,7.09%,3.99%,,,,
1924.03,8.70,0.54,0.97,17.10,1924.21,4.03,169.46,10.42," 2,781.38 ",18.84, 309.31 ,8.06,,11.61,,14.00%,1.00,6.62,10.63%,7.03%,3.60%,,,,
1924.04,8.50,0.54,0.96,17.00,1924.29,4.01,166.54,10.52," 2,747.81 ",18.87, 311.41 ,7.92,,11.42,,14.27%,1.00,6.69,10.99%,6.97%,4.01%,,,,
1924.05,8.47,0.54,0.96,17.00,1924.37,3.99,165.95,10.55," 2,752.61 ",18.79, 311.72 ,7.90,,11.38,,14.22%,1.00,6.72,9.83%,6.98%,2.85%,,,,
1924.06,8.63,0.54,0.96,17.00,1924.46,3.98,169.08,10.58," 2,819.23 ",18.71, 311.98 ,8.05,,11.60,,14.00%,1.00,6.75,9.67%,6.90%,2.77%,,,,
1924.07,9.03,0.54,0.95,17.10,1924.54,3.96,175.89,10.55," 2,947.32 ",18.52, 310.33 ,8.38,,12.07,,13.49%,1.00,6.74,8.70%,6.96%,1.73%,,,,
1924.08,9.34,0.54,0.95,17.00,1924.62,3.94,182.99,10.64," 3,081.29 ",18.55, 312.32 ,8.72,,12.56,,12.77%,1.00,6.81,7.83%,6.90%,0.93%,,,,
1924.09,9.25,0.55,0.94,17.10,1924.71,3.93,180.17,10.62," 3,048.65 ",18.36, 310.63 ,8.58,,12.36,,13.03%,1.00,6.81,7.56%,6.81%,0.76%,,,,
1924.1,9.13,0.55,0.94,17.20,1924.79,3.91,176.80,10.59," 3,006.53 ",18.17, 308.98 ,8.42,,12.13,,13.44%,1.00,6.80,7.92%,6.95%,0.97%,,,,
1924.11,9.64,0.55,0.93,17.20,1924.87,3.89,186.68,10.62," 3,189.53 ",18.09, 309.09 ,8.89,,12.80,,12.72%,1.00,6.83,7.63%,6.95%,0.68%,,,,
1924.12,10.16,0.55,0.93,17.30,1924.96,3.88,195.61,10.59," 3,357.22 ",17.91, 307.30 ,9.31,,13.41,,12.39%,1.00,6.82,7.27%,7.09%,0.18%,,,,
1925.01,10.58,0.55,0.96,17.30,1925.04,3.86,203.69,10.67," 3,511.26 ",18.42, 317.51 ,9.69,,13.95,,11.99%,1.00,6.85,6.67%,6.94%,-0.26%,,,,
1925.02,10.67,0.56,0.98,17.20,1925.12,3.85,206.62,10.81," 3,577.25 ",19.04, 329.66 ,9.83,,14.14,,11.90%,1.00,6.92,6.12%,6.78%,-0.67%,,,,
1925.03,10.39,0.56,1.01,17.30,1925.21,3.83,200.04,10.83," 3,478.87 ",19.45, 338.18 ,9.52,,13.69,,12.42%,1.00,6.91,5.76%,6.83%,-1.07%,,,,
1925.04,10.28,0.57,1.04,17.20,1925.29,3.82,199.07,10.97," 3,477.95 ",20.08, 350.84 ,9.48,,13.62,,12.31%,1.00,6.98,6.50%,6.68%,-0.18%,,,,
1925.05,10.61,0.57,1.06,17.30,1925.37,3.80,204.27,10.99," 3,584.85 ",20.47, 359.16 ,9.73,,13.96,,12.01%,1.00,6.98,7.02%,6.73%,0.29%,,,,
1925.06,10.80,0.58,1.09,17.50,1925.46,3.79,205.55,10.94," 3,623.35 ",20.75, 365.69 ,9.80,,14.04,,12.07%,1.00,6.93,7.43%,6.92%,0.50%,,,,
1925.07,11.10,0.58,1.12,17.70,1925.54,3.77,208.88,10.90," 3,697.93 ",21.02, 372.12 ,9.96,,14.26,,12.04%,1.00,6.88,7.79%,7.03%,0.76%,,,,
1925.08,11.25,0.58,1.14,17.70,1925.62,3.76,211.70,10.98," 3,764.09 ",21.51, 382.43 ,10.11,,14.45,,11.91%,1.00,6.91,8.34%,7.02%,1.32%,,,,
1925.09,11.51,0.59,1.17,17.70,1925.71,3.74,216.59,11.06," 3,867.47 ",22.02, 393.13 ,10.36,,14.78,,11.68%,1.00,6.94,8.31%,7.01%,1.30%,,,,
1925.1,11.89,0.59,1.20,17.70,1925.79,3.73,223.74,11.13," 4,011.72 ",22.52, 403.87 ,10.72,,15.26,,11.27%,1.00,6.97,8.23%,7.00%,1.24%,,,,
1925.11,12.26,0.60,1.22,18.00,1925.87,3.71,226.86,11.02," 4,084.09 ",22.63, 407.41 ,10.89,,15.46,,11.22%,1.00,6.88,8.97%,7.09%,1.88%,,,,
1925.12,12.46,0.60,1.25,17.90,1925.96,3.70,231.85,11.16," 4,190.65 ",23.26, 420.41 ,11.15,,15.79,,10.96%,1.00,6.95,8.72%,7.02%,1.70%,,,,
1926.01,12.65,0.61,1.25,17.90,1926.04,3.68,235.38,11.30," 4,271.58 ",23.24, 421.75 ,11.34,,16.02,,10.72%,1.01,6.98,9.13%,7.00%,2.12%,,,,
1926.02,12.67,0.62,1.25,17.90,1926.12,3.65,235.76,11.44," 4,295.64 ",23.22, 423.12 ,11.39,,16.04,,10.71%,1.01,7.02,9.71%,6.97%,2.74%,,,,
1926.03,11.81,0.62,1.25,17.80,1926.21,3.62,220.99,11.65," 4,044.24 ",23.35, 427.37 ,10.71,,15.05,,11.13%,1.01,7.10,10.72%,6.95%,3.77%,,,,
1926.04,11.48,0.63,1.25,17.90,1926.29,3.60,213.61,11.72," 3,927.15 ",23.20, 426.58 ,10.40,,14.56,,11.40%,1.01,7.09,11.09%,6.97%,4.12%,,,,
1926.05,11.56,0.64,1.25,17.80,1926.37,3.57,216.31,11.93," 3,995.01 ",23.32, 430.60 ,10.58,,14.77,,11.11%,1.01,7.17,10.33%,6.88%,3.45%,,,,
1926.06,12.11,0.65,1.25,17.70,1926.46,3.54,227.88,12.14," 4,227.41 ",23.43, 434.61 ,11.20,,15.59,,10.46%,1.01,7.25,10.12%,6.70%,3.42%,,,,
1926.07,12.62,0.65,1.24,17.50,1926.54,3.51,240.19,12.42," 4,474.99 ",23.68, 441.12 ,11.87,,16.47,,9.86%,1.01,7.37,10.08%,6.47%,3.61%,,,,
1926.08,13.12,0.66,1.24,17.40,1926.62,3.48,251.15,12.63," 4,698.64 ",23.79, 445.15 ,12.49,,17.26,,9.31%,1.01,7.45,9.72%,6.30%,3.42%,,,,
1926.09,13.32,0.67,1.24,17.50,1926.71,3.45,253.52,12.70," 4,762.81 ",23.64, 444.10 ,12.69,,17.47,,9.08%,1.01,7.45,9.73%,6.33%,3.40%,,,,
1926.1,13.02,0.68,1.24,17.60,1926.79,3.43,246.40,12.77," 4,649.09 ",23.50, 443.48 ,12.43,,17.03,,9.15%,1.01,7.45,10.59%,6.35%,4.24%,,,,
1926.11,13.19,0.68,1.24,17.70,1926.87,3.40,248.21,12.84," 4,703.38 ",23.35, 442.52 ,12.62,,17.22,,8.94%,1.01,7.44,10.80%,6.38%,4.42%,,,,
1926.12,13.49,0.69,1.24,17.70,1926.96,3.37,253.85,12.98," 4,830.86 ",23.33, 444.05 ,13.01,,17.68,,8.63%,1.01,7.48,10.35%,6.34%,4.01%,,,,
1927.01,13.40,0.70,1.23,17.50,1927.04,3.34,255.04,13.26," 4,874.50 ",23.39, 447.07 ,13.19,,17.84,,8.35%,1.00,7.61,10.55%,6.11%,4.44%,,,,
1927.02,13.66,0.70,1.22,17.40,1927.12,3.34,261.48,13.46," 5,019.08 ",23.32, 447.53 ,13.63,,18.36,,7.78%,1.00,7.67,10.59%,6.06%,4.53%,,,,
1927.03,13.87,0.71,1.21,17.30,1927.21,3.34,267.04,13.67," 5,147.56 ",23.26, 448.32 ,14.03,,18.81,,7.51%,1.00,7.74,10.26%,5.92%,4.33%,,,,
1927.04,14.21,0.72,1.20,17.30,1927.29,3.34,273.58,13.80," 5,295.91 ",23.05, 446.11 ,14.49,,19.34,,6.79%,1.00,7.76,9.23%,5.85%,3.38%,,,,
1927.05,14.70,0.72,1.19,17.40,1927.37,3.34,281.39,13.85," 5,469.38 ",22.70, 441.27 ,15.00,,19.94,,6.45%,1.00,7.74,8.35%,5.84%,2.51%,,,,
1927.06,14.89,0.73,1.18,17.60,1927.46,3.34,281.79,13.81," 5,499.49 ",22.24, 433.98 ,15.12,,20.01,,6.35%,1.00,7.67,7.93%,5.96%,1.97%,,,,
1927.07,15.22,0.74,1.16,17.30,1927.54,3.34,293.03,14.18," 5,741.92 ",22.41, 439.13 ,15.82,,20.85,,6.04%,1.00,7.83,8.06%,5.71%,2.35%,,,,
1927.08,16.03,0.74,1.15,17.20,1927.62,3.33,310.42,14.39," 6,106.17 ",22.33, 439.20 ,16.86,,22.14,,5.44%,1.00,7.90,7.55%,5.65%,1.90%,,,,
1927.09,16.94,0.75,1.14,17.30,1927.71,3.33,326.14,14.44," 6,439.18 ",22.01, 434.47 ,17.82,,23.29,,4.94%,1.00,7.87,5.33%,5.64%,-0.31%,,,,
1927.1,16.68,0.76,1.13,17.40,1927.79,3.33,319.29,14.48," 6,327.74 ",21.67, 429.44 ,17.54,,22.84,,4.94%,1.00,7.85,3.92%,5.70%,-1.78%,,,,
1927.11,17.06,0.76,1.12,17.30,1927.87,3.33,328.45,14.70," 6,533.58 ",21.58, 429.32 ,18.13,,23.52,,4.69%,1.00,7.92,2.77%,5.72%,-2.94%,,,,
1927.12,17.46,0.77,1.11,17.30,1927.96,3.33,336.15,14.82," 6,711.34 ",21.37, 426.67 ,18.65,,24.10,,4.39%,1.00,7.94,2.46%,5.79%,-3.33%,,,,
1928.01,17.53,0.78,1.13,17.30,1928.04,3.33,337.50,14.95," 6,763.13 ",21.81, 437.11 ,18.81,,24.22,,4.13%,1.00,7.96,2.86%,5.94%,-3.09%,,,,
1928.02,17.32,0.78,1.16,17.10,1928.12,3.35,337.36,15.26," 6,785.74 ",22.50, 452.51 ,18.87,,24.22,,3.90%,1.00,8.06,2.71%,5.92%,-3.22%,,,,
1928.03,18.25,0.79,1.18,17.10,1928.21,3.38,355.47,15.39," 7,175.89 ",22.93, 462.80 ,19.94,,25.51,,3.66%,1.00,8.07,1.50%,5.95%,-4.45%,,,,
1928.04,19.40,0.80,1.20,17.10,1928.29,3.40,377.87,15.52," 7,654.18 ",23.37, 473.45 ,21.26,,27.10,,3.18%,1.00,8.08,0.42%,5.91%,-5.48%,,,,
1928.05,20.00,0.80,1.22,17.20,1928.37,3.42,387.30,15.56," 7,871.29 ",23.66, 480.94 ,21.83,,27.73,,2.88%,1.00,8.04,0.37%,6.07%,-5.70%,,,,
1928.06,19.02,0.81,1.25,17.10,1928.46,3.44,370.47,15.78," 7,556.09 ",24.25, 494.60 ,20.91,,26.48,,2.86%,1.00,8.09,1.07%,6.03%,-4.97%,,,,
1928.07,19.16,0.82,1.27,17.10,1928.54,3.47,373.20,15.91," 7,638.74 ",24.70, 505.53 ,21.08,,26.61,,2.53%,1.00,8.10,2.86%,6.06%,-3.20%,,,,
1928.08,19.78,0.82,1.29,17.10,1928.62,3.49,385.27,16.04," 7,913.28 ",25.13, 516.08 ,21.76,,27.39,,2.16%,1.00,8.11,2.60%,6.09%,-3.49%,,,,
1928.09,21.17,0.83,1.31,17.30,1928.71,3.51,407.58,15.98," 8,398.81 ",25.26, 520.51 ,23.00,,28.87,,1.81%,1.00,8.02,1.57%,6.24%,-4.67%,,,,
1928.1,21.60,0.84,1.34,17.20,1928.79,3.53,418.28,16.20," 8,647.05 ",25.85, 534.44 ,23.58,,29.50,,1.43%,1.00,8.08,2.46%,6.28%,-3.82%,,,,
1928.11,23.06,0.84,1.36,17.20,1928.87,3.56,446.55,16.33," 9,259.66 ",26.28, 544.90 ,25.12,,31.34,,0.96%,1.00,8.09,1.80%,6.30%,-4.50%,,,,
1928.12,23.15,0.85,1.38,17.10,1928.96,3.58,450.92,16.56," 9,378.77 ",26.88, 559.08 ,25.30,,31.47,,0.73%,1.00,8.14,1.41%,6.27%,-4.86%,,,,
1929.01,24.86,0.86,1.40,17.10,1929.04,3.60,484.22,16.75," 10,100.58 ",27.25, 568.41 ,27.08,,33.59,,0.45%,1.01,8.15,0.54%,6.29%,-5.75%,,,,
1929.02,24.99,0.87,1.42,17.10,1929.12,3.57,486.76,16.95," 10,182.85 ",27.62, 577.80 ,27.13,,33.56,,0.65%,1.01,8.20,0.49%,6.35%,-5.86%,,,,
1929.03,25.43,0.88,1.44,17.00,1929.21,3.55,498.24,17.24," 10,453.15 ",28.17, 591.10 ,27.68,,34.13,,0.42%,1.01,8.29,0.25%,6.26%,-6.01%,,,,
1929.04,25.28,0.89,1.46,16.90,1929.29,3.52,498.23,17.54," 10,483.65 ",28.72, 604.22 ,27.57,,33.90,,0.22%,1.01,8.38,-1.01%,6.25%,-7.26%,,,,
1929.05,25.66,0.90,1.48,17.00,1929.37,3.50,502.75,17.63," 10,609.56 ",28.92, 610.28 ,27.70,,33.97,,0.17%,1.01,8.37,-0.73%,6.29%,-7.02%,,,,
1929.06,26.15,0.91,1.50,17.10,1929.46,3.47,509.35,17.72," 10,780.10 ",29.12, 616.30 ,27.94,,34.17,,0.23%,1.01,8.36,-0.67%,6.34%,-7.01%,,,,
1929.07,28.48,0.92,1.51,17.30,1929.54,3.45,548.32,17.71," 11,636.13 ",29.15, 618.58 ,29.93,,36.51,,-0.16%,1.01,8.31,-1.15%,6.44%,-7.59%,,,,
1929.08,30.10,0.93,1.53,17.30,1929.62,3.42,579.51,17.91," 12,329.68 ",29.51, 627.95 ,31.48,,38.29,,-0.47%,1.01,8.35,-1.83%,6.42%,-8.24%,,,,
1929.09,31.30,0.94,1.55,17.30,1929.71,3.39,602.61,18.10," 12,853.32 ",29.88, 637.33 ,32.56,,39.50,,-0.61%,1.01,8.39,-1.42%,6.17%,-7.58%,,,,
1929.1,27.99,0.95,1.57,17.30,1929.79,3.37,538.89,18.29," 11,526.58 ",30.27, 647.37 ,28.96,,35.05,,-0.37%,1.00,8.43,-0.13%,6.22%,-6.35%,,,,
1929.11,20.58,0.96,1.59,17.30,1929.87,3.34,396.22,18.48," 8,508.01 ",30.63, 657.74 ,21.17,,25.59,,0.71%,1.00,8.48,2.81%,6.20%,-3.39%,,,,
1929.12,21.40,0.97,1.61,17.20,1929.96,3.32,414.41,18.78," 8,932.05 ",31.18, 671.99 ,22.01,,26.57,,0.29%,1.00,8.57,2.11%,6.12%,-4.01%,,,,
1930.01,21.71,0.97,1.56,17.10,1930.04,3.29,422.87,18.91," 9,148.40 ",30.33, 656.11 ,22.31,,26.90,,-0.01%,1.00,8.66,1.92%,6.11%,-4.19%,,,,
1930.02,23.07,0.97,1.50,17.00,1930.12,3.29,452.00,19.04," 9,813.00 ",29.45, 639.31 ,23.70,,28.53,,-0.44%,1.00,8.73,1.11%,5.99%,-4.87%,,,,
1930.03,23.94,0.97,1.45,16.90,1930.21,3.30,471.82,19.17," 10,277.99 ",28.58, 622.52 ,24.59,,29.57,,-0.75%,1.00,8.81,0.63%,5.94%,-5.31%,,,,
1930.04,25.46,0.97,1.40,17.00,1930.29,3.30,498.83,19.07," 10,900.88 ",27.37, 598.14 ,25.84,,31.04,,-1.19%,1.00,8.77,0.18%,6.01%,-5.83%,,,,
1930.05,23.94,0.97,1.34,16.90,1930.37,3.31,471.82,19.20," 10,345.70 ",26.47, 580.38 ,24.31,,29.17,,-1.15%,1.00,8.85,-0.72%,5.97%,-6.69%,,,,
1930.06,21.52,0.98,1.29,16.80,1930.46,3.31,426.65,19.33," 9,390.57 ",25.58, 562.91 ,21.87,,26.24,,-0.90%,1.00,8.92,-0.67%,5.84%,-6.51%,,,,
1930.07,21.06,0.98,1.24,16.60,1930.54,3.32,422.56,19.58," 9,336.47 ",24.82, 548.40 ,21.55,,25.85,,-0.90%,1.00,9.05,-0.16%,5.80%,-5.97%,,,,
1930.08,20.79,0.98,1.18,16.50,1930.62,3.32,419.67,19.72," 9,308.94 ",23.88, 529.70 ,21.30,,25.56,,-0.68%,1.00,9.13,0.13%,5.75%,-5.62%,,,,
1930.09,20.78,0.98,1.13,16.60,1930.71,3.32,416.94,19.61," 9,284.66 ",22.67, 504.89 ,21.07,,25.29,,-0.42%,1.00,9.10,0.62%,5.83%,-5.21%,,,,
1930.1,17.92,0.98,1.08,16.50,1930.79,3.33,361.74,19.75," 8,091.96 ",21.74, 486.33 ,18.21,,21.88,,0.31%,1.00,9.17,2.16%,5.78%,-3.62%,,,,
1930.11,16.62,0.98,1.02,16.40,1930.87,3.33,337.54,19.89," 7,587.77 ",20.78, 467.05 ,16.94,,20.38,,0.71%,1.00,9.25,3.11%,5.73%,-2.62%,,,,
1930.12,15.51,0.98,0.97,16.10,1930.96,3.34,320.87,20.27," 7,250.93 ",20.07, 453.48 ,16.06,,19.35,,1.05%,1.00,9.45,3.13%,5.47%,-2.34%,,,,
1931.01,15.98,0.97,0.94,15.90,1931.04,3.34,334.75,20.25," 7,602.76 ",19.69, 447.22 ,16.71,,20.17,,0.88%,1.00,9.59,2.72%,5.35%,-2.63%,,,,
1931.02,17.20,0.95,0.91,15.70,1931.12,3.37,364.90,20.22," 8,325.72 ",19.31, 440.49 ,18.16,,21.96,,0.56%,1.00,9.71,1.19%,5.19%,-4.00%,,,,
1931.03,17.53,0.94,0.88,15.60,1931.21,3.40,374.28,20.07," 8,578.01 ",18.79, 430.61 ,18.58,,22.49,,0.40%,1.00,9.78,0.94%,5.02%,-4.09%,,,,
1931.04,15.86,0.93,0.85,15.50,1931.29,3.43,340.81,19.91," 7,848.93 ",18.27, 420.65 ,16.87,,20.46,,0.96%,1.00,9.85,1.50%,4.85%,-3.35%,,,,
1931.05,14.33,0.91,0.82,15.30,1931.37,3.45,311.96,19.88," 7,222.61 ",17.85, 413.30 ,15.40,,18.72,,1.59%,1.00,9.98,2.12%,4.62%,-2.50%,,,,
1931.06,13.87,0.90,0.79,15.10,1931.46,3.48,305.94,19.85," 7,121.65 ",17.43, 405.63 ,15.06,,18.36,,1.64%,1.00,10.12,2.46%,4.24%,-1.78%,,,,
1931.07,14.33,0.89,0.76,15.10,1931.54,3.51,316.09,19.56," 7,395.78 ",16.76, 392.24 ,15.52,,18.96,,1.36%,1.00,10.12,2.64%,4.21%,-1.57%,,,,
1931.08,13.90,0.87,0.73,15.10,1931.62,3.54,306.60,19.26," 7,211.42 ",16.10, 378.73 ,15.01,,18.38,,1.55%,1.00,10.13,2.77%,4.05%,-1.27%,,,,
1931.09,11.83,0.86,0.70,15.00,1931.71,3.57,262.68,19.10," 6,215.83 ",15.54, 367.80 ,12.82,,15.76,,2.71%,1.00,10.20,4.26%,3.81%,0.45%,,,,
1931.1,10.25,0.85,0.67,14.90,1931.79,3.60,229.13,18.93," 5,459.12 ",14.98, 356.84 ,11.15,,13.76,,3.78%,1.00,10.28,5.12%,3.58%,1.54%,,,,
1931.11,10.39,0.83,0.64,14.70,1931.87,3.62,235.42,18.88," 5,646.46 ",14.50, 347.81 ,11.42,,14.16,,3.46%,1.00,10.42,4.26%,3.35%,0.91%,,,,
1931.12,8.44,0.82,0.61,14.60,1931.96,3.65,192.54,18.71," 4,655.54 ",13.92, 336.48 ,9.31,,11.61,,5.41%,1.00,10.50,5.58%,3.19%,2.39%,,,,
1932.01,8.30,0.79,0.59,14.30,1932.04,3.68,193.32,18.48," 4,711.59 ",13.82, 336.79 ,9.31,,11.69,,5.40%,1.01,10.73,5.59%,2.82%,2.78%,,,,
1932.02,8.23,0.77,0.58,14.10,1932.12,3.65,194.41,18.11," 4,774.91 ",13.62, 334.59 ,9.34,,11.79,,5.27%,1.01,10.94,5.12%,2.57%,2.55%,,,,
1932.03,8.26,0.74,0.56,14.00,1932.21,3.62,196.51,17.61," 4,862.58 ",13.32, 329.67 ,9.41,,11.95,,5.26%,1.01,11.08,4.28%,2.33%,1.96%,,,,
1932.04,6.28,0.71,0.54,13.90,1932.29,3.59,150.48,17.09," 3,758.81 ",13.02, 325.19 ,7.19,,9.19,,8.50%,1.01,11.23,6.56%,2.16%,4.41%,,,,
1932.05,5.51,0.69,0.53,13.70,1932.37,3.56,133.96,16.70," 3,380.83 ",12.81, 323.17 ,6.39,,8.24,,10.13%,1.01,11.45,7.76%,1.85%,5.92%,,,,
1932.06,4.77,0.66,0.51,13.60,1932.46,3.53,116.82,16.16," 2,982.30 ",12.49, 318.86 ,5.57,,7.24,,12.41%,1.01,11.60,9.73%,1.73%,8.00%,,,,
1932.07,5.01,0.63,0.49,13.60,1932.54,3.50,122.70,15.51," 3,165.35 ",12.08, 311.67 ,5.84,,7.65,,11.54%,1.01,11.67,9.48%,1.64%,7.84%,,,,
1932.08,7.53,0.61,0.48,13.50,1932.62,3.46,185.78,14.97," 4,824.92 ",11.76, 305.45 ,8.83,,11.63,,5.81%,1.01,11.82,4.90%,1.46%,3.44%,,,,
1932.09,8.26,0.58,0.46,13.40,1932.71,3.43,205.31,14.42," 5,363.37 ",11.43, 298.69 ,9.76,,12.89,,4.69%,1.01,11.97,3.97%,1.35%,2.61%,,,,
1932.1,7.12,0.55,0.44,13.30,1932.79,3.40,178.31,13.86," 4,688.07 ",11.10, 291.89 ,8.48,,11.24,,6.14%,1.01,12.13,6.06%,1.12%,4.94%,,,,
1932.11,7.05,0.53,0.43,13.20,1932.87,3.37,177.89,13.29," 4,706.27 ",10.77, 284.85 ,8.46,,11.26,,6.06%,1.01,12.28,6.18%,0.95%,5.23%,,,,
1932.12,6.82,0.50,0.41,13.10,1932.96,3.34,173.40,12.71," 4,615.51 ",10.42, 277.47 ,8.26,,11.03,,6.26%,1.01,12.44,6.43%,0.78%,5.66%,,,,
1933.01,7.09,0.50,0.41,12.90,1933.04,3.31,183.06,12.78," 4,900.98 ",10.65, 285.14 ,8.73,,11.69,,5.54%,1.00,12.71,6.47%,0.59%,5.88%,,,,
1933.02,6.25,0.49,0.42,12.70,1933.12,3.29,163.91,12.85," 4,417.03 ",10.88, 293.29 ,7.83,,10.52,,6.72%,1.00,12.96,8.25%,0.41%,7.84%,,,,
1933.03,6.23,0.49,0.42,12.60,1933.21,3.28,164.69,12.82," 4,466.63 ",11.04, 299.33 ,7.87,,10.63,,6.58%,1.00,13.11,8.37%,0.13%,8.23%,,,,
1933.04,6.89,0.48,0.42,12.60,1933.29,3.26,182.13,12.69," 4,968.50 ",11.10, 302.87 ,8.72,,11.81,,5.31%,1.00,13.17,7.49%,0.00%,7.50%,,,,
1933.05,8.87,0.48,0.42,12.60,1933.37,3.25,234.47,12.56," 6,424.86 ",11.17, 306.03 ,11.25,,15.25,,2.75%,1.00,13.22,5.15%,-0.08%,5.23%,,,,
1933.06,10.39,0.47,0.43,12.70,1933.46,3.23,272.49,12.33," 7,494.74 ",11.15, 306.57 ,13.10,,17.77,,1.53%,1.00,13.17,3.77%,-0.02%,3.79%,,,,
1933.07,11.23,0.47,0.43,13.10,1933.54,3.22,285.53,11.82," 7,880.41 ",10.87, 299.99 ,13.75,,18.66,,1.37%,1.00,12.82,3.56%,0.33%,3.24%,,,,
1933.08,10.67,0.46,0.43,13.20,1933.62,3.20,269.23,11.61," 7,457.42 ",10.85, 300.53 ,13.00,,17.65,,1.94%,1.00,12.77,3.71%,0.44%,3.27%,,,,
1933.09,10.58,0.46,0.43,13.20,1933.71,3.18,266.96,11.48," 7,421.02 ",10.91, 303.36 ,12.92,,17.55,,1.94%,1.00,12.83,3.97%,0.36%,3.60%,,,,
1933.1,9.55,0.45,0.44,13.20,1933.79,3.17,240.97,11.35," 6,724.86 ",10.98, 306.32 ,11.70,,15.90,,2.71%,1.00,12.88,4.94%,0.34%,4.60%,,,,
1933.11,9.78,0.45,0.44,13.20,1933.87,3.15,246.78,11.23," 6,912.93 ",11.04, 309.24 ,12.01,,16.33,,2.50%,1.00,12.93,4.21%,0.32%,3.88%,,,,
1933.12,9.97,0.44,0.44,13.20,1933.96,3.14,251.57,11.10," 7,073.15 ",11.10, 312.16 ,12.28,,16.71,,2.34%,1.00,12.98,4.15%,0.30%,3.85%,,,,
1934.01,10.54,0.44,0.44,13.20,1934.04,3.12,265.95,11.12," 7,503.59 ",11.21, 316.23 ,13.03,,17.72,,1.89%,1.00,13.03,3.91%,0.28%,3.63%,,,,
1934.02,11.32,0.44,0.45,13.30,1934.12,3.09,283.49,11.06," 8,024.30 ",11.23, 317.78 ,13.93,,18.95,,1.55%,1.00,13.00,3.19%,0.34%,2.85%,,,,
1934.03,10.74,0.44,0.45,13.30,1934.21,3.07,268.96,11.08," 7,639.30 ",11.33, 321.86 ,13.25,,18.04,,2.00%,1.00,13.06,4.03%,0.32%,3.71%,,,,
1934.04,10.92,0.44,0.46,13.30,1934.29,3.04,273.47,11.10," 7,793.61 ",11.44, 325.95 ,13.52,,18.40,,1.94%,1.00,13.12,3.63%,0.24%,3.39%,,,,
1934.05,9.81,0.44,0.46,13.30,1934.37,3.01,245.67,11.12," 7,027.82 ",11.54, 330.11 ,12.18,,16.58,,2.77%,1.00,13.19,4.93%,0.22%,4.71%,,,,
1934.06,9.94,0.45,0.47,13.40,1934.46,2.98,247.07,11.06," 7,094.18 ",11.56, 331.87 ,12.29,,16.73,,2.80%,1.00,13.15,5.30%,0.22%,5.08%,,,,
1934.07,9.47,0.45,0.47,13.40,1934.54,2.96,235.39,11.08," 6,785.25 ",11.66, 336.18 ,11.74,,16.00,,3.15%,1.00,13.22,6.03%,0.14%,5.89%,,,,
1934.08,9.10,0.45,0.47,13.40,1934.62,2.93,226.19,11.10," 6,546.82 ",11.76, 340.51 ,11.32,,15.43,,3.56%,1.00,13.28,6.29%,0.12%,6.17%,,,,
1934.09,8.88,0.45,0.48,13.60,1934.71,2.90,217.48,10.96," 6,321.03 ",11.69, 339.90 ,10.91,,14.89,,4.00%,1.00,13.15,6.54%,0.25%,6.29%,,,,
1934.1,8.95,0.45,0.48,13.50,1934.79,2.87,220.82,11.06," 6,444.84 ",11.88, 346.87 ,11.11,,15.17,,3.74%,1.00,13.31,6.63%,0.15%,6.48%,,,,
1934.11,9.20,0.45,0.49,13.50,1934.87,2.85,226.98,11.08," 6,651.82 ",11.99, 351.25 ,11.45,,15.65,,3.50%,1.00,13.37,6.27%,0.13%,6.13%,,,,
1934.12,9.26,0.45,0.49,13.40,1934.96,2.82,230.17,11.19," 6,772.48 ",12.18, 358.37 ,11.64,,15.92,,3.25%,1.00,13.54,6.29%,-0.02%,6.30%,,,,
1935.01,9.26,0.45,0.57,13.60,1935.04,2.79,226.78,11.02," 6,699.91 ",13.96, 412.41 ,11.50,,15.73,,3.53%,1.00,13.40,6.76%,0.11%,6.64%,,,,
1935.02,8.98,0.45,0.65,13.70,1935.12,2.78,218.32,10.94," 6,476.83 ",15.80, 468.81 ,11.09,,15.18,,3.99%,1.00,13.35,7.51%,0.19%,7.33%,,,,
1935.03,8.41,0.45,0.73,13.70,1935.21,2.77,204.46,10.94," 6,092.76 ",17.75, 528.86 ,10.40,,14.24,,4.54%,1.00,13.39,8.21%,0.19%,8.02%,,,,
1935.04,9.04,0.45,0.76,13.80,1935.29,2.76,218.19,10.78," 6,528.49 ",18.26, 546.45 ,11.10,,15.20,,4.07%,1.00,13.34,7.77%,0.26%,7.51%,,,,
1935.05,9.75,0.44,0.78,13.80,1935.37,2.74,235.32,10.70," 7,067.92 ",18.91, 567.85 ,11.99,,16.40,,3.37%,1.00,13.38,7.29%,0.20%,7.09%,,,,
1935.06,10.12,0.44,0.81,13.70,1935.46,2.73,246.04,10.70," 7,416.46 ",19.69, 593.61 ,12.54,,17.14,,2.82%,1.00,13.53,6.89%,0.02%,6.87%,,,,
1935.07,10.65,0.44,0.79,13.70,1935.54,2.72,258.92,10.70," 7,831.74 ",19.29, 583.40 ,13.20,,18.02,,2.33%,1.00,13.57,6.13%,0.02%,6.11%,,,,
1935.08,11.37,0.44,0.78,13.70,1935.62,2.71,276.43,10.70," 8,388.17 ",18.88, 572.98 ,14.11,,19.22,,1.85%,1.00,13.61,5.48%,0.02%,5.46%,,,,
1935.09,11.61,0.44,0.76,13.70,1935.71,2.70,282.26,10.70," 8,592.28 ",18.48, 562.46 ,14.42,,19.62,,1.71%,1.00,13.66,5.96%,0.02%,5.94%,,,,
1935.1,11.92,0.45,0.76,13.70,1935.79,2.69,289.80,10.94," 8,849.46 ",18.48, 564.23 ,14.83,,20.14,,1.53%,1.00,13.70,6.11%,0.02%,6.10%,,,,
1935.11,13.04,0.46,0.76,13.80,1935.87,2.67,314.73,11.10," 9,639.05 ",18.34, 561.79 ,16.13,,21.87,,0.90%,1.00,13.65,5.58%,0.09%,5.49%,,,,
1935.12,13.04,0.47,0.76,13.80,1935.96,2.66,314.73,11.34," 9,668.00 ",18.34, 563.47 ,16.16,,21.87,,0.96%,1.00,13.69,5.70%,0.03%,5.67%,,,,
1936.01,13.76,0.48,0.77,13.80,1936.04,2.65,332.11,11.59," 10,231.48 ",18.58, 572.55 ,17.09,,23.08,,0.63%,1.00,13.74,5.55%,0.03%,5.52%,,,,
1936.02,14.55,0.49,0.78,13.80,1936.12,2.65,351.18,11.83," 10,849.26 ",18.83, 581.61 ,18.10,,24.41,,0.30%,1.00,13.76,5.05%,0.08%,4.97%,,,,
1936.03,14.86,0.50,0.79,13.70,1936.21,2.66,361.28,12.16," 11,192.58 ",19.21, 595.03 ,18.66,,25.10,,0.12%,1.00,13.89,4.33%,-0.11%,4.44%,,,,
1936.04,14.88,0.52,0.82,13.70,1936.29,2.66,361.76,12.56," 11,240.08 ",19.94, 619.41 ,18.72,,25.13,,0.05%,1.00,13.92,4.91%,-0.17%,5.08%,,,,
1936.05,14.09,0.53,0.85,13.70,1936.37,2.66,342.56,12.97," 10,676.90 ",20.67, 644.10 ,17.75,,23.79,,0.39%,1.00,13.95,5.45%,-0.23%,5.68%,,,,
1936.06,14.69,0.55,0.88,13.80,1936.46,2.66,354.55,13.27," 11,085.37 ",21.24, 664.07 ,18.39,,24.60,,0.32%,1.00,13.87,4.91%,-0.27%,5.17%,,,,
1936.07,15.56,0.57,0.90,13.90,1936.54,2.67,372.85,13.66," 11,693.01 ",21.57, 676.33 ,19.36,,25.84,,0.22%,1.00,13.80,3.49%,-0.77%,4.26%,,,,
1936.08,15.87,0.59,0.92,14.00,1936.62,2.67,377.56,14.04," 11,877.46 ",21.89, 688.55 ,19.62,,26.13,,0.28%,1.00,13.73,2.95%,-0.91%,3.85%,,,,
1936.09,16.05,0.61,0.94,14.00,1936.71,2.67,381.85,14.51," 12,050.22 ",22.36, 705.75 ,19.86,,26.40,,0.16%,1.00,13.76,1.11%,-1.01%,2.12%,,,,
1936.1,16.89,0.65,0.97,14.00,1936.79,2.67,401.83,15.38," 12,721.35 ",23.00, 728.08 ,20.91,,27.73,,-0.15%,1.00,13.79,0.18%,-1.21%,1.39%,,,,
1936.11,17.36,0.68,0.99,14.00,1936.87,2.68,413.01,16.26," 13,118.24 ",23.63, 750.62 ,21.50,,28.45,,-0.34%,1.00,13.81,-0.36%,-1.45%,1.08%,,,,
1936.12,17.06,0.72,1.02,14.00,1936.96,2.68,405.87,17.13," 12,936.88 ",24.27, 773.48 ,21.13,,27.90,,-0.26%,1.00,13.84,0.02%,-1.54%,1.56%,,,,
1937.01,17.59,0.73,1.05,14.10,1937.04,2.68,415.52,17.24," 13,289.99 ",24.80, 793.32 ,21.62,,28.50,,-0.19%,1.00,13.77,-0.16%,-1.48%,1.32%,,,,
1937.02,18.11,0.74,1.08,14.10,1937.12,2.67,427.80,17.48," 13,729.46 ",25.51, 818.76 ,22.24,,29.26,,-0.26%,1.00,13.81,-0.07%,-1.51%,1.44%,,,,
1937.03,18.09,0.75,1.11,14.20,1937.21,2.66,424.32,17.59," 13,664.77 ",26.04, 838.47 ,22.04,,28.93,,-0.08%,1.00,13.76,-0.58%,-1.64%,1.06%,,,,
1937.04,17.01,0.78,1.13,14.30,1937.29,2.65,396.19,18.17," 12,807.87 ",26.32, 850.85 ,20.56,,26.93,,0.33%,1.00,13.71,-0.27%,-1.60%,1.33%,,,,
1937.05,16.25,0.81,1.15,14.40,1937.37,2.64,375.86,18.74," 12,201.12 ",26.60, 863.46 ,19.47,,25.47,,0.62%,1.00,13.65,0.08%,-1.56%,1.64%,,,,
1937.06,15.64,0.84,1.17,14.40,1937.46,2.63,361.76,19.43," 11,795.67 ",27.06, 882.41 ,18.71,,24.45,,0.73%,1.00,13.69,0.76%,-1.63%,2.39%,,,,
1937.07,16.57,0.82,1.19,14.50,1937.54,2.62,380.62,18.76," 12,461.86 ",27.26, 892.46 ,19.65,,25.63,,0.72%,1.00,13.64,0.77%,-1.67%,2.44%,,,,
1937.08,16.74,0.79,1.20,14.50,1937.62,2.61,384.53,18.22," 12,639.43 ",27.64, 908.57 ,19.81,,25.79,,0.75%,1.00,13.68,0.34%,-1.83%,2.16%,,,,
1937.09,14.37,0.77,1.22,14.60,1937.71,2.60,327.83,17.57," 10,823.78 ",27.83, 918.93 ,16.85,,21.91,,1.65%,1.00,13.63,1.46%,-2.00%,3.46%,,,,
1937.1,12.28,0.78,1.19,14.60,1937.79,2.59,280.15,17.79," 9,298.51 ",27.15, 901.08 ,14.36,,18.67,,2.63%,1.00,13.67,3.32%,-2.03%,5.34%,,,,
1937.11,11.20,0.79,1.16,14.50,1937.87,2.58,257.27,18.15," 8,589.40 ",26.65, 889.62 ,13.16,,17.11,,3.27%,1.00,13.81,4.02%,-2.16%,6.18%,,,,
1937.12,11.02,0.80,1.13,14.40,1937.96,2.57,254.89,18.50," 8,561.53 ",26.14, 877.91 ,13.01,,16.93,,3.30%,1.00,13.95,3.81%,-2.38%,6.18%,,,,
1938.01,11.31,0.79,1.08,14.20,1938.04,2.56,265.29,18.61," 8,962.68 ",25.25, 853.21 ,13.51,,17.59,,2.89%,1.00,14.19,3.11%,-2.66%,5.77%,,,,
1938.02,11.04,0.79,1.02,14.10,1938.12,2.54,260.79,18.58," 8,863.08 ",24.17, 821.55 ,13.26,,17.28,,3.09%,1.00,14.34,2.84%,-2.65%,5.50%,,,,
1938.03,10.31,0.78,0.97,14.10,1938.21,2.53,243.55,18.43," 8,329.21 ",22.91, 783.64 ,12.38,,16.14,,3.64%,1.00,14.39,3.73%,-2.62%,6.34%,,,,
1938.04,9.89,0.77,0.90,14.20,1938.29,2.51,231.98,17.98," 7,984.89 ",21.19, 729.32 ,11.79,,15.39,,4.13%,1.00,14.34,4.81%,-2.72%,7.53%,,,,
1938.05,9.98,0.75,0.84,14.10,1938.37,2.49,235.75,17.80," 8,165.74 ",19.76, 684.57 ,11.99,,15.68,,3.88%,1.00,14.49,5.08%,-2.83%,7.91%,,,,
1938.06,10.21,0.74,0.77,14.10,1938.46,2.48,241.18,17.48," 8,404.38 ",18.19, 633.83 ,12.29,,16.08,,3.75%,1.00,14.54,5.16%,-2.92%,8.08%,,,,
1938.07,12.24,0.71,0.72,14.10,1938.54,2.46,289.14,16.85," 10,124.31 ",17.01, 595.55 ,14.77,,19.33,,2.40%,1.00,14.59,2.89%,-3.05%,5.93%,,,,
1938.08,12.31,0.69,0.67,14.10,1938.62,2.44,290.79,16.22," 10,229.55 ",15.83, 556.77 ,14.90,,19.51,,2.36%,1.00,14.65,2.48%,-3.09%,5.57%,,,,
1938.09,11.75,0.66,0.62,14.10,1938.71,2.43,277.56,15.59," 9,809.89 ",14.65, 517.63 ,14.28,,18.69,,2.55%,1.00,14.70,2.84%,-3.10%,5.94%,,,,
1938.1,13.06,0.61,0.63,14.00,1938.79,2.41,310.71,14.51," 11,024.22 ",14.91, 528.98 ,16.06,,21.01,,1.78%,1.00,14.85,2.01%,-3.13%,5.14%,,,,
1938.11,13.07,0.56,0.63,14.00,1938.87,2.39,310.95,13.32," 11,072.05 ",15.07, 536.52 ,16.15,,21.10,,1.76%,1.00,14.90,1.52%,-3.06%,4.58%,,,,
1938.12,12.69,0.51,0.64,14.00,1938.96,2.38,301.91,12.13," 10,786.14 ",15.23, 543.98 ,15.76,,20.56,,1.99%,1.00,14.96,1.81%,-3.02%,4.83%,,,,
1939.01,12.50,0.51,0.66,14.00,1939.04,2.36,297.39,12.21," 10,661.01 ",15.78, 565.74 ,15.60,,20.32,,2.07%,1.00,15.01,2.14%,-2.99%,5.13%,,,,
1939.02,12.40,0.52,0.69,13.90,1939.12,2.35,297.13,12.38," 10,688.79 ",16.45, 591.91 ,15.66,,20.38,,1.99%,1.00,15.16,1.85%,-2.99%,4.84%,,,,
1939.03,12.39,0.52,0.71,13.90,1939.21,2.34,296.89,12.46," 10,717.52 ",17.01, 614.16 ,15.73,,20.43,,2.03%,1.00,15.21,1.98%,-3.00%,4.98%,,,,
1939.04,10.83,0.52,0.73,13.80,1939.29,2.32,261.39,12.63," 9,473.98 ",17.54, 635.68 ,13.92,,18.05,,2.86%,1.00,15.37,3.24%,-3.12%,6.36%,,,,
1939.05,11.23,0.53,0.74,13.80,1939.37,2.31,271.04,12.71," 9,862.29 ",17.94, 652.80 ,14.50,,18.78,,2.52%,1.00,15.41,2.85%,-3.09%,5.95%,,,,
1939.06,11.43,0.53,0.76,13.80,1939.46,2.30,275.87,12.79," 10,076.72 ",18.34, 670.02 ,14.83,,19.18,,2.32%,1.00,15.46,2.08%,-3.14%,5.22%,,,,
1939.07,11.71,0.54,0.78,13.80,1939.54,2.29,282.63,13.03," 10,363.25 ",18.75, 687.34 ,15.27,,19.71,,2.03%,1.00,15.51,2.50%,-3.07%,5.57%,,,,
1939.08,11.54,0.55,0.79,13.80,1939.62,2.27,278.53,13.27," 10,253.36 ",19.15, 704.88 ,15.12,,19.48,,2.11%,1.00,15.55,2.98%,-3.13%,6.11%,,,,
1939.09,12.77,0.56,0.81,14.10,1939.71,2.26,301.66,13.23," 11,145.39 ",19.13, 706.95 ,16.45,,21.15,,1.79%,1.00,15.27,2.27%,-2.97%,5.24%,,,,
1939.1,12.90,0.58,0.84,14.00,1939.79,2.25,306.90,13.80," 11,381.76 ",19.98, 741.14 ,16.82,,21.57,,1.60%,1.00,15.42,2.46%,-2.97%,5.43%,,,,
1939.11,12.67,0.60,0.87,14.00,1939.87,2.24,301.43,14.27," 11,222.95 ",20.70, 770.64 ,16.60,,21.24,,1.70%,1.00,15.47,2.76%,-3.02%,5.78%,,,,
1939.12,12.37,0.62,0.90,14.00,1939.96,2.22,294.29,14.75," 11,002.98 ",21.41, 800.54 ,16.28,,20.78,,1.88%,1.00,15.51,3.39%,-2.95%,6.33%,,,,
1940.01,12.30,0.62,0.93,13.90,1940.04,2.21,294.73,14.94," 11,065.96 ",22.28, 836.69 ,16.38,,20.86,,1.84%,1.00,15.67,3.64%,-2.99%,6.63%,,,,
1940.02,12.22,0.63,0.96,14.00,1940.12,2.19,290.73,14.91," 10,962.10 ",22.84, 861.18 ,16.22,,20.61,,2.06%,1.00,15.62,4.00%,-2.95%,6.95%,,,,
1940.03,12.15,0.63,0.99,14.00,1940.21,2.17,289.06,14.99," 10,946.40 ",23.55, 891.93 ,16.17,,20.51,,2.15%,1.00,15.68,4.11%,-3.03%,7.14%,,,,
1940.04,12.27,0.64,1.01,14.00,1940.29,2.15,291.92,15.15," 11,102.32 ",23.95, 910.87 ,16.37,,20.71,,2.04%,1.00,15.74,4.31%,-3.07%,7.38%,,,,
1940.05,10.58,0.64,1.02,14.00,1940.37,2.12,251.71,15.31," 9,621.66 ",24.35, 930.64 ,14.14,,17.86,,3.08%,1.00,15.80,6.18%,-3.14%,9.32%,,,,
1940.06,9.67,0.65,1.04,14.10,1940.46,2.10,228.43,15.35," 8,780.63 ",24.57, 944.35 ,12.84,,16.21,,3.95%,1.00,15.74,7.34%,-3.15%,10.48%,,,,
1940.07,9.99,0.66,1.05,14.00,1940.54,2.08,237.67,15.62," 9,186.03 ",25.06, 968.56 ,13.37,,16.86,,3.71%,1.00,15.91,5.98%,-3.37%,9.35%,,,,
1940.08,10.20,0.66,1.07,14.00,1940.62,2.06,242.67,15.78," 9,429.96 ",25.38, 986.14 ,13.65,,17.20,,3.64%,1.00,15.97,6.30%,-3.48%,9.78%,,,,
1940.09,10.63,0.67,1.08,14.00,1940.71,2.04,252.90,15.94," 9,879.12 ",25.69," 1,003.71 ",14.21,,17.89,,3.31%,1.00,16.03,6.19%,-3.56%,9.75%,,,,
1940.1,10.73,0.67,1.07,14.00,1940.79,2.02,255.28,15.94," 10,023.94 ",25.46, 999.59 ,14.33,,18.02,,3.33%,1.00,16.09,6.44%,-3.67%,10.11%,,,,
1940.11,10.98,0.67,1.06,14.00,1940.87,1.99,261.22,15.94," 10,309.65 ",25.22, 995.29 ,14.64,,18.39,,3.27%,1.00,16.15,6.14%,-3.74%,9.88%,,,,
1940.12,10.53,0.67,1.05,14.10,1940.96,1.97,248.74,15.83," 9,869.06 ",24.80, 984.09 ,13.91,,17.47,,3.90%,1.00,16.09,6.50%,-3.82%,10.32%,,,,
1941.01,10.55,0.67,1.05,14.10,1941.04,1.95,249.21,15.91," 9,940.39 ",24.88, 992.47 ,13.90,,17.46,,4.05%,1.00,16.15,7.08%,-4.00%,11.08%,,,,
1941.02,9.89,0.68,1.06,14.10,1941.12,1.99,233.62,15.98," 9,371.66 ",24.96," 1,001.29 ",13.00,,16.33,,4.63%,1.00,16.11,8.04%,-4.08%,12.12%,,,,
1941.03,9.95,0.68,1.06,14.20,1941.21,2.04,233.39,15.95," 9,415.43 ",24.86," 1,003.05 ",12.96,,16.27,,4.75%,1.00,15.96,7.83%,-4.02%,11.85%,,,,
1941.04,9.64,0.68,1.07,14.30,1941.29,2.08,224.53,15.92," 9,111.81 ",24.92," 1,011.37 ",12.43,,15.62,,5.17%,1.00,15.82,8.39%,-3.92%,12.31%,,,,
1941.05,9.43,0.69,1.08,14.40,1941.37,2.12,218.12,15.88," 8,905.13 ",24.98," 1,019.89 ",12.04,,15.14,,5.58%,1.00,15.68,8.67%,-3.85%,12.52%,,,,
1941.06,9.76,0.69,1.09,14.70,1941.46,2.16,221.14,15.63," 9,081.85 ",24.70," 1,014.26 ",12.16,,15.31,,5.79%,1.00,15.33,8.33%,-3.62%,11.95%,,,,
1941.07,10.26,0.69,1.12,14.70,1941.54,2.21,232.47,15.71," 9,600.87 ",25.45," 1,051.16 ",12.74,,16.05,,5.37%,1.00,15.30,7.98%,-3.59%,11.57%,,,,
1941.08,10.21,0.70,1.16,14.90,1941.62,2.25,228.23,15.57," 9,479.44 ",25.86," 1,073.91 ",12.46,,15.70,,5.64%,1.00,15.06,8.64%,-3.43%,12.07%,,,,
1941.09,10.24,0.70,1.19,15.10,1941.71,2.29,225.87,15.44," 9,434.81 ",26.25," 1,096.43 ",12.28,,15.48,,5.92%,1.00,14.83,8.95%,-3.34%,12.29%,,,,
1941.1,9.83,0.70,1.18,15.30,1941.79,2.33,213.99,15.31," 8,991.95 ",25.69," 1,079.40 ",11.58,,14.60,,6.57%,1.00,14.61,9.43%,-3.22%,12.65%,,,,
1941.11,9.37,0.71,1.17,15.40,1941.87,2.38,202.66,15.28," 8,569.03 ",25.30," 1,069.99 ",10.91,,13.78,,7.26%,1.00,14.49,9.62%,-3.20%,12.82%,,,,
1941.12,8.76,0.71,1.16,15.50,1941.96,2.42,188.24,15.26," 8,013.25 ",24.93," 1,061.12 ",10.09,,12.76,,8.10%,1.00,14.37,10.71%,-3.14%,13.85%,,,,
1942.01,8.93,0.70,1.12,15.70,1942.04,2.46,189.45,14.92," 8,117.63 ",23.76," 1,018.11 ",10.10,,12.81,,8.38%,1.00,14.16,10.98%,-2.99%,13.97%,,,,
1942.02,8.65,0.70,1.08,15.80,1942.12,2.46,182.35,14.69," 7,865.78 ",22.77, 982.09 ,9.68,,12.30,,9.01%,1.00,14.10,11.27%,-2.86%,14.13%,,,,
1942.03,8.18,0.69,1.04,16.00,1942.21,2.46,170.28,14.36," 7,397.04 ",21.65, 940.46 ,9.00,,11.47,,9.99%,1.00,13.95,12.04%,-2.75%,14.79%,,,,
1942.04,7.84,0.68,1.02,16.10,1942.29,2.46,162.19,14.07," 7,096.47 ",21.10, 923.27 ,8.54,,10.92,,10.72%,1.00,13.89,12.49%,-2.73%,15.22%,,,,
1942.05,7.93,0.67,1.00,16.30,1942.37,2.46,162.04,13.69," 7,139.78 ",20.43, 900.35 ,8.51,,10.90,,11.05%,1.00,13.75,12.47%,-2.62%,15.09%,,,,
1942.06,8.33,0.66,0.98,16.30,1942.46,2.46,170.21,13.49," 7,549.44 ",20.03, 888.17 ,8.91,,11.44,,10.59%,1.00,13.78,12.16%,-2.66%,14.82%,,,,
1942.07,8.64,0.65,0.97,16.40,1942.54,2.47,175.47,13.13," 7,831.19 ",19.63, 876.18 ,9.15,,11.78,,10.35%,1.00,13.72,12.03%,-2.68%,14.72%,,,,
1942.08,8.59,0.63,0.95,16.50,1942.62,2.47,173.40,12.78," 7,786.23 ",19.24, 864.13 ,9.01,,11.63,,10.66%,1.00,13.67,12.20%,-2.63%,14.83%,,,,
1942.09,8.68,0.62,0.94,16.50,1942.71,2.47,175.22,12.52," 7,914.64 ",18.98, 857.12 ,9.08,,11.75,,10.65%,1.00,13.69,11.89%,-2.64%,14.53%,,,,
1942.1,9.32,0.61,0.97,16.70,1942.79,2.47,185.88,12.17," 8,442.23 ",19.35, 878.64 ,9.60,,12.44,,10.25%,1.00,13.56,10.99%,-2.53%,13.52%,,,,
1942.11,9.47,0.60,1.00,16.80,1942.87,2.47,187.75,11.90," 8,572.07 ",19.83, 905.18 ,9.66,,12.54,,10.32%,1.00,13.50,11.22%,-2.48%,13.70%,,,,
1942.12,9.52,0.59,1.03,16.90,1942.96,2.47,187.62,11.63," 8,610.58 ",20.30, 931.61 ,9.62,,12.50,,10.51%,1.00,13.45,11.66%,-2.43%,14.09%,,,,
1943.01,10.09,0.59,1.04,16.90,1943.04,2.47,198.86,11.63," 9,170.59 ",20.56, 948.26 ,10.15,,13.21,,10.12%,1.00,13.47,11.11%,-2.40%,13.51%,,,,
1943.02,10.69,0.59,1.06,16.90,1943.12,2.47,210.68,11.63," 9,760.61 ",20.83, 964.80 ,10.71,,13.95,,9.77%,1.00,13.50,10.37%,-2.33%,12.71%,,,,
1943.03,11.07,0.59,1.07,17.20,1943.21,2.47,214.37,11.43," 9,975.39 ",20.72, 964.20 ,10.85,,14.15,,9.91%,1.00,13.29,10.20%,-2.17%,12.37%,,,,
1943.04,11.44,0.59,1.08,17.40,1943.29,2.47,218.99,11.29," 10,234.10 ",20.67, 966.16 ,11.04,,14.40,,9.87%,1.00,13.17,9.41%,-2.10%,11.52%,,,,
1943.05,11.89,0.59,1.09,17.50,1943.37,2.47,226.30,11.23," 10,619.62 ",20.75, 973.54 ,11.36,,14.83,,9.67%,1.00,13.12,9.08%,-2.27%,11.34%,,,,
1943.06,12.10,0.59,1.10,17.50,1943.46,2.47,230.30,11.23," 10,851.10 ",20.94, 986.46 ,11.52,,15.03,,9.47%,1.00,13.14,8.46%,-2.35%,10.81%,,,,
1943.07,12.35,0.59,1.09,17.40,1943.54,2.48,236.41,11.36," 11,183.54 ",20.93, 990.06 ,11.77,,15.37,,8.90%,1.00,13.24,8.34%,-2.25%,10.59%,,,,
1943.08,11.74,0.60,1.09,17.30,1943.62,2.48,226.03,11.49," 10,737.89 ",20.92, 993.91 ,11.21,,14.65,,9.19%,1.00,13.35,8.84%,-2.35%,11.19%,,,,
1943.09,11.99,0.60,1.08,17.40,1943.71,2.48,229.51,11.49," 10,949.00 ",20.67, 986.23 ,11.34,,14.82,,9.15%,1.00,13.30,8.17%,-2.22%,10.39%,,,,
1943.1,11.88,0.60,1.03,17.40,1943.79,2.48,227.41,11.55," 10,894.46 ",19.78, 947.61 ,11.19,,14.63,,9.26%,1.00,13.32,8.56%,-2.08%,10.64%,,,,
1943.11,11.33,0.61,0.99,17.40,1943.87,2.48,216.88,11.61," 10,436.45 ",18.89, 908.85 ,10.63,,13.92,,9.73%,1.00,13.35,9.36%,-2.06%,11.42%,,,,
1943.12,11.48,0.61,0.94,17.40,1943.96,2.48,219.75,11.68," 10,621.44 ",17.99, 869.70 ,10.74,,14.07,,9.64%,1.00,13.38,9.37%,-1.98%,11.35%,,,,
1944.01,11.85,0.61,0.94,17.40,1944.04,2.48,226.83,11.74," 11,011.06 ",17.93, 870.35 ,11.05,,14.49,,9.37%,1.00,13.40,9.30%,-1.88%,11.18%,,,,
1944.02,11.77,0.62,0.93,17.40,1944.12,2.47,225.30,11.80," 10,984.47 ",17.87, 871.04 ,10.95,,14.37,,9.39%,1.00,13.44,9.61%,-1.88%,11.50%,,,,
1944.03,12.10,0.62,0.93,17.40,1944.21,2.46,231.62,11.87," 11,340.67 ",17.80, 871.64 ,11.22,,14.75,,9.17%,1.00,13.48,9.54%,-1.80%,11.35%,,,,
1944.04,11.89,0.62,0.93,17.50,1944.29,2.45,226.30,11.86," 11,128.57 ",17.64, 867.32 ,10.94,,14.39,,9.47%,1.00,13.44,10.27%,-1.65%,11.92%,,,,
1944.05,12.10,0.63,0.92,17.50,1944.37,2.44,230.30,11.93," 11,374.00 ",17.57, 867.93 ,11.10,,14.62,,9.35%,1.00,13.48,10.47%,-1.77%,12.23%,,,,
1944.06,12.67,0.63,0.92,17.60,1944.46,2.43,239.78,11.92," 11,891.20 ",17.41, 863.45 ,11.53,,15.20,,9.00%,1.00,13.44,10.11%,-1.73%,11.84%,,,,
1944.07,13.00,0.63,0.91,17.70,1944.54,2.43,244.63,11.92," 12,181.24 ",17.19, 855.81 ,11.74,,15.48,,8.92%,1.00,13.40,10.33%,-1.61%,11.94%,,,,
1944.08,12.81,0.64,0.91,17.70,1944.62,2.42,241.06,11.98," 12,052.92 ",17.06, 853.08 ,11.54,,15.23,,9.07%,1.00,13.44,10.70%,-1.67%,12.38%,,,,
1944.09,12.60,0.64,0.90,17.70,1944.71,2.41,237.10,12.04," 11,905.52 ",16.94, 850.39 ,11.33,,14.97,,9.09%,1.00,13.48,11.18%,-1.66%,12.84%,,,,
1944.1,12.91,0.64,0.91,17.70,1944.79,2.40,242.94,12.04," 12,248.82 ",17.12, 863.39 ,11.58,,15.32,,8.98%,1.00,13.52,11.16%,-1.71%,12.88%,,,,
1944.11,12.82,0.64,0.92,17.70,1944.87,2.39,241.24,12.04," 12,214.03 ",17.31, 876.51 ,11.48,,15.19,,9.07%,1.00,13.56,11.67%,-1.76%,13.43%,,,,
1944.12,13.10,0.64,0.93,17.80,1944.96,2.38,245.13,11.98," 12,461.21 ",17.40, 884.65 ,11.64,,15.41,,9.09%,1.00,13.52,12.02%,-1.70%,13.73%,,,,
1945.01,13.49,0.64,0.94,17.80,1945.04,2.37,252.42,12.04," 12,883.19 ",17.59, 897.72 ,11.96,,15.85,,8.72%,1.00,13.55,11.89%,-1.80%,13.69%,,,,
1945.02,13.94,0.65,0.95,17.80,1945.12,2.36,260.85,12.10," 13,364.41 ",17.78, 910.77 ,12.34,,16.36,,8.40%,1.00,13.60,11.89%,-1.84%,13.73%,,,,
1945.03,13.93,0.65,0.96,17.80,1945.21,2.34,260.66,12.16," 13,406.75 ",17.96, 923.94 ,12.32,,16.34,,8.43%,1.00,13.64,11.81%,-1.88%,13.68%,,,,
1945.04,14.28,0.65,0.97,17.80,1945.29,2.33,267.21,12.16," 13,795.74 ",18.21, 940.33 ,12.63,,16.75,,8.17%,1.00,13.69,11.90%,-1.95%,13.85%,,,,
1945.05,14.82,0.65,0.99,17.90,1945.37,2.31,275.76,12.09," 14,289.48 ",18.36, 951.35 ,13.04,,17.28,,8.00%,1.00,13.66,11.50%,-1.91%,13.41%,,,,
1945.06,15.09,0.65,1.00,18.10,1945.46,2.30,277.68,11.96," 14,440.69 ",18.40, 956.97 ,13.13,,17.39,,8.15%,1.00,13.55,12.05%,-1.83%,13.88%,,,,
1945.07,14.78,0.65,1.00,18.10,1945.54,2.28,271.98,12.02," 14,196.13 ",18.34, 957.29 ,12.87,,17.04,,8.32%,1.00,13.59,13.03%,-1.98%,15.01%,,,,
1945.08,14.83,0.66,0.99,18.10,1945.62,2.27,272.90,12.08," 14,296.72 ",18.28, 957.61 ,12.92,,17.09,,8.30%,1.00,13.64,12.92%,-2.04%,14.96%,,,,
1945.09,15.84,0.66,0.99,18.10,1945.71,2.25,291.49,12.15," 15,323.42 ",18.22, 957.71 ,13.80,,18.25,,7.82%,1.00,13.68,12.62%,-2.09%,14.71%,,,,
1945.1,16.50,0.66,0.98,18.10,1945.79,2.24,303.63,12.15," 16,015.10 ",18.03, 951.20 ,14.37,,19.00,,7.55%,1.00,13.73,11.59%,-2.02%,13.60%,,,,
1945.11,17.04,0.66,0.97,18.10,1945.87,2.22,313.57,12.15," 16,592.62 ",17.85, 944.53 ,14.85,,19.61,,7.26%,1.00,13.77,11.95%,-2.03%,13.99%,,,,
1945.12,17.33,0.66,0.96,18.20,1945.96,2.21,317.15,12.08," 16,835.55 ",17.57, 932.61 ,15.02,,19.82,,7.26%,1.00,13.74,11.97%,-2.01%,13.98%,,,,
1946.01,18.02,0.67,0.94,18.20,1946.04,2.19,329.78,12.20," 17,559.83 ",17.20, 916.00 ,15.62,,20.60,,7.02%,1.00,13.78,11.23%,-1.97%,13.20%,,,,
1946.02,18.07,0.67,0.92,18.10,1946.12,2.20,332.52,12.39," 17,760.82 ",16.93, 904.26 ,15.76,,20.77,,6.90%,1.00,13.88,11.21%,-1.96%,13.17%,,,,
1946.03,17.53,0.68,0.90,18.30,1946.21,2.20,319.06,12.38," 17,096.84 ",16.38, 877.76 ,15.13,,19.93,,7.34%,1.00,13.74,12.42%,-1.94%,14.36%,,,,
1946.04,18.66,0.68,0.88,18.40,1946.29,2.21,337.78,12.31," 18,154.98 ",15.93, 856.18 ,16.04,,21.10,,7.02%,1.00,13.69,11.87%,-2.10%,13.97%,,,,
1946.05,18.70,0.68,0.86,18.50,1946.37,2.21,336.67,12.24," 18,150.38 ",15.48, 834.72 ,16.01,,21.05,,7.08%,1.00,13.63,11.51%,-1.98%,13.49%,,,,
1946.06,18.58,0.68,0.84,18.70,1946.46,2.22,330.94,12.11," 17,895.45 ",14.96, 809.05 ,15.77,,20.71,,7.21%,1.00,13.51,11.55%,-1.88%,13.43%,,,,
1946.07,18.05,0.68,0.86,19.80,1946.54,2.22,303.64,11.49," 16,470.94 ",14.41, 781.72 ,14.51,,19.04,,8.27%,1.00,12.77,13.03%,-1.47%,14.50%,,,,
1946.08,17.70,0.69,0.87,20.20,1946.62,2.23,291.85,11.32," 15,882.91 ",14.40, 783.68 ,13.98,,18.34,,8.66%,1.00,12.54,13.45%,-1.41%,14.86%,,,,
1946.09,15.09,0.69,0.89,20.40,1946.71,2.23,246.38,11.27," 13,459.19 ",14.53, 793.82 ,11.84,,15.53,,10.05%,1.00,12.43,14.94%,-1.38%,16.32%,,,,
1946.1,14.75,0.70,0.95,20.80,1946.79,2.24,236.19,11.16," 12,953.72 ",15.16, 831.38 ,11.39,,14.93,,10.58%,1.00,12.21,15.23%,-1.17%,16.40%,,,,
1946.11,14.69,0.70,1.00,21.30,1946.87,2.24,229.71,11.00," 12,648.45 ",15.69, 863.89 ,11.11,,14.57,,11.05%,1.00,11.94,15.42%,-1.05%,16.47%,,,,
1946.12,15.13,0.71,1.06,21.50,1946.96,2.25,234.39,11.00," 12,956.59 ",16.42, 907.73 ,11.37,,14.90,,10.93%,1.00,11.85,15.31%,-1.06%,16.37%,,,,
1947.01,15.21,0.71,1.13,21.50,1947.04,2.25,235.63,11.05," 13,076.00 ",17.51, 971.46 ,11.47,,15.02,,10.78%,1.00,11.86,14.99%,-0.94%,15.92%,,,,
1947.02,15.80,0.72,1.20,21.50,1947.12,2.27,244.77,11.10," 13,634.57 ",18.59," 1,035.54 ",11.95,,15.64,,10.41%,1.00,11.87,14.00%,-0.85%,14.85%,,,,
1947.03,15.16,0.72,1.27,21.90,1947.21,2.28,230.57,10.95," 12,894.17 ",19.32," 1,080.18 ",11.29,,14.76,,11.01%,1.00,11.66,14.78%,-0.74%,15.52%,,,,
1947.04,14.60,0.73,1.33,21.90,1947.29,2.30,222.05,11.15," 12,469.84 ",20.18," 1,133.11 ",10.90,,14.24,,11.23%,1.00,11.66,15.42%,-0.81%,16.23%,,,,
1947.05,14.34,0.75,1.38,21.90,1947.37,2.31,218.09,11.36," 12,300.92 ",21.04," 1,186.63 ",10.73,,14.01,,11.28%,1.00,11.67,16.01%,-0.92%,16.93%,,,,
1947.06,14.84,0.76,1.44,22.00,1947.46,2.33,224.67,11.51," 12,726.04 ",21.80," 1,234.87 ",11.08,,14.45,,11.02%,1.00,11.62,15.80%,-1.05%,16.85%,,,,
1947.07,15.77,0.77,1.48,22.20,1947.54,2.35,236.60,11.55," 13,456.26 ",22.15," 1,260.02 ",11.70,,15.23,,10.56%,1.00,11.52,15.34%,-1.11%,16.45%,,,,
1947.08,15.46,0.78,1.51,22.50,1947.62,2.36,228.86,11.55," 13,070.58 ",22.40," 1,279.44 ",11.34,,14.74,,10.95%,1.00,11.38,15.06%,-0.95%,16.01%,,,,
1947.09,15.06,0.79,1.55,23.00,1947.71,2.38,218.09,11.44," 12,510.06 ",22.45," 1,287.56 ",10.83,,14.06,,11.51%,1.00,11.14,15.13%,-0.70%,15.82%,,,,
1947.1,15.45,0.81,1.57,23.00,1947.79,2.39,223.74,11.68," 12,889.86 ",22.74," 1,309.84 ",11.13,,14.44,,11.24%,1.00,11.14,14.09%,-0.71%,14.80%,,,,
1947.11,15.27,0.82,1.59,23.10,1947.87,2.41,220.17,11.87," 12,741.53 ",22.93," 1,326.72 ",10.98,,14.21,,11.47%,1.00,11.10,13.97%,-0.47%,14.45%,,,,
1947.12,15.03,0.84,1.61,23.40,1947.96,2.42,213.94,11.96," 12,438.15 ",22.92," 1,332.36 ",10.68,,13.82,,11.91%,1.00,10.97,14.28%,0.10%,14.18%,,,,
1948.01,14.83,0.84,1.64,23.70,1948.04,2.44,208.42,11.85," 12,174.71 ",23.09," 1,349.09 ",10.42,,13.47,,12.41%,1.00,10.83,14.71%,0.28%,14.43%,,,,
1948.02,14.10,0.85,1.68,23.50,1948.12,2.43,199.84,12.00," 11,732.34 ",23.76," 1,395.13 ",10.00,,12.92,,12.81%,1.00,10.96,15.22%,0.23%,14.99%,,,,
1948.03,14.30,0.85,1.71,23.40,1948.21,2.42,203.55,12.10," 12,008.80 ",24.34," 1,436.02 ",10.19,,13.16,,12.59%,1.00,11.04,15.14%,0.17%,14.97%,,,,
1948.04,15.40,0.85,1.76,23.80,1948.29,2.41,215.52,11.90," 12,773.68 ",24.63," 1,459.85 ",10.78,,13.91,,12.17%,1.00,10.88,14.50%,0.38%,14.11%,,,,
1948.05,16.15,0.85,1.81,23.90,1948.37,2.40,225.07,11.85," 13,398.24 ",25.22," 1,501.60 ",11.24,,14.50,,11.92%,1.00,10.87,14.35%,0.39%,13.96%,,,,
1948.06,16.82,0.85,1.86,24.10,1948.46,2.39,232.46,11.75," 13,896.55 ",25.71," 1,536.72 ",11.58,,14.93,,11.75%,1.00,10.81,14.24%,0.42%,13.82%,,,,
1948.07,16.42,0.86,1.93,24.40,1948.54,2.38,224.14,11.69," 13,457.54 ",26.35," 1,581.79 ",11.13,,14.34,,12.24%,1.00,10.71,14.92%,0.31%,14.61%,,,,
1948.08,15.94,0.86,2.00,24.50,1948.62,2.36,216.70,11.74," 13,069.54 ",27.19," 1,639.84 ",10.72,,13.80,,12.64%,1.00,10.70,15.75%,0.09%,15.66%,,,,
1948.09,15.76,0.87,2.07,24.50,1948.71,2.35,214.25,11.83," 12,981.40 ",28.14," 1,705.04 ",10.55,,13.58,,12.80%,1.00,10.73,16.17%,-0.09%,16.25%,,,,
1948.1,16.19,0.89,2.14,24.40,1948.79,2.34,221.00,12.15," 13,451.58 ",29.26," 1,780.80 ",10.83,,13.93,,12.61%,1.00,10.81,16.25%,-0.16%,16.41%,,,,
1948.11,15.29,0.91,2.22,24.20,1948.87,2.33,210.44,12.52," 12,872.32 ",30.51," 1,866.17 ",10.25,,13.19,,13.05%,1.00,10.93,17.10%,-0.23%,17.33%,,,,
1948.12,15.19,0.93,2.29,24.10,1948.96,2.32,209.93,12.85," 12,906.72 ",31.65," 1,945.78 ",10.16,,13.07,,13.10%,1.00,11.00,17.36%,-0.33%,17.69%,,,,
1949.01,15.36,0.95,2.32,24.00,1949.04,2.31,213.17,13.14," 13,172.85 ",32.20," 1,989.65 ",10.25,,13.19,,12.99%,1.00,11.08,17.57%,-0.53%,18.10%,,,,
1949.02,14.77,0.96,2.35,23.80,1949.12,2.31,206.70,13.48," 12,842.73 ",32.89," 2,043.36 ",9.87,,12.71,,13.34%,1.00,11.20,17.76%,-0.52%,18.28%,,,,
1949.03,14.91,0.98,2.38,23.80,1949.21,2.31,208.66,13.71," 13,035.48 ",33.31," 2,080.78 ",9.90,,12.74,,13.31%,1.00,11.22,17.91%,-0.53%,18.44%,,,,
1949.04,14.89,0.99,2.39,23.90,1949.29,2.31,207.51,13.84," 13,035.59 ",33.26," 2,089.43 ",9.78,,12.59,,13.55%,1.00,11.19,18.10%,-0.61%,18.71%,,,,
1949.05,14.78,1.01,2.39,23.80,1949.37,2.31,206.84,14.09," 13,067.41 ",33.49," 2,116.01 ",9.69,,12.48,,13.61%,1.00,11.26,18.28%,-0.79%,19.07%,,,,
1949.06,13.97,1.02,2.40,23.90,1949.46,2.31,194.69,14.21," 12,374.42 ",33.45," 2,125.88 ",9.07,,11.68,,14.36%,1.00,11.23,18.81%,-0.79%,19.60%,,,,
1949.07,14.76,1.03,2.40,23.70,1949.54,2.32,207.43,14.43," 13,260.95 ",33.68," 2,153.26 ",9.61,,12.38,,13.65%,1.00,11.35,18.44%,-0.94%,19.38%,,,,
1949.08,15.29,1.03,2.39,23.80,1949.62,2.32,213.98,14.46," 13,756.44 ",33.49," 2,153.28 ",9.85,,12.69,,13.44%,1.00,11.32,17.97%,-0.90%,18.87%,,,,
1949.09,15.49,1.04,2.39,23.90,1949.71,2.32,215.87,14.49," 13,955.72 ",33.31," 2,153.27 ",9.88,,12.74,,13.22%,1.00,11.29,17.32%,-1.07%,18.39%,,,,
1949.1,15.89,1.07,2.37,23.70,1949.79,2.32,223.31,15.08," 14,518.17 ",33.26," 2,162.35 ",10.17,,13.10,,12.92%,1.00,11.41,16.83%,-1.05%,17.88%,,,,
1949.11,16.11,1.11,2.34,23.80,1949.87,2.32,225.45,15.49," 14,741.24 ",32.79," 2,144.23 ",10.22,,13.17,,12.92%,1.00,11.38,16.73%,-0.99%,17.72%,,,,
1949.12,16.54,1.14,2.32,23.60,1949.96,2.32,233.43,16.09," 15,350.63 ",32.74," 2,153.17 ",10.53,,13.57,,12.54%,1.00,11.50,16.66%,-1.18%,17.84%,,,,
1950.01,16.88,1.15,2.34,23.50,1950.04,2.32,239.25,16.30," 15,822.17 ",33.12," 2,190.24 ",10.75,,13.85,,12.38%,1.00,11.57,16.17%,-1.19%,17.36%,,,,
1950.02,17.21,1.16,2.35,23.50,1950.12,2.34,243.92,16.44," 16,222.09 ",33.35," 2,218.24 ",10.91,,14.06,,12.14%,1.00,11.57,15.42%,-1.01%,16.43%,,,,
1950.03,17.35,1.17,2.37,23.60,1950.21,2.36,244.87,16.51," 16,376.28 ",33.45," 2,236.99 ",10.91,,14.06,,12.16%,1.00,11.53,15.19%,-0.74%,15.93%,,,,
1950.04,17.84,1.18,2.43,23.60,1950.29,2.38,251.78,16.65," 16,931.59 ",34.25," 2,303.10 ",11.18,,14.39,,11.92%,1.00,11.53,14.94%,-0.76%,15.71%,,,,
1950.05,18.44,1.19,2.48,23.70,1950.37,2.40,259.15,16.72," 17,520.91 ",34.90," 2,359.56 ",11.46,,14.75,,11.73%,1.00,11.48,14.48%,-0.74%,15.22%,,,,
1950.06,18.74,1.20,2.54,23.80,1950.46,2.42,262.26,16.79," 17,825.76 ",35.55," 2,416.09 ",11.55,,14.86,,11.61%,1.00,11.43,14.69%,-0.54%,15.23%,,,,
1950.07,17.38,1.24,2.60,24.10,1950.54,2.45,240.20,17.18," 16,423.65 ",35.93," 2,456.93 ",10.54,,13.55,,12.62%,1.00,11.29,15.38%,-0.18%,15.56%,,,,
1950.08,18.43,1.29,2.66,24.30,1950.62,2.47,252.62,17.64," 17,373.02 ",36.46," 2,507.45 ",11.04,,14.19,,12.26%,1.00,11.20,14.90%,0.01%,14.89%,,,,
1950.09,19.08,1.33,2.72,24.40,1950.71,2.49,260.45,18.16," 18,016.08 ",37.13," 2,568.33 ",11.34,,14.56,,12.05%,1.00,11.16,14.17%,0.08%,14.09%,,,,
1950.1,19.87,1.38,2.76,24.60,1950.79,2.51,269.03,18.64," 18,716.93 ",37.37," 2,599.84 ",11.66,,14.97,,11.87%,1.00,11.07,13.47%,0.05%,13.41%,,,,
1950.11,19.83,1.42,2.80,24.70,1950.87,2.53,267.40,19.19," 18,714.90 ",37.76," 2,642.55 ",11.54,,14.81,,11.98%,1.00,11.03,13.86%,0.09%,13.77%,,,,
1950.12,19.75,1.47,2.84,25.00,1950.96,2.55,263.13,19.58," 18,529.95 ",37.84," 2,664.56 ",11.31,,14.51,,12.19%,1.00,10.90,14.28%,0.31%,13.97%,,,,
1951.01,21.21,1.49,2.84,25.40,1951.04,2.57,278.13,19.49," 19,700.79 ",37.20," 2,634.82 ",11.90,,15.26,,11.90%,1.00,10.73,14.18%,0.50%,13.68%,,,,
1951.02,22.00,1.50,2.83,25.70,1951.12,2.58,285.12,19.48," 20,311.04 ",36.72," 2,615.81 ",12.14,,15.57,,11.84%,1.00,10.62,14.32%,0.69%,13.63%,,,,
1951.03,21.63,1.52,2.83,25.80,1951.21,2.59,279.24,19.62," 20,008.54 ",36.53," 2,617.85 ",11.84,,15.18,,12.01%,1.00,10.59,14.88%,0.78%,14.10%,,,,
1951.04,21.92,1.53,2.79,25.80,1951.29,2.60,282.98,19.80," 20,395.00 ",36.06," 2,598.99 ",11.95,,15.31,,11.85%,1.00,10.61,14.99%,0.76%,14.23%,,,,
1951.05,21.93,1.55,2.76,25.90,1951.37,2.61,282.02,19.89," 20,444.98 ",35.45," 2,570.00 ",11.86,,15.20,,11.87%,1.00,10.58,15.10%,0.88%,14.23%,,,,
1951.06,21.55,1.56,2.72,25.90,1951.46,2.62,277.13,20.06," 20,211.91 ",34.98," 2,551.11 ",11.62,,14.88,,11.82%,1.00,10.60,15.11%,0.75%,14.36%,,,,
1951.07,21.93,1.55,2.65,25.90,1951.54,2.63,282.02,19.89," 20,689.20 ",34.08," 2,500.06 ",11.78,,15.09,,11.69%,1.00,10.61,14.76%,0.67%,14.09%,,,,
1951.08,22.89,1.53,2.58,25.90,1951.62,2.63,294.37,19.72," 21,715.43 ",33.18," 2,447.61 ",12.26,,15.70,,11.21%,1.00,10.63,14.68%,0.63%,14.05%,,,,
1951.09,23.48,1.52,2.51,26.10,1951.71,2.64,299.64,19.40," 22,223.71 ",32.03," 2,375.70 ",12.44,,15.94,,11.02%,1.00,10.56,14.31%,0.74%,13.57%,,,,
1951.1,23.36,1.48,2.49,26.20,1951.79,2.65,296.97,18.86," 22,142.29 ",31.61," 2,357.04 ",12.31,,15.76,,11.00%,1.00,10.53,14.51%,0.85%,13.66%,,,,
1951.11,22.71,1.45,2.46,26.40,1951.87,2.66,286.52,18.25," 21,476.50 ",31.08," 2,329.53 ",11.85,,15.17,,11.31%,1.00,10.47,15.40%,0.92%,14.47%,,,,
1951.12,23.41,1.41,2.44,26.50,1951.96,2.67,294.24,17.72," 22,165.64 ",30.67," 2,310.30 ",12.15,,15.54,,11.07%,1.00,10.44,15.16%,0.88%,14.28%,,,,
1952.01,24.19,1.41,2.43,26.50,1952.04,2.68,304.04,17.76," 23,015.70 ",30.50," 2,308.87 ",12.53,,16.02,,10.68%,1.00,10.46,14.33%,0.89%,13.44%,,,,
1952.02,23.75,1.42,2.41,26.30,1952.12,2.69,300.78,17.94," 22,882.07 ",30.56," 2,325.14 ",12.36,,15.81,,10.62%,1.00,10.55,14.57%,0.83%,13.74%,,,,
1952.03,23.81,1.42,2.40,26.30,1952.21,2.71,301.54,17.98," 23,053.89 ",30.39," 2,323.79 ",12.36,,15.81,,10.48%,1.00,10.56,14.52%,0.94%,13.58%,,,,
1952.04,23.74,1.43,2.38,26.40,1952.29,2.72,299.51,18.04," 23,013.99 ",30.03," 2,307.22 ",12.24,,15.66,,10.52%,1.00,10.53,14.16%,1.04%,13.12%,,,,
1952.05,23.73,1.44,2.36,26.40,1952.37,2.73,299.39,18.17," 23,120.63 ",29.77," 2,299.40 ",12.20,,15.61,,10.41%,1.00,10.55,13.26%,1.04%,12.22%,,,,
1952.06,24.38,1.45,2.34,26.50,1952.46,2.74,306.43,18.22," 23,781.58 ",29.41," 2,282.56 ",12.45,,15.93,,10.27%,1.00,10.52,11.59%,1.07%,10.52%,,,,
1952.07,25.08,1.45,2.35,26.70,1952.54,2.76,312.86,18.09," 24,398.13 ",29.27," 2,282.87 ",12.67,,16.21,,10.13%,1.00,10.45,11.56%,1.05%,10.52%,,,,
1952.08,25.18,1.45,2.35,26.70,1952.62,2.77,314.11,18.09," 24,612.96 ",29.36," 2,300.33 ",12.68,,16.23,,10.05%,1.00,10.47,11.80%,1.09%,10.70%,,,,
1952.09,24.78,1.45,2.36,26.70,1952.71,2.78,309.12,18.09," 24,340.08 ",29.44," 2,318.10 ",12.43,,15.92,,10.19%,1.00,10.48,11.82%,1.08%,10.74%,,,,
1952.1,24.26,1.44,2.37,26.70,1952.79,2.79,302.64,17.92," 23,946.91 ",29.61," 2,342.70 ",12.13,,15.54,,10.26%,1.00,10.49,11.68%,1.14%,10.53%,,,,
1952.11,25.03,1.42,2.39,26.70,1952.87,2.81,312.24,17.76," 24,824.05 ",29.77," 2,367.03 ",12.47,,15.99,,9.95%,1.00,10.50,12.05%,1.17%,10.88%,,,,
1952.12,26.04,1.41,2.40,26.70,1952.96,2.82,324.84,17.59," 25,942.28 ",29.94," 2,390.99 ",12.93,,16.58,,9.59%,1.00,10.52,12.07%,1.24%,10.82%,,,,
1953.01,26.18,1.41,2.41,26.60,1953.04,2.83,327.81,17.66," 26,297.30 ",30.18," 2,420.80 ",13.01,,16.67,,9.50%,1.00,10.57,12.37%,1.25%,11.12%,,,,
1953.02,25.86,1.41,2.42,26.50,1953.12,2.80,325.03,17.72," 26,192.36 ",30.42," 2,451.10 ",12.86,,16.48,,9.58%,1.00,10.66,12.59%,1.12%,11.47%,,,,
1953.03,25.99,1.41,2.43,26.60,1953.21,2.77,325.44,17.66," 26,343.63 ",30.43," 2,463.06 ",12.83,,16.45,,9.48%,1.00,10.67,12.48%,1.10%,11.38%,,,,
1953.04,24.71,1.41,2.46,26.60,1953.29,2.83,309.41,17.70," 25,165.60 ",30.76," 2,501.97 ",12.16,,15.59,,9.73%,0.98,10.65,13.54%,1.13%,12.42%,,,,
1953.05,24.84,1.42,2.48,26.70,1953.37,3.05,309.87,17.67," 25,323.03 ",30.98," 2,531.62 ",12.14,,15.56,,9.50%,1.00,10.43,13.73%,1.40%,12.33%,,,,
1953.06,23.95,1.42,2.51,26.80,1953.46,3.11,297.65,17.65," 24,444.80 ",31.19," 2,561.86 ",11.62,,14.90,,9.85%,1.02,10.37,14.12%,1.41%,12.71%,,,,
1953.07,24.29,1.42,2.52,26.80,1953.54,2.93,301.88,17.65," 24,912.60 ",31.36," 2,588.01 ",11.75,,15.07,,9.99%,1.00,10.55,13.73%,1.21%,12.52%,,,,
1953.08,24.39,1.42,2.54,26.90,1953.62,2.95,302.00,17.58," 25,043.09 ",31.41," 2,604.59 ",11.72,,15.03,,10.10%,1.01,10.52,14.01%,1.29%,12.72%,,,,
1953.09,23.27,1.42,2.55,26.90,1953.71,2.87,288.13,17.58," 24,014.60 ",31.57," 2,631.60 ",11.14,,14.29,,10.56%,1.02,10.62,14.81%,1.16%,13.65%,,,,
1953.1,23.97,1.43,2.54,27.00,1953.79,2.66,295.70,17.64," 24,767.91 ",31.29," 2,621.11 ",11.39,,14.62,,10.61%,1.00,10.80,14.48%,0.97%,13.51%,,,,
1953.11,24.50,1.44,2.52,26.90,1953.87,2.68,303.36,17.83," 25,534.11 ",31.24," 2,629.84 ",11.64,,14.95,,10.36%,1.01,10.84,14.10%,0.95%,13.14%,,,,
1953.12,24.83,1.45,2.51,26.90,1953.96,2.59,307.44,17.95," 26,003.98 ",31.08," 2,628.67 ",11.75,,15.10,,10.37%,1.01,10.95,14.12%,0.85%,13.27%,,,,
1954.01,25.46,1.46,2.52,26.90,1954.04,2.48,315.24,18.04," 26,790.89 ",31.24," 2,655.23 ",12.00,,15.43,,10.30%,1.00,11.08,14.15%,0.73%,13.43%,,,,
1954.02,26.02,1.46,2.54,26.90,1954.12,2.47,322.18,18.12," 27,508.48 ",31.41," 2,681.78 ",12.22,,15.71,,10.17%,1.01,11.12,14.02%,0.75%,13.27%,,,,
1954.03,26.57,1.47,2.55,26.90,1954.21,2.37,328.99,18.20," 28,219.45 ",31.57," 2,708.30 ",12.42,,15.97,,10.13%,1.01,11.24,13.96%,0.62%,13.34%,,,,
1954.04,27.63,1.46,2.57,26.80,1954.29,2.29,343.39,18.19," 29,584.75 ",31.98," 2,755.39 ",12.91,,16.60,,9.81%,0.99,11.38,13.62%,0.52%,13.10%,,,,
1954.05,28.73,1.46,2.60,26.90,1954.37,2.37,355.73,18.04," 30,777.71 ",32.15," 2,781.75 ",13.31,,17.12,,9.54%,1.00,11.28,13.31%,0.67%,12.64%,,,,
1954.06,28.96,1.45,2.62,26.90,1954.46,2.38,358.58,17.95," 31,153.55 ",32.44," 2,818.45 ",13.36,,17.18,,9.44%,1.01,11.29,13.09%,0.68%,12.41%,,,,
1954.07,30.13,1.46,2.62,26.90,1954.54,2.30,373.07,18.04," 32,542.75 ",32.48," 2,833.40 ",13.83,,17.78,,9.20%,1.00,11.39,13.00%,0.58%,12.42%,,,,
1954.08,30.73,1.46,2.63,26.90,1954.62,2.36,380.50,18.12," 33,322.51 ",32.52," 2,848.27 ",14.04,,18.05,,9.04%,1.00,11.36,12.63%,0.68%,11.95%,,,,
1954.09,31.45,1.47,2.63,26.80,1954.71,2.38,390.86,18.27," 34,363.83 ",32.69," 2,873.67 ",14.36,,18.45,,8.82%,1.00,11.40,12.47%,0.64%,11.83%,,,,
1954.1,32.18,1.49,2.68,26.80,1954.79,2.43,399.94,18.56," 35,297.44 ",33.27," 2,935.97 ",14.62,,18.78,,8.65%,1.00,11.37,12.39%,0.70%,11.68%,,,,
1954.11,33.44,1.52,2.72,26.80,1954.87,2.48,415.60,18.85," 36,818.14 ",33.85," 2,998.44 ",15.12,,19.41,,8.37%,1.00,11.35,11.98%,0.76%,11.22%,,,,
1954.12,34.97,1.54,2.77,26.70,1954.96,2.51,436.24,19.21," 38,788.73 ",34.55," 3,072.48 ",15.79,,20.26,,7.96%,0.99,11.38,11.23%,0.74%,10.49%,,,,
1955.01,35.60,1.55,2.83,26.70,1955.04,2.61,444.10,19.29," 39,630.49 ",35.34," 3,154.11 ",15.99,,20.50,,7.78%,1.00,11.31,11.30%,0.83%,10.47%,,,,
1955.02,36.79,1.55,2.90,26.70,1955.12,2.65,458.94,19.38," 41,099.32 ",36.14," 3,235.97 ",16.44,,21.06,,7.57%,1.00,11.29,11.01%,0.87%,10.14%,,,,
1955.03,36.50,1.56,2.96,26.70,1955.21,2.68,455.33,19.46," 40,920.57 ",36.93," 3,318.49 ",16.22,,20.76,,7.62%,1.00,11.29,11.06%,0.87%,10.18%,,,,
1955.04,37.76,1.56,3.05,26.70,1955.29,2.75,471.04,19.50," 42,479.23 ",38.01," 3,427.44 ",16.69,,21.33,,7.38%,1.00,11.24,10.78%,0.92%,9.86%,,,,
1955.05,37.60,1.57,3.13,26.70,1955.37,2.76,469.05,19.54," 42,446.11 ",39.09," 3,537.17 ",16.52,,21.10,,7.37%,1.00,11.26,10.98%,0.94%,10.04%,,,,
1955.06,39.78,1.57,3.22,26.70,1955.46,2.78,496.24,19.59," 45,054.77 ",40.17," 3,646.97 ",17.37,,22.16,,6.94%,0.99,11.27,9.74%,0.90%,8.84%,,,,
1955.07,42.69,1.59,3.29,26.80,1955.54,2.90,530.56,19.72," 48,319.42 ",40.93," 3,727.61 ",18.45,,23.50,,6.52%,1.00,11.13,8.99%,1.06%,7.92%,,,,
1955.08,42.43,1.60,3.37,26.80,1955.62,2.97,527.33,19.93," 48,176.36 ",41.84," 3,822.62 ",18.22,,23.17,,6.52%,1.00,11.09,9.25%,1.10%,8.15%,,,,
1955.09,44.34,1.62,3.44,26.90,1955.71,2.97,549.01,20.06," 50,310.59 ",42.59," 3,903.21 ",18.84,,23.93,,6.38%,1.01,11.08,9.16%,1.11%,8.05%,,,,
1955.1,42.11,1.63,3.50,26.90,1955.79,2.88,521.40,20.14," 47,934.12 ",43.34," 3,984.08 ",17.77,,22.53,,6.79%,1.00,11.19,9.93%,0.96%,8.96%,,,,
1955.11,44.95,1.63,3.56,26.90,1955.87,2.89,556.57,20.22," 51,321.85 ",44.08," 4,064.65 ",18.84,,23.84,,6.46%,1.00,11.21,9.30%,0.90%,8.39%,,,,
1955.12,45.37,1.64,3.62,26.80,1955.96,2.96,563.86,20.38," 52,151.30 ",44.99," 4,161.07 ",18.94,,23.94,,6.26%,1.01,11.21,9.07%,0.77%,8.29%,,,,
1956.01,44.15,1.67,3.64,26.80,1956.04,2.90,548.70,20.75," 50,908.92 ",45.28," 4,201.09 ",18.29,,23.08,,6.51%,1.01,11.30,9.54%,0.74%,8.80%,,,,
1956.02,44.43,1.70,3.67,26.80,1956.12,2.84,552.18,21.13," 51,395.14 ",45.57," 4,241.48 ",18.27,,23.02,,6.64%,0.99,11.38,9.32%,0.47%,8.86%,,,,
1956.03,47.49,1.73,3.69,26.80,1956.21,2.96,590.21,21.50," 55,101.61 ",45.86," 4,281.43 ",19.37,,24.37,,6.09%,0.98,11.29,8.10%,0.52%,7.58%,,,,
1956.04,48.05,1.75,3.66,26.90,1956.29,3.18,594.95,21.71," 55,713.01 ",45.32," 4,243.70 ",19.37,,24.34,,5.85%,1.01,11.07,8.27%,0.80%,7.47%,,,,
1956.05,46.54,1.78,3.63,27.00,1956.37,3.07,574.12,21.92," 53,933.37 ",44.78," 4,206.66 ",18.54,,23.27,,6.18%,1.01,11.16,8.07%,0.73%,7.34%,,,,
1956.06,46.27,1.80,3.60,27.20,1956.46,3.00,566.59,22.04," 53,398.76 ",44.08," 4,154.65 ",18.16,,22.77,,6.33%,0.99,11.17,8.08%,0.71%,7.38%,,,,
1956.07,48.78,1.81,3.55,27.40,1956.54,3.11,592.97,22.04," 56,057.67 ",43.19," 4,083.46 ",18.86,,23.62,,5.50%,0.98,11.02,7.53%,0.69%,6.83%,,,,
1956.08,48.49,1.83,3.51,27.30,1956.62,3.33,591.60,22.29," 56,104.10 ",42.78," 4,057.30 ",18.67,,23.37,,5.08%,1.00,10.88,6.81%,0.64%,6.17%,,,,
1956.09,46.84,1.84,3.46,27.40,1956.71,3.38,569.39,22.37," 54,173.98 ",42.06," 4,001.75 ",17.84,,22.31,,5.22%,1.01,10.82,6.84%,0.77%,6.07%,,,,
1956.1,46.24,1.81,3.44,27.50,1956.79,3.34,560.05,21.88," 53,459.06 ",41.70," 3,980.91 ",17.42,,21.78,,5.23%,0.99,10.85,6.86%,0.86%,6.00%,,,,
1956.11,45.76,1.77,3.43,27.50,1956.87,3.49,554.23,21.48," 53,074.97 ",41.50," 3,974.44 ",17.12,,21.39,,4.94%,0.99,10.75,7.49%,0.88%,6.61%,,,,
1956.12,46.44,1.74,3.41,27.60,1956.96,3.59,560.43,21.00," 53,836.08 ",41.15," 3,953.08 ",17.20,,21.47,,4.75%,1.01,10.65,7.41%,1.27%,6.15%,,,,
1957.01,45.43,1.74,3.41,27.60,1957.04,3.46,548.24,20.96," 52,833.00 ",41.11," 3,961.80 ",16.72,,20.86,,5.05%,1.01,10.80,8.05%,1.37%,6.68%,,,,
1957.02,43.47,1.73,3.40,27.70,1957.12,3.34,522.70,20.84," 50,538.48 ",40.92," 3,956.73 ",15.84,,19.76,,5.54%,1.00,10.90,8.93%,1.28%,7.65%,,,,
1957.03,44.03,1.73,3.40,27.80,1957.21,3.41,527.53,20.73," 51,172.41 ",40.74," 3,951.54 ",15.90,,19.82,,5.29%,1.00,10.82,9.04%,1.43%,7.62%,,,,
1957.04,45.05,1.73,3.41,27.90,1957.29,3.48,537.81,20.65," 52,337.16 ",40.67," 3,957.72 ",16.12,,20.09,,5.17%,0.99,10.75,8.98%,1.46%,7.52%,,,,
1957.05,46.78,1.73,3.41,28.00,1957.37,3.60,556.47,20.58," 54,319.80 ",40.60," 3,963.48 ",16.60,,20.66,,4.91%,0.99,10.64,8.76%,1.37%,7.40%,,,,
1957.06,47.55,1.73,3.42,28.10,1957.46,3.80,563.62,20.51," 55,184.22 ",40.54," 3,969.09 ",16.73,,20.81,,4.65%,0.99,10.46,8.45%,1.42%,7.03%,,,,
1957.07,48.51,1.74,3.44,28.30,1957.54,3.93,570.93,20.48," 56,067.57 ",40.45," 3,972.08 ",16.87,,20.96,,4.46%,1.00,10.31,8.46%,1.47%,6.99%,,,,
1957.08,45.84,1.75,3.45,28.30,1957.62,3.93,539.51,20.60," 53,150.15 ",40.64," 4,004.04 ",15.87,,19.70,,4.69%,1.00,10.34,9.21%,1.35%,7.86%,,,,
1957.09,43.98,1.76,3.47,28.30,1957.71,3.92,517.62,20.71," 51,163.59 ",40.84," 4,036.78 ",15.16,,18.81,,4.77%,1.00,10.38,9.77%,1.31%,8.46%,,,,
1957.1,41.24,1.77,3.44,28.30,1957.79,3.97,485.37,20.83," 48,147.64 ",40.45," 4,012.31 ",14.15,,17.55,,5.19%,1.02,10.37,10.42%,1.19%,9.23%,,,,
1957.11,40.35,1.78,3.40,28.40,1957.87,3.72,473.22,20.88," 47,115.26 ",39.91," 3,973.95 ",13.74,,17.04,,5.65%,1.05,10.59,10.30%,0.80%,9.51%,,,,
1957.12,40.33,1.79,3.37,28.40,1957.96,3.21,472.99,20.99," 47,266.08 ",39.52," 3,949.58 ",13.67,,16.95,,6.06%,1.01,11.08,10.58%,0.40%,10.18%,,,,
1958.01,41.12,1.78,3.29,28.60,1958.04,3.09,478.88,20.77," 48,027.89 ",38.35," 3,846.59 ",13.79,,17.09,,6.06%,1.01,11.14,10.33%,0.46%,9.87%,,,,
1958.02,41.26,1.78,3.22,28.60,1958.12,3.05,480.51,20.69," 48,364.34 ",37.46," 3,770.53 ",13.78,,17.09,,6.19%,1.01,11.21,9.74%,0.39%,9.35%,,,,
1958.03,42.11,1.77,3.14,28.80,1958.21,2.98,487.00,20.47," 49,189.61 ",36.31," 3,667.90 ",13.93,,17.26,,6.30%,1.01,11.22,9.35%,0.26%,9.10%,,,,
1958.04,42.34,1.76,3.07,28.90,1958.29,2.88,487.97,20.25," 49,457.55 ",35.38," 3,586.08 ",13.91,,17.24,,6.27%,1.00,11.31,10.07%,0.28%,9.80%,,,,
1958.05,43.70,1.74,3.00,28.90,1958.37,2.92,503.64,20.09," 51,215.88 ",34.58," 3,515.96 ",14.32,,17.74,,5.98%,1.00,11.30,9.94%,0.13%,9.80%,,,,
1958.06,44.75,1.73,2.93,28.90,1958.46,2.97,515.75,19.94," 52,615.42 ",33.77," 3,444.99 ",14.64,,18.12,,5.70%,0.98,11.28,9.89%,0.25%,9.64%,,,,
1958.07,45.98,1.73,2.91,29.00,1958.54,3.20,528.09,19.87," 54,044.12 ",33.46," 3,424.28 ",14.96,,18.51,,5.23%,0.97,11.05,9.54%,0.62%,8.93%,,,,
1958.08,47.70,1.73,2.90,28.90,1958.62,3.54,549.74,19.94," 56,429.81 ",33.38," 3,426.80 ",15.54,,19.23,,4.56%,0.98,10.80,8.83%,0.92%,7.90%,,,,
1958.09,48.96,1.73,2.88,28.90,1958.71,3.76,564.27,19.94," 58,090.96 ",33.19," 3,417.12 ",15.93,,19.70,,4.18%,1.00,10.64,8.85%,1.06%,7.79%,,,,
1958.1,50.95,1.74,2.88,28.90,1958.79,3.80,587.20,20.02," 60,623.81 ",33.23," 3,430.78 ",16.56,,20.46,,3.95%,1.01,10.63,8.62%,0.96%,7.66%,,,,
1958.11,52.50,1.74,2.89,29.00,1958.87,3.74,602.98,20.02," 62,424.96 ",33.15," 3,432.39 ",16.99,,20.97,,3.97%,0.99,10.68,8.46%,0.84%,7.62%,,,,
1958.12,53.49,1.75,2.89,28.90,1958.96,3.86,616.47,20.17," 63,996.20 ",33.31," 3,457.64 ",17.36,,21.40,,3.73%,0.99,10.65,8.30%,0.64%,7.66%,,,,
1959.01,55.62,1.76,2.96,29.00,1959.04,4.02,638.81,20.18," 66,489.63 ",34.03," 3,542.44 ",17.98,,22.14,,3.45%,1.01,10.51,7.42%,0.79%,6.63%,,,,
1959.02,54.77,1.76,3.04,28.90,1959.12,3.96,631.23,20.32," 65,876.34 ",35.00," 3,652.45 ",17.76,,21.84,,3.63%,1.00,10.63,7.44%,0.56%,6.88%,,,,
1959.03,56.16,1.77,3.11,28.90,1959.21,3.99,647.25,20.40," 67,725.62 ",35.84," 3,750.47 ",18.20,,22.36,,3.46%,0.99,10.64,6.84%,0.44%,6.41%,,,,
1959.04,57.10,1.78,3.21,29.00,1959.29,4.12,655.81,20.41," 68,799.69 ",36.83," 3,863.71 ",18.43,,22.61,,3.26%,0.99,10.53,6.86%,0.64%,6.22%,,,,
1959.05,57.96,1.78,3.30,29.00,1959.37,4.31,665.69,20.48," 70,014.96 ",37.94," 3,990.38 ",18.69,,22.89,,3.04%,1.00,10.40,7.01%,0.67%,6.34%,,,,
1959.06,57.46,1.79,3.40,29.10,1959.46,4.34,657.68,20.49," 69,352.01 ",38.92," 4,103.67 ",18.45,,22.56,,3.07%,1.00,10.38,6.51%,0.51%,6.00%,,,,
1959.07,59.74,1.80,3.41,29.20,1959.54,4.40,681.43,20.49," 72,037.04 ",38.90," 4,111.92 ",19.09,,23.31,,2.95%,1.00,10.33,5.59%,0.45%,5.15%,,,,
1959.08,59.40,1.80,3.42,29.20,1959.62,4.43,677.55,20.57," 71,808.27 ",39.01," 4,134.42 ",18.96,,23.11,,2.91%,0.98,10.34,5.54%,0.46%,5.08%,,,,
1959.09,57.05,1.81,3.43,29.30,1959.71,4.68,648.53,20.58," 68,913.70 ",38.99," 4,143.28 ",18.12,,22.07,,2.90%,1.02,10.14,6.01%,0.34%,5.67%,,,,
1959.1,57.00,1.82,3.42,29.40,1959.79,4.53,645.76,20.58," 68,801.36 ",38.71," 4,124.06 ",18.02,,21.91,,3.20%,1.00,10.27,6.11%,0.27%,5.84%,,,,
1959.11,57.23,1.82,3.40,29.40,1959.87,4.53,648.36,20.66," 69,262.38 ",38.56," 4,118.87 ",18.07,,21.95,,3.14%,0.99,10.31,6.09%,0.21%,5.88%,,,,
1959.12,59.06,1.83,3.39,29.40,1959.96,4.69,669.09,20.73," 71,661.70 ",38.41," 4,113.33 ",18.62,,22.59,,2.90%,1.00,10.21,5.13%,-0.06%,5.18%,,,,
1960.01,58.03,1.87,3.39,29.30,1960.04,4.72,659.67,21.22," 70,841.63 ",38.54," 4,138.43 ",18.34,,22.22,,2.96%,1.02,10.26,5.16%,-0.16%,5.32%,,,,
1960.02,55.78,1.90,3.39,29.40,1960.12,4.49,631.93,21.56," 68,056.24 ",38.41," 4,136.08 ",17.55,,21.23,,3.47%,1.02,10.46,5.19%,0.04%,5.15%,,,,
1960.03,55.02,1.94,3.39,29.40,1960.21,4.25,623.32,21.98," 67,326.22 ",38.41," 4,148.23 ",17.29,,20.90,,3.76%,1.00,10.70,5.45%,-0.06%,5.52%,,,,
1960.04,55.73,1.94,3.35,29.50,1960.29,4.28,629.23,21.94," 68,161.35 ",37.79," 4,093.19 ",17.43,,21.06,,3.71%,1.00,10.68,4.95%,-0.28%,5.23%,,,,
1960.05,55.22,1.95,3.30,29.50,1960.37,4.35,623.47,21.98," 67,736.00 ",37.30," 4,052.05 ",17.26,,20.83,,3.66%,1.02,10.65,3.75%,-0.59%,4.33%,,,,
1960.06,57.26,1.95,3.26,29.60,1960.46,4.15,644.32,21.94," 70,199.74 ",36.68," 3,996.70 ",17.82,,21.49,,3.67%,1.02,10.83,3.30%,-0.69%,3.98%,,,,
1960.07,55.84,1.95,3.26,29.60,1960.54,3.90,628.34,21.94," 68,658.07 ",36.72," 4,012.43 ",17.38,,20.94,,3.93%,1.01,11.09,3.53%,-0.65%,4.18%,,,,
1960.08,56.51,1.95,3.27,29.60,1960.62,3.80,635.88,21.94," 69,681.67 ",36.76," 4,028.08 ",17.58,,21.17,,3.88%,1.00,11.22,3.71%,-0.75%,4.46%,,,,
1960.09,54.81,1.95,3.27,29.60,1960.71,3.80,616.75,21.94," 67,785.80 ",36.80," 4,044.14 ",17.05,,20.51,,4.02%,1.00,11.25,4.58%,-0.67%,5.25%,,,,
1960.1,53.73,1.95,3.27,29.80,1960.79,3.89,600.54,21.80," 66,203.77 ",36.55," 4,029.15 ",16.61,,19.96,,4.07%,1.00,11.13,5.03%,-0.51%,5.54%,,,,
1960.11,55.47,1.95,3.27,29.80,1960.87,3.93,619.99,21.80," 68,547.95 ",36.55," 4,040.96 ",17.15,,20.59,,3.80%,1.01,11.13,4.63%,-0.16%,4.79%,,,,
1960.12,56.80,1.95,3.27,29.80,1960.96,3.84,634.85,21.80," 70,392.33 ",36.55," 4,052.52 ",17.56,,21.07,,3.63%,1.00,11.25,5.03%,0.06%,4.96%,,,,
1961.01,59.72,1.95,3.21,29.80,1961.04,3.84,667.49,21.76," 74,212.13 ",35.88," 3,988.96 ",18.47,,22.14,,3.18%,1.01,11.28,4.89%,0.19%,4.70%,,,,
1961.02,62.17,1.94,3.15,29.80,1961.12,3.78,694.87,21.72," 77,457.91 ",35.21," 3,924.60 ",19.23,,23.03,,2.91%,1.01,11.37,4.85%,0.24%,4.61%,,,,
1961.03,64.12,1.94,3.09,29.80,1961.21,3.74,716.67,21.68," 80,088.84 ",34.54," 3,859.55 ",19.84,,23.73,,2.75%,1.00,11.45,4.76%,0.50%,4.26%,,,,
1961.04,65.83,1.94,3.07,29.80,1961.29,3.78,735.78,21.68," 82,426.64 ",34.31," 3,843.99 ",20.38,,24.35,,2.58%,1.01,11.45,4.81%,0.43%,4.39%,,,,
1961.05,66.50,1.94,3.05,29.80,1961.37,3.71,743.27,21.68," 83,467.98 ",34.09," 3,828.23 ",20.60,,24.58,,2.56%,0.99,11.55,4.51%,-0.08%,4.59%,,,,
1961.06,65.62,1.94,3.03,29.80,1961.46,3.88,733.43,21.68," 82,566.36 ",33.87," 3,812.50 ",20.33,,24.24,,2.45%,1.00,11.42,4.38%,-0.09%,4.47%,,,,
1961.07,65.44,1.95,3.04,30.00,1961.54,3.92,726.54,21.61," 81,993.70 ",33.71," 3,804.83 ",20.15,,24.00,,2.52%,0.99,11.35,4.38%,-0.14%,4.52%,,,,
1961.08,67.79,1.95,3.04,29.90,1961.62,4.04,755.15,21.76," 85,426.87 ",33.90," 3,835.11 ",20.94,,24.93,,2.18%,1.01,11.31,3.77%,0.03%,3.74%,,,,
1961.09,67.26,1.96,3.05,30.00,1961.71,3.98,746.75,21.76," 84,681.59 ",33.86," 3,840.01 ",20.71,,24.63,,2.25%,1.01,11.37,4.11%,0.35%,3.76%,,,,
1961.1,68.00,1.98,3.10,30.00,1961.79,3.92,754.97,21.98," 85,821.00 ",34.38," 3,908.23 ",20.92,,24.87,,2.22%,1.00,11.46,3.75%,0.45%,3.30%,,,,
1961.11,71.08,2.00,3.14,30.00,1961.87,3.94,789.16,22.20," 89,918.53 ",34.90," 3,976.42 ",21.86,,25.96,,1.92%,0.99,11.48,2.81%,0.58%,2.23%,,,,
1961.12,71.74,2.02,3.19,30.00,1961.96,4.06,796.49,22.43," 90,966.40 ",35.42," 4,044.92 ",22.04,,26.16,,1.73%,1.00,11.40,3.35%,0.55%,2.80%,,,,
1962.01,69.07,2.03,3.25,30.00,1962.04,4.08,766.85,22.50," 87,794.99 ",36.08," 4,131.08 ",21.20,,25.14,,1.89%,1.01,11.42,4.17%,0.57%,3.60%,,,,
1962.02,70.22,2.03,3.31,30.10,1962.12,4.04,777.02,22.50," 89,174.89 ",36.63," 4,203.49 ",21.45,,25.43,,1.98%,1.01,11.46,4.17%,0.44%,3.73%,,,,
1962.03,70.29,2.04,3.37,30.10,1962.21,3.93,777.80,22.57," 89,479.67 ",37.29," 4,290.03 ",21.44,,25.40,,2.09%,1.01,11.60,4.38%,0.35%,4.03%,,,,
1962.04,68.05,2.05,3.40,30.20,1962.29,3.84,750.52,22.57," 86,557.69 ",37.54," 4,328.94 ",20.66,,24.46,,2.35%,1.00,11.69,4.83%,0.21%,4.62%,,,,
1962.05,62.99,2.05,3.44,30.20,1962.37,3.87,694.71,22.65," 80,339.16 ",37.90," 4,383.22 ",19.09,,22.59,,2.72%,1.00,11.70,5.51%,0.28%,5.23%,,,,
1962.06,55.63,2.06,3.47,30.20,1962.46,3.91,613.54,22.72," 71,170.96 ",38.27," 4,439.39 ",16.83,,19.92,,3.35%,1.00,11.70,6.83%,0.32%,6.51%,,,,
1962.07,56.97,2.07,3.49,30.30,1962.54,4.01,626.24,22.72," 72,864.37 ",38.36," 4,463.69 ",17.14,,20.29,,3.10%,1.01,11.60,6.47%,0.41%,6.07%,,,,
1962.08,58.52,2.07,3.51,30.30,1962.62,3.98,643.28,22.79," 75,067.80 ",38.58," 4,502.53 ",17.57,,20.80,,2.98%,1.00,11.67,6.52%,0.30%,6.22%,,,,
1962.09,58.00,2.08,3.53,30.40,1962.71,3.98,635.47,22.79," 74,377.63 ",38.68," 4,526.78 ",17.32,,20.50,,3.10%,1.01,11.67,6.47%,0.08%,6.39%,,,,
1962.1,56.17,2.10,3.58,30.40,1962.79,3.93,615.42,22.97," 72,254.95 ",39.19," 4,600.89 ",16.74,,19.82,,3.35%,1.00,11.75,6.77%,0.06%,6.71%,,,,
1962.11,60.04,2.11,3.62,30.40,1962.87,3.92,657.82,23.15," 77,459.71 ",39.70," 4,674.59 ",17.85,,21.13,,2.99%,1.01,11.80,6.55%,0.20%,6.35%,,,,
1962.12,62.64,2.13,3.67,30.40,1962.96,3.86,686.31,23.34," 81,043.06 ",40.21," 4,748.21 ",18.59,,22.00,,2.83%,1.01,11.90,6.29%,0.09%,6.20%,,,,
1963.01,65.06,2.14,3.68,30.40,1963.04,3.83,712.82,23.41," 84,404.40 ",40.36," 4,778.50 ",19.26,,22.79,,2.71%,1.00,11.97,5.94%,-0.01%,5.95%,,,,
1963.02,65.92,2.14,3.70,30.40,1963.12,3.92,722.24,23.48," 85,751.82 ",40.50," 4,808.80 ",19.47,,23.03,,2.60%,1.00,11.92,5.34%,-0.12%,5.46%,,,,
1963.03,65.67,2.15,3.71,30.50,1963.21,3.93,717.15,23.48," 85,378.83 ",40.51," 4,823.44 ",19.29,,22.81,,2.63%,1.00,11.91,5.14%,-0.20%,5.34%,,,,
1963.04,68.76,2.17,3.75,30.50,1963.29,3.97,750.89,23.66," 89,630.94 ",40.99," 4,892.59 ",20.15,,23.82,,2.37%,1.01,11.91,4.39%,-0.18%,4.57%,,,,
1963.05,70.14,2.18,3.80,30.50,1963.37,3.93,765.96,23.84," 91,666.99 ",41.46," 4,961.92 ",20.51,,24.23,,2.29%,1.00,11.98,3.81%,-0.39%,4.20%,,,,
1963.06,70.11,2.20,3.84,30.60,1963.46,3.99,763.13,23.95," 91,567.16 ",41.80," 5,015.23 ",20.38,,24.08,,2.25%,1.00,11.93,3.55%,-0.39%,3.93%,,,,
1963.07,69.07,2.20,3.88,30.70,1963.54,4.02,749.36,23.90," 90,154.05 ",42.10," 5,064.39 ",19.97,,23.58,,2.36%,1.00,11.90,3.81%,-0.49%,4.30%,,,,
1963.08,70.98,2.21,3.92,30.70,1963.62,4.00,770.08,23.94," 92,887.12 ",42.53," 5,129.86 ",20.47,,24.16,,2.21%,1.00,11.96,3.14%,-0.85%,3.99%,,,,
1963.09,72.85,2.21,3.96,30.70,1963.71,4.08,790.37,23.98," 95,575.28 ",42.96," 5,195.31 ",20.96,,24.73,,2.02%,1.00,11.92,3.03%,-0.56%,3.59%,,,,
1963.1,73.03,2.23,3.98,30.80,1963.79,4.11,789.75,24.15," 95,743.73 ",43.04," 5,217.86 ",20.89,,24.63,,2.00%,1.00,11.89,3.35%,-0.36%,3.71%,,,,
1963.11,72.62,2.26,4.00,30.80,1963.87,4.12,785.32,24.40," 95,452.75 ",43.26," 5,257.66 ",20.72,,24.42,,2.07%,1.00,11.92,2.58%,-0.35%,2.93%,,,,
1963.12,74.17,2.28,4.02,30.90,1963.96,4.13,799.48,24.58," 97,423.52 ",43.33," 5,280.34 ",21.04,,24.79,,2.02%,1.00,11.92,1.59%,-0.36%,1.95%,,,,
1964.01,76.45,2.30,4.07,30.90,1964.04,4.17,824.06,24.76," 100,669.73 ",43.91," 5,363.78 ",21.63,,25.47,,1.85%,1.01,11.92,1.34%,-0.57%,1.91%,,,,
1964.02,77.39,2.31,4.13,30.90,1964.12,4.15,834.19,24.94," 102,161.38 ",44.48," 5,447.56 ",21.83,,25.70,,1.83%,1.00,11.98,0.81%,-0.67%,1.48%,,,,
1964.03,78.80,2.33,4.18,30.90,1964.21,4.22,849.39,25.12," 104,279.02 ",45.06," 5,531.55 ",22.17,,26.08,,1.69%,1.00,11.95,0.93%,-0.89%,1.82%,,,,
1964.04,79.94,2.35,4.23,30.90,1964.29,4.23,861.68,25.29," 106,046.41 ",45.60," 5,611.41 ",22.42,,26.37,,1.66%,1.01,11.98,0.22%,-1.11%,1.33%,,,,
1964.05,80.72,2.36,4.28,30.90,1964.37,4.20,870.09,25.47," 107,342.40 ",46.13," 5,691.59 ",22.57,,26.54,,1.63%,1.01,12.06,-0.30%,-1.28%,0.98%,,,,
1964.06,80.24,2.38,4.33,31.00,1964.46,4.17,862.12,25.57," 106,622.78 ",46.52," 5,753.70 ",22.30,,26.20,,1.74%,1.00,12.09,-0.27%,-1.29%,1.02%,,,,
1964.07,83.22,2.40,4.38,31.10,1964.54,4.19,891.27,25.70," 110,491.93 ",46.87," 5,810.94 ",22.98,,26.99,,1.62%,1.00,12.07,-1.89%,-1.48%,-0.41%,,,,
1964.08,82.00,2.42,4.42,31.00,1964.62,4.19,881.03,26.00," 109,491.94 ",47.53," 5,906.33 ",22.65,,26.58,,1.65%,1.00,12.15,-2.30%,-1.76%,-0.54%,,,,
1964.09,83.41,2.44,4.47,31.10,1964.71,4.20,893.30,26.13," 111,287.18 ",47.87," 5,963.96 ",22.89,,26.85,,1.67%,1.00,12.15,-3.60%,-1.81%,-1.79%,,,,
1964.1,84.85,2.46,4.50,31.10,1964.79,4.19,908.72,26.35," 113,481.97 ",48.16," 6,014.04 ",23.21,,27.21,,1.62%,1.01,12.20,-3.65%,-1.79%,-1.87%,,,,
1964.11,85.44,2.48,4.52,31.20,1964.87,4.15,912.11,26.48," 114,180.33 ",48.29," 6,044.89 ",23.23,,27.21,,1.69%,1.00,12.24,-3.43%,-1.68%,-1.75%,,,,
1964.12,83.96,2.50,4.55,31.20,1964.96,4.18,896.31,26.69," 112,480.90 ",48.57," 6,095.62 ",22.75,,26.65,,1.78%,1.00,12.25,-3.97%,-1.54%,-2.43%,,,,
1965.01,86.12,2.52,4.59,31.20,1965.04,4.19,919.37,26.87," 115,655.61 ",49.04," 6,168.65 ",23.27,,27.24,,1.68%,1.00,12.29,-3.48%,-1.59%,-1.89%,,,,
1965.02,86.75,2.53,4.64,31.20,1965.12,4.21,926.09,27.04," 116,785.19 ",49.50," 6,242.01 ",23.37,,27.34,,1.64%,1.00,12.31,-2.65%,-1.55%,-1.10%,,,,
1965.03,86.83,2.55,4.68,31.30,1965.21,4.21,923.99,27.14," 116,804.58 ",49.80," 6,295.58 ",23.25,,27.19,,1.69%,1.00,12.31,-2.21%,-1.76%,-0.46%,,,,
1965.04,87.97,2.57,4.73,31.40,1965.29,4.20,933.14,27.26," 118,248.43 ",50.21," 6,362.50 ",23.42,,27.37,,1.70%,1.00,12.33,-2.23%,-2.08%,-0.15%,,,,
1965.05,89.28,2.59,4.79,31.40,1965.37,4.21,947.03,27.47," 120,299.44 ",50.77," 6,449.75 ",23.71,,27.68,,1.64%,1.00,12.36,-1.81%,-1.98%,0.17%,,,,
1965.06,85.04,2.61,4.84,31.60,1965.46,4.21,896.35,27.51," 114,152.28 ",51.02," 6,496.91 ",22.39,,26.12,,1.96%,1.00,12.33,-1.09%,-1.83%,0.74%,,,,
1965.07,84.91,2.63,4.89,31.60,1965.54,4.20,894.98,27.69," 114,271.60 ",51.51," 6,576.46 ",22.30,,26.01,,1.95%,1.00,12.38,-1.17%,-2.05%,0.88%,,,,
1965.08,86.49,2.64,4.93,31.60,1965.62,4.25,911.63,27.86," 116,694.41 ",52.00," 6,656.17 ",22.67,,26.42,,1.82%,1.00,12.37,-2.11%,-2.22%,0.12%,,,,
1965.09,89.38,2.66,4.98,31.60,1965.71,4.29,942.09,28.04," 120,892.74 ",52.49," 6,735.80 ",23.37,,27.22,,1.61%,1.00,12.38,-2.59%,-2.23%,-0.36%,,,,
1965.1,91.39,2.68,5.05,31.70,1965.79,4.35,960.24,28.16," 123,522.59 ",53.06," 6,825.57 ",23.78,,27.67,,1.51%,1.00,12.32,-2.38%,-1.98%,-0.40%,,,,
1965.11,92.15,2.70,5.12,31.70,1965.87,4.45,968.23,28.37," 124,853.91 ",53.80," 6,937.08 ",23.93,,27.82,,1.39%,0.99,12.27,-2.36%,-1.88%,-0.47%,,,,
1965.12,91.73,2.72,5.19,31.80,1965.96,4.62,960.78,28.49," 124,200.17 ",54.36," 7,027.13 ",23.69,,27.53,,1.33%,1.00,12.11,-2.46%,-1.69%,-0.76%,,,,
1966.01,93.32,2.74,5.24,31.80,1966.04,4.61,977.44,28.70," 126,662.15 ",54.88," 7,112.19 ",24.06,,27.92,,1.27%,0.99,12.17,-1.77%,-1.52%,-0.26%,,,,
1966.02,92.69,2.76,5.29,32.00,1966.12,4.83,964.77,28.73," 125,330.99 ",55.06," 7,152.89 ",23.70,,27.48,,1.18%,1.00,11.93,-1.30%,-1.33%,0.03%,,,,
1966.03,88.88,2.78,5.34,32.10,1966.21,4.87,922.23,28.85," 120,117.17 ",55.41," 7,216.76 ",22.61,,26.20,,1.37%,1.01,11.90,-0.82%,-1.22%,0.40%,,,,
1966.04,91.60,2.80,5.38,32.30,1966.29,4.75,944.57,28.84," 123,339.62 ",55.48," 7,244.18 ",23.11,,26.76,,1.42%,1.00,11.99,-1.01%,-1.15%,0.14%,,,,
1966.05,86.78,2.81,5.42,32.30,1966.37,4.78,894.87,29.01," 117,165.15 ",55.89," 7,317.76 ",21.85,,25.28,,1.60%,1.00,12.01,-0.61%,-1.40%,0.79%,,,,
1966.06,86.06,2.83,5.46,32.40,1966.46,4.81,884.70,29.09," 116,151.86 ",56.13," 7,369.15 ",21.56,,24.93,,1.59%,0.99,11.99,-0.49%,-1.35%,0.86%,,,,
1966.07,85.84,2.85,5.48,32.50,1966.54,5.02,879.72,29.21," 115,818.01 ",56.13," 7,389.29 ",21.38,,24.71,,1.38%,0.99,11.80,-0.25%,-1.16%,0.92%,,,,
1966.08,80.65,2.87,5.49,32.70,1966.62,5.22,821.48,29.23," 108,470.68 ",55.95," 7,388.29 ",19.91,,23.01,,1.62%,1.01,11.60,0.30%,-0.94%,1.24%,,,,
1966.09,77.81,2.89,5.51,32.70,1966.71,5.18,792.55,29.44," 104,974.92 ",56.12," 7,433.64 ",19.16,,22.14,,1.82%,1.02,11.68,0.84%,-0.86%,1.69%,,,,
1966.1,77.13,2.88,5.52,32.90,1966.79,5.01,780.85,29.19," 103,747.14 ",55.92," 7,429.40 ",18.83,,21.75,,2.11%,0.99,11.82,0.59%,-0.84%,1.42%,,,,
1966.11,80.99,2.88,5.54,32.90,1966.87,5.16,819.93,29.12," 109,261.66 ",56.05," 7,469.39 ",19.71,,22.77,,1.72%,1.03,11.73,0.01%,-0.63%,0.65%,,,,
1966.12,81.33,2.87,5.55,32.90,1966.96,4.84,823.37,29.06," 110,043.00 ",56.19," 7,509.39 ",19.74,,22.79,,2.00%,1.02,12.08,0.28%,-0.60%,0.88%,,,,
1967.01,84.45,2.88,5.52,32.90,1967.04,4.58,854.96,29.16," 114,589.22 ",55.85," 7,485.51 ",20.43,,23.59,,2.09%,1.00,12.37,-0.23%,-1.08%,0.85%,,,,
1967.02,87.36,2.89,5.48,32.90,1967.12,4.63,884.42,29.26," 118,864.55 ",55.51," 7,460.78 ",21.07,,24.32,,1.85%,1.01,12.37,-0.93%,-1.24%,0.31%,,,,
1967.03,89.42,2.90,5.45,33.00,1967.21,4.54,902.53,29.27," 121,626.58 ",55.01," 7,412.94 ",21.44,,24.74,,1.85%,1.00,12.47,-1.23%,-1.38%,0.14%,,,,
1967.04,90.96,2.90,5.41,33.10,1967.29,4.59,915.30,29.18," 123,675.18 ",54.44," 7,355.79 ",21.69,,25.01,,1.75%,0.98,12.43,-1.60%,-1.31%,-0.29%,,,,
1967.05,92.59,2.90,5.37,33.20,1967.37,4.85,928.89,29.09," 125,839.84 ",53.87," 7,298.41 ",21.95,,25.30,,1.42%,0.99,12.19,-1.81%,-1.16%,-0.65%,,,,
1967.06,91.43,2.90,5.33,33.30,1967.46,5.02,914.50,29.01," 124,217.57 ",53.31," 7,241.38 ",21.55,,24.84,,1.33%,0.99,12.04,-1.66%,-0.92%,-0.74%,,,,
1967.07,93.01,2.91,5.32,33.40,1967.54,5.16,927.52,28.99," 126,313.94 ",53.05," 7,224.92 ",21.80,,25.12,,1.10%,1.00,11.92,-1.75%,-0.85%,-0.90%,,,,
1967.08,94.49,2.91,5.31,33.50,1967.62,5.28,939.47,28.97," 128,269.55 ",52.79," 7,208.29 ",22.03,,25.37,,0.96%,1.00,11.83,-2.14%,-0.79%,-1.35%,,,,
1967.09,95.81,2.92,5.30,33.60,1967.71,5.30,949.76,28.95," 130,003.69 ",52.54," 7,191.52 ",22.22,,25.58,,0.93%,0.99,11.83,-2.41%,-0.72%,-1.70%,,,,
1967.1,95.66,2.92,5.31,33.70,1967.79,5.48,945.46,28.86," 129,744.19 ",52.48," 7,201.98 ",22.07,,25.40,,0.81%,0.98,11.68,-2.64%,-0.69%,-1.95%,,,,
1967.11,92.66,2.92,5.32,33.80,1967.87,5.75,913.10,28.77," 125,632.51 ",52.42," 7,213.09 ",21.26,,24.46,,0.71%,1.01,11.46,-2.28%,-0.53%,-1.75%,,,,
1967.12,95.30,2.92,5.33,33.90,1967.96,5.70,936.34,28.69," 129,159.73 ",52.37," 7,223.73 ",21.75,,25.02,,0.68%,1.02,11.53,-2.59%,-0.63%,-1.96%,,,,
1968.01,95.04,2.93,5.37,34.10,1968.04,5.53,928.31,28.62," 128,380.87 ",52.42," 7,249.34 ",21.51,,24.74,,0.89%,1.00,11.66,-2.93%,-0.93%,-2.00%,,,,
1968.02,90.75,2.94,5.40,34.20,1968.12,5.56,883.81,28.63," 122,557.44 ",52.62," 7,297.17 ",20.42,,23.49,,1.14%,0.99,11.66,-2.63%,-0.97%,-1.66%,,,,
1968.03,89.09,2.95,5.44,34.30,1968.21,5.74,865.12,28.65," 120,295.87 ",52.83," 7,345.49 ",19.93,,22.92,,1.04%,1.01,11.52,-2.50%,-0.87%,-1.63%,,,,
1968.04,95.67,2.96,5.48,34.40,1968.29,5.64,926.31,28.69," 129,137.62 ",53.09," 7,401.53 ",21.28,,24.47,,0.82%,0.99,11.63,-2.81%,-1.05%,-1.76%,,,,
1968.05,97.87,2.98,5.53,34.50,1968.37,5.87,944.87,28.74," 132,058.17 ",53.36," 7,457.26 ",21.63,,24.87,,0.54%,1.02,11.45,-2.60%,-1.05%,-1.54%,,,,
1968.06,100.50,2.99,5.57,34.70,1968.46,5.72,964.67,28.70," 135,159.56 ",53.46," 7,490.93 ",22.00,,25.30,,0.67%,1.02,11.57,-2.86%,-1.27%,-1.59%,,,,
1968.07,100.30,3.00,5.60,34.90,1968.54,5.50,957.23,28.66," 134,452.24 ",53.44," 7,506.80 ",21.75,,25.01,,0.97%,1.01,11.75,-2.89%,-1.54%,-1.35%,,,,
1968.08,98.11,3.02,5.63,35.00,1968.62,5.42,933.65,28.71," 131,476.80 ",53.58," 7,544.74 ",21.14,,24.30,,1.24%,1.00,11.84,-2.03%,-1.45%,-0.58%,,,,
1968.09,101.30,3.03,5.66,35.10,1968.71,5.46,961.26,28.75," 135,702.36 ",53.71," 7,582.19 ",21.68,,24.92,,1.12%,1.00,11.82,-2.37%,-1.44%,-0.93%,,,,
1968.1,103.80,3.04,5.69,35.30,1968.79,5.58,979.41,28.72," 138,601.37 ",53.72," 7,602.15 ",22.00,,25.29,,0.99%,1.00,11.70,-2.94%,-1.51%,-1.43%,,,,
1968.11,105.40,3.06,5.73,35.40,1968.87,5.70,991.69,28.76," 140,679.41 ",53.88," 7,643.50 ",22.20,,25.51,,0.82%,0.98,11.62,-3.66%,-1.52%,-2.15%,,,,
1968.12,106.50,3.07,5.76,35.50,1968.96,6.03,999.22,28.80," 142,087.69 ",54.04," 7,684.74 ",22.28,,25.60,,0.54%,1.00,11.35,-3.62%,-1.39%,-2.23%,,,,
1969.01,102.00,3.08,5.78,35.60,1969.04,6.04,954.31,28.82," 136,043.20 ",54.08," 7,709.11 ",21.19,,24.36,,0.75%,0.99,11.37,-2.89%,-1.48%,-1.41%,,,,
1969.02,101.50,3.09,5.80,35.80,1969.12,6.19,944.33,28.75," 134,961.55 ",53.96," 7,712.09 ",20.90,,24.02,,0.76%,1.00,11.24,-3.03%,-1.40%,-1.62%,,,,
1969.03,99.30,3.10,5.82,36.10,1969.21,6.30,916.18,28.60," 131,279.66 ",53.70," 7,694.34 ",20.20,,23.22,,0.90%,1.01,11.11,-2.63%,-1.33%,-1.30%,,,,
1969.04,101.30,3.11,5.83,36.30,1969.29,6.17,929.49,28.54," 133,526.64 ",53.46," 7,680.31 ",20.43,,23.48,,1.00%,0.99,11.22,-2.67%,-1.50%,-1.17%,,,,
1969.05,104.60,3.12,5.83,36.40,1969.37,6.32,957.13,28.55," 137,839.46 ",53.38," 7,687.03 ",20.97,,24.11,,0.75%,0.99,11.12,-3.29%,-1.51%,-1.78%,,,,
1969.06,99.14,3.13,5.84,36.60,1969.46,6.57,902.21,28.48," 130,272.34 ",53.15," 7,673.90 ",19.71,,22.66,,0.82%,0.99,10.92,-2.62%,-1.14%,-1.47%,,,,
1969.07,94.71,3.14,5.86,36.80,1969.54,6.72,857.21,28.39," 124,116.45 ",53.01," 7,675.10 ",18.68,,21.48,,0.97%,1.01,10.80,-2.11%,-1.10%,-1.02%,,,,
1969.08,94.18,3.14,5.87,37.00,1969.62,6.69,847.81,28.30," 123,096.16 ",52.87," 7,676.62 ",18.43,,21.19,,1.13%,0.97,10.82,-1.64%,-1.19%,-0.45%,,,,
1969.09,94.51,3.15,5.89,37.10,1969.71,7.16,848.49,28.28," 123,536.70 ",52.88," 7,698.99 ",18.40,,21.16,,0.66%,1.01,10.49,-1.63%,-1.11%,-0.52%,,,,
1969.1,95.52,3.15,5.85,37.30,1969.79,7.10,852.95,28.16," 124,529.06 ",52.27," 7,630.96 ",18.45,,21.22,,0.73%,1.00,10.55,-2.13%,-1.77%,-0.36%,,,,
1969.11,96.21,3.16,5.82,37.50,1969.87,7.14,854.53,28.04," 125,100.78 ",51.66," 7,563.35 ",18.44,,21.22,,0.75%,0.97,10.52,-2.29%,-1.96%,-0.33%,,,,
1969.12,91.11,3.16,5.78,37.70,1969.96,7.65,804.94,27.92," 118,181.41 ",51.07," 7,497.41 ",17.33,,19.95,,0.64%,1.00,10.16,-1.41%,-1.48%,0.06%,,,,
1970.01,90.31,3.16,5.73,37.80,1970.04,7.79,795.76,27.87," 117,174.84 ",50.49," 7,434.52 ",17.09,,19.68,,0.64%,1.05,10.10,-1.15%,-1.72%,0.57%,,,,
1970.02,87.16,3.17,5.68,38.00,1970.12,7.24,763.97,27.76," 112,833.19 ",49.79," 7,353.06 ",16.37,,18.87,,1.47%,1.02,10.50,-0.49%,-3.08%,2.59%,,,,
1970.03,88.65,3.17,5.63,38.20,1970.21,7.07,772.96,27.64," 114,501.41 ",49.09," 7,271.78 ",16.53,,19.06,,1.63%,0.98,10.63,-1.69%,-3.43%,1.75%,,,,
1970.04,85.95,3.17,5.59,38.50,1970.29,7.39,743.58,27.45," 110,487.91 ",48.39," 7,190.17 ",15.87,,18.31,,1.61%,0.97,10.38,-1.56%,-2.50%,0.94%,,,,
1970.05,76.06,3.18,5.56,38.60,1970.37,7.91,656.31,27.41," 97,860.52 ",47.95," 7,149.34 ",13.98,,16.15,,1.97%,1.01,10.04,0.03%,-1.43%,1.47%,,,,
1970.06,75.59,3.18,5.52,38.80,1970.46,7.84,648.89,27.30," 97,093.69 ",47.39," 7,090.32 ",13.80,,15.96,,2.15%,1.03,10.11,0.67%,-1.28%,1.94%,,,,
1970.07,75.72,3.18,5.47,39.00,1970.54,7.46,646.68,27.19," 97,100.89 ",46.69," 7,010.28 ",13.73,,15.89,,2.62%,1.00,10.39,1.16%,-1.76%,2.91%,,,,
1970.08,77.92,3.19,5.41,39.00,1970.62,7.53,665.46,27.22," 100,262.64 ",46.23," 6,965.54 ",14.10,,16.34,,2.36%,1.02,10.40,1.11%,-2.26%,3.37%,,,,
1970.09,82.58,3.19,5.36,39.20,1970.71,7.39,701.66,27.10," 106,057.02 ",45.54," 6,883.82 ",14.84,,17.22,,2.20%,1.01,10.51,0.74%,-2.60%,3.34%,,,,
1970.1,84.37,3.17,5.28,39.40,1970.79,7.33,713.23,26.83," 108,143.78 ",44.66," 6,772.07 ",15.06,,17.49,,2.14%,1.04,10.57,0.78%,-2.78%,3.56%,,,,
1970.11,84.28,3.16,5.21,39.60,1970.87,6.84,708.88,26.55," 107,818.30 ",43.79," 6,660.82 ",14.95,,17.37,,2.73%,1.04,10.95,1.18%,-3.63%,4.81%,,,,
1970.12,90.05,3.14,5.13,39.80,1970.96,6.39,753.60,26.28," 114,953.95 ",42.93," 6,548.74 ",15.87,,18.45,,2.85%,1.02,11.32,0.32%,-4.02%,4.33%,,,,
1971.01,93.49,3.13,5.16,39.80,1971.04,6.24,782.39,26.19," 119,678.28 ",43.18," 6,605.41 ",16.46,,19.15,,2.77%,1.01,11.50,-0.17%,-4.01%,3.84%,,,,
1971.02,97.11,3.12,5.19,39.90,1971.12,6.11,810.65,26.04," 124,332.74 ",43.32," 6,644.91 ",17.03,,19.82,,2.72%,1.04,11.64,-0.96%,-4.45%,3.49%,,,,
1971.03,99.60,3.11,5.22,40.00,1971.21,5.70,829.35,25.90," 127,532.95 ",43.47," 6,683.96 ",17.40,,20.26,,3.03%,0.99,12.03,-0.88%,-4.69%,3.82%,,,,
1971.04,103.00,3.11,5.25,40.10,1971.29,5.83,855.53,25.80," 131,888.26 ",43.63," 6,726.72 ",17.92,,20.88,,2.76%,0.96,11.94,-1.15%,-4.87%,3.72%,,,,
1971.05,101.60,3.10,5.29,40.30,1971.37,6.39,839.71,25.65," 129,779.46 ",43.69," 6,752.96 ",17.56,,20.46,,2.37%,1.00,11.46,-1.23%,-4.65%,3.42%,,,,
1971.06,99.72,3.10,5.32,40.60,1971.46,6.52,818.08,25.43," 126,764.36 ",43.64," 6,762.80 ",17.08,,19.91,,2.47%,0.99,11.32,-1.00%,-4.19%,3.20%,,,,
1971.07,99.00,3.10,5.36,40.70,1971.54,6.73,810.18,25.34," 125,867.12 ",43.84," 6,810.39 ",16.89,,19.69,,2.29%,1.02,11.19,-1.24%,-4.49%,3.25%,,,,
1971.08,97.24,3.09,5.39,40.80,1971.62,6.58,793.83,25.25," 123,653.40 ",44.03," 6,858.33 ",16.52,,19.27,,2.63%,1.04,11.34,-1.06%,-4.91%,3.85%,,,,
1971.09,99.40,3.09,5.43,40.80,1971.71,6.14,811.46,25.23," 126,727.57 ",44.33," 6,922.84 ",16.86,,19.67,,2.91%,1.02,11.77,-2.25%,-5.42%,3.17%,,,,
1971.1,97.29,3.08,5.52,40.90,1971.79,5.93,792.29,25.11," 124,060.99 ",44.95," 7,038.92 ",16.43,,19.18,,3.30%,1.01,11.99,-1.89%,-5.41%,3.52%,,,,
1971.11,92.78,3.08,5.61,40.90,1971.87,5.81,755.56,25.06," 118,636.93 ",45.69," 7,173.45 ",15.64,,18.27,,3.73%,1.00,12.16,-1.19%,-4.59%,3.40%,,,,
1971.12,99.17,3.07,5.70,41.10,1971.96,5.93,803.67,24.88," 126,516.23 ",46.19," 7,271.78 ",16.60,,19.41,,3.29%,1.00,12.05,-1.74%,-4.60%,2.86%,,,,
1972.01,103.30,3.07,5.74,41.10,1972.04,5.95,837.14,24.88," 132,111.46 ",46.49," 7,336.69 ",17.26,,20.18,,3.04%,1.00,12.09,-2.67%,-4.99%,2.32%,,,,
1972.02,105.20,3.07,5.77,41.30,1972.12,6.08,848.41,24.76," 134,215.46 ",46.56," 7,365.69 ",17.46,,20.42,,2.86%,1.01,11.98,-3.04%,-4.74%,1.69%,,,,
1972.03,107.70,3.07,5.81,41.40,1972.21,6.07,866.47,24.70," 137,398.70 ",46.74," 7,412.13 ",17.81,,20.82,,2.79%,1.00,12.02,-3.53%,-4.36%,0.83%,,,,
1972.04,108.80,3.07,5.86,41.50,1972.29,6.19,873.22,24.64," 138,793.16 ",47.06," 7,479.69 ",17.92,,20.95,,2.62%,1.01,11.94,-3.15%,-4.24%,1.08%,,,,
1972.05,107.70,3.07,5.92,41.60,1972.37,6.13,862.31,24.58," 137,385.24 ",47.37," 7,547.48 ",17.66,,20.65,,2.79%,1.01,12.03,-3.09%,-4.16%,1.07%,,,,
1972.06,108.00,3.07,5.97,41.70,1972.46,6.11,862.64,24.52," 137,763.11 ",47.68," 7,615.24 ",17.64,,20.63,,2.84%,1.01,12.08,-3.76%,-4.55%,0.80%,,,,
1972.07,107.20,3.07,6.03,41.90,1972.54,6.11,852.16,24.43," 136,415.07 ",47.91," 7,669.11 ",17.40,,20.35,,2.93%,1.00,12.08,-3.69%,-4.32%,0.63%,,,,
1972.08,111.00,3.08,6.08,42.00,1972.62,6.21,880.27,24.40," 141,239.85 ",48.24," 7,740.62 ",17.94,,20.98,,2.68%,0.98,12.02,-3.97%,-3.72%,-0.24%,,,,
1972.09,109.40,3.08,6.14,42.10,1972.71,6.55,865.52,24.37," 139,199.12 ",48.58," 7,812.46 ",17.61,,20.60,,2.44%,1.01,11.76,-2.74%,-3.04%,0.30%,,,,
1972.1,109.60,3.10,6.23,42.30,1972.79,6.48,863.00,24.44," 139,121.74 ",49.08," 7,912.33 ",17.53,,20.50,,2.58%,1.02,11.83,-1.94%,-2.23%,0.29%,,,,
1972.11,115.10,3.13,6.33,42.40,1972.87,6.28,904.17,24.56," 146,088.59 ",49.70," 8,030.01 ",18.34,,21.44,,2.56%,1.00,12.04,-1.96%,-2.08%,0.12%,,,,
1972.12,117.50,3.15,6.42,42.50,1972.96,6.36,920.85,24.69," 149,116.23 ",50.31," 8,147.46 ",18.65,,21.80,,2.41%,1.00,12.00,-1.99%,-1.92%,-0.07%,,,,
1973.01,118.40,3.16,6.55,42.60,1973.04,6.46,925.73,24.68," 150,238.74 ",51.19," 8,307.12 ",18.71,,21.87,,2.32%,0.99,11.95,-1.71%,-1.76%,0.05%,,,,
1973.02,114.20,3.16,6.67,42.90,1973.12,6.64,886.64,24.56," 144,228.13 ",51.81," 8,428.04 ",17.89,,20.91,,2.45%,1.00,11.78,-1.11%,-1.70%,0.59%,,,,
1973.03,112.40,3.17,6.80,43.30,1973.21,6.71,864.61,24.38," 140,974.01 ",52.31," 8,528.68 ",17.41,,20.35,,2.60%,1.01,11.67,-0.51%,-1.40%,0.89%,,,,
1973.04,110.30,3.19,6.94,43.60,1973.29,6.67,842.62,24.34," 137,719.05 ",53.04," 8,669.35 ",16.94,,19.79,,2.87%,0.99,11.69,0.07%,-1.33%,1.40%,,,,
1973.05,107.20,3.20,7.09,43.90,1973.37,6.85,813.34,24.30," 133,264.78 ",53.77," 8,809.73 ",16.31,,19.06,,2.99%,1.00,11.53,0.77%,-1.15%,1.92%,,,,
1973.06,104.80,3.22,7.23,44.20,1973.46,6.90,789.73,24.26," 129,728.29 ",54.48," 8,949.77 ",15.81,,18.47,,3.17%,0.99,11.47,1.19%,-1.34%,2.52%,,,,
1973.07,105.80,3.24,7.38,44.30,1973.54,7.13,795.47,24.34," 131,003.64 ",55.51," 9,142.18 ",15.89,,18.57,,2.90%,0.99,11.32,1.12%,-1.47%,2.59%,,,,
1973.08,103.80,3.25,7.54,45.10,1973.62,7.40,766.59,24.03," 126,577.08 ",55.66," 9,190.46 ",15.28,,17.85,,3.07%,1.03,10.98,1.19%,-1.37%,2.56%,,,,
1973.09,105.60,3.27,7.69,45.20,1973.71,7.09,778.15,24.10," 128,818.73 ",56.67," 9,380.83 ",15.48,,18.08,,3.32%,1.03,11.26,1.29%,-1.46%,2.76%,,,,
1973.1,109.80,3.31,7.85,45.60,1973.79,6.79,802.01,24.15," 133,100.46 ",57.31," 9,511.80 ",15.91,,18.59,,3.50%,1.01,11.47,1.00%,-1.52%,2.51%,,,,
1973.11,102.00,3.34,8.00,45.90,1973.87,6.73,740.16,24.26," 123,172.63 ",58.08," 9,664.62 ",14.65,,17.12,,4.17%,1.00,11.51,1.65%,-1.56%,3.21%,,,,
1973.12,94.78,3.38,8.16,46.20,1973.96,6.74,683.31,24.37," 114,048.65 ",58.83," 9,818.92 ",13.49,,15.77,,4.78%,0.99,11.49,2.41%,-1.54%,3.95%,,,,
1974.01,96.11,3.40,8.23,46.60,1974.04,6.99,686.95,24.30," 114,994.35 ",58.80," 9,843.10 ",13.53,,15.82,,4.59%,1.01,11.25,2.42%,-1.20%,3.62%,,,,
1974.02,93.45,3.42,8.29,47.20,1974.12,6.96,659.44,24.13," 110,727.03 ",58.52," 9,826.60 ",12.96,,15.15,,5.09%,0.99,11.20,2.22%,-1.20%,3.43%,,,,
1974.03,97.44,3.44,8.36,47.80,1974.21,7.21,678.97,23.97," 114,340.88 ",58.25," 9,810.03 ",13.31,,15.57,,4.76%,0.99,10.93,1.92%,-1.15%,3.08%,,,,
1974.04,92.46,3.46,8.49,48.00,1974.29,7.51,641.58,24.01," 108,381.97 ",58.89," 9,948.11 ",12.55,,14.69,,4.96%,1.00,10.72,2.47%,-1.08%,3.55%,,,,
1974.05,89.67,3.48,8.61,48.60,1974.37,7.58,614.54,23.85," 104,149.59 ",59.03," 10,004.18 ",12.00,,14.05,,5.39%,1.01,10.60,2.82%,-1.33%,4.15%,,,,
1974.06,89.79,3.50,8.74,49.00,1974.46,7.54,610.34,23.79," 103,773.62 ",59.41," 10,101.14 ",11.89,,13.93,,5.56%,0.99,10.61,2.64%,-1.33%,3.97%,,,,
1974.07,79.31,3.53,8.86,49.40,1974.54,7.81,534.74,23.80," 91,256.53 ",59.76," 10,198.42 ",10.39,,12.19,,6.55%,0.99,10.40,3.83%,-0.95%,4.78%,,,,
1974.08,76.03,3.56,8.99,50.00,1974.62,8.04,506.47,23.71," 86,769.93 ",59.86," 10,256.12 ",9.82,,11.53,,7.04%,1.01,10.18,5.24%,-0.32%,5.56%,,,,
1974.09,68.12,3.59,9.11,50.60,1974.71,8.04,448.40,23.63," 77,158.10 ",59.97," 10,318.71 ",8.68,,10.21,,8.47%,1.02,10.12,6.58%,-0.10%,6.68%,,,,
1974.1,69.44,3.59,9.04,51.10,1974.79,7.90,452.62,23.42," 78,219.49 ",58.90," 10,179.20 ",8.74,,10.30,,8.63%,1.02,10.19,6.36%,0.11%,6.25%,,,,
1974.11,71.74,3.60,8.96,51.50,1974.87,7.68,463.97,23.26," 80,517.63 ",57.97," 10,060.02 ",8.95,,10.55,,8.63%,1.02,10.33,6.19%,0.42%,5.77%,,,,
1974.12,67.07,3.60,8.89,51.90,1974.96,7.43,430.43,23.10," 75,030.18 ",57.05," 9,945.11 ",8.29,,9.79,,9.85%,1.00,10.49,6.87%,0.39%,6.47%,,,,
1975.01,72.56,3.62,8.74,52.10,1975.04,7.50,463.87,23.16," 81,196.65 ",55.90," 9,784.03 ",8.92,,10.55,,8.97%,1.01,10.47,6.49%,0.57%,5.93%,,,,
1975.02,80.10,3.65,8.60,52.50,1975.12,7.39,508.18,23.14," 89,288.66 ",54.54," 9,582.84 ",9.76,,11.56,,8.20%,0.98,10.53,6.03%,0.47%,5.56%,,,,
1975.03,83.78,3.67,8.45,52.70,1975.21,7.73,529.51,23.20," 93,376.01 ",53.41," 9,417.85 ",10.16,,12.04,,7.46%,0.97,10.31,5.47%,0.54%,4.93%,,,,
1975.04,84.72,3.68,8.29,52.90,1975.29,8.23,533.42,23.19," 94,407.49 ",52.18," 9,234.23 ",10.23,,12.13,,6.90%,1.02,9.99,5.41%,1.16%,4.25%,,,,
1975.05,90.10,3.70,8.12,53.20,1975.37,8.06,564.10,23.14," 100,177.84 ",50.86," 9,031.94 ",10.82,,12.84,,6.60%,1.02,10.12,5.03%,1.44%,3.59%,,,,
1975.06,92.40,3.71,7.96,53.60,1975.46,7.86,574.18,23.05," 102,309.60 ",49.46," 8,813.68 ",11.01,,13.07,,6.65%,0.99,10.25,5.04%,1.80%,3.24%,,,,
1975.07,92.49,3.71,7.89,54.20,1975.54,8.06,568.38,22.80," 101,614.11 ",48.51," 8,672.00 ",10.90,,12.95,,6.66%,0.98,10.06,5.33%,1.96%,3.37%,,,,
1975.08,85.71,3.71,7.83,54.30,1975.62,8.40,525.74,22.76," 94,330.89 ",48.01," 8,613.89 ",10.09,,12.00,,7.07%,1.00,9.88,5.90%,2.20%,3.70%,,,,
1975.09,84.67,3.71,7.76,54.60,1975.71,8.43,516.51,22.63," 93,012.66 ",47.34," 8,524.60 ",9.92,,11.81,,7.27%,1.03,9.88,5.81%,2.24%,3.58%,,,,
1975.1,88.57,3.70,7.83,54.90,1975.79,8.14,537.35,22.45," 97,102.12 ",47.48," 8,580.63 ",10.33,,12.30,,7.19%,1.01,10.09,5.48%,2.15%,3.32%,,,,
1975.11,90.07,3.69,7.89,55.30,1975.87,8.05,542.49,22.22," 98,367.04 ",47.54," 8,620.45 ",10.44,,12.44,,7.25%,1.01,10.14,5.97%,2.45%,3.52%,,,,
1975.12,88.70,3.68,7.96,55.50,1975.96,8.00,532.32,22.08," 96,855.47 ",47.77," 8,691.88 ",10.25,,12.23,,7.48%,1.02,10.21,6.65%,2.77%,3.88%,,,,
1976.01,96.86,3.68,8.19,55.60,1976.04,7.74,580.24,22.07," 105,910.07 ",49.08," 8,958.87 ",11.19,,13.34,,6.95%,1.00,10.44,5.76%,2.64%,3.12%,,,,
1976.02,100.60,3.69,8.43,55.80,1976.12,7.79,600.49,22.01," 109,939.97 ",50.30," 9,209.02 ",11.59,,13.83,,6.56%,1.01,10.43,5.98%,3.08%,2.90%,,,,
1976.03,101.10,3.69,8.66,55.90,1976.21,7.73,602.39,21.99," 110,624.19 ",51.60," 9,475.82 ",11.63,,13.88,,6.57%,1.02,10.53,6.60%,3.74%,2.86%,,,,
1976.04,101.90,3.71,8.86,56.10,1976.29,7.56,604.99,22.05," 111,439.44 ",52.58," 9,685.79 ",11.69,,13.95,,6.67%,0.98,10.68,6.83%,4.02%,2.81%,,,,
1976.05,101.20,3.74,9.05,56.50,1976.37,7.90,596.59,22.03," 110,228.51 ",53.37," 9,861.02 ",11.53,,13.76,,6.52%,1.01,10.42,6.97%,4.01%,2.96%,,,,
1976.06,101.80,3.76,9.25,56.80,1976.46,7.86,596.95,22.05," 110,635.88 ",54.24," 10,052.87 ",11.54,,13.78,,6.58%,1.01,10.47,7.20%,3.91%,3.29%,,,,
1976.07,104.20,3.79,9.35,57.10,1976.54,7.83,607.82,22.11," 112,990.66 ",54.54," 10,138.80 ",11.76,,14.03,,6.47%,1.01,10.50,6.78%,4.30%,2.47%,,,,
1976.08,103.30,3.82,9.45,57.40,1976.62,7.77,599.42,22.17," 111,772.67 ",54.84," 10,225.09 ",11.60,,13.84,,6.64%,1.02,10.56,7.12%,4.39%,2.73%,,,,
1976.09,105.50,3.85,9.55,57.60,1976.71,7.59,610.06,22.26," 114,102.69 ",55.22," 10,328.73 ",11.81,,14.09,,6.71%,1.02,10.72,6.58%,4.04%,2.54%,,,,
1976.1,101.90,3.92,9.67,57.90,1976.79,7.41,586.19,22.53," 109,989.28 ",55.63," 10,437.65 ",11.35,,13.54,,7.22%,1.01,10.87,6.95%,3.97%,2.99%,,,,
1976.11,101.20,3.98,9.79,58.00,1976.87,7.29,581.16,22.87," 109,403.06 ",56.22," 10,583.56 ",11.25,,13.43,,7.43%,1.04,11.01,7.37%,4.02%,3.36%,,,,
1976.12,104.70,4.05,9.91,58.20,1976.96,6.87,599.19,23.18," 113,161.41 ",56.71," 10,710.88 ",11.60,,13.85,,7.62%,0.98,11.37,7.18%,3.84%,3.35%,,,,
1977.01,103.80,4.10,9.97,58.50,1977.04,7.21,590.99,23.32," 111,980.43 ",56.75," 10,752.14 ",11.44,,13.66,,7.46%,0.99,11.10,7.92%,4.10%,3.82%,,,,
1977.02,101.00,4.14,10.02,59.10,1977.12,7.39,569.21,23.35," 108,222.28 ",56.49," 10,740.04 ",11.01,,13.15,,7.72%,1.00,10.92,8.93%,4.18%,4.76%,,,,
1977.03,100.60,4.19,10.08,59.50,1977.21,7.46,563.15,23.46," 107,440.63 ",56.43," 10,765.42 ",10.90,,13.02,,7.79%,1.01,10.86,9.43%,4.25%,5.18%,,,,
1977.04,99.05,4.25,10.19,60.00,1977.29,7.37,549.85,23.57," 105,278.50 ",56.59," 10,834.28 ",10.64,,12.71,,8.16%,1.00,10.90,9.50%,3.66%,5.85%,,,,
1977.05,98.76,4.30,10.31,60.30,1977.37,7.46,545.51,23.77," 104,827.29 ",56.93," 10,939.89 ",10.55,,12.61,,8.17%,1.02,10.84,9.53%,3.33%,6.20%,,,,
1977.06,99.29,4.36,10.42,60.70,1977.46,7.28,544.83,23.92," 105,078.46 ",57.18," 11,027.47 ",10.53,,12.60,,8.40%,1.00,10.98,9.95%,3.39%,6.56%,,,,
1977.07,100.20,4.41,10.52,61.00,1977.54,7.33,547.11,24.06," 105,906.72 ",57.42," 11,115.66 ",10.57,,12.65,,8.34%,1.00,10.95,10.17%,3.42%,6.75%,,,,
1977.08,97.75,4.45,10.61,61.20,1977.62,7.40,531.99,24.24," 103,370.51 ",57.76," 11,223.55 ",10.27,,12.30,,8.55%,1.01,10.93,11.07%,3.25%,7.82%,,,,
1977.09,96.23,4.50,10.71,61.40,1977.71,7.34,522.01,24.41," 101,826.91 ",58.10," 11,332.91 ",10.07,,12.07,,8.81%,0.99,11.01,10.84%,2.75%,8.09%,,,,
1977.1,93.74,4.56,10.77,61.60,1977.79,7.52,506.86,24.64," 99,270.53 ",58.23," 11,405.42 ",9.77,,11.72,,8.94%,1.00,10.90,9.70%,2.84%,6.86%,,,,
1977.11,94.28,4.61,10.83,61.90,1977.87,7.58,507.31,24.82," 99,763.66 ",58.27," 11,459.91 ",9.77,,11.72,,8.90%,1.00,10.87,8.21%,3.38%,4.83%,,,,
1977.12,93.82,4.67,10.89,62.10,1977.96,7.69,503.20,25.05," 99,367.65 ",58.41," 11,533.93 ",9.68,,11.63,,8.88%,0.99,10.82,8.10%,3.41%,4.69%,,,,
1978.01,90.25,4.71,10.90,62.50,1978.04,7.96,480.96,25.12," 95,388.14 ",58.09," 11,520.56 ",9.24,,11.12,,9.11%,1.00,10.62,8.97%,3.87%,5.10%,,,,
1978.02,88.98,4.76,10.91,62.90,1978.12,8.03,471.17,25.19," 93,864.06 ",57.77," 11,508.84 ",9.05,,10.89,,9.31%,1.01,10.57,9.48%,4.28%,5.19%,,,,
1978.03,88.82,4.80,10.92,63.40,1978.21,8.04,466.62,25.22," 93,374.98 ",57.37," 11,480.01 ",8.95,,10.79,,9.47%,1.00,10.55,9.84%,4.22%,5.62%,,,,
1978.04,92.71,4.84,11.02,63.90,1978.29,8.15,483.24,25.21," 97,122.25 ",57.46," 11,547.92 ",9.26,,11.18,,9.03%,0.99,10.46,9.25%,4.08%,5.17%,,,,
1978.05,97.41,4.87,11.13,64.50,1978.37,8.35,503.02,25.17," 101,518.15 ",57.46," 11,595.96 ",9.63,,11.64,,8.49%,1.00,10.30,8.49%,4.04%,4.45%,,,,
1978.06,97.66,4.91,11.23,65.20,1978.46,8.46,498.90,25.08," 101,107.82 ",57.37," 11,626.47 ",9.55,,11.55,,8.52%,1.00,10.18,9.12%,4.30%,4.82%,,,,
1978.07,97.19,4.95,11.34,65.70,1978.54,8.64,492.72,25.08," 100,278.99 ",57.51," 11,703.82 ",9.43,,11.41,,8.50%,1.02,10.05,9.13%,4.37%,4.76%,,,,
1978.08,103.90,4.98,11.46,66.00,1978.62,8.41,524.34,25.15," 107,141.50 ",57.82," 11,814.13 ",10.02,,12.14,,8.11%,1.01,10.23,8.18%,4.09%,4.09%,,,,
1978.09,103.90,5.02,11.57,66.50,1978.71,8.42,520.40,25.14," 106,764.07 ",57.95," 11,888.93 ",9.94,,12.05,,8.24%,0.99,10.22,8.35%,4.30%,4.06%,,,,
1978.1,100.60,5.04,11.82,67.10,1978.79,8.64,499.36,25.00," 102,876.19 ",58.69," 12,090.82 ",9.53,,11.57,,8.48%,1.00,10.05,9.13%,4.64%,4.49%,,,,
1978.11,94.71,5.05,12.08,67.40,1978.87,8.81,468.03,24.97," 96,850.55 ",59.68," 12,349.65 ",8.93,,10.84,,9.04%,0.99,9.97,9.56%,4.68%,4.87%,,,,
1978.12,96.11,5.07,12.33,67.70,1978.96,9.01,472.85,24.94," 98,276.80 ",60.66," 12,607.98 ",9.01,,10.95,,8.75%,1.00,9.87,9.63%,4.75%,4.88%,,,,
1979.01,99.71,5.11,12.65,68.30,1979.04,9.10,486.25,24.94," 101,494.18 ",61.71," 12,879.71 ",9.26,,11.26,,8.43%,1.01,9.80,9.60%,4.87%,4.73%,,,,
1979.02,98.23,5.16,12.98,69.10,1979.12,9.10,473.49,24.86," 99,262.44 ",62.55," 13,113.09 ",9.00,,10.96,,8.80%,1.01,9.76,10.16%,4.89%,5.27%,,,,
1979.03,100.10,5.20,13.30,69.80,1979.21,9.12,477.66,24.81," 100,571.18 ",63.47," 13,362.60 ",9.07,,11.05,,8.72%,1.00,9.72,9.93%,4.82%,5.11%,,,,
1979.04,102.10,5.25,13.53,70.60,1979.29,9.18,481.68,24.75," 101,852.51 ",63.82," 13,493.91 ",9.13,,11.13,,8.65%,1.00,9.65,10.11%,5.04%,5.07%,,,,
1979.05,99.73,5.29,13.75,71.50,1979.37,9.25,464.58,24.66," 98,670.45 ",64.07," 13,607.18 ",8.79,,10.73,,9.11%,1.03,9.55,10.84%,5.38%,5.46%,,,,
1979.06,101.70,5.34,13.98,72.30,1979.46,8.91,468.51,24.60," 99,941.57 ",64.40," 13,738.28 ",8.85,,10.81,,9.43%,1.00,9.73,11.04%,5.64%,5.41%,,,,
1979.07,102.70,5.40,14.20,73.10,1979.54,8.95,467.94,24.59," 100,256.88 ",64.69," 13,858.98 ",8.83,,10.78,,9.48%,1.00,9.67,11.29%,5.93%,5.35%,,,,
1979.08,107.40,5.45,14.41,73.80,1979.62,9.03,484.72,24.61," 104,290.03 ",65.05," 13,995.94 ",9.13,,11.16,,9.07%,0.99,9.60,11.34%,6.00%,5.34%,,,,
1979.09,108.60,5.51,14.63,74.60,1979.71,9.33,484.88,24.60," 104,765.49 ",65.32," 14,113.44 ",9.11,,11.14,,8.88%,0.95,9.39,11.31%,6.22%,5.09%,,,,
1979.1,104.50,5.56,14.71,75.20,1979.79,10.30,462.85,24.61," 100,449.06 ",65.14," 14,136.59 ",8.68,,10.62,,8.48%,0.99,8.82,11.75%,7.03%,4.72%,,,,
1979.11,103.70,5.60,14.78,75.90,1979.87,10.65,455.07,24.59," 99,205.46 ",64.87," 14,142.57 ",8.52,,10.43,,8.39%,1.02,8.63,11.66%,7.41%,4.25%,,,,
1979.12,107.80,5.65,14.86,76.70,1979.96,10.39,468.13,24.54," 102,497.84 ",64.53," 14,129.11 ",8.75,,10.72,,8.41%,0.98,8.75,11.58%,7.34%,4.24%,,,,
1980.01,110.90,5.70,15.00,77.80,1980.04,10.80,474.78,24.40," 104,399.74 ",64.23," 14,123.90 ",8.85,,10.85,,7.98%,0.92,8.49,11.01%,7.36%,3.66%,,,,
1980.02,115.30,5.75,15.15,78.90,1980.12,12.41,486.74,24.27," 107,473.38 ",63.94," 14,118.53 ",9.05,,11.11,,6.21%,0.99,7.68,10.36%,8.27%,2.09%,,,,
1980.03,104.70,5.80,15.29,80.10,1980.21,12.75,435.37,24.12," 96,574.62 ",63.58," 14,103.40 ",8.08,,9.92,,7.31%,1.09,7.50,11.78%,8.46%,3.32%,,,,
1980.04,103.00,5.85,15.17,81.00,1980.29,11.47,423.54,24.04," 94,395.34 ",62.39," 13,905.72 ",7.84,,9.64,,9.00%,1.09,8.05,12.04%,7.61%,4.44%,,,,
1980.05,107.70,5.89,15.06,81.80,1980.37,10.18,438.53,24.00," 98,183.07 ",61.31," 13,726.21 ",8.10,,9.97,,9.96%,1.03,8.69,12.00%,6.86%,5.14%,,,,
1980.06,114.60,5.94,14.94,82.70,1980.46,9.78,461.55,23.92," 103,782.75 ",60.17," 13,529.79 ",8.51,,10.48,,9.83%,0.98,8.89,11.67%,6.84%,4.83%,,,,
1980.07,119.80,5.98,14.84,82.70,1980.54,10.25,482.49,24.10," 108,943.46 ",59.77," 13,495.17 ",8.88,,10.95,,8.82%,0.96,8.70,11.10%,7.11%,3.99%,,,,
1980.08,123.50,6.03,14.74,83.30,1980.62,11.10,493.81,24.10," 111,952.63 ",58.94," 13,361.80 ",9.07,,11.19,,7.81%,0.99,8.27,9.80%,7.43%,2.37%,,,,
1980.09,126.50,6.07,14.64,84.00,1980.71,11.51,501.59,24.07," 114,171.25 ",58.05," 13,213.18 ",9.20,,11.35,,7.28%,1.00,8.08,9.01%,7.57%,1.43%,,,,
1980.1,130.20,6.10,14.70,84.80,1980.79,11.75,511.39,23.96," 116,856.52 ",57.74," 13,193.48 ",9.36,,11.56,,6.90%,0.96,7.97,8.43%,7.86%,0.58%,,,,
1980.11,135.70,6.13,14.76,85.50,1980.87,12.68,528.63,23.88," 121,250.44 ",57.50," 13,188.33 ",9.65,,11.93,,5.68%,1.00,7.57,8.33%,8.71%,-0.38%,,,,
1980.12,133.50,6.16,14.82,86.30,1980.96,12.84,515.24,23.77," 118,633.36 ",57.20," 13,169.64 ",9.39,,11.61,,5.86%,1.03,7.51,9.05%,9.09%,-0.04%,,,,
1981.01,133.00,6.20,14.74,87.00,1981.04,12.57,509.18,23.74," 117,693.53 ",56.43," 13,043.63 ",9.26,,11.45,,6.36%,0.98,7.64,9.00%,8.90%,0.10%,,,,
1981.02,128.40,6.24,14.66,87.90,1981.12,13.19,486.54,23.64," 112,914.99 ",55.55," 12,892.01 ",8.83,,10.93,,6.35%,1.01,7.38,10.64%,9.51%,1.13%,,,,
1981.03,133.20,6.28,14.58,88.50,1981.21,13.12,501.30,23.64," 116,799.07 ",54.87," 12,784.76 ",9.08,,11.25,,6.16%,0.98,7.44,10.59%,9.28%,1.30%,,,,
1981.04,134.40,6.32,14.72,89.10,1981.29,13.68,502.41,23.61," 117,516.17 ",55.04," 12,873.70 ",9.09,,11.27,,5.64%,0.99,7.25,10.75%,9.68%,1.07%,,,,
1981.05,131.70,6.35,14.87,89.80,1981.37,14.10,488.48,23.56," 114,717.03 ",55.14," 12,949.61 ",8.82,,10.94,,5.58%,1.05,7.12,10.96%,9.91%,1.06%,,,,
1981.06,132.30,6.39,15.01,90.60,1981.46,13.47,486.38,23.49," 114,681.83 ",55.18," 13,011.14 ",8.77,,10.89,,6.30%,0.97,7.38,10.97%,9.40%,1.58%,,,,
1981.07,129.10,6.43,15.10,91.60,1981.54,14.28,469.43,23.39," 111,145.91 ",54.89," 12,997.18 ",8.45,,10.50,,6.01%,0.98,7.07,11.39%,9.94%,1.46%,,,,
1981.08,129.60,6.48,15.18,92.30,1981.62,14.94,467.67,23.37," 111,191.32 ",54.79," 13,026.63 ",8.40,,10.45,,5.47%,0.99,6.86,11.65%,10.58%,1.06%,,,,
1981.09,118.30,6.52,15.27,93.20,1981.71,15.32,422.77,23.30," 100,977.94 ",54.57," 13,034.09 ",7.58,,9.45,,6.48%,1.02,6.74,12.65%,10.98%,1.66%,,,,
1981.1,119.80,6.56,15.30,93.40,1981.79,15.15,427.22,23.38," 102,504.72 ",54.56," 13,091.17 ",7.65,,9.54,,6.53%,1.11,6.87,12.48%,10.92%,1.56%,,,,
1981.11,122.90,6.59,15.33,93.70,1981.87,13.39,436.87,23.44," 105,289.11 ",54.49," 13,133.30 ",7.81,,9.76,,8.06%,0.99,7.60,12.15%,9.93%,2.22%,,,,
1981.12,123.80,6.63,15.36,94.00,1981.96,13.72,438.67,23.49," 106,193.47 ",54.43," 13,175.54 ",7.83,,9.80,,7.67%,0.97,7.52,12.15%,10.35%,1.80%,,,,
1982.01,117.30,6.66,15.18,94.30,1982.04,14.59,414.31,23.52," 100,772.34 ",53.61," 13,038.29 ",7.39,,9.25,,7.60%,1.02,7.25,13.53%,10.87%,2.66%,,,,
1982.02,114.50,6.69,14.99,94.60,1982.12,14.43,403.14,23.55," 98,532.35 ",52.79," 12,902.40 ",7.18,,9.01,,8.14%,1.04,7.37,13.67%,10.46%,3.21%,,,,
1982.03,110.80,6.72,14.81,94.50,1982.21,13.86,390.52,23.69," 95,931.65 ",52.20," 12,822.63 ",6.95,,8.73,,9.13%,1.01,7.69,13.80%,9.85%,3.96%,,,,
1982.04,116.30,6.75,14.60,94.90,1982.29,13.87,408.18,23.69," 100,754.14 ",51.23," 12,645.55 ",7.26,,9.14,,8.53%,1.03,7.75,13.26%,9.87%,3.39%,,,,
1982.05,116.40,6.78,14.38,95.80,1982.37,13.62,404.70,23.57," 100,378.30 ",50.01," 12,403.53 ",7.19,,9.07,,8.98%,0.98,7.87,13.52%,9.82%,3.69%,,,,
1982.06,109.70,6.81,14.17,97.00,1982.46,14.30,376.68,23.38," 93,913.53 ",48.66," 12,130.85 ",6.69,,8.45,,9.45%,1.03,7.58,14.08%,10.36%,3.72%,,,,
1982.07,109.40,6.82,13.97,97.50,1982.54,13.95,373.73,23.31," 93,660.70 ",47.71," 11,957.32 ",6.64,,8.40,,9.93%,1.06,7.77,14.31%,10.45%,3.85%,,,,
1982.08,109.70,6.84,13.76,97.70,1982.62,13.06,373.98,23.31," 94,212.04 ",46.92," 11,820.13 ",6.64,,8.42,,10.80%,1.05,8.23,14.31%,10.05%,4.26%,,,,
1982.09,122.40,6.85,13.56,97.90,1982.71,12.34,416.43,23.30," 105,393.48 ",46.13," 11,675.94 ",7.40,,9.39,,9.98%,1.10,8.64,13.05%,9.68%,3.36%,,,,
1982.1,132.70,6.86,13.25,98.20,1982.79,10.91,450.09,23.26," 114,403.80 ",44.95," 11,425.98 ",8.00,,10.17,,10.38%,1.03,9.44,11.95%,8.59%,3.36%,,,,
1982.11,138.10,6.86,12.95,98.00,1982.87,10.55,469.36,23.33," 119,796.34 ",44.00," 11,230.76 ",8.35,,10.62,,10.17%,1.01,9.76,11.73%,8.07%,3.66%,,,,
1982.12,139.40,6.87,12.64,97.60,1982.96,10.54,475.72,23.44," 121,918.29 ",43.14," 11,054.86 ",8.47,,10.78,,9.94%,1.01,9.89,11.90%,8.07%,3.83%,,,,
1983.01,144.30,6.88,12.57,97.80,1983.04,10.46,491.44,23.44," 126,446.36 ",42.80," 11,011.87 ",8.76,,11.16,,9.63%,0.99,10.00,11.45%,8.08%,3.37%,,,,
1983.02,146.80,6.90,12.49,97.90,1983.12,10.72,499.44,23.46," 129,008.75 ",42.50," 10,979.19 ",8.91,,11.36,,9.10%,1.02,9.92,11.38%,8.46%,2.92%,,,,
1983.03,151.90,6.91,12.42,97.90,1983.21,10.51,516.79,23.51," 133,996.70 ",42.26," 10,956.15 ",9.23,,11.78,,8.82%,1.02,10.14,11.15%,8.46%,2.69%,,,,
1983.04,157.70,6.92,12.48,98.60,1983.29,10.40,532.72,23.38," 138,630.57 ",42.15," 10,967.99 ",9.53,,12.17,,8.59%,1.01,10.22,10.60%,8.41%,2.19%,,,,
1983.05,164.10,6.93,12.53,99.20,1983.37,10.38,550.98,23.27," 143,888.75 ",42.08," 10,989.65 ",9.87,,12.61,,8.24%,0.98,10.26,10.25%,8.35%,1.90%,,,,
1983.06,166.40,6.94,12.59,99.50,1983.46,10.85,557.02,23.23," 145,971.13 ",42.14," 11,044.33 ",10.00,,12.77,,7.60%,0.98,10.03,10.17%,8.70%,1.47%,,,,
1983.07,167.00,6.96,12.83,99.90,1983.54,11.38,556.79,23.21," 146,417.65 ",42.77," 11,245.84 ",10.01,,12.79,,7.08%,0.98,9.76,10.14%,9.17%,0.98%,,,,
1983.08,162.40,6.98,13.06,100.20,1983.62,11.85,539.83,23.20," 142,466.73 ",43.42," 11,459.89 ",9.73,,12.42,,6.74%,1.02,9.56,10.61%,9.53%,1.08%,,,,
1983.09,167.20,7.00,13.30,100.70,1983.71,11.65,553.03,23.15," 146,458.48 ",43.99," 11,650.11 ",9.98,,12.75,,6.71%,1.02,9.72,10.43%,9.64%,0.79%,,,,
1983.1,167.70,7.03,13.54,101.00,1983.79,11.54,553.03,23.18," 146,971.76 ",44.66," 11,869.31 ",10.00,,12.77,,6.73%,1.00,9.85,10.48%,9.53%,0.96%,,,,
1983.11,165.20,7.06,13.79,101.20,1983.87,11.69,543.71,23.24," 145,009.23 ",45.38," 12,101.69 ",9.85,,12.58,,6.69%,1.00,9.84,10.62%,9.25%,1.37%,,,,
1983.12,164.40,7.09,14.03,101.30,1983.96,11.83,540.55,23.31," 144,682.67 ",46.13," 12,347.31 ",9.82,,12.53,,6.53%,1.02,9.84,10.75%,9.26%,1.49%,,,,
1984.01,166.40,7.12,14.44,101.90,1984.04,11.67,543.90,23.27," 146,099.62 ",47.20," 12,678.36 ",9.89,,12.63,,6.57%,1.00,9.97,10.80%,9.15%,1.64%,,,,
1984.02,157.30,7.15,14.85,102.40,1984.12,11.84,511.65,23.26," 137,956.02 ",48.30," 13,023.82 ",9.32,,11.90,,6.94%,0.98,9.92,11.39%,9.04%,2.35%,,,,
1984.03,157.40,7.18,15.26,102.60,1984.21,12.32,510.97,23.31," 138,298.36 ",49.54," 13,408.09 ",9.33,,11.90,,6.34%,0.99,9.73,11.16%,8.86%,2.30%,,,,
1984.04,157.60,7.22,15.57,103.10,1984.29,12.63,509.14,23.34," 138,328.87 ",50.31," 13,669.02 ",9.31,,11.88,,6.06%,0.97,9.61,10.77%,8.65%,2.12%,,,,
1984.05,156.60,7.27,15.89,103.40,1984.37,13.41,504.44,23.41," 137,582.32 ",51.17," 13,957.40 ",9.23,,11.78,,5.26%,1.00,9.28,10.94%,8.93%,2.00%,,,,
1984.06,153.10,7.31,16.20,103.70,1984.46,13.56,491.74,23.48," 134,651.88 ",52.03," 14,247.95 ",9.01,,11.50,,5.32%,1.02,9.28,11.26%,9.02%,2.24%,,,,
1984.07,151.10,7.33,16.32,104.10,1984.54,13.36,483.45,23.46," 132,917.65 ",52.22," 14,356.16 ",8.87,,11.32,,5.65%,1.05,9.45,11.32%,8.71%,2.61%,,,,
1984.08,164.40,7.36,16.44,104.50,1984.62,12.72,523.99,23.45," 144,600.88 ",52.40," 14,460.09 ",9.62,,12.27,,5.32%,1.02,9.85,10.68%,8.32%,2.36%,,,,
1984.09,166.10,7.38,16.56,105.00,1984.71,12.52,526.89,23.41," 145,938.80 ",52.53," 14,549.95 ",9.69,,12.35,,5.38%,1.03,10.02,10.64%,8.00%,2.63%,,,,
1984.1,164.80,7.43,16.59,105.30,1984.79,12.16,521.28,23.50," 144,926.53 ",52.47," 14,586.49 ",9.60,,12.23,,5.76%,1.04,10.31,10.66%,7.55%,3.10%,,,,
1984.11,166.30,7.48,16.61,105.30,1984.87,11.57,526.02,23.66," 146,793.81 ",52.55," 14,664.64 ",9.69,,12.35,,6.16%,1.01,10.77,10.46%,6.98%,3.48%,,,,
1984.12,164.50,7.53,16.64,105.30,1984.96,11.50,520.33,23.82," 145,758.84 ",52.63," 14,744.24 ",9.60,,12.22,,6.25%,1.02,10.92,10.42%,7.01%,3.41%,,,,
1985.01,171.60,7.57,16.56,105.50,1985.04,11.38,541.76,23.91," 152,319.85 ",52.27," 14,696.47 ",10.00,,12.73,,5.93%,1.00,11.08,10.16%,6.90%,3.26%,,,,
1985.02,180.90,7.62,16.47,106.00,1985.12,11.51,568.42,23.93," 160,378.27 ",51.76," 14,604.53 ",10.49,,13.36,,5.30%,0.99,11.04,9.96%,7.19%,2.77%,,,,
1985.03,179.40,7.66,16.39,106.40,1985.21,11.86,561.59,23.98," 159,014.30 ",51.31," 14,527.56 ",10.37,,13.20,,5.06%,1.04,10.88,10.30%,7.58%,2.72%,,,,
1985.04,180.60,7.69,16.13,106.90,1985.29,11.43,562.70,23.95," 159,894.33 ",50.26," 14,280.71 ",10.40,,13.22,,5.48%,1.04,11.22,10.55%,7.39%,3.16%,,,,
1985.05,184.90,7.71,15.87,107.30,1985.37,10.85,573.95,23.94," 163,658.04 ",49.26," 14,046.80 ",10.61,,13.49,,5.84%,1.05,11.67,10.63%,7.33%,3.31%,,,,
1985.06,188.90,7.74,15.61,107.60,1985.46,10.16,584.74,23.96," 167,301.65 ",48.32," 13,825.19 ",10.81,,13.74,,6.31%,1.00,12.25,10.72%,7.21%,3.51%,,,,
1985.07,192.50,7.77,15.48,107.80,1985.54,10.31,594.77,24.02," 170,746.37 ",47.84," 13,733.60 ",11.00,,13.98,,5.90%,1.01,12.21,10.88%,7.21%,3.67%,,,,
1985.08,188.30,7.81,15.36,108.00,1985.62,10.33,580.72,24.08," 167,287.67 ",47.36," 13,643.05 ",10.74,,13.65,,6.10%,1.01,12.28,11.13%,7.01%,4.12%,,,,
1985.09,184.10,7.84,15.23,108.30,1985.71,10.37,566.19,24.11," 163,682.10 ",46.84," 13,540.89 ",10.47,,13.31,,6.27%,1.02,12.32,11.76%,7.24%,4.52%,,,,
1985.1,186.20,7.86,15.02,108.70,1985.79,10.24,570.55,24.08," 165,520.21 ",46.03," 13,354.78 ",10.55,,13.41,,6.31%,1.04,12.48,11.70%,7.25%,4.45%,,,,
1985.11,197.50,7.88,14.82,109.00,1985.87,9.78,603.51,24.08," 175,664.13 ",45.28," 13,178.55 ",11.16,,14.19,,6.20%,1.04,12.92,11.30%,7.03%,4.28%,,,,
1985.12,207.30,7.90,14.61,109.30,1985.96,9.26,631.71,24.07," 184,458.49 ",44.52," 13,000.19 ",11.69,,14.85,,6.31%,1.01,13.42,11.14%,6.86%,4.28%,,,,
1986.01,208.20,7.94,14.58,109.60,1986.04,9.19,632.72,24.13," 185,339.38 ",44.31," 12,979.10 ",11.72,,14.88,,6.37%,1.04,13.55,11.04%,6.79%,4.25%,,,,
1986.02,219.40,7.98,14.55,109.30,1986.12,8.70,668.59,24.32," 196,439.29 ",44.34," 13,027.31 ",12.39,,15.73,,6.33%,1.07,14.13,10.99%,6.23%,4.76%,,,,
1986.03,232.30,8.02,14.52,108.80,1986.21,7.78,711.15,24.55," 209,546.25 ",44.45," 13,097.77 ",13.19,,16.73,,6.69%,1.04,15.20,10.20%,5.09%,5.11%,,,,
1986.04,238.00,8.05,14.58,108.60,1986.29,7.30,729.94,24.68," 215,689.29 ",44.73," 13,216.23 ",13.55,,17.18,,6.91%,0.98,15.84,9.86%,4.49%,5.37%,,,,
1986.05,238.50,8.07,14.65,108.90,1986.37,7.71,729.46,24.69," 216,155.02 ",44.80," 13,274.46 ",13.56,,17.18,,6.45%,1.00,15.44,10.07%,4.62%,5.46%,,,,
1986.06,245.30,8.10,14.71,109.50,1986.46,7.80,746.15,24.64," 221,708.16 ",44.74," 13,295.26 ",13.89,,17.58,,6.18%,1.04,15.36,9.93%,4.60%,5.33%,,,,
1986.07,240.20,8.14,14.76,109.50,1986.54,7.30,730.63,24.77," 217,712.00 ",44.89," 13,375.15 ",13.62,,17.23,,6.77%,1.02,16.00,9.72%,4.24%,5.48%,,,,
1986.08,245.00,8.19,14.80,109.70,1986.62,7.17,743.87,24.86," 222,274.98 ",44.95," 13,430.22 ",13.89,,17.55,,6.72%,0.99,16.22,9.80%,4.31%,5.49%,,,,
1986.09,238.30,8.23,14.85,110.20,1986.71,7.45,720.25,24.87," 215,834.91 ",44.88," 13,450.06 ",13.47,,17.01,,6.68%,1.01,15.93,10.31%,4.38%,5.93%,,,,
1986.1,237.40,8.25,14.73,110.30,1986.79,7.43,716.88,24.90," 215,446.68 ",44.47," 13,364.86 ",13.43,,16.94,,6.68%,1.02,16.03,10.74%,4.57%,6.18%,,,,
1986.11,245.10,8.26,14.60,110.40,1986.87,7.25,739.46,24.93," 222,857.52 ",44.06," 13,278.07 ",13.87,,17.49,,6.61%,1.02,16.32,10.89%,4.67%,6.23%,,,,
1986.12,248.60,8.28,14.48,110.50,1986.96,7.11,749.34,24.96," 226,462.16 ",43.65," 13,190.56 ",14.09,,17.74,,6.61%,1.01,16.57,10.85%,4.49%,6.36%,,,,
1987.01,264.50,8.30,14.69,111.20,1987.04,7.08,792.25,24.86," 240,055.62 ",43.99," 13,329.39 ",14.92,,18.78,,6.26%,0.99,16.59,10.52%,4.28%,6.24%,,,,
1987.02,280.90,8.32,14.89,111.60,1987.12,7.25,838.35,24.83," 254,653.21 ",44.45," 13,501.70 ",15.82,,19.89,,5.63%,1.01,16.43,10.31%,4.52%,5.78%,,,,
1987.03,292.50,8.34,15.10,112.10,1987.21,7.25,869.08,24.78," 264,613.84 ",44.87," 13,660.41 ",16.43,,20.63,,5.37%,0.95,16.46,9.79%,4.33%,5.46%,,,,
1987.04,289.30,8.40,14.87,112.70,1987.29,8.02,855.00,24.83," 260,955.46 ",43.96," 13,416.07 ",16.20,,20.30,,4.66%,0.97,15.61,9.55%,4.78%,4.77%,,,,
1987.05,289.10,8.46,14.65,113.10,1987.37,8.61,851.38,24.91," 260,486.45 ",43.13," 13,197.05 ",16.16,,20.23,,4.07%,1.02,15.05,10.54%,5.37%,5.18%,,,,
1987.06,301.40,8.52,14.42,113.50,1987.46,8.40,884.48,25.00," 271,249.47 ",42.32," 12,977.50 ",16.83,,21.04,,4.00%,1.00,15.31,10.66%,5.40%,5.26%,,,,
1987.07,310.10,8.57,14.90,113.80,1987.54,8.45,907.61,25.07," 278,984.23 ",43.61," 13,404.92 ",17.31,,21.61,,3.76%,0.99,15.33,10.95%,5.64%,5.31%,,,,
1987.08,329.40,8.61,15.38,114.40,1987.62,8.76,959.04,25.08," 295,435.75 ",44.78," 13,794.18 ",18.33,,22.85,,3.15%,0.96,15.04,10.33%,5.81%,4.53%,,,,
1987.09,318.70,8.66,15.86,115.00,1987.71,9.42,923.05,25.08," 284,991.56 ",45.94," 14,182.51 ",17.68,,22.01,,2.71%,1.00,14.44,10.84%,6.34%,4.49%,,,,
1987.1,280.20,8.71,16.41,115.30,1987.79,9.52,809.43,25.16," 250,559.08 ",47.39," 14,671.12 ",15.53,,19.31,,3.39%,1.05,14.42,12.43%,6.52%,5.90%,,,,
1987.11,245.00,8.76,16.95,115.40,1987.87,8.86,707.13,25.28," 219,545.08 ",48.93," 15,191.89 ",13.59,,16.89,,4.92%,1.00,15.15,13.80%,6.18%,7.62%,,,,
1987.12,241.00,8.81,17.50,115.40,1987.96,8.99,695.59,25.43," 216,618.55 ",50.51," 15,729.56 ",13.39,,16.62,,4.87%,1.03,15.13,14.26%,6.31%,7.95%,,,,
1988.01,250.50,8.86,17.86,115.70,1988.04,8.67,721.13,25.50," 225,235.31 ",51.42," 16,061.66 ",13.90,,17.24,,4.88%,1.04,15.53,13.82%,6.28%,7.54%,,,,
1988.02,258.10,8.90,18.23,116.00,1988.12,8.21,741.09,25.56," 232,134.01 ",52.33," 16,393.01 ",14.30,,17.71,,5.10%,1.00,16.08,14.17%,5.92%,8.25%,,,,
1988.03,265.70,8.95,18.59,116.50,1988.21,8.37,759.64,25.59," 238,611.72 ",53.15," 16,694.74 ",14.67,,18.15,,4.72%,0.98,15.95,14.42%,5.97%,8.45%,,,,
1988.04,262.60,9.04,19.62,117.10,1988.29,8.72,746.93,25.72," 235,292.74 ",55.80," 17,576.80 ",14.43,,17.84,,4.45%,0.98,15.61,14.95%,6.24%,8.71%,,,,
1988.05,256.10,9.14,20.64,117.50,1988.37,9.09,725.96,25.90," 229,367.38 ",58.52," 18,488.48 ",14.03,,17.33,,4.22%,1.02,15.30,15.19%,6.48%,8.72%,,,,
1988.06,270.70,9.23,21.67,118.00,1988.46,8.92,764.09,26.05," 242,102.04 ",61.17," 19,380.68 ",14.77,,18.21,,3.96%,1.00,15.52,14.57%,6.48%,8.09%,,,,
1988.07,269.10,9.31,22.02,118.50,1988.54,9.06,756.37,26.16," 240,346.28 ",61.90," 19,670.08 ",14.61,,17.99,,3.86%,0.99,15.43,15.14%,6.61%,8.53%,,,,
1988.08,263.70,9.38,22.38,119.00,1988.62,9.26,738.08,26.26," 235,229.14 ",62.63," 19,960.76 ",14.24,,17.52,,3.83%,1.03,15.28,14.55%,6.85%,7.70%,,,,
1988.09,268.00,9.46,22.73,119.80,1988.71,8.98,745.11,26.30," 238,166.98 ",63.20," 20,199.76 ",14.37,,17.65,,4.04%,1.02,15.57,13.82%,7.11%,6.70%,,,,
1988.1,277.40,9.55,23.07,120.20,1988.79,8.80,768.67,26.46," 246,405.12 ",63.94," 20,495.24 ",14.81,,18.17,,3.95%,1.00,15.82,13.55%,7.20%,6.35%,,,,
1988.11,271.00,9.64,23.42,120.30,1988.87,8.96,750.32,26.69," 241,233.09 ",64.83," 20,844.59 ",14.45,,17.69,,3.93%,1.00,15.76,14.98%,7.03%,7.95%,,,,
1988.12,276.50,9.75,23.75,120.50,1988.96,9.11,764.27,26.95," 246,442.51 ",65.65," 21,168.21 ",14.70,,17.98,,3.63%,1.01,15.69,15.20%,7.27%,7.94%,,,,
1989.01,285.40,9.81,24.16,121.10,1989.04,9.09,784.96,26.99," 253,839.96 ",66.45," 21,488.34 ",15.09,,18.43,,3.43%,1.00,15.76,15.40%,7.18%,8.22%,,,,
1989.02,294.00,9.90,24.56,121.60,1989.12,9.17,805.29,27.11," 261,144.26 ",67.27," 21,815.32 ",15.47,,18.86,,3.11%,1.00,15.73,15.05%,6.99%,8.06%,,,,
1989.03,292.70,10.01,24.96,122.30,1989.21,9.36,797.14,27.26," 259,238.17 ",67.98," 22,106.54 ",15.30,,18.62,,2.95%,1.02,15.57,15.44%,6.93%,8.51%,,,,
1989.04,302.30,10.09,25.05,123.10,1989.29,9.18,817.94,27.29," 266,740.32 ",67.77," 22,100.45 ",15.69,,19.06,,2.91%,1.03,15.77,15.50%,6.80%,8.70%,,,,
1989.05,313.90,10.19,25.13,123.80,1989.37,8.86,844.52,27.42," 276,154.99 ",67.62," 22,111.14 ",16.19,,19.63,,2.96%,1.05,16.13,15.09%,6.31%,8.78%,,,,
1989.06,323.70,10.37,25.22,124.10,1989.46,8.28,868.78,27.83," 284,846.58 ",67.69," 22,192.87 ",16.64,,20.15,,3.28%,1.02,16.84,14.67%,5.61%,9.05%,,,,
1989.07,331.90,10.42,24.71,124.40,1989.54,8.02,888.64,27.91," 292,120.52 ",66.16," 21,748.41 ",17.01,,20.56,,3.32%,1.00,17.21,14.85%,5.49%,9.36%,,,,
1989.08,346.60,10.55,24.20,124.60,1989.62,8.11,926.51,28.19," 305,341.32 ",64.69," 21,319.27 ",17.73,,21.39,,2.91%,1.00,17.19,13.88%,5.41%,8.47%,,,,
1989.09,347.30,10.73,23.69,125.00,1989.71,8.19,925.41,28.59," 305,764.13 ",63.12," 20,856.76 ",17.71,,21.33,,2.75%,1.02,17.16,13.74%,5.44%,8.29%,,,,
1989.1,347.40,10.80,23.43,125.60,1989.79,8.01,921.26,28.63," 305,179.43 ",62.12," 20,579.58 ",17.64,,21.21,,2.92%,1.02,17.40,13.59%,5.18%,8.41%,,,,
1989.11,340.20,10.92,23.16,125.90,1989.87,7.87,900.01,28.90," 298,940.09 ",61.28," 20,354.02 ",17.24,,20.70,,3.12%,1.01,17.65,14.61%,5.14%,9.46%,,,,
1989.12,348.60,11.06,22.87,126.10,1989.96,7.84,920.77,29.21," 306,644.09 ",60.41," 20,117.47 ",17.65,,21.15,,2.92%,0.98,17.77,14.63%,4.93%,9.70%,,,,
1990.01,339.97,11.14,22.49,127.40,1990.04,8.21,888.82,29.12," 296,809.47 ",58.80," 19,634.81 ",17.05,,20.41,,2.71%,0.99,17.26,14.96%,4.97%,9.99%,,,,
1990.02,330.45,11.23,22.08,128.00,1990.12,8.47,859.88,29.22," 287,958.93 ",57.46," 19,240.83 ",16.51,,19.74,,2.55%,1.00,17.00,14.95%,5.23%,9.72%,,,,
1990.03,338.46,11.32,21.67,128.70,1990.21,8.59,875.93,29.30," 294,152.35 ",56.08," 18,833.19 ",16.83,,20.10,,2.21%,0.99,16.89,15.05%,5.47%,9.59%,,,,
1990.04,338.18,11.44,21.53,128.90,1990.29,8.79,873.85,29.55," 294,279.99 ",55.64," 18,738.01 ",16.81,,20.06,,1.91%,1.01,16.76,15.21%,5.80%,9.40%,,,,
1990.05,350.25,11.55,21.40,129.20,1990.37,8.76,902.93,29.78," 304,911.30 ",55.16," 18,626.97 ",17.39,,20.72,,1.67%,1.03,16.88,14.45%,5.42%,9.04%,,,,
1990.06,360.39,11.66,21.26,129.90,1990.46,8.48,924.07,29.90," 312,889.38 ",54.51," 18,457.86 ",17.82,,21.21,,1.75%,1.01,17.23,14.46%,5.47%,8.99%,,,,
1990.07,360.03,11.73,21.42,130.40,1990.54,8.47,919.61,29.95," 312,223.46 ",54.71," 18,575.75 ",17.75,,21.10,,1.82%,0.99,17.29,14.55%,5.50%,9.05%,,,,
1990.08,330.75,11.78,21.58,131.60,1990.62,8.75,837.11,29.82," 285,059.71 ",54.62," 18,598.91 ",16.17,,19.21,,2.11%,1.00,16.94,15.71%,5.94%,9.77%,,,,
1990.09,315.41,11.83,21.74,132.70,1990.71,8.89,791.67,29.69," 270,428.03 ",54.57," 18,639.57 ",15.30,,18.17,,2.32%,1.02,16.77,16.13%,6.07%,10.06%,,,,
1990.1,307.12,11.93,21.61,133.50,1990.79,8.72,766.24,29.76," 262,589.40 ",53.91," 18,473.85 ",14.82,,17.59,,2.67%,1.03,16.98,15.83%,6.02%,9.81%,,,,
1990.11,315.29,12.01,21.47,133.80,1990.87,8.39,784.86,29.91," 269,824.40 ",53.45," 18,376.80 ",15.19,,18.02,,2.77%,1.03,17.44,15.42%,5.79%,9.63%,,,,
1990.12,328.75,12.09,21.34,133.80,1990.96,8.08,818.37,30.10," 282,205.65 ",53.12," 18,318.69 ",15.85,,18.80,,2.71%,1.01,17.93,14.52%,5.94%,8.58%,,,,
1991.01,325.49,12.11,21.18,134.60,1991.04,8.09,805.44,29.96," 278,607.44 ",52.42," 18,132.12 ",15.61,,18.50,,2.78%,1.02,17.93,14.65%,5.98%,8.67%,,,,
1991.02,362.26,12.11,21.03,134.80,1991.12,7.85,895.10,29.93," 310,483.91 ",51.95," 18,021.45 ",17.35,,20.56,,2.28%,0.99,18.32,13.12%,5.81%,7.32%,,,,
1991.03,372.28,12.11,20.94,135.00,1991.21,8.11,918.49,29.88," 319,462.75 ",51.66," 17,969.14 ",17.82,,21.10,,1.82%,1.01,18.09,11.71%,6.14%,5.57%,,,,
1991.04,379.68,12.13,20.36,135.20,1991.29,8.04,935.37,29.88," 326,197.04 ",50.17," 17,494.86 ",18.16,,21.48,,1.73%,1.00,18.27,11.48%,5.82%,5.66%,,,,
1991.05,377.99,12.14,19.86,135.60,1991.37,8.07,928.46,29.82," 324,653.74 ",48.77," 17,054.82 ",18.04,,21.33,,1.68%,0.99,18.30,12.23%,5.60%,6.63%,,,,
1991.06,378.29,12.15,19.41,136.00,1991.46,8.28,926.46,29.76," 324,822.86 ",47.54," 16,666.61 ",18.02,,21.29,,1.42%,1.01,18.11,11.93%,5.83%,6.10%,,,,
1991.07,380.23,12.19,18.84,136.20,1991.54,8.27,929.84,29.82," 326,880.45 ",46.07," 16,196.59 ",18.10,,21.38,,1.30%,1.03,18.22,11.59%,5.87%,5.72%,,,,
1991.08,389.40,12.24,18.33,136.60,1991.62,7.90,949.48,29.84," 334,657.63 ",44.69," 15,753.14 ",18.51,,21.85,,1.50%,1.02,18.75,11.10%,5.83%,5.26%,,,,
1991.09,387.20,12.28,17.82,137.20,1991.71,7.65,939.99,29.81," 332,187.29 ",43.26," 15,288.16 ",18.36,,21.66,,1.74%,1.01,19.12,9.81%,5.82%,3.99%,,,,
1991.1,386.88,12.25,17.20,137.40,1991.79,7.53,937.84,29.70," 332,304.37 ",41.70," 14,776.50 ",18.35,,21.64,,1.86%,1.01,19.37,10.19%,5.90%,4.30%,,,,
1991.11,385.92,12.23,16.59,137.80,1991.87,7.42,932.80,29.55," 331,390.21 ",40.09," 14,243.03 ",18.29,,21.56,,1.98%,1.03,19.59,10.79%,5.77%,5.01%,,,,
1991.12,388.51,12.20,15.97,137.90,1991.96,7.09,938.38,29.47," 334,244.70 ",38.57," 13,739.38 ",18.44,,21.73,,2.24%,1.01,20.15,10.90%,5.19%,5.71%,,,,
1992.01,416.08,12.24,16.05,138.10,1992.04,7.03,1003.51,29.52," 358,321.70 ",38.70," 13,819.17 ",19.77,,23.29,,1.92%,0.98,20.33,10.07%,5.16%,4.91%,,,,
1992.02,412.56,12.28,16.12,138.60,1992.12,7.34,991.44,29.51," 354,886.72 ",38.75," 13,869.36 ",19.58,,23.06,,1.66%,0.99,19.93,9.76%,5.47%,4.28%,,,,
1992.03,407.36,12.32,16.19,139.30,1992.21,7.54,974.02,29.46," 349,531.48 ",38.71," 13,891.68 ",19.28,,22.70,,1.60%,1.01,19.68,10.39%,5.29%,5.10%,,,,
1992.04,407.41,12.32,16.48,139.50,1992.29,7.48,972.74,29.42," 349,952.86 ",39.36," 14,158.66 ",19.30,,22.71,,1.63%,1.01,19.85,9.92%,5.24%,4.69%,,,,
1992.05,414.81,12.32,16.77,139.70,1992.37,7.39,988.99,29.37," 356,679.74 ",39.98," 14,417.06 ",19.66,,23.13,,1.54%,1.02,20.07,9.40%,5.21%,4.19%,,,,
1992.06,408.27,12.32,17.05,140.20,1992.46,7.26,969.93,29.27," 350,683.90 ",40.51," 14,645.11 ",19.32,,22.72,,1.67%,1.04,20.31,8.92%,5.31%,3.60%,,,,
1992.07,415.05,12.34,17.38,140.50,1992.54,6.84,983.93,29.26," 356,628.00 ",41.20," 14,933.61 ",19.62,,23.07,,1.98%,1.02,21.00,7.49%,5.22%,2.27%,,,,
1992.08,417.93,12.37,17.71,140.90,1992.62,6.59,987.95,29.23," 358,966.14 ",41.86," 15,211.38 ",19.72,,23.18,,2.21%,1.02,21.44,7.51%,5.34%,2.17%,,,,
1992.09,418.48,12.40,18.04,141.30,1992.71,6.42,986.45,29.23," 359,306.06 ",42.52," 15,489.11 ",19.71,,23.16,,2.39%,0.99,21.76,6.95%,5.53%,1.42%,,,,
1992.1,412.50,12.39,18.39,141.80,1992.79,6.59,968.92,29.10," 353,805.94 ",43.20," 15,773.31 ",19.37,,22.76,,2.31%,0.99,21.54,6.95%,5.60%,1.36%,,,,
1992.11,422.84,12.38,18.74,142.00,1992.87,6.87,991.81,29.05," 363,047.73 ",43.96," 16,090.04 ",19.83,,23.30,,1.95%,1.01,21.19,7.37%,5.71%,1.66%,,,,
1992.12,435.64,12.39,19.09,141.90,1992.96,6.77,1022.55,29.08," 375,188.44 ",44.81," 16,440.98 ",20.45,,24.02,,1.93%,1.02,21.48,6.93%,5.64%,1.29%,,,,
1993.01,435.23,12.41,19.34,142.60,1993.04,6.60,1016.58,28.99," 373,881.86 ",45.17," 16,613.92 ",20.32,,23.87,,2.16%,1.03,21.76,6.89%,5.48%,1.42%,,,,
1993.02,441.70,12.45,19.59,143.10,1993.12,6.26,1028.08,28.97," 379,002.00 ",45.60," 16,809.26 ",20.55,,24.12,,2.48%,1.03,22.35,5.96%,5.28%,0.68%,,,,
1993.03,450.16,12.48,19.84,143.60,1993.21,5.98,1044.13,28.95," 385,805.47 ",46.02," 17,003.69 ",20.86,,24.48,,2.72%,1.01,22.85,5.85%,5.09%,0.75%,,,,
1993.04,443.08,12.49,19.67,144.00,1993.29,5.97,1024.85,28.90," 379,572.59 ",45.50," 16,850.67 ",20.46,,24.01,,2.78%,1.00,22.92,6.59%,4.99%,1.60%,,,,
1993.05,445.25,12.51,19.50,144.20,1993.37,6.04,1028.44,28.89," 381,794.13 ",45.04," 16,720.91 ",20.52,,24.07,,2.65%,1.01,22.88,7.10%,5.39%,1.70%,,,,
1993.06,448.06,12.52,19.33,144.40,1993.46,5.96,1033.50,28.88," 384,564.92 ",44.59," 16,590.72 ",20.61,,24.18,,2.69%,1.02,23.10,7.60%,5.52%,2.08%,,,,
1993.07,447.29,12.52,19.69,144.40,1993.54,5.81,1031.72,28.88," 384,799.52 ",45.42," 16,939.13 ",20.56,,24.12,,2.81%,1.01,23.48,7.65%,4.80%,2.85%,,,,
1993.08,454.13,12.52,20.05,144.80,1993.62,5.68,1044.60,28.80," 390,499.76 ",46.12," 17,240.70 ",20.81,,24.41,,2.88%,1.03,23.75,7.43%,4.27%,3.16%,,,,
1993.09,459.24,12.52,20.41,145.10,1993.71,5.36,1054.17,28.74," 394,972.61 ",46.85," 17,553.76 ",20.99,,24.61,,3.12%,1.01,24.40,7.61%,4.14%,3.47%,,,,
1993.1,463.90,12.54,20.90,145.70,1993.79,5.33,1060.49,28.67," 398,232.51 ",47.78," 17,941.50 ",21.11,,24.74,,3.14%,0.97,24.46,7.75%,4.15%,3.60%,,,,
1993.11,462.89,12.56,21.39,145.80,1993.87,5.72,1057.45,28.69," 397,990.83 ",48.86," 18,391.03 ",21.04,,24.65,,2.75%,1.00,23.84,7.92%,4.48%,3.44%,,,,
1993.12,465.95,12.58,21.89,145.80,1993.96,5.77,1064.44,28.74," 401,523.16 ",50.01," 18,863.27 ",21.16,,24.78,,2.66%,1.01,23.86,8.16%,4.54%,3.62%,,,,
1994.01,472.99,12.62,22.16,146.20,1994.04,5.75,1077.57,28.76," 407,378.59 ",50.48," 19,083.21 ",21.41,,25.06,,2.60%,0.99,23.94,8.47%,4.59%,3.88%,,,,
1994.02,471.58,12.67,22.43,146.70,1994.12,5.97,1070.69,28.76," 405,685.88 ",50.93," 19,298.68 ",21.26,,24.88,,2.39%,0.97,23.58,8.57%,4.79%,3.79%,,,,
1994.03,463.81,12.71,22.71,147.20,1994.21,6.48,1049.48,28.76," 398,554.36 ",51.39," 19,514.82 ",20.83,,24.36,,2.00%,0.97,22.75,8.53%,5.35%,3.18%,,,,
1994.04,447.23,12.75,23.54,147.40,1994.29,6.97,1010.59,28.82," 384,697.64 ",53.19," 20,248.60 ",20.06,,23.44,,1.66%,0.99,22.04,8.98%,5.23%,3.75%,,,,
1994.05,450.90,12.80,24.37,147.50,1994.37,7.18,1018.19,28.90," 388,508.21 ",55.03," 20,997.88 ",20.20,,23.59,,1.39%,1.01,21.83,8.53%,5.00%,3.53%,,,,
1994.06,454.83,12.84,25.20,148.00,1994.46,7.10,1023.59,28.90," 391,489.27 ",56.71," 21,690.59 ",20.29,,23.69,,1.45%,0.99,22.01,8.72%,4.91%,3.80%,,,,
1994.07,451.40,12.87,25.91,148.40,1994.54,7.30,1013.14,28.89," 388,410.32 ",58.15," 22,294.44 ",20.07,,23.42,,1.29%,1.01,21.77,8.57%,5.28%,3.30%,,,,
1994.08,464.24,12.90,26.62,149.00,1994.62,7.24,1037.76,28.84," 398,771.30 ",59.51," 22,865.96 ",20.54,,23.95,,1.24%,0.99,21.91,8.13%,5.43%,2.70%,,,,
1994.09,466.96,12.92,27.33,149.40,1994.71,7.46,1041.04,28.80," 400,956.15 ",60.93," 23,466.96 ",20.58,,23.98,,0.99%,0.99,21.64,8.35%,5.70%,2.65%,,,,
1994.1,463.81,13.01,28.42,149.50,1994.79,7.74,1033.33,28.99," 398,915.55 ",63.32," 24,443.59 ",20.40,,23.75,,0.73%,0.99,21.34,8.36%,5.85%,2.50%,,,,
1994.11,461.01,13.10,29.51,149.70,1994.87,7.96,1025.72,29.14," 396,915.01 ",65.66," 25,407.18 ",20.21,,23.51,,0.57%,1.02,21.13,8.91%,5.91%,3.00%,,,,
1994.12,455.19,13.17,30.60,149.70,1994.96,7.81,1012.77,29.30," 392,849.09 ",68.08," 26,409.15 ",19.91,,23.15,,0.79%,1.01,21.49,9.36%,5.78%,3.58%,,,,
1995.01,465.25,13.18,31.25,150.30,1995.04,7.78,1031.02,29.21," 400,872.52 ",69.25," 26,925.88 ",20.22,,23.49,,0.77%,1.03,21.59,8.97%,5.75%,3.21%,,,,
1995.02,481.92,13.18,31.90,150.90,1995.12,7.47,1063.72,29.09," 414,527.42 ",70.41," 27,439.04 ",20.80,,24.14,,0.93%,1.03,22.11,8.72%,5.52%,3.20%,,,,
1995.03,493.15,13.17,32.55,151.40,1995.21,7.20,1084.91,28.97," 423,727.02 ",71.61," 27,967.79 ",21.15,,24.53,,1.12%,1.02,22.59,8.37%,4.97%,3.40%,,,,
1995.04,507.91,13.24,33.18,151.90,1995.29,7.06,1113.70,29.04," 435,917.81 ",72.75," 28,474.17 ",21.64,,25.07,,1.14%,1.04,22.88,7.73%,4.94%,2.79%,,,,
1995.05,523.81,13.31,33.80,152.20,1995.37,6.63,1146.30,29.12," 449,627.82 ",73.97," 29,016.06 ",22.20,,25.68,,1.43%,1.04,23.68,7.55%,4.79%,2.76%,,,,
1995.06,539.35,13.36,34.43,152.50,1995.46,6.17,1177.99,29.18," 463,010.06 ",75.20," 29,556.76 ",22.72,,26.26,,1.78%,1.00,24.57,7.46%,4.56%,2.90%,,,,
1995.07,557.37,13.44,34.68,152.50,1995.54,6.28,1217.35,29.35," 479,440.98 ",75.74," 29,831.19 ",23.38,,26.99,,1.53%,0.99,24.50,7.23%,4.42%,2.81%,,,,
1995.08,559.11,13.51,34.93,152.90,1995.62,6.49,1217.95,29.43," 480,645.41 ",76.09," 30,027.98 ",23.28,,26.86,,1.34%,1.03,24.19,7.18%,4.47%,2.71%,,,,
1995.09,578.77,13.58,35.18,153.20,1995.71,6.20,1258.31,29.52," 497,543.00 ",76.49," 30,242.69 ",23.95,,27.59,,1.51%,1.02,24.79,6.71%,4.17%,2.54%,,,,
1995.1,582.92,13.65,34.77,153.70,1995.79,6.04,1263.21,29.58," 500,455.09 ",75.36," 29,853.97 ",23.93,,27.54,,1.66%,1.01,25.13,6.34%,3.83%,2.51%,,,,
1995.11,595.53,13.72,34.37,153.60,1995.87,5.93,1291.38,29.75," 512,596.26 ",74.52," 29,580.78 ",24.35,,28.00,,1.67%,1.02,25.48,6.59%,3.74%,2.85%,,,,
1995.12,614.57,13.79,33.96,153.50,1995.96,5.71,1333.53,29.92," 530,319.14 ",73.69," 29,304.45 ",25.03,,28.75,,1.74%,1.01,26.04,6.50%,3.65%,2.84%,,,,
1996.01,614.42,13.89,33.99,154.40,1996.04,5.65,1325.44,29.97," 528,092.45 ",73.32," 29,211.48 ",24.76,,28.42,,1.87%,0.99,26.13,6.62%,3.62%,3.00%,,,,
1996.02,649.54,14.00,34.01,154.90,1996.12,5.81,1396.67,30.10," 557,475.22 ",73.14," 29,192.31 ",25.98,,29.78,,1.59%,0.97,25.86,6.02%,3.62%,2.40%,,,,
1996.03,647.07,14.10,34.04,155.70,1996.21,6.27,1384.21,30.16," 553,505.12 ",72.82," 29,117.89 ",25.63,,29.36,,1.28%,0.99,24.98,6.19%,3.84%,2.35%,,,,
1996.04,647.17,14.16,34.33,156.30,1996.29,6.51,1379.11,30.17," 552,470.82 ",73.16," 29,306.56 ",25.42,,29.10,,1.13%,0.99,24.58,6.21%,3.74%,2.46%,,,,
1996.05,661.23,14.21,34.62,156.60,1996.37,6.74,1406.38,30.23," 564,401.27 ",73.63," 29,550.34 ",25.81,,29.52,,0.83%,0.99,24.25,5.84%,3.77%,2.07%,,,,
1996.06,668.50,14.27,34.91,156.70,1996.46,6.91,1420.93,30.33," 571,256.91 ",74.20," 29,831.83 ",25.97,,29.67,,0.59%,1.01,24.08,5.40%,3.87%,1.53%,,,,
1996.07,644.07,14.40,35.27,157.00,1996.54,6.87,1366.39,30.55," 550,352.41 ",74.83," 30,140.74 ",24.86,,28.38,,0.82%,1.02,24.24,5.84%,3.83%,2.01%,,,,
1996.08,662.68,14.53,35.64,157.30,1996.62,6.64,1403.19,30.77," 566,207.22 ",75.46," 30,448.72 ",25.41,,28.99,,0.96%,0.99,24.74,5.76%,3.81%,1.95%,,,,
1996.09,674.88,14.66,36.00,157.80,1996.71,6.83,1424.49,30.94," 575,844.56 ",75.99," 30,717.17 ",25.68,,29.27,,0.72%,1.03,24.46,5.90%,4.15%,1.75%,,,,
1996.1,701.46,14.74,36.91,158.30,1996.79,6.53,1475.92,31.01," 597,678.37 ",77.66," 31,449.13 ",26.48,,30.16,,0.92%,1.03,25.05,5.94%,3.99%,1.95%,,,,
1996.11,735.67,14.82,37.82,158.60,1996.87,6.20,1544.97,31.12," 626,691.59 ",79.43," 32,217.54 ",27.59,,31.38,,1.11%,1.00,25.75,5.66%,3.87%,1.79%,,,,
1996.12,743.25,14.90,38.73,158.60,1996.96,6.30,1560.89,31.29," 634,206.46 ",81.34," 33,047.85 ",27.72,,31.51,,0.99%,0.98,25.69,5.75%,3.95%,1.80%,,,,
1997.01,766.22,14.95,39.23,159.10,1997.04,6.58,1604.07,31.30," 652,811.73 ",82.13," 33,426.38 ",28.33,,32.17,,0.60%,1.02,25.23,5.48%,3.98%,1.50%,,,,
1997.02,798.39,15.01,39.74,159.60,1997.12,6.42,1666.18,31.32," 679,151.36 ",82.93," 33,802.07 ",29.27,,33.19,,0.64%,0.99,25.58,5.18%,3.86%,1.32%,,,,
1997.03,792.16,15.06,40.24,160.00,1997.21,6.69,1649.05,31.35," 673,232.07 ",83.77," 34,198.72 ",28.80,,32.64,,0.40%,0.99,25.15,4.91%,4.11%,0.80%,,,,
1997.04,763.93,15.09,40.34,160.20,1997.29,6.89,1588.30,31.38," 649,497.34 ",83.88," 34,300.09 ",27.59,,31.23,,0.31%,1.02,24.90,5.65%,4.08%,1.57%,,,,
1997.05,833.09,15.13,40.45,160.10,1997.37,6.71,1733.17,31.47," 709,812.36 ",84.15," 34,461.54 ",29.93,,33.84,,0.17%,1.02,25.39,5.00%,3.81%,1.19%,,,,
1997.06,876.29,15.16,40.55,160.30,1997.46,6.49,1820.77,31.50," 746,763.30 ",84.26," 34,556.20 ",31.26,,35.31,,0.22%,1.03,25.90,4.49%,3.34%,1.15%,,,,
1997.07,925.29,15.22,40.58,160.50,1997.54,6.22,1920.19,31.58," 788,617.17 ",84.21," 34,586.01 ",32.77,,36.97,,0.33%,1.00,26.53,3.98%,3.22%,0.76%,,,,
1997.08,927.24,15.27,40.61,160.80,1997.62,6.30,1920.64,31.64," 789,887.49 ",84.12," 34,594.42 ",32.59,,36.73,,0.23%,1.01,26.46,3.54%,3.57%,-0.03%,,,,
1997.09,937.02,15.33,40.64,161.20,1997.71,6.21,1936.08,31.68," 797,323.65 ",83.97," 34,581.15 ",32.67,,36.78,,0.29%,1.02,26.71,3.73%,3.61%,0.12%,,,,
1997.1,951.16,15.39,40.33,161.60,1997.79,6.03,1960.44,31.71," 808,440.58 ",83.13," 34,281.38 ",32.90,,37.00,,0.44%,1.02,27.14,3.87%,3.45%,0.41%,,,,
1997.11,938.92,15.44,40.03,161.50,1997.87,5.88,1936.41,31.85," 799,625.83 ",82.55," 34,088.51 ",32.34,,36.32,,0.63%,1.01,27.59,3.41%,3.57%,-0.16%,,,,
1997.12,962.37,15.50,39.72,161.30,1997.96,5.81,1987.23,32.01," 821,714.53 ",82.02," 33,914.71 ",33.03,,37.06,,0.62%,1.03,27.91,3.26%,3.54%,-0.28%,,,,
1998.01,963.36,15.55,39.66,161.60,1998.04,5.54,1985.58,32.05," 822,137.19 ",81.74," 33,846.08 ",32.86,,36.83,,0.90%,1.00,28.57,2.50%,3.58%,-1.08%,,,,
1998.02,1023.74,15.60,39.60,161.90,1998.12,5.57,2106.12,32.09," 873,154.32 ",81.47," 33,775.09 ",34.71,,38.86,,0.70%,1.00,28.58,1.69%,3.58%,-1.89%,,,,
1998.03,1076.83,15.64,39.54,162.20,1998.21,5.65,2211.24,32.12," 917,845.97 ",81.19," 33,702.28 ",36.30,,40.58,,0.47%,1.01,28.49,0.83%,3.75%,-2.92%,,,,
1998.04,1112.20,15.75,39.35,162.50,1998.29,5.64,2279.66,32.28," 947,360.43 ",80.66," 33,517.92 ",37.28,,41.63,,0.37%,1.00,28.59,0.87%,3.54%,-2.67%,,,,
1998.05,1108.42,15.85,39.16,162.80,1998.37,5.65,2267.72,32.43," 943,523.85 ",80.12," 33,334.29 ",36.96,,41.22,,0.37%,1.02,28.65,1.08%,3.29%,-2.21%,,,,
1998.06,1108.39,15.95,38.97,163.00,1998.46,5.50,2264.88,32.59," 943,470.68 ",79.63," 33,171.58 ",36.80,,40.99,,0.50%,1.01,29.08,0.54%,2.88%,-2.34%,,,,
1998.07,1156.58,16.02,38.68,163.20,1998.54,5.46,2360.46,32.69," 984,418.66 ",78.94," 32,919.53 ",38.26,,42.56,,0.41%,1.01,29.26,-0.56%,2.87%,-3.43%,,,,
1998.08,1074.62,16.08,38.38,163.40,1998.62,5.34,2190.50,32.78," 914,678.56 ",78.24," 32,670.51 ",35.42,,39.36,,0.70%,1.05,29.63,0.42%,2.92%,-2.50%,,,,
1998.09,1020.64,16.14,38.09,163.60,1998.71,4.81,2077.92,32.86," 868,814.09 ",77.55," 32,423.90 ",33.53,,37.21,,1.34%,1.03,30.96,0.46%,2.69%,-2.23%,,,,
1998.1,1032.47,16.17,37.96,164.00,1998.79,4.53,2096.88,32.83," 877,884.71 ",77.10," 32,279.29 ",33.77,,37.44,,1.59%,0.98,31.70,-1.79%,2.48%,-4.27%,,,,
1998.11,1144.43,16.18,37.84,164.00,1998.87,4.83,2324.27,32.87," 974,228.33 ",76.84," 32,209.56 ",37.37,,41.38,,0.99%,1.02,31.07,-3.49%,3.15%,-6.64%,,,,
1998.12,1190.05,16.20,37.71,163.90,1998.96,4.65,2418.39,32.92," 1,014,831.67 ",76.63," 32,157.73 ",38.82,,42.93,,1.05%,1.00,31.66,-3.82%,4.06%,-7.88%,,,,
1999.01,1248.77,16.28,37.93,164.30,1999.04,4.72,2531.54,33.01," 1,063,467.71 ",76.90," 32,304.49 ",40.58,,44.81,,0.84%,0.98,31.53,-4.41%,3.99%,-8.40%,,,,
1999.02,1246.58,16.37,38.16,164.50,1999.12,5.00,2524.03,33.14," 1,061,472.07 ",77.26," 32,490.68 ",40.40,,44.56,,0.54%,0.99,30.92,-5.10%,3.84%,-8.94%,,,,
1999.03,1281.66,16.45,38.38,165.00,1999.21,5.23,2587.20,33.21," 1,089,199.58 ",77.47," 32,616.67 ",41.36,,45.55,,0.23%,1.01,30.41,-5.92%,4.06%,-9.98%,,,,
1999.04,1334.76,16.45,39.26,166.20,1999.29,5.18,2674.93,32.97," 1,127,292.32 ",78.68," 33,157.64 ",42.70,,46.97,,0.21%,0.98,30.44,-5.18%,3.95%,-9.12%,,,,
1999.05,1332.07,16.45,40.14,166.20,1999.37,5.54,2669.54,32.97," 1,126,178.20 ",80.44," 33,935.75 ",42.56,,46.75,,-0.20%,0.98,29.74,-4.58%,3.87%,-8.45%,,,,
1999.06,1322.55,16.45,41.02,166.20,1999.46,5.90,2650.46,32.97," 1,119,288.61 ",82.21," 34,715.68 ",42.18,,46.27,,-0.57%,1.01,29.07,-4.33%,3.66%,-8.00%,,,,
1999.07,1380.99,16.51,42.00,166.70,1999.54,5.79,2759.28,32.99," 1,166,402.61 ",83.92," 35,473.76 ",43.83,,48.01,,-0.54%,0.99,29.37,-4.59%,3.75%,-8.34%,,,,
1999.08,1327.49,16.58,42.98,167.10,1999.62,5.94,2646.03,33.04," 1,119,695.80 ",85.67," 36,252.27 ",41.93,,45.87,,-0.58%,1.01,29.11,-3.47%,3.82%,-7.29%,,,,
1999.09,1318.17,16.64,43.96,167.90,1999.71,5.92,2614.94,33.01," 1,107,701.11 ",87.21," 36,941.02 ",41.32,,45.15,,-0.51%,0.99,29.16,-3.03%,3.99%,-7.02%,,,,
1999.1,1300.01,16.66,45.36,168.20,1999.79,6.11,2574.31,32.98," 1,091,656.55 ",89.83," 38,092.92 ",40.55,,44.26,,-0.68%,1.01,28.84,-2.66%,4.13%,-6.80%,,,,
1999.11,1391.00,16.67,46.77,168.30,1999.87,6.03,2752.86,33.00," 1,168,535.55 ",92.55," 39,287.21 ",43.21,,47.09,,-0.77%,0.99,29.14,-3.13%,4.04%,-7.17%,,,,
1999.12,1428.68,16.69,48.17,168.30,1999.96,6.28,2827.43,33.03," 1,201,357.73 ",95.33," 40,505.50 ",44.20,,48.11,,-1.09%,0.98,28.75,-3.17%,4.06%,-7.23%,,,,
2000.01,1425.59,16.71,49.10,168.80,2000.04,6.66,2812.95,32.98," 1,196,376.26 ",96.88," 41,202.65 ",43.77,,47.59,,-1.52%,1.02,28.03,-3.03%,4.20%,-7.23%,,,,
2000.02,1388.87,16.74,50.02,169.80,2000.12,6.52,2724.36,32.83," 1,159,859.56 ",98.12," 41,775.00 ",42.19,,45.81,,-1.28%,1.02,28.30,-3.02%,4.16%,-7.18%,,,,
2000.03,1442.21,16.76,50.95,171.20,2000.21,6.26,2805.85,32.61," 1,195,712.07 ",99.12," 42,241.79 ",43.22,,46.88,,-1.05%,1.03,28.76,-2.79%,3.95%,-6.75%,,,,
2000.04,1461.36,16.74,51.27,171.30,2000.29,5.99,2841.45,32.55," 1,212,037.62 ",99.70," 42,525.60 ",43.53,,47.16,,-0.81%,0.97,29.47,-2.55%,3.61%,-6.16%,,,,
2000.05,1418.48,16.72,51.60,171.50,2000.37,6.44,2754.86,32.47," 1,176,255.66 ",100.21," 42,785.85 ",41.97,,45.41,,-1.18%,1.03,28.62,-2.86%,4.31%,-7.17%,,,,
2000.06,1461.96,16.70,51.92,172.40,2000.46,6.10,2824.48,32.26," 1,207,130.10 ",100.31," 42,869.98 ",42.78,,46.25,,-0.89%,1.01,29.34,-3.45%,4.28%,-7.73%,,,,
2000.07,1473.00,16.58,52.51,172.80,2000.54,6.05,2839.22,31.96," 1,214,568.79 ",101.22," 43,300.11 ",42.76,,46.17,,-0.86%,1.02,29.53,-3.53%,4.41%,-7.93%,,,,
2000.08,1485.46,16.47,53.11,172.80,2000.62,5.83,2863.24,31.74," 1,225,974.21 ",102.36," 43,829.79 ",42.87,,46.24,,-0.74%,1.01,30.16,-3.55%,4.47%,-8.02%,,,,
2000.09,1468.05,16.35,53.70,173.70,2000.71,5.80,2815.02,31.35," 1,206,446.37 ",102.97," 44,130.77 ",41.90,,45.15,,-0.68%,1.01,30.22,-3.08%,4.52%,-7.59%,,,,
2000.1,1390.14,16.32,52.47,174.00,2000.79,5.74,2661.03,31.25," 1,141,566.04 ",100.43," 43,084.99 ",39.37,,42.38,,-0.52%,1.01,30.45,-2.11%,4.55%,-6.66%,,,,
2000.11,1378.04,16.30,51.23,174.10,2000.87,5.72,2636.35,31.18," 1,132,094.26 ",98.02," 42,089.46 ",38.78,,41.71,,-0.47%,1.04,30.63,-1.80%,4.30%,-6.10%,,,,
2000.12,1330.93,16.27,50.00,174.00,2000.96,5.24,2547.69,31.14," 1,095,135.10 ",95.71," 41,141.72 ",37.27,,40.06,,0.10%,1.01,31.93,-1.13%,3.40%,-4.53%,,,,
2001.01,1335.63,16.17,48.48,175.10,2001.04,5.16,2540.62,30.76," 1,093,200.15 ",92.22," 39,680.41 ",36.98,,39.71,,0.21%,1.01,32.06,-0.82%,3.25%,-4.07%,,,,
2001.02,1305.75,16.07,46.96,175.80,2001.12,5.10,2473.90,30.45," 1,065,579.87 ",88.97," 38,322.52 ",35.83,,38.46,,0.38%,1.02,32.22,-0.30%,3.02%,-3.32%,,,,
2001.03,1185.85,15.97,45.44,176.20,2001.21,4.89,2241.63,30.19," 966,620.09 ",85.90," 37,039.44 ",32.33,,34.68,,0.90%,0.98,32.81,0.46%,2.90%,-2.44%,,,,
2001.04,1189.84,15.88,42.56,176.90,2001.29,5.14,2240.27,29.89," 967,108.82 ",80.13," 34,590.30 ",32.17,,34.50,,0.69%,0.99,32.18,0.61%,3.02%,-2.41%,,,,
2001.05,1270.37,15.78,39.67,177.70,2001.37,5.39,2381.13,29.58," 1,028,979.75 ",74.36," 32,134.78 ",34.07,,36.52,,0.29%,1.01,31.56,0.01%,3.46%,-3.45%,,,,
2001.06,1238.71,15.69,36.79,178.00,2001.46,5.28,2317.88,29.36," 1,002,701.90 ",68.84," 29,780.50 ",33.07,,35.43,,0.47%,1.01,31.92,-0.09%,3.53%,-3.62%,,,,
2001.07,1204.45,15.71,33.96,177.50,2001.54,5.24,2260.12,29.47," 978,778.26 ",63.73," 27,599.79 ",32.16,,34.45,,0.55%,1.03,32.24,0.45%,3.44%,-2.99%,,,,
2001.08,1178.50,15.72,31.14,177.50,2001.62,4.97,2211.42,29.50," 958,755.16 ",58.43," 25,330.88 ",31.40,,33.63,,0.87%,1.02,33.07,-0.47%,3.80%,-4.27%,,,,
2001.09,1044.64,15.74,28.31,178.30,2001.71,4.73,1951.44,29.40," 847,104.05 ",52.88," 22,956.73 ",27.67,,29.63,,1.54%,1.02,33.68,0.67%,3.91%,-3.23%,,,,
2001.1,1076.59,15.74,27.10,177.70,2001.79,4.57,2017.92,29.50," 877,027.40 ",50.80," 22,079.31 ",28.58,,30.61,,1.53%,1.00,34.36,0.64%,3.58%,-2.94%,,,,
2001.11,1129.68,15.74,25.90,177.40,2001.87,4.65,2121.01,29.55," 922,902.96 ",48.62," 21,156.53 ",30.01,,32.14,,1.24%,0.97,34.33,0.32%,3.74%,-3.43%,,,,
2001.12,1144.93,15.74,24.69,176.70,2001.96,5.09,2158.16,29.67," 940,142.87 ",46.54," 20,273.84 ",30.50,,32.68,,0.70%,1.01,33.42,0.31%,4.09%,-3.78%,,,,
2002.01,1140.21,15.74,24.69,177.10,2002.04,5.04,2144.40,29.60," 935,226.84 ",46.44," 20,254.05 ",30.28,,32.45,,0.78%,1.01,33.61,0.79%,4.01%,-3.23%,,,,
2002.02,1100.67,15.73,24.70,177.80,2002.12,4.91,2061.89,29.47," 900,312.07 ",46.26," 20,201.07 ",29.09,,31.18,,1.05%,0.98,33.96,1.54%,3.88%,-2.34%,,,,
2002.03,1153.79,15.73,24.70,178.80,2002.21,5.28,2149.31,29.30," 939,550.40 ",46.01," 20,113.62 ",30.29,,32.48,,0.55%,1.01,32.95,1.32%,3.95%,-2.62%,,,,
2002.04,1111.93,15.83,25.38,179.80,2002.29,5.21,2059.81,29.33," 901,495.63 ",47.02," 20,576.80 ",29.01,,31.10,,0.81%,1.01,33.09,1.71%,4.00%,-2.29%,,,,
2002.05,1079.25,15.94,26.06,179.80,2002.37,5.16,1999.28,29.52," 876,077.09 ",48.28," 21,154.11 ",28.13,,30.17,,0.95%,1.02,33.36,1.69%,4.18%,-2.49%,,,,
2002.06,1014.02,16.04,26.74,179.90,2002.46,4.93,1877.40,29.70," 823,753.77 ",49.51," 21,722.62 ",26.39,,28.32,,1.38%,1.03,34.08,2.22%,4.16%,-1.94%,,,,
2002.07,903.59,15.96,27.84,180.10,2002.54,4.65,1671.08,29.52," 734,308.46 ",51.49," 22,624.36 ",23.46,,25.19,,2.13%,1.04,34.94,3.71%,4.01%,-0.30%,,,,
2002.08,912.55,15.88,28.94,180.70,2002.62,4.26,1682.05,29.27," 740,199.32 ",53.34," 23,474.19 ",23.59,,25.34,,2.50%,1.04,36.06,3.92%,3.50%,0.42%,,,,
2002.09,867.81,15.80,30.04,181.00,2002.71,3.87,1596.93,29.07," 703,808.75 ",55.28," 24,362.95 ",22.37,,24.03,,3.11%,1.00,37.28,4.71%,3.09%,1.62%,,,,
2002.1,854.63,15.89,29.22,181.30,2002.79,3.94,1570.08,29.19," 693,044.77 ",53.69," 23,698.07 ",21.96,,23.61,,3.10%,0.99,37.12,4.85%,3.12%,1.73%,,,,
2002.11,909.93,15.98,28.41,181.30,2002.87,4.05,1671.67,29.36," 738,969.07 ",52.19," 23,069.52 ",23.35,,25.11,,2.71%,1.01,36.91,3.93%,3.34%,0.59%,,,,
2002.12,899.18,16.07,27.59,180.90,2002.96,4.03,1655.57,29.59," 732,943.46 ",50.80," 22,489.28 ",23.10,,24.86,,2.76%,1.00,37.18,4.27%,3.24%,1.03%,,,,
2003.01,895.84,16.12,28.50,181.70,2003.04,4.05,1642.16,29.55," 728,096.05 ",52.24," 23,163.44 ",22.90,,24.65,,2.77%,1.02,37.08,4.74%,3.07%,1.67%,,,,
2003.02,837.03,16.17,29.41,183.10,2003.12,3.90,1522.63,29.41," 676,183.27 ",53.50," 23,758.47 ",21.21,,22.85,,3.31%,1.01,37.37,5.68%,2.86%,2.82%,,,,
2003.03,846.63,16.22,30.32,184.20,2003.21,3.81,1530.89,29.33," 680,939.58 ",54.83," 24,386.20 ",21.31,,22.97,,3.40%,0.99,37.55,5.86%,2.82%,3.04%,,,,
2003.04,890.03,16.20,31.73,183.80,2003.29,3.96,1612.87,29.36," 718,492.21 ",57.50," 25,614.59 ",22.43,,24.19,,2.97%,1.04,37.29,5.46%,3.10%,2.35%,,,,
2003.05,935.96,16.19,33.14,183.50,2003.37,3.57,1698.88,29.38," 757,895.96 ",60.15," 26,835.20 ",23.59,,25.45,,3.11%,1.02,38.69,5.35%,2.56%,2.79%,,,,
2003.06,988.00,16.17,34.55,183.70,2003.46,3.33,1791.38,29.32," 800,254.41 ",62.64," 27,984.61 ",24.83,,26.80,,3.13%,0.95,39.54,4.63%,1.99%,2.64%,,,,
2003.07,992.54,16.31,35.89,183.90,2003.54,3.98,1797.66,29.54," 804,157.07 ",65.01," 29,080.82 ",24.87,,26.84,,2.49%,0.97,37.51,4.92%,2.29%,2.62%,,,,
2003.08,989.53,16.45,37.24,184.60,2003.62,4.45,1785.41,29.68," 799,784.70 ",67.19," 30,096.43 ",24.64,,26.61,,2.07%,1.02,36.08,4.99%,2.56%,2.43%,,,,
2003.09,1019.44,16.59,38.58,185.20,2003.71,4.27,1833.42,29.84," 822,403.74 ",69.38," 31,123.30 ",25.24,,27.26,,2.16%,1.00,36.62,4.81%,2.35%,2.45%,,,,
2003.1,1038.73,16.86,41.97,185.00,2003.79,4.29,1870.13,30.35," 840,005.74 ",75.56," 33,937.83 ",25.68,,27.74,,2.02%,1.00,36.73,4.83%,2.54%,2.29%,,,,
2003.11,1049.90,17.12,45.35,184.50,2003.87,4.30,1895.36,30.91," 852,496.75 ",81.88," 36,825.95 ",25.95,,28.03,,1.94%,1.01,36.93,5.10%,2.44%,2.66%,,,,
2003.12,1080.64,17.39,48.74,184.30,2003.96,4.27,1952.97,31.43," 879,587.16 ",88.08," 39,671.93 ",26.64,,28.78,,1.86%,1.01,37.20,4.93%,2.23%,2.69%,,,,
2004.01,1132.52,17.60,49.83,185.20,2004.04,4.15,2036.79,31.65," 918,523.23 ",89.61," 40,411.60 ",27.66,,29.88,,1.86%,1.01,37.51,4.53%,2.17%,2.37%,,,,
2004.02,1143.36,17.81,50.91,186.20,2004.12,4.08,2045.24,31.86," 923,531.99 ",91.07," 41,124.49 ",27.65,,29.87,,1.95%,1.02,37.65,4.43%,2.25%,2.18%,,,,
2004.03,1123.98,18.02,52.00,187.40,2004.21,3.83,1997.70,32.03," 903,269.75 ",92.42," 41,789.02 ",26.89,,29.04,,2.33%,0.96,38.30,4.87%,2.02%,2.85%,,,,
2004.04,1133.36,18.21,53.38,188.00,2004.29,4.35,2007.94,32.27," 909,116.86 ",94.58," 42,821.07 ",26.90,,29.06,,1.83%,0.97,36.71,4.79%,2.45%,2.34%,,,,
2004.05,1102.78,18.41,54.77,189.10,2004.37,4.72,1942.40,32.42," 880,664.90 ",96.46," 43,735.90 ",25.90,,27.98,,1.66%,1.00,35.56,5.25%,2.90%,2.35%,,,,
2004.06,1132.76,18.60,56.15,189.70,2004.46,4.73,1988.89,32.66," 902,979.23 ",98.59," 44,759.95 ",26.40,,28.52,,1.57%,1.02,35.56,5.30%,2.87%,2.43%,,,,
2004.07,1105.85,18.79,56.69,189.40,2004.54,4.50,1944.72,33.04," 884,174.19 ",99.69," 45,326.07 ",25.70,,27.76,,1.86%,1.02,36.41,5.68%,2.71%,2.97%,,,,
2004.08,1088.94,18.97,57.23,189.50,2004.62,4.28,1913.97,33.35," 871,457.98 ",100.59," 45,800.08 ",25.17,,27.19,,2.13%,1.02,37.17,5.81%,2.64%,3.17%,,,,
2004.09,1117.66,19.16,57.77,189.90,2004.71,4.13,1960.31,33.61," 893,833.11 ",101.33," 46,200.76 ",25.67,,27.73,,2.19%,1.01,37.68,5.72%,2.41%,3.30%,,,,
2004.1,1117.21,19.25,58.03,190.90,2004.79,4.10,1949.26,33.59," 890,069.32 ",101.25," 46,231.88 ",25.41,,27.45,,2.31%,1.00,37.70,5.50%,2.66%,2.84%,,,,
2004.11,1168.94,19.35,58.29,191.00,2004.87,4.19,2038.45,33.74," 932,078.25 ",101.65," 46,478.73 ",26.47,,28.58,,2.05%,1.00,37.54,5.66%,2.76%,2.90%,,,,
2004.12,1199.21,19.44,58.55,190.30,2004.96,4.23,2098.92,34.02," 961,028.48 ",102.48," 46,921.07 ",27.14,,29.31,,1.88%,1.00,37.68,5.46%,2.90%,2.56%,,,,
2005.01,1181.41,19.70,59.11,190.70,2005.04,4.22,2063.43,34.41," 946,091.04 ",103.23," 47,333.51 ",26.59,,28.71,,1.95%,1.01,37.77,5.56%,3.25%,2.31%,,,,
2005.02,1199.63,19.97,59.66,191.80,2005.12,4.17,2083.24,34.67," 956,497.07 ",103.61," 47,571.17 ",26.74,,28.87,,2.00%,0.98,37.83,5.70%,3.11%,2.59%,,,,
2005.03,1194.90,20.23,60.22,193.30,2005.21,4.50,2058.92,34.86," 946,666.33 ",103.76," 47,709.64 ",26.34,,28.43,,1.77%,1.02,36.68,5.75%,3.33%,2.42%,,,,
2005.04,1164.43,20.46,61.23,194.60,2005.29,4.34,1993.02,35.02," 917,705.47 ",104.81," 48,258.95 ",25.41,,27.43,,2.10%,1.02,37.04,6.15%,3.32%,2.83%,,,,
2005.05,1178.28,20.70,62.25,194.40,2005.37,4.14,2018.80,35.46," 930,936.92 ",106.65," 49,179.92 ",25.65,,27.69,,2.24%,1.01,37.82,6.05%,2.83%,3.22%,,,,
2005.06,1202.25,20.93,63.26,194.50,2005.46,4.00,2058.81,35.84," 950,764.13 ",108.33," 50,027.31 ",26.07,,28.14,,2.30%,0.99,38.36,5.74%,2.52%,3.22%,,,,
2005.07,1222.24,21.11,64.33,195.40,2005.54,4.18,2083.40,35.98," 963,505.44 ",109.66," 50,712.06 ",26.29,,28.37,,2.13%,1.00,37.75,5.59%,2.74%,2.85%,,,,
2005.08,1224.27,21.29,65.40,196.40,2005.62,4.26,2076.23,36.11," 961,583.20 ",110.91," 51,367.38 ",26.10,,28.17,,2.11%,1.01,37.45,5.37%,2.99%,2.38%,,,,
2005.09,1225.92,21.47,66.47,198.80,2005.71,4.20,2053.93,35.97," 952,643.18 ",111.37," 51,652.79 ",25.73,,27.76,,2.33%,0.98,37.31,5.00%,3.06%,1.93%,,,,
2005.1,1191.96,21.72,67.59,199.20,2005.79,4.46,1993.03,36.32," 925,797.15 ",113.01," 52,497.26 ",24.88,,26.84,,2.19%,1.00,36.59,5.75%,3.38%,2.37%,,,,
2005.11,1237.37,21.97,68.71,197.60,2005.87,4.54,2085.71,37.03," 970,282.61 ",115.82," 53,878.89 ",25.93,,27.98,,1.87%,1.01,36.79,5.58%,3.19%,2.39%,,,,
2005.12,1262.07,22.22,69.83,196.80,2005.96,4.47,2135.99,37.61," 995,131.95 ",118.18," 55,060.39 ",26.44,,28.53,,1.83%,1.01,37.28,5.23%,3.12%,2.11%,,,,
2006.01,1278.73,22.41,70.78,198.30,2006.04,4.42,2147.81,37.64," 1,002,102.54 ",118.88," 55,465.56 ",26.47,,28.55,,1.89%,0.99,37.29,4.45%,3.26%,1.18%,,,,
2006.02,1276.65,22.59,71.72,198.70,2006.12,4.57,2140.00,37.87," 999,930.98 ",120.23," 56,177.01 ",26.25,,28.31,,1.76%,0.99,36.91,4.40%,3.67%,0.74%,,,,
2006.03,1293.74,22.78,72.67,199.80,2006.21,4.72,2156.71,37.98," 1,009,216.51 ",121.14," 56,688.18 ",26.33,,28.40,,1.60%,0.98,36.41,4.91%,3.67%,1.23%,,,,
2006.04,1302.17,23.00,73.28,201.50,2006.29,4.99,2152.45,38.02," 1,008,705.12 ",121.12," 56,762.60 ",26.15,,28.20,,1.41%,0.99,35.48,5.16%,3.98%,1.17%,,,,
2006.05,1290.01,23.22,73.88,202.50,2006.37,5.11,2121.82,38.19," 995,842.35 ",121.52," 57,035.33 ",25.65,,27.66,,1.39%,1.00,35.12,5.22%,4.06%,1.15%,,,,
2006.06,1253.17,23.44,74.49,202.90,2006.46,5.11,2057.16,38.48," 967,000.94 ",122.28," 57,479.75 ",24.75,,26.69,,1.55%,1.01,35.20,5.60%,4.18%,1.42%,,,,
2006.07,1260.24,23.66,75.85,203.50,2006.54,5.09,2062.67,38.72," 971,106.21 ",124.15," 58,447.92 ",24.70,,26.63,,1.59%,1.02,35.30,5.92%,4.32%,1.60%,,,,
2006.08,1287.15,23.88,77.21,203.90,2006.62,4.88,2102.58,39.01," 991,427.00 ",126.12," 59,470.99 ",25.05,,27.02,,1.74%,1.02,35.96,5.82%,4.07%,1.75%,,,,
2006.09,1317.74,24.10,78.57,202.90,2006.71,4.72,2163.16,39.56," 1,021,545.89 ",128.98," 60,909.48 ",25.64,,27.66,,1.73%,1.00,36.75,5.43%,3.77%,1.66%,,,,
2006.1,1363.38,24.36,79.55,201.80,2006.79,4.73,2250.28,40.21," 1,064,270.73 ",131.30," 62,097.68 ",26.54,,28.62,,1.50%,1.01,37.06,4.93%,3.56%,1.38%,,,,
2006.11,1388.64,24.62,80.53,201.50,2006.87,4.60,2295.38,40.70," 1,087,206.81 ",133.11," 63,049.29 ",26.93,,29.03,,1.54%,1.01,37.65,4.85%,3.07%,1.78%,,,,
2006.12,1416.42,24.88,81.51,201.80,2006.96,4.56,2337.82,41.06," 1,108,928.84 ",134.53," 63,814.96 ",27.28,,29.41,,1.54%,0.99,37.86,5.04%,2.71%,2.34%,,,,
2007.01,1424.16,25.08,82.06,202.42,2007.04,4.76,2343.44,41.27," 1,113,226.91 ",135.02," 64,141.45 ",27.21,,29.33,,1.35%,1.01,37.29,5.09%,2.88%,2.22%,,,,
2007.02,1444.80,25.29,82.60,203.50,2007.12,4.72,2364.75,41.39," 1,124,988.68 ",135.20," 64,318.81 ",27.32,,29.44,,1.40%,1.02,37.35,5.22%,2.86%,2.36%,,,,
2007.03,1406.95,25.49,83.15,205.35,2007.21,4.56,2282.02,41.34," 1,087,270.53 ",134.87," 64,257.11 ",26.23,,28.26,,1.78%,0.99,37.63,5.75%,2.74%,3.01%,,,,
2007.04,1463.64,25.72,83.74,206.69,2007.29,4.69,2358.65,41.44," 1,125,424.92 ",134.95," 64,389.52 ",26.98,,29.07,,1.60%,1.00,37.15,5.34%,3.03%,2.31%,,,,
2007.05,1511.14,25.94,84.33,207.95,2007.37,4.75,2420.41,41.55," 1,156,543.76 ",135.07," 64,541.56 ",27.55,,29.68,,1.53%,0.98,36.89,5.22%,3.11%,2.11%,,,,
2007.06,1514.19,26.17,84.92,208.35,2007.46,5.10,2420.60,41.84," 1,158,302.39 ",135.75," 64,960.83 ",27.42,,29.53,,1.20%,1.01,35.97,5.38%,3.48%,1.90%,,,,
2007.07,1520.71,26.44,82.81,208.30,2007.54,5.00,2431.64,42.28," 1,165,271.86 ",132.42," 63,457.23 ",27.41,,29.52,,1.29%,1.03,36.41,5.43%,3.26%,2.17%,,,,
2007.08,1454.62,26.71,80.71,207.92,2007.62,4.67,2330.24,42.79," 1,118,385.78 ",129.29," 62,051.39 ",26.15,,28.16,,1.76%,1.02,37.58,5.86%,3.02%,2.83%,,,,
2007.09,1497.12,26.98,78.60,208.49,2007.71,4.52,2391.73,43.10," 1,149,622.32 ",125.57," 60,356.09 ",26.73,,28.78,,1.83%,1.00,38.07,5.68%,2.86%,2.82%,,,,
2007.1,1539.66,27.23,74.46,208.94,2007.79,4.53,2454.44,43.41," 1,181,503.34 ",118.70," 57,139.07 ",27.32,,29.42,,1.73%,1.03,38.10,5.69%,2.73%,2.95%,,,,
2007.11,1463.39,27.48,70.32,210.18,2007.87,4.15,2319.08,43.55," 1,118,091.57 ",111.44," 53,727.44 ",25.73,,27.71,,2.41%,1.01,39.19,6.44%,2.48%,3.96%,,,,
2007.12,1479.22,27.73,66.18,210.04,2007.96,4.10,2345.74,43.97," 1,132,711.83 ",104.95," 50,677.30 ",25.96,,27.96,,2.43%,1.03,39.51,6.61%,2.37%,4.24%,,,,
2008.01,1378.76,27.92,64.25,211.08,2008.04,3.74,2175.61,44.06," 1,052,335.57 ",101.38," 49,038.67 ",24.02,,25.89,,3.13%,1.00,40.62,7.85%,1.89%,5.96%,,,,
2008.02,1354.87,28.11,62.32,211.69,2008.12,3.74,2131.73,44.23," 1,032,889.86 ",98.05," 47,509.87 ",23.50,,25.33,,3.23%,1.02,40.63,7.69%,1.62%,6.07%,,,,
2008.03,1316.94,28.30,60.39,213.53,2008.21,3.51,2054.24,44.14," 997,128.36 ",94.20," 45,724.62 ",22.61,,24.38,,3.70%,0.99,41.18,8.05%,1.50%,6.55%,,,,
2008.04,1370.47,28.44,57.38,214.82,2008.29,3.68,2124.85,44.09," 1,033,187.09 ",88.97," 43,260.87 ",23.36,,25.20,,3.43%,0.99,40.48,7.44%,1.63%,5.81%,,,,
2008.05,1403.22,28.57,54.38,216.63,2008.37,3.88,2157.46,43.93," 1,050,823.31 ",83.60," 40,720.82 ",23.70,,25.58,,3.24%,0.99,39.60,7.42%,1.74%,5.68%,,,,
2008.06,1341.25,28.71,51.37,218.82,2008.46,4.10,2041.61,43.70," 996,169.37 ",78.19," 38,153.38 ",22.42,,24.22,,3.35%,1.01,38.63,8.21%,2.06%,6.14%,,,,
2008.07,1257.33,28.76,49.56,219.96,2008.54,4.01,1903.87,43.54," 930,733.09 ",75.05," 36,689.04 ",20.91,,22.60,,3.80%,1.01,38.84,9.12%,2.05%,7.07%,,,,
2008.08,1281.47,28.80,47.76,219.09,2008.62,3.89,1948.20,43.79," 954,188.12 ",72.60," 35,559.82 ",21.40,,23.16,,3.76%,1.02,39.51,9.10%,1.89%,7.21%,,,,
2008.09,1216.95,28.85,45.95,218.78,2008.71,3.69,1852.68,43.92," 909,193.83 ",69.95," 34,329.64 ",20.36,,22.05,,4.17%,0.99,40.35,9.80%,1.60%,8.21%,,,,
2008.1,968.80,28.70,35.59,216.57,2008.79,3.81,1489.94,44.13," 732,989.63 ",54.74," 26,929.75 ",16.39,,17.77,,5.11%,1.03,40.49,11.73%,1.44%,10.29%,,,,
2008.11,883.04,28.54,25.24,212.43,2008.87,3.53,1384.57,44.75," 682,984.79 ",39.57," 19,519.23 ",15.26,,16.58,,5.64%,1.10,42.37,12.33%,1.07%,11.26%,,,,
2008.12,877.56,28.39,14.88,210.23,2008.96,2.42,1390.36,44.98," 687,688.55 ",23.58," 11,660.52 ",15.38,,16.73,,6.60%,0.99,47.13,11.65%,0.30%,11.35%,,,,
2009.01,865.58,28.01,12.21,211.14,2009.04,2.52,1365.43,44.19," 677,182.55 ",19.26," 9,549.83 ",15.17,,16.55,,6.61%,0.97,46.61,11.99%,0.52%,11.47%,,,,
2009.02,805.23,27.64,9.53,212.19,2009.12,2.87,1263.95,43.38," 628,643.59 ",14.96," 7,442.68 ",14.12,,15.43,,6.79%,1.01,45.08,13.42%,0.86%,12.55%,,,,
2009.03,757.13,27.26,6.86,212.71,2009.21,2.82,1185.56,42.69," 591,427.18 ",10.74," 5,358.64 ",13.32,,14.59,,7.26%,0.99,45.27,14.27%,0.88%,13.39%,,,,
2009.04,848.15,26.70,7.08,213.24,2009.29,2.93,1324.78,41.71," 662,611.00 ",11.05," 5,528.59 ",14.98,,16.44,,6.27%,0.97,44.83,13.33%,0.98%,12.35%,,,,
2009.05,902.41,26.15,7.29,213.86,2009.37,3.29,1405.47,40.72," 704,667.85 ",11.36," 5,695.17 ",16.00,,17.59,,5.51%,0.97,43.45,12.44%,1.42%,11.02%,,,,
2009.06,926.12,25.59,7.51,215.69,2009.46,3.72,1430.12,39.52," 718,674.23 ",11.60," 5,827.80 ",16.38,,18.04,,5.02%,1.02,41.67,12.37%,2.17%,10.21%,,,,
2009.07,935.82,25.03,9.19,215.35,2009.54,3.56,1447.39,38.71," 728,975.74 ",14.21," 7,156.14 ",16.69,,18.41,,5.02%,1.00,42.42,12.62%,2.38%,10.24%,,,,
2009.08,1009.73,24.46,10.86,215.83,2009.62,3.59,1558.21,37.75," 786,373.72 ",16.76," 8,460.32 ",18.09,,19.98,,4.53%,1.02,42.35,11.41%,2.41%,9.00%,,,,
2009.09,1044.55,23.90,12.54,215.97,2009.71,3.40,1610.94,36.86," 814,533.02 ",19.34," 9,778.61 ",18.83,,20.82,,4.46%,1.00,43.12,11.35%,2.17%,9.19%,,,,
2009.1,1067.66,23.40,25.35,216.18,2009.79,3.39,1644.99,36.06," 833,272.33 ",39.06," 19,784.81 ",19.36,,21.42,,4.32%,1.00,43.24,11.07%,2.12%,8.95%,,,,
2009.11,1088.07,22.91,38.16,216.33,2009.87,3.40,1675.25,35.27," 850,089.81 ",58.75," 29,813.73 ",19.81,,21.94,,4.19%,0.99,43.29,11.34%,2.03%,9.31%,,,,
2009.12,1110.38,22.41,50.97,215.95,2009.96,3.59,1712.62,34.56," 870,512.41 ",78.61," 39,959.31 ",20.32,,22.51,,3.85%,0.99,42.81,11.36%,2.13%,9.23%,,,,
2010.01,1123.58,22.24,54.29,216.69,2010.04,3.73,1727.08,34.19," 879,308.86 ",83.45," 42,487.12 ",20.53,,22.74,,3.67%,1.01,42.29,11.57%,2.32%,9.25%,,,,
2010.02,1089.16,22.07,57.61,216.74,2010.12,3.69,1673.75,33.92," 853,598.52 ",88.53," 45,150.22 ",19.92,,22.07,,3.80%,1.00,42.55,11.88%,2.49%,9.40%,,,,
2010.03,1152.05,21.90,60.93,217.63,2010.21,3.73,1763.16,33.52," 900,618.88 ",93.25," 47,632.23 ",21.00,,23.27,,3.46%,0.99,42.37,9.00%,3.16%,5.84%,,,,
2010.04,1197.32,21.95,62.99,218.01,2010.29,3.85,1829.26,33.53," 935,813.19 ",96.23," 49,229.74 ",21.80,,24.15,,3.18%,1.04,42.01,9.12%,3.53%,5.58%,,,,
2010.05,1125.06,21.99,65.04,218.18,2010.37,3.42,1717.53,33.58," 880,085.75 ",99.30," 50,880.58 ",20.48,,22.68,,3.90%,1.02,43.63,10.42%,3.14%,7.28%,,,,
2010.06,1083.36,22.04,67.10,217.97,2010.46,3.20,1655.49,33.68," 849,731.95 ",102.54," 52,629.79 ",19.74,,21.86,,4.24%,1.02,44.61,11.45%,2.80%,8.65%,,,,
2010.07,1079.80,22.14,68.69,218.01,2010.54,3.01,1649.70,33.83," 848,208.01 ",104.94," 53,954.97 ",19.67,,21.77,,4.43%,1.03,45.45,11.79%,2.67%,9.12%,,,,
2010.08,1087.28,22.25,70.27,218.31,2010.62,2.70,1658.84,33.94," 854,360.41 ",107.21," 55,219.22 ",19.77,,21.88,,4.72%,1.01,46.72,12.32%,2.33%,9.99%,,,,
2010.09,1122.08,22.35,71.86,218.44,2010.71,2.65,1710.94,34.08," 882,655.51 ",109.57," 56,526.83 ",20.38,,22.55,,4.57%,1.01,47.00,11.86%,2.23%,9.63%,,,,
2010.1,1171.58,22.48,73.69,218.71,2010.79,2.54,1784.19,34.23," 921,918.84 ",112.22," 57,986.82 ",21.24,,23.49,,4.48%,0.98,47.50,11.56%,2.02%,9.55%,,,,
2010.11,1198.89,22.60,75.52,218.80,2010.87,2.76,1825.02,34.41," 944,494.06 ",114.96," 59,495.19 ",21.70,,23.99,,4.16%,0.96,46.67,11.73%,2.13%,9.60%,,,,
2010.12,1241.53,22.73,77.35,219.18,2010.96,3.29,1886.68,34.54," 977,897.93 ",117.54," 60,925.15 ",22.40,,24.75,,3.51%,0.99,44.61,11.80%,2.53%,9.27%,,,,
2011.01,1282.62,22.96,78.67,220.22,2011.04,3.39,1939.88,34.73," 1,006,973.51 ",118.98," 61,763.11 ",22.98,,25.38,,3.28%,0.99,44.15,11.74%,2.46%,9.28%,,,,
2011.02,1321.12,23.20,79.99,221.31,2011.12,3.58,1988.31,34.91," 1,033,619.99 ",120.39," 62,582.70 ",23.49,,25.93,,3.01%,1.02,43.36,11.66%,2.42%,9.23%,,,,
2011.03,1304.49,23.43,81.31,223.47,2011.21,3.41,1944.32,34.92," 1,012,265.90 ",121.19," 63,095.42 ",22.90,,25.27,,3.36%,1.00,43.69,11.90%,1.95%,9.95%,,,,
2011.04,1331.51,23.73,82.16,224.91,2011.29,3.46,1971.90,35.15," 1,028,147.09 ",121.68," 63,443.75 ",23.14,,25.53,,3.29%,1.03,43.35,12.29%,1.94%,10.36%,,,,
2011.05,1338.31,24.04,83.02,225.96,2011.37,3.17,1972.69,35.43," 1,030,098.73 ",122.37," 63,898.02 ",23.06,,25.42,,3.60%,1.02,44.33,12.27%,1.66%,10.61%,,,,
2011.06,1287.29,24.34,83.87,225.72,2011.46,3.00,1899.52,35.92," 993,453.75 ",123.76," 64,725.87 ",22.10,,24.36,,3.93%,1.00,45.14,12.77%,1.49%,11.29%,,,,
2011.07,1325.19,24.62,84.91,225.92,2011.54,3.00,1953.71,36.30," 1,023,379.30 ",125.18," 65,569.26 ",22.61,,24.92,,3.86%,1.06,45.22,12.72%,1.62%,11.10%,,,,
2011.08,1185.31,24.90,85.94,226.55,2011.62,2.30,1742.68,36.61," 914,437.61 ",126.36," 66,303.18 ",20.05,,22.09,,5.16%,1.03,48.00,14.22%,1.04%,13.18%,,,,
2011.09,1173.88,25.18,86.98,226.89,2011.71,1.98,1723.26,36.96," 905,862.94 ",127.69," 67,120.97 ",19.70,,21.71,,5.54%,0.99,49.40,14.29%,0.65%,13.64%,,,,
2011.1,1207.22,25.60,86.97,226.42,2011.79,2.15,1775.87,37.65," 935,165.84 ",127.94," 67,370.80 ",20.16,,22.21,,5.26%,1.01,48.83,13.88%,0.50%,13.38%,,,,
2011.11,1226.42,26.01,86.96,226.23,2011.87,2.01,1805.63,38.30," 952,521.77 ",128.03," 67,539.09 ",20.35,,22.42,,5.37%,1.00,49.58,14.15%,0.33%,13.82%,,,,
2011.12,1243.32,26.43,86.95,225.67,2011.96,1.98,1835.04,39.01," 969,749.98 ",128.33," 67,818.23 ",20.52,,22.62,,5.37%,1.00,49.92,13.94%,0.33%,13.61%,,,,
2012.01,1300.58,26.74,87.48,226.67,2012.04,1.97,1911.14,39.29," 1,011,697.11 ",128.55," 68,049.07 ",21.21,,23.39,,5.24%,1.00,49.82,13.13%,0.01%,13.12%,,,,
2012.02,1352.49,27.04,88.01,227.66,2012.12,1.97,1978.71,39.56," 1,049,210.34 ",128.76," 68,274.81 ",21.80,,24.03,,5.12%,0.98,49.69,12.28%,-0.19%,12.48%,,,,
2012.03,1389.24,27.35,88.54,229.39,2012.21,2.17,2017.16,39.71," 1,071,351.24 ",128.56," 68,280.09 ",22.05,,24.32,,4.89%,1.01,48.52,11.80%,-0.25%,12.05%,,,,
2012.04,1386.43,27.67,88.33,230.09,2012.29,2.05,2007.01,40.06," 1,067,736.99 ",127.87," 68,028.51 ",21.78,,24.02,,5.04%,1.02,48.98,11.79%,-0.93%,12.72%,,,,
2012.05,1341.27,28.00,88.13,229.82,2012.37,1.80,1943.92,40.58," 1,035,970.19 ",127.72," 68,067.28 ",20.94,,23.10,,5.46%,1.02,50.23,11.09%,-1.40%,12.49%,,,,
2012.06,1323.48,28.32,87.92,229.48,2012.46,1.62,1920.95,41.10," 1,025,556.24 ",127.61," 68,128.65 ",20.55,,22.67,,5.71%,1.01,51.21,10.67%,-1.90%,12.57%,,,,
2012.07,1359.78,28.74,87.45,229.10,2012.54,1.53,1976.86,41.79," 1,057,264.08 ",127.13," 67,992.04 ",21.00,,23.17,,5.67%,0.99,51.79,10.39%,-1.78%,12.17%,,,,
2012.08,1403.45,29.17,86.97,230.38,2012.62,1.68,2029.06,42.17," 1,087,058.79 ",125.74," 67,366.22 ",21.41,,23.63,,5.45%,1.00,50.86,10.77%,-1.58%,12.35%,,,,
2012.09,1443.42,29.59,86.50,231.41,2012.71,1.72,2077.57,42.59," 1,114,952.81 ",124.50," 66,815.91 ",21.78,,24.04,,5.36%,1.00,50.52,9.64%,-2.03%,11.67%,,,,
2012.1,1437.82,30.14,86.50,231.32,2012.79,1.75,2070.32,43.40," 1,113,000.36 ",124.56," 66,961.26 ",21.58,,23.82,,5.35%,1.01,50.47,9.27%,-2.41%,11.68%,,,,
2012.11,1394.51,30.70,86.51,230.22,2012.87,1.65,2017.52,44.41," 1,086,603.15 ",125.15," 67,406.05 ",20.90,,23.07,,5.55%,0.99,51.25,10.11%,-2.44%,12.55%,,,,
2012.12,1422.29,31.25,86.51,229.60,2012.96,1.72,2063.26,45.33," 1,113,276.64 ",125.50," 67,714.43 ",21.24,,23.46,,5.40%,0.98,51.13,9.88%,-2.14%,12.02%,,,,
2013.01,1480.40,31.54,86.91,230.28,2013.04,1.91,2141.23,45.61," 1,157,395.69 ",125.70," 67,944.75 ",21.90,,24.19,,5.05%,1.00,50.18,9.51%,-1.93%,11.45%,,,,
2013.02,1512.31,31.82,87.30,232.17,2013.12,1.98,2169.61,45.65," 1,174,795.06 ",125.25," 67,819.11 ",22.05,,24.37,,4.96%,1.00,49.54,9.63%,-2.01%,11.64%,,,,
2013.03,1550.83,32.11,87.70,232.77,2013.21,1.96,2219.08,45.95," 1,203,649.92 ",125.49," 68,066.84 ",22.42,,24.78,,4.87%,1.02,49.58,9.04%,-1.95%,10.99%,,,,
2013.04,1570.70,32.50,88.78,232.53,2013.29,1.76,2249.85,46.55," 1,222,444.39 ",127.17," 69,098.29 ",22.60,,24.98,,5.05%,0.99,50.62,9.24%,-2.01%,11.25%,,,,
2013.05,1639.84,32.88,89.87,232.95,2013.37,1.93,2344.71,47.02," 1,276,115.36 ",128.49," 69,933.79 ",23.41,,25.88,,4.76%,0.97,49.83,8.83%,-1.94%,10.77%,,,,
2013.06,1618.77,33.27,90.95,233.50,2013.46,2.30,2309.04,47.46," 1,258,855.45 ",129.73," 70,728.33 ",22.93,,25.35,,4.49%,0.98,48.16,9.47%,-1.76%,11.22%,,,,
2013.07,1668.68,33.65,92.09,233.60,2013.54,2.58,2379.29,47.98," 1,299,337.09 ",131.31," 71,706.95 ",23.49,,25.98,,4.10%,0.99,47.05,9.52%,-1.64%,11.15%,,,,
2013.08,1670.09,34.02,93.23,233.88,2013.62,2.74,2378.44,48.45," 1,301,077.62 ",132.77," 72,630.50 ",23.36,,25.83,,3.94%,1.00,46.44,9.35%,-1.74%,11.08%,,,,
2013.09,1687.17,34.40,94.37,234.15,2013.71,2.81,2399.98,48.93," 1,315,087.54 ",134.24," 73,557.98 ",23.44,,25.92,,3.83%,1.02,46.22,9.10%,-1.85%,10.94%,,,,
2013.1,1720.03,34.60,96.31,233.55,2013.79,2.62,2453.04,49.34," 1,346,415.36 ",137.36," 75,392.73 ",23.83,,26.36,,3.93%,0.99,47.21,8.51%,-2.34%,10.85%,,,,
2013.11,1783.54,34.79,98.26,233.07,2013.87,2.72,2548.82,49.72," 1,401,261.71 ",140.42," 77,196.65 ",24.64,,27.25,,3.70%,0.99,47.00,8.59%,-2.01%,10.60%,,,,
2013.12,1807.78,34.99,100.20,233.05,2013.96,2.90,2583.68,50.01," 1,422,719.13 ",143.21," 78,857.19 ",24.86,,27.48,,3.50%,1.01,46.38,8.98%,-1.46%,10.44%,,,,
2014.01,1822.36,35.40,100.42,233.92,2014.04,2.86,2594.86,50.41," 1,431,191.04 ",142.98," 78,862.26 ",24.86,,27.47,,3.53%,1.02,46.48,9.17%,-1.53%,10.70%,,,,
2014.02,1817.04,35.82,100.63,234.78,2014.12,2.71,2577.76,50.81," 1,424,090.87 ",142.76," 78,870.59 ",24.59,,27.17,,3.70%,1.00,47.02,9.61%,-1.79%,11.40%,,,,
2014.03,1863.52,36.23,100.85,236.29,2014.21,2.72,2626.78,51.07," 1,453,524.69 ",142.16," 78,661.87 ",24.96,,27.57,,3.63%,1.00,46.79,9.67%,-1.77%,11.44%,,,,
2014.04,1864.26,36.61,101.61,237.07,2014.29,2.71,2619.19,51.44," 1,451,695.83 ",142.75," 79,120.92 ",24.79,,27.37,,3.67%,1.02,46.78,9.53%,-2.03%,11.56%,,,,
2014.05,1889.77,37.00,102.36,237.90,2014.37,2.56,2645.79,51.80," 1,468,831.14 ",143.31," 79,562.30 ",24.94,,27.54,,3.77%,1.00,47.34,9.65%,-2.08%,11.73%,,,,
2014.06,1947.09,37.38,103.12,238.34,2014.46,2.60,2720.97,52.24," 1,512,987.10 ",144.11," 80,129.44 ",25.56,,28.21,,3.62%,1.01,47.18,9.71%,-1.88%,11.59%,,,,
2014.07,1973.10,37.75,104.07,238.25,2014.54,2.54,2758.40,52.77," 1,536,242.09 ",145.49," 81,025.59 ",25.82,,28.49,,3.65%,1.01,47.55,9.78%,-1.89%,11.67%,,,,
2014.08,1961.53,38.12,105.01,237.85,2014.62,2.42,2746.81,53.38," 1,532,266.77 ",147.05," 82,032.11 ",25.62,,28.26,,3.78%,0.99,48.24,9.70%,-1.70%,11.40%,,,,
2014.09,1993.23,38.49,105.96,238.03,2014.71,2.53,2789.10,53.86," 1,558,362.30 ",148.27," 82,842.46 ",25.92,,28.58,,3.61%,1.02,47.83,9.79%,-1.48%,11.27%,,,,
2014.1,1937.27,38.81,104.74,237.43,2014.79,2.30,2717.62,54.44," 1,520,960.65 ",146.94," 82,234.53 ",25.16,,27.74,,3.88%,1.00,49.03,10.38%,-2.01%,12.40%,,,,
2014.11,2044.57,39.12,103.53,236.15,2014.87,2.33,2883.72,55.18," 1,616,490.20 ",146.02," 81,850.87 ",26.61,,29.32,,3.57%,1.01,49.26,9.99%,-2.23%,12.22%,,,,
2014.12,2054.27,39.44,102.31,234.81,2014.96,2.21,2913.92,55.94," 1,636,034.27 ",145.12," 81,480.36 ",26.79,,29.52,,3.65%,1.03,50.17,10.01%,-2.40%,12.41%,,,,
2015.01,2028.18,39.90,101.29,233.71,2015.04,1.88,2890.51,56.86," 1,625,553.53 ",144.36," 81,182.30 ",26.49,,29.17,,3.95%,0.99,52.00,9.97%,-2.96%,12.93%,,,,
2015.02,2082.20,40.35,100.27,234.72,2015.12,1.98,2954.67,57.26," 1,664,316.70 ",142.28," 80,146.50 ",27.00,,29.72,,3.76%,1.00,51.39,9.78%,-2.71%,12.49%,,,,
2015.03,2079.99,40.81,99.25,236.12,2015.21,2.04,2934.07,57.57," 1,655,415.97 ",140.00," 78,990.78 ",26.73,,29.42,,3.72%,1.01,50.90,9.16%,-2.47%,11.64%,,,,
2015.04,2094.86,41.12,97.80,236.60,2015.29,1.94,2949.05,57.89," 1,666,589.89 ",137.68," 77,808.56 ",26.79,,29.48,,3.77%,0.98,51.34,8.45%,-2.55%,11.00%,,,,
2015.05,2111.94,41.43,96.36,237.81,2015.37,2.20,2958.02,58.03," 1,674,390.01 ",134.96," 76,393.57 ",26.81,,29.49,,3.57%,0.99,49.98,9.25%,-2.39%,11.63%,,,,
2015.06,2099.29,41.74,94.91,238.64,2015.46,2.36,2930.04,58.26," 1,661,299.20 ",132.47," 75,108.21 ",26.50,,29.14,,3.48%,1.01,49.19,9.71%,-2.20%,11.91%,,,,
2015.07,2094.14,42.00,93.49,238.65,2015.54,2.32,2922.65,58.61," 1,659,881.94 ",130.48," 74,105.79 ",26.38,,29.01,,3.49%,1.02,49.46,10.19%,-2.24%,12.43%,,,,
2015.08,2039.87,42.25,92.08,238.32,2015.62,2.17,2850.95,59.05," 1,621,953.90 ",128.69," 73,212.56 ",25.69,,28.25,,3.68%,1.00,50.29,10.62%,-2.29%,12.91%,,,,
2015.09,1944.41,42.51,90.66,237.95,2015.71,2.17,2721.77,59.51," 1,551,282.86 ",126.91," 72,330.07 ",24.50,,26.94,,3.73%,1.01,50.46,11.40%,-2.20%,13.60%,,,,
2015.1,2024.81,42.80,89.28,237.84,2015.79,2.07,2835.59,59.94," 1,619,001.14 ",125.03," 71,389.32 ",25.49,,28.03,,3.64%,0.98,51.02,11.17%,-2.24%,13.42%,,,,
2015.11,2080.62,43.10,87.91,237.34,2015.87,2.26,2919.91,60.48," 1,670,022.29 ",123.37," 70,558.82 ",26.23,,28.83,,3.40%,1.00,50.36,10.89%,-2.07%,12.96%,,,,
2015.12,2054.08,43.39,86.53,236.53,2015.96,2.24,2892.55,61.10," 1,657,285.17 ",121.85," 69,814.65 ",25.97,,28.54,,3.47%,1.02,50.71,11.17%,-2.15%,13.31%,,,,
2016.01,1918.60,43.55,86.50,236.92,2016.04,2.09,2697.31,61.23," 1,548,345.14 ",121.61," 69,807.08 ",24.21,,26.61,,3.84%,1.03,51.40,12.02%,-2.34%,14.35%,,,,
2016.02,1904.42,43.72,86.47,237.11,2016.12,1.78,2675.17,61.41," 1,538,575.27 ",121.47," 69,858.86 ",24.00,,26.39,,4.17%,0.99,52.90,11.99%,-2.56%,14.55%,,,,
2016.03,2021.95,43.88,86.44,238.13,2016.21,1.89,2828.09,61.37," 1,629,465.14 ",120.90," 69,660.95 ",25.37,,27.89,,3.82%,1.01,52.23,10.85%,-2.60%,13.45%,,,,
2016.04,2075.54,44.07,86.60,239.26,2016.29,1.81,2889.35,61.35," 1,667,705.81 ",120.56," 69,583.49 ",25.92,,28.50,,3.78%,1.00,52.44,11.01%,-2.74%,13.75%,,,,
2016.05,2065.55,44.27,86.76,240.23,2016.37,1.81,2863.85,61.38," 1,655,943.24 ",120.29," 69,555.15 ",25.69,,28.24,,3.81%,1.02,52.31,11.73%,-2.87%,14.60%,,,,
2016.06,2083.89,44.46,86.92,241.02,2016.46,1.64,2879.82,61.44," 1,668,137.85 ",120.12," 69,578.79 ",25.84,,28.40,,3.97%,1.01,53.02,11.75%,-2.92%,14.68%,,,,
2016.07,2148.90,44.65,87.64,240.63,2016.54,1.50,2974.48,61.80," 1,725,949.18 ",121.31," 70,393.20 ",26.69,,29.33,,3.94%,1.00,53.87,11.44%,-3.13%,14.57%,,,,
2016.08,2170.95,44.84,88.37,240.85,2016.62,1.56,3002.24,62.01," 1,745,057.75 ",122.20," 71,031.09 ",26.95,,29.61,,3.83%,0.99,53.59,11.50%,-3.14%,14.65%,,,,
2016.09,2157.69,45.03,89.09,241.43,2016.71,1.63,2976.75,62.12," 1,733,248.68 ",122.91," 71,565.02 ",26.73,,29.36,,3.87%,0.99,53.19,,,,,,,
2016.1,2143.02,45.25,90.91,241.73,2016.79,1.76,2952.83,62.35," 1,722,346.39 ",125.26," 73,064.42 ",26.53,,29.13,,3.83%,0.97,52.56,,,,,,,
2016.11,2164.99,45.48,92.73,241.35,2016.87,2.14,2987.75,62.76," 1,745,764.97 ",127.97," 74,773.92 ",26.85,,29.48,,3.41%,0.97,50.94,,,,,,,
2016.12,2246.63,45.70,94.55,241.43,2016.96,2.49,3099.40,63.05," 1,814,073.44 ",130.44," 76,345.75 ",27.87,,30.59,,2.91%,1.01,49.45,,,,,,,
2017.01,2275.12,45.93,96.46,242.84,2017.04,2.43,3120.52,62.99," 1,829,506.58 ",132.31," 77,569.67 ",28.06,,30.79,,2.97%,1.00,49.52,,,,,,,
2017.02,2329.91,46.15,98.38,243.60,2017.12,2.42,3185.64,63.10," 1,870,772.33 ",134.51," 78,990.32 ",28.66,,31.43,,2.88%,1.00,49.51,,,,,,,
2017.03,2366.82,46.38,100.29,243.80,2017.21,2.48,3233.48,63.36," 1,901,966.20 ",137.01," 80,592.61 ",29.09,,31.89,,2.69%,1.02,49.31,,,,,,,
2017.04,2359.31,46.66,101.53,244.52,2017.29,2.30,3213.69,63.56," 1,893,440.78 ",138.30," 81,484.57 ",28.90,,31.67,,2.86%,1.00,50.05,,,,,,,
2017.05,2395.35,46.94,102.78,244.73,2017.37,2.30,3259.99,63.88," 1,923,859.23 ",139.88," 82,546.53 ",29.31,,32.10,,2.75%,1.01,50.10,,,,,,,
2017.06,2433.99,47.22,104.02,244.96,2017.46,2.19,3309.58,64.21," 1,956,279.38 ",141.44," 83,604.36 ",29.75,,32.56,,2.80%,0.99,50.64,,,,,,,
2017.07,2454.10,47.54,105.04,244.79,2017.54,2.32,3339.23,64.68," 1,976,990.34 ",142.93," 84,618.83 ",30.00,,32.82,,2.64%,1.01,50.19,,,,,,,
2017.08,2456.22,47.85,106.06,245.52,2017.62,2.21,3332.13,64.92," 1,975,993.66 ",143.88," 85,323.74 ",29.91,,32.71,,2.81%,1.00,50.62,,,,,,,
2017.09,2492.84,48.17,107.08,246.82,2017.71,2.20,3364.00,65.00," 1,998,103.49 ",144.50," 85,828.58 ",30.17,,32.97,,2.82%,0.99,50.49,,,,,,,
2017.1,2557.00,48.42,108.01,246.66,2017.79,2.36,3452.77,65.39," 2,054,062.79 ",145.85," 86,768.15 ",30.92,,33.78,,2.55%,1.00,49.91,,,,,,,
2017.11,2593.61,48.68,108.95,246.67,2017.87,2.35,3502.12,65.73," 2,086,679.73 ",147.11," 87,652.65 ",31.30,,34.17,,2.46%,1.00,50.05,,,,,,,
2017.12,2664.34,48.93,109.88,246.52,2017.96,2.40,3599.74,66.11," 2,148,128.58 ",148.46," 88,590.93 ",32.09,,35.02,,2.33%,0.99,49.95,,,,,,,
2018.01,2789.80,49.29,111.73,247.87,2018.04,2.58,3748.82,66.23," 2,240,387.31 ",150.14," 89,728.99 ",33.31,,36.33,,2.04%,0.98,49.00,,,,,,,
2018.02,2705.16,49.64,113.59,248.99,2018.12,2.86,3618.68,66.41," 2,165,916.46 ",151.94," 90,944.43 ",32.04,,34.93,,1.90%,1.00,47.71,,,,,,,
2018.03,2702.77,50.00,115.44,249.55,2018.21,2.84,3607.32,66.73," 2,162,449.40 ",154.08," 92,361.97 ",31.81,,34.68,,1.88%,1.00,47.79,,,,,,,
2018.04,2653.63,50.33,117.79,250.55,2018.29,2.87,3527.71,66.91," 2,118,069.33 ",156.58," 94,014.74 ",30.97,,33.75,,1.91%,0.99,47.59,,,,,,,
2018.05,2701.49,50.66,120.13,251.59,2018.37,2.98,3576.46,67.07," 2,150,695.22 ",159.04," 95,639.88 ",31.24,,34.04,,1.73%,1.01,47.08,,,,,,,
2018.06,2754.35,50.99,122.48,251.99,2018.46,2.91,3640.64,67.40," 2,192,665.81 ",161.89," 97,503.12 ",31.63,,34.46,,1.67%,1.00,47.39,,,,,,,
2018.07,2793.64,51.44,125.12,252.01,2018.54,2.89,3692.33,67.99," 2,227,205.80 ",165.37," 99,748.20 ",31.89,,34.73,,1.62%,1.00,47.58,,,,,,,
2018.08,2857.82,51.89,127.75,252.15,2018.62,2.89,3775.05,68.54," 2,280,553.22 ",168.76," 101,947.73 ",32.39,,35.27,,1.61%,0.99,47.67,,,,,,,
2018.09,2901.50,52.34,130.39,252.44,2018.71,3.00,3828.30,69.06," 2,316,199.20 ",172.04," 104,087.27 ",32.62,,35.52,,1.51%,0.99,47.28,,,,,,,
2018.1,2785.46,52.81,131.06,252.89,2018.79,3.15,3668.72,69.56," 2,223,152.50 ",172.61," 104,599.94 ",31.04,,33.79,,1.63%,1.01,46.71,,,,,,,
2018.11,2723.23,53.28,131.72,252.04,2018.87,3.12,3598.81,70.41," 2,184,344.84 ",174.08," 105,657.32 ",30.20,,32.88,,1.92%,1.03,47.11,,,,,,,
2018.12,2567.31,53.75,132.39,251.23,2018.96,2.83,3403.63,71.26," 2,069,481.65 ",175.52," 106,718.19 ",28.29,,30.82,,2.50%,1.01,48.57,,,,,,,
2019.01,2607.39,54.15,133.06,251.71,2019.04,2.71,3450.19,71.65," 2,101,420.42 ",176.07," 107,236.74 ",28.38,,30.93,,2.59%,1.00,49.10,,,,,,,
2019.02,2754.86,54.54,133.72,252.78,2019.12,2.68,3629.98,71.87," 2,214,575.68 ",176.20," 107,497.46 ",29.54,,32.21,,2.47%,1.01,49.13,,,,,,,
2019.03,2803.98,54.94,134.39,254.20,2019.21,2.57,3673.98,71.99," 2,245,077.38 ",176.09," 107,602.75 ",29.58,,32.26,,2.61%,1.01,49.43,,,,,,,
2019.04,2903.80,55.32,134.68,255.55,2019.29,2.53,3784.73,72.10," 2,316,426.36 ",175.54," 107,439.91 ",30.13,,32.88,,2.61%,1.01,49.45,,,,,,,
2019.05,2854.71,55.70,134.98,256.09,2019.37,2.40,3712.84,72.44," 2,276,123.49 ",175.55," 107,619.88 ",29.24,,31.93,,2.84%,1.03,50.01,,,,,,,
2019.06,2890.17,56.08,135.27,256.14,2019.46,2.06,3758.21,72.92," 2,307,662.94 ",175.90," 108,006.65 ",29.28,,31.99,,3.09%,1.04,51.63,,,,,,,
2019.07,2996.11,56.46,134.48,256.57,2019.54,1.63,3889.48,73.29," 2,392,013.56 ",174.58," 107,365.08 ",29.99,,32.77,,3.47%,1.00,53.66,,,,,,,
2019.08,2897.50,56.84,133.69,256.56,2019.62,1.63,3761.65,73.79," 2,317,180.70 ",173.56," 106,914.26 ",28.71,,31.39,,3.60%,0.99,53.73,,,,,,,
2019.09,2982.16,57.22,132.90,256.76,2019.71,1.70,3868.52,74.23," 2,386,826.43 ",172.40," 106,369.09 ",29.23,,31.97,,3.47%,1.00,53.42,,,,,,,
2019.1,2977.68,57.56,135.09,257.35,2019.79,1.71,3853.91,74.50," 2,381,638.20 ",174.84," 108,049.05 ",28.84,,31.56,,3.52%,0.99,53.33,,,,,,,
2019.11,3104.90,57.90,137.28,257.21,2019.87,1.81,4020.72,74.98," 2,488,589.86 ",177.77," 110,030.31 ",29.84,,32.66,,3.29%,1.00,52.95,,,,,,,
2019.12,3176.75,58.24,139.47,256.97,2019.96,1.86,4117.51,75.49," 2,552,385.89 ",180.77," 112,058.33 ",30.33,,33.21,,3.19%,1.01,52.84,,,,,,,
2020.01,3278.20,58.69,131.76,257.97,2020.04,1.76,4232.58,75.77," 2,627,634.17 ",170.11," 105,609.18 ",30.99,,33.92,,3.23%,1.03,53.19,,,,,,,
2020.02,3277.31,59.13,124.04,258.68,2020.12,1.50,4219.87,76.14," 2,623,681.25 ",159.72," 99,303.93 ",30.73,,33.64,,3.54%,1.06,54.39,,,,,,,
2020.03,2652.39,59.58,116.33,258.12,2020.21,0.87,3422.67,76.88," 2,132,010.90 ",150.11," 93,506.79 ",24.82,,27.18,,4.88%,1.02,57.84,,,,,,,
2020.04,2761.98,59.61,110.63,256.39,2020.29,0.66,3588.07,77.44," 2,239,058.90 ",143.72," 89,684.76 ",25.93,,28.41,,4.83%,1.00,59.45,,,,,,,
2020.05,2919.62,59.65,104.93,256.39,2020.37,0.67,3792.78,77.49," 2,370,836.48 ",136.31," 85,207.08 ",27.33,,29.95,,4.62%,0.99,59.42,,,,,,,
2020.06,3104.66,59.68,99.23,257.80,2020.46,0.73,4011.22,77.11," 2,511,396.73 ",128.21," 80,268.31 ",28.84,,31.61,,4.43%,1.01,58.79,,,,,,,
2020.07,3207.62,59.40,98.89,259.10,2020.54,0.62,4123.39,76.36," 2,585,606.52 ",127.13," 79,716.21 ",29.60,,32.45,,4.50%,1.00,59.15,,,,,,,
2020.08,3391.71,59.13,98.56,259.92,2020.62,0.65,4346.33,75.77," 2,729,364.52 ",126.30," 79,310.16 ",31.16,,34.17,,4.32%,1.00,58.83,,,,,,,
2020.09,3365.52,58.85,98.22,260.28,2020.71,0.68,4306.77,75.31," 2,708,460.58 ",125.69," 79,044.33 ",30.84,,33.82,,4.33%,0.99,58.61,,,,,,,
2020.1,3418.70,58.66,96.86,260.39,2020.79,0.79,4373.01,75.03," 2,754,053.12 ",123.89," 78,026.24 ",31.28,,34.31,,4.17%,0.99,58.00,,,,,,,
2020.11,3548.99,58.47,95.49,260.23,2020.87,0.87,4542.45,74.84," 2,864,688.06 ",122.22," 77,080.64 ",32.47,,35.61,,3.96%,1.00,57.63,,,,,,,
2020.12,3695.31,58.28,94.13,260.47,2020.96,0.93,4725.27,74.52," 2,983,903.99 ",120.37," 76,008.48 ",33.77,,37.03,,3.77%,0.99,57.29,,,,,,,
2021.01,3793.75,58.06,105.49,261.58,2021.04,1.08,4830.60,73.93," 3,054,306.22 ",134.32," 84,926.19 ",34.51,,37.84,,3.55%,0.98,56.29,,,,,,,
2021.02,3883.43,57.85,116.84,263.01,2021.12,1.26,4917.87,73.26," 3,113,347.04 ",147.97," 93,673.29 ",35.10,,38.48,,3.33%,0.97,55.10,,,,,,,
2021.03,3910.51,57.63,128.20,264.88,2021.21,1.61,4917.33,72.47," 3,116,827.05 ",161.21," 102,180.38 ",35.04,,38.40,,2.96%,1.00,53.01,,,,,,,
2021.04,4141.18,57.71,138.39,267.05,2021.29,1.64,5164.94,71.98," 3,277,573.40 ",172.60," 109,527.45 ",36.72,,40.22,,2.82%,1.00,52.51,,,,,,,
2021.05,4167.85,57.79,148.57,269.20,2021.37,1.62,5156.86,71.50," 3,276,229.76 ",183.83," 116,789.34 ",36.55,,40.01,,2.88%,1.01,52.26,,,,,,,
2021.06,4238.49,57.87,158.76,271.70,2021.46,1.52,5195.99,70.94," 3,304,844.24 ",194.62," 123,788.69 ",36.70,,40.15,,3.08%,1.02,52.32,,,,,,,
2021.07,4363.71,58.33,164.32,273.00,2021.54,1.32,5323.89,71.16," 3,389,966.10 ",200.47," 127,650.00 ",37.44,,40.94,,3.26%,1.00,53.10,,,,,,,
2021.08,4454.21,58.79,169.87,273.57,2021.62,1.28,5423.09,71.58," 3,456,930.62 ",206.82," 131,839.50 ",37.97,,41.49,,3.26%,0.99,53.25,,,,,,,
2021.09,4445.54,59.25,175.43,274.31,2021.71,1.37,5397.88,71.95," 3,444,683.85 ",213.01," 135,934.09 ",37.62,,41.07,,3.20%,0.98,52.72,,,,,,,
2021.1,4460.71,59.64,182.91,276.59,2021.79,1.58,5371.67,71.81," 3,431,772.90 ",220.26," 140,718.85 ",37.25,,40.64,,3.13%,1.00,51.34,,,,,,,
2021.11,4667.39,60.02,190.39,277.95,2021.87,1.56,5593.07,71.92," 3,577,050.58 ",228.15," 145,913.49 ",38.58,,42.05,,3.11%,1.01,51.25,,,,,,,
2021.12,4674.77,60.40,197.87,278.80,2021.96,1.47,5584.77,72.15," 3,575,582.49 ",236.39," 151,344.36 ",38.30,,41.72,,3.28%,0.97,51.58,,,,,,,
2022.01,4573.82,60.92,197.88,281.15,2022.04,1.76,5418.56,72.17," 3,473,022.63 ",234.43," 150,258.20 ",36.94,,40.19,,3.12%,0.99,49.86,,,,,,,
2022.02,4435.98,61.45,197.90,283.72,2022.12,1.93,5207.70,72.14," 3,341,725.65 ",232.32," 149,080.09 ",35.29,,38.37,,3.13%,0.98,48.73,,,,,,,
2022.03,4391.27,61.97,197.91,287.50,2022.21,2.13,5087.29,71.79," 3,268,294.62 ",229.28," 147,298.82 ",34.27,,37.24,,3.07%,0.95,47.30,,,,,,,
2022.04,4391.30,62.65,196.03,289.11,2022.29,2.75,5059.08,72.18," 3,254,037.69 ",225.84," 145,259.66 ",33.89,,36.80,,2.51%,0.99,44.60,,,,,,,
2022.05,4040.36,63.34,194.14,292.30,2022.37,2.90,4604.02,72.17," 2,965,211.20 ",221.23," 142,481.36 ",30.67,,33.29,,2.79%,0.98,43.64,,,,,,,
2022.06,3898.95,64.02,192.26,296.31,2022.46,3.14,4382.68,71.96," 2,826,518.35 ",216.11," 139,377.75 ",29.05,,31.52,,2.89%,1.02,42.27,,,,,,,
2022.07,3911.73,64.45,190.58,296.28,2022.54,2.90,4397.57,72.46," 2,840,014.37 ",214.25," 138,368.31 ",29.00,,31.46,,3.15%,1.00,43.26,,,,,,,
2022.08,4158.56,64.89,188.91,296.17,2022.62,2.90,4676.72,72.97," 3,024,219.24 ",212.44," 137,378.02 ",30.70,,33.28,,2.90%,0.95,43.38,,,,,,,
2022.09,3850.52,65.32,187.23,296.81,2022.71,3.52,4321.00,73.30," 2,798,142.61 ",210.11," 136,058.55 ",28.23,,30.60,,2.54%,0.97,41.15,,,,,,,
2022.1,3726.05,65.85,182.40,298.01,2022.79,3.98,4164.43,73.60," 2,700,723.98 ",203.86," 132,209.96 ",27.08,,29.35,,2.28%,1.01,39.56,,,,,,,
2022.11,3917.49,66.39,177.58,297.71,2022.87,3.89,4382.82,74.27," 2,846,366.94 ",198.67," 129,023.57 ",28.38,,30.75,,2.24%,1.03,40.03,,,,,,,
2022.12,3912.38,66.92,172.75,296.80,2022.96,3.62,4390.58,75.10," 2,855,474.31 ",193.86," 126,082.61 ",28.32,,30.68,,2.51%,1.01,41.18,,,,,,,
2023.01,3960.66,67.35,173.56,299.17,2023.04,3.53,4409.50,74.98," 2,871,843.39 ",193.23," 125,844.68 ",28.33,,30.69,,2.65%,0.98,41.29,,,,,,,
2023.02,4079.68,67.78,174.36,300.84,2023.12,3.75,4516.81,75.04," 2,945,801.68 ",193.05," 125,901.84 ",28.92,,31.32,,2.33%,1.01,40.43,,,,,,,
2023.03,3968.56,68.21,175.17,301.84,2023.21,3.66,4379.28,75.27," 2,860,196.66 ",193.30," 126,247.49 ",27.94,,30.25,,2.55%,1.02,40.72,,,,,,,
2023.04,4121.47,68.38,177.12,303.36,2023.29,3.46,4525.12,75.07," 2,959,534.06 ",194.46," 127,183.54 ",28.76,,31.15,,2.71%,0.99,41.32,,,,,,,
2023.05,4146.17,68.54,179.06,304.13,2023.37,3.57,4540.81,75.07," 2,973,886.83 ",196.11," 128,435.08 ",28.76,,31.14,,2.61%,0.99,40.96,,,,,,,
2023.06,4345.37,68.71,181.01,305.11,2023.46,3.75,4743.65,75.01," 3,110,827.24 ",197.60," 129,584.01 ",29.94,,32.41,,2.30%,0.99,40.34,,,,,,,
2023.07,4508.08,68.91,182.09,305.69,2023.54,3.90,4911.89,75.08," 3,225,263.96 ",198.40," 130,274.73 ",30.89,,33.43,,2.06%,0.98,39.89,,,,,,,
2023.08,4457.36,69.11,183.17,307.03,2023.62,4.17,4835.52,74.98," 3,179,215.41 ",198.71," 130,646.18 ",30.30,,32.78,,1.89%,0.99,38.98,,,,,,,
2023.09,4409.10,69.31,184.25,307.79,2023.71,4.38,4771.30,75.01," 3,141,105.02 ",199.39," 131,262.45 ",29.80,,32.23,,1.75%,0.97,38.36,,,,,,,
2023.1,4269.40,69.64,186.98,307.67,2023.79,4.80,4621.90,75.39," 3,046,887.56 ",202.41," 133,437.19 ",28.77,,31.11,,1.47%,1.03,37.25,,,,,,,
2023.11,4460.06,69.97,189.70,307.05,2023.87,4.50,4838.06,75.90," 3,193,552.00 ",205.78," 135,833.82 ",30.01,,32.45,,1.63%,1.04,38.37,,,,,,,
2023.12,4685.05,70.30,192.43,306.75,2023.96,4.02,5087.17,76.34," 3,362,185.63 ",208.95," 138,095.68 ",31.45,,33.99,,1.95%,1.00,40.05,,,,,,,
2024.01,4815.61,70.48,192.08,308.42,2024.04,4.06,5200.60,76.11," 3,441,350.61 ",207.44," 137,267.25 ",32.05,,34.62,,1.86%,0.99,39.84,,,,,,,
2024.02,5011.96,70.65,191.74,310.33,2024.12,4.21,5379.35,75.83," 3,563,813.77 ",205.79," 136,336.60 ",33.04,,35.68,,1.65%,1.00,39.25,,,,,,,
2024.03,5170.57,70.82,191.39,312.33,2024.21,4.21,5513.95,75.53," 3,657,152.26 ",204.10," 135,370.38 ",33.75,,36.44,,1.58%,0.98,39.13,,,,,,,
2024.04,5112.49,71.21,193.18,313.55,2024.29,4.54,5430.87,75.64," 3,606,229.41 ",205.21," 136,264.53 ",33.14,,35.76,,1.31%,1.01,38.09,,,,,,,
2024.05,5235.23,71.59,194.97,314.07,2024.37,4.48,5552.02,75.92," 3,690,877.54 ",206.77," 137,455.47 ",33.77,,36.43,,1.30%,1.02,38.36,,,,,,,
2024.06,5415.14,71.98,196.76,314.18,2024.46,4.31,5740.88,76.31," 3,820,658.30 ",208.60," 138,824.23 ",34.81,,37.53,,1.36%,1.01,39.01,,,,,,,
2024.07,5538.00,72.45,197.93,314.54,2024.54,4.25,5864.32,76.72," 3,907,065.82 ",209.59," 139,639.74 ",35.44,,38.20,,1.39%,1.03,39.30,,,,,,,
2024.08,5478.21,72.93,199.10,314.80,2024.62,3.87,5796.29,77.16," 3,866,024.83 ",210.66," 140,506.64 ",34.92,,37.62,,1.84%,1.02,40.63,,,,,,,
2024.09,5621.26,73.40,200.27,315.30,2024.71,3.72,5938.12,77.54," 3,964,929.63 ",211.56," 141,259.50 ",35.66,,38.40,,1.94%,0.97,41.20,,,,,,,
2024.1,5792.32,73.88,203.57,315.66,2024.79,4.10,6111.78,77.95," 4,085,224.52 ",214.80," 143,574.46 ",36.59,,39.38,,1.52%,0.98,40.01,,,,,,,
2024.11,5929.92,74.35,206.87,315.49,2024.87,4.36,6260.36,78.50," 4,188,908.24 ",218.40," 146,133.51 ",37.35,,40.18,,1.26%,1.00,39.33,,,,,,,
2024.12,6010.91,74.83,210.17,315.61,2024.96,4.39,6343.61,78.97," 4,249,018.34 ",221.80," 148,565.92 ",37.71,,40.54,,1.26%,0.98,39.36,,,,,,,
2025.01,5979.52,75.27,212.34,317.67,2025.04,4.63,6269.44,78.92," 4,203,742.63 ",222.64," 149,282.45 ",37.13,,39.90,,1.18%,1.02,38.50,,,,,,,
2025.02,6038.69,75.71,214.52,319.08,2025.12,4.45,6303.49,79.03," 4,230,986.30 ",223.92," 150,300.33 ",37.19,,39.94,,1.36%,1.02,39.03,,,,,,,
2025.03,5683.98,76.15,216.69,319.80,2025.21,4.28,5919.92,79.31," 3,977,969.49 ",225.68," 151,651.78 ",34.78,,37.35,,1.67%,1.00,39.63,,,,,,,
2025.04,5369.50,76.55,218.64,320.80,2025.29,4.28,5575.02,79.48," 3,750,656.52 ",227.01," 152,720.31 ",32.62,,35.02,,1.88%,0.99,39.64,,,,,,,
2025.05,5810.92,76.95,220.58,321.47,2025.37,4.42,6020.76,79.73," 4,055,006.28 ",228.55," 153,928.62 ",35.08,,37.64,,1.49%,1.01,39.26,,,,,,,
2025.06,6029.95,77.35,222.53,322.56,2025.46,4.38,6226.48,79.87," 4,198,037.63 ",229.78," 154,924.85 ",36.11,,38.73,,1.45%,1.00,39.39,,,,,,,
2025.07,6296.50,77.73,226.77,323.05,2025.54,4.39,6491.91,80.14," 4,381,501.06 ",233.81," 157,800.89 ",37.47,,40.18,,1.35%,1.01,39.45,,,,,,,
2025.08,6408.95,78.10,231.01,323.98,2025.62,4.26,6588.92,80.30," 4,451,493.37 ",237.50," 160,453.67 ",37.85,,40.56,,1.50%,1.01,39.89,,,,,,,
2025.09,6584.02,78.48,235.25,324.80,2025.71,4.12,6751.74,80.48," 4,566,020.86 ",241.24," 163,146.03 ",38.58,,41.33,,1.63%,1.01,40.38,,,,,,,
2025.1,6735.69,78.83,237.04,325.21,2025.79,4.06,6898.52,80.73," 4,669,838.60 ",242.78," 164,342.49 ",39.21,,41.98,,1.67%,1.00,40.67,,,,,,,
2025.11,6740.89,79.17,238.84,324.12,2025.87,4.09,6927.06,81.36," 4,693,745.68 ",245.44," 166,306.20 ",39.15,,41.91,,1.63%,1.00,40.84,,,,,,,
2025.12,6853.03,79.52,240.63,324.05,2025.96,4.14,7043.77,81.73," 4,777,446.15 ",247.33," 167,753.06 ",39.58,,42.35,,1.59%,1.00,40.83,,,,,,,
2026.01,6929.12,79.80,247.66,325.25,2026.04,4.21,7095.76,81.72," 4,817,322.08 ",253.62," 172,182.80 ",39.64,,42.40,,1.53%,1.01,40.59,,,,,,,
2026.02,6893.81,80.08,254.69,326.79,2026.12,4.13,7026.47,81.62," 4,774,903.91 ",259.59," 176,409.97 ",39.01,,41.71,,1.69%,0.99,40.80,,,,,,,
2026.03,6654.42,80.37,261.72,330.21,2026.21,4.25,6712.07,81.06," 4,565,838.18 ",263.99," 179,577.64 ",37.03,,39.58,,1.77%,1.00,40.12,,,,,,,
2026.04,6957.01,80.59,,333.02,2026.29,4.32,6958.13,80.60," 4,737,789.00 ",,,38.14,,40.75,,1.66%,0.99,39.70,,,,,,,
2026.05,7412.55,80.81,,335.12,2026.37,4.48,7367.22,80.31," 5,020,898.03 ",,,40.27,,43.04,,1.39%,1.00,39.09,,,,,,,
2026.06,7450.03,81.03,,333.95,2026.46,4.47,7430.44,80.82," 5,068,570.64 ",,,40.49,,43.30,,1.31%,0.99,39.40,,,,,,,
2026.07,7481.34,,,333.37,2026.54,4.60,7474.77,," 5,098,809.06 ",,,40.62,,43.40,,1.18%,0.99,39.21,,,,,,,
2026.08,7600.50,,,333.07,2026.62,4.75,7600.50,," 5,184,574.52 ",,,41.18,,43.98,,0.97%,,38.93,,,,,,,
,Aug price is Aug 1st close,,,Oct '25/July/Aug CPI estimated,,Aug GS10 is Jul 31st value,,,,,,,,,,,,,,,,,,,
,,,,,,,,,,,,,,,,,,,,,,,,,
,,,,,,,,,,,,,,,,,,,,,,,,,
,,,,,,,,,,,,,,,,,,,,,,,,,
,,,,,,,,,,,,,,,,,,,,,,,,,
,,,,,,,,,,,,,,,,,,,,,,,,,
,,,,,,,,,,,,,,,,,,,,,,,,,
,,,,,,,,,,,,,,,,,,,,,,,,,
,,,,,,,,,,,,,,,,,,,,,,,,,
,,,,,,,,,,,,,,,,,,,,,,,,,
,,,,,,,,,,,,,,,,,,,,,,,,,
,,,,,,,,,,,,,,,,,,,,,,,,,
,,,,,,,,,,,,,,,,,,,,,,,,,
,,,,,,,,,,,,,,,,,,,,,,,,,
,,,,,,,,,,,,,,,,,,,,,,,,,
,,,,,,,,,,,,,,,,,,,,,,,,,
,,,,,,,,,,,,,,,,,,,,,,,,,
,,,,,,,,,,,,,,,,,,,,,,,,,
,,,,,,,,,,,,,,,,,,,,,,,,,
,,,,,,,,,,,,,,,,,,,,,,,,,
,,,,,,,,,,,,,,,,,,,,,,,,,
,,,,,,,,,,,,,,,,,,,,,,,,,
,,,,,,,,,,,,,,,,,,,,,,,,,
,,,,,,,,,,,,,,,,,,,,,,,,,
,,,,,,,,,,,,,,,,,,,,,,,,,
,,,,,,,,,,,,,,,,,,,,,,,,,
,,,,,,,,,,,,,,,,,,,,,,,,,
,,,,,,,,,,,,,,,,,,,,,,,,,
,,,,,,,,,,,,,,,,,,,,,,,,,
,,,,,,,,,,,,,,,,,,,,,,,,,
,,,,,,,,,,,,,,,,,,,,,,,,,
,,,,,,,,,,,,,,,,,,,,,,,,,
,,,,,,,,,,,,,,,,,,,,,,,,,
,,,,,,,,,,,,,,,,,,,,,,,,,
,,,,,,,,,,,,,,,,,,,,,,,,,
,,,,,,,,,,,,,,,,,,,,,,,,,
,,,,,,,,,,,,,,,,,,,,,,,,,
,,,,,,,,,,,,,,,,,,,,,,,,,
,,,,,,,,,,,,,,,,,,,,,,,,,
,,,,,,,,,,,,,,,,,,,,,,,,,
,,,,,,,,,,,,,,,,,,,,,,,,,
,,,,,,,,,,,,,,,,,,,,,,,,,
,,,,,,,,,,,,,,,,,,,,,,,,,
,,,,,,,,,,,,,,,,,,,,,,,,,
,,,,,,,,,,,,,,,,,,,,,,,,,
,,,,,,,,,,,,,,,,,,,,,,,,,
,,,,,,,,,,,,,,,,,,,,,,,,,
,,,,,,,,,,,,,,,,,,,,,,,,,
,,,,,,,,,,,,,,,,,,,,,,,,,
,,,,,,,,,,,,,,,,,,,,,,,,,
,,,,,,,,,,,,,,,,,,,,,,,,,
,,,,,,,,,,,,,,,,,,,,,,,,,
,,,,,,,,,,,,,,,,,,,,,,,,,
,,,,,,,,,,,,,,,,,,,,,,,,,
,,,,,,,,,,,,,,,,,,,,,,,,,
,,,,,,,,,,,,,,,,,,,,,,,,,
,,,,,,,,,,,,,,,,,,,,,,,,,
,,,,,,,,,,,,,,,,,,,,,,,,,
,,,,,,,,,,,,,,,,,,,,,,,,,
,,,,,,,,,,,,,,,,,,,,,,,,,
,,,,,,,,,,,,,,,,,,,,,,,,,
,,,,,,,,,,,,,,,,,,,,,,,,,
,,,,,,,,,,,,,,,,,,,,,,,,,
,,,,,,,,,,,,,,,,,,,,,,,,,
,,,,,,,,,,,,,,,,,,,,,,,,,
,,,,,,,,,,,,,,,,,,,,,,,,,
,,,,,,,,,,,,,,,,,,,,,,,,,
,,,,,,,,,,,,,,,,,,,,,,,,,
,,,,,,,,,,,,,,,,,,,,,,,,,
,,,,,,,,,,,,,,,,,,,,,,,,,
,,,,,,,,,,,,,,,,,,,,,,,,,
,,,,,,,,,,,,,,,,,,,,,,,,,
,,,,,,,,,,,,,,,,,,,,,,,,,
,,,,,,,,,,,,,,,,,,,,,,,,,
,,,,,,,,,,,,,,,,,,,,,,,,,
,,,,,,,,,,,,,,,,,,,,,,,,,
,,,,,,,,,,,,,,,,,,,,,,,,,
,,,,,,,,,,,,,,,,,,,,,,,,,
,,,,,,,,,,,,,,,,,,,,,,,,,
,,,,,,,,,,,,,,,,,,,,,,,,,
,,,,,,,,,,,,,,,,,,,,,,,,,
,,,,,,,,,,,,,,,,,,,,,,,,,
,,,,,,,,,,,,,,,,,,,,,,,,,
,,,,,,,,,,,,,,,,,,,,,,,,,
,,,,,,,,,,,,,,,,,,,,,,,,,
,,,,,,,,,,,,,,,,,,,,,,,,,
,,,,,,,,,,,,,,,,,,,,,,,,,
,,,,,,,,,,,,,,,,,,,,,,,,,
,,,,,,,,,,,,,,,,,,,,,,,,,
,,,,,,,,,,,,,,,,,,,,,,,,,
,,,,,,,,,,,,,,,,,,,,,,,,,
,,,,,,,,,,,,,,,,,,,,,,,,,
,,,,,,,,,,,,,,,,,,,,,,,,,
,,,,,,,,,,,,,,,,,,,,,,,,,
,,,,,,,,,,,,,,,,,,,,,,,,,
,,,,,,,,,,,,,,,,,,,,,,,,,
,,,,,,,,,,,,,,,,,,,,,,,,,
,,,,,,,,,,,,,,,,,,,,,,,,,
,,,,,,,,,,,,,,,,,,,,,,,,,
,,,,,,,,,,,,,,,,,,,,,,,,,
,,,,,,,,,,,,,,,,,,,,,,,,,
,,,,,,,,,,,,,,,,,,,,,,,,,
,,,,,,,,,,,,,,,,,,,,,,,,,
,,,,,,,,,,,,,,,,,,,,,,,,,
,,,,,,,,,,,,,,,,,,,,,,,,,
,,,,,,,,,,,,,,,,,,,,,,,,,
,,,,,,,,,,,,,,,,,,,,,,,,,
,,,,,,,,,,,,,,,,,,,,,,,,,
,,,,,,,,,,,,,,,,,,,,,,,,,
,,,,,,,,,,,,,,,,,,,,,,,,,
,,,,,,,,,,,,,,,,,,,,,,,,,
,,,,,,,,,,,,,,,,,,,,,,,,,
,,,,,,,,,,,,,,,,,,,,,,,,,
,,,,,,,,,,,,,,,,,,,,,,,,,
,,,,,,,,,,,,,,,,,,,,,,,,,
,,,,,,,,,,,,,,,,,,,,,,,,,
,,,,,,,,,,,,,,,,,,,,,,,,,
,,,,,,,,,,,,,,,,,,,,,,,,,
,,,,,,,,,,,,,,,,,,,,,,,,,
,,,,,,,,,,,,,,,,,,,,,,,,,
,,,,,,,,,,,,,,,,,,,,,,,,,
,,,,,,,,,,,,,,,,,,,,,,,,,
,,,,,,,,,,,,,,,,,,,,,,,,,
,,,,,,,,,,,,,,,,,,,,,,,,,
,,,,,,,,,,,,,,,,,,,,,,,,,
,,,,,,,,,,,,,,,,,,,,,,,,,
,,,,,,,,,,,,,,,,,,,,,,,,,
,,,,,,,,,,,,,,,,,,,,,,,,,
,,,,,,,,,,,,,,,,,,,,,,,,,
,,,,,,,,,,,,,,,,,,,,,,,,,
,,,,,,,,,,,,,,,,,,,,,,,,,
,,,,,,,,,,,,,,,,,,,,,,,,,
,,,,,,,,,,,,,,,,,,,,,,,,,
,,,,,,,,,,,,,,,,,,,,,,,,,
,,,,,,,,,,,,,,,,,,,,,,,,,
,,,,,,,,,,,,,,,,,,,,,,,,,
,,,,,,,,,,,,,,,,,,,,,,,,,
,,,,,,,,,,,,,,,,,,,,,,,,,
,,,,,,,,,,,,,,,,,,,,,,,,,
,,,,,,,,,,,,,,,,,,,,,,,,,
,,,,,,,,,,,,,,,,,,,,,,,,,
,,,,,,,,,,,,,,,,,,,,,,,,,
,,,,,,,,,,,,,,,,,,,,,,,,,
,,,,,,,,,,,,,,,,,,,,,,,,,
,,,,,,,,,,,,,,,,,,,,,,,,,
,,,,,,,,,,,,,,,,,,,,,,,,,
,,,,,,,,,,,,,,,,,,,,,,,,,
,,,,,,,,,,,,,,,,,,,,,,,,,
,,,,,,,,,,,,,,,,,,,,,,,,,
,,,,,,,,,,,,,,,,,,,,,,,,,
,,,,,,,,,,,,,,,,,,,,,,,,,
,,,,,,,,,,,,,,,,,,,,,,,,,
,,,,,,,,,,,,,,,,,,,,,,,,,
,,,,,,,,,,,,,,,,,,,,,,,,,
,,,,,,,,,,,,,,,,,,,,,,,,,
,,,,,,,,,,,,,,,,,,,,,,,,,
,,,,,,,,,,,,,,,,,,,,,,,,,
,,,,,,,,,,,,,,,,,,,,,,,,,
,,,,,,,,,,,,,,,,,,,,,,,,,
,,,,,,,,,,,,,,,,,,,,,,,,,
,,,,,,,,,,,,,,,,,,,,,,,,,
,,,,,,,,,,,,,,,,,,,,,,,,,
,,,,,,,,,,,,,,,,,,,,,,,,,
,,,,,,,,,,,,,,,,,,,,,,,,,
,,,,,,,,,,,,,,,,,,,,,,,,,
,,,,,,,,,,,,,,,,,,,,,,,,,
,,,,,,,,,,,,,,,,,,,,,,,,,
,,,,,,,,,,,,,,,,,,,,,,,,,
,,,,,,,,,,,,,,,,,,,,,,,,,
,,,,,,,,,,,,,,,,,,,,,,,,,
,,,,,,,,,,,,,,,,,,,,,,,,,
,,,,,,,,,,,,,,,,,,,,,,,,,
,,,,,,,,,,,,,,,,,,,,,,,,,
,,,,,,,,,,,,,,,,,,,,,,,,,
,,,,,,,,,,,,,,,,,,,,,,,,,
,,,,,,,,,,,,,,,,,,,,,,,,,
,,,,,,,,,,,,,,,,,,,,,,,,,
,,,,,,,,,,,,,,,,,,,,,,,,,
,,,,,,,,,,,,,,,,,,,,,,,,,
,,,,,,,,,,,,,,,,,,,,,,,,,
,,,,,,,,,,,,,,,,,,,,,,,,,
,,,,,,,,,,,,,,,,,,,,,,,,,
,,,,,,,,,,,,,,,,,,,,,,,,,
,,,,,,,,,,,,,,,,,,,,,,,,,
,,,,,,,,,,,,,,,,,,,,,,,,,
,,,,,,,,,,,,,,,,,,,,,,,,,
,,,,,,,,,,,,,,,,,,,,,,,,,
,,,,,,,,,,,,,,,,,,,,,,,,,
,,,,,,,,,,,,,,,,,,,,,,,,,
,,,,,,,,,,,,,,,,,,,,,,,,,
,,,,,,,,,,,,,,,,,,,,,,,,,
,,,,,,,,,,,,,,,,,,,,,,,,,
,,,,,,,,,,,,,,,,,,,,,,,,,
,,,,,,,,,,,,,,,,,,,,,,,,,
,,,,,,,,,,,,,,,,,,,,,,,,,
,,,,,,,,,,,,,,,,,,,,,,,,,
,,,,,,,,,,,,,,,,,,,,,,,,,
,,,,,,,,,,,,,,,,,,,,,,,,,
,,,,,,,,,,,,,,,,,,,,,,,,,
,,,,,,,,,,,,,,,,,,,,,,,,,
,,,,,,,,,,,,,,,,,,,,,,,,,
,,,,,,,,,,,,,,,,,,,,,,,,,
,,,,,,,,,,,,,,,,,,,,,,,,,
,,,,,,,,,,,,,,,,,,,,,,,,,
,,,,,,,,,,,,,,,,,,,,,,,,,
,,,,,,,,,,,,,,,,,,,,,,,,,
,,,,,,,,,,,,,,,,,,,,,,,,,
,,,,,,,,,,,,,,,,,,,,,,,,,
,,,,,,,,,,,,,,,,,,,,,,,,,
,,,,,,,,,,,,,,,,,,,,,,,,,
,,,,,,,,,,,,,,,,,,,,,,,,,
,,,,,,,,,,,,,,,,,,,,,,,,,
,,,,,,,,,,,,,,,,,,,,,,,,,
,,,,,,,,,,,,,,,,,,,,,,,,,
,,,,,,,,,,,,,,,,,,,,,,,,,
,,,,,,,,,,,,,,,,,,,,,,,,,
,,,,,,,,,,,,,,,,,,,,,,,,,
,,,,,,,,,,,,,,,,,,,,,,,,,
,,,,,,,,,,,,,,,,,,,,,,,,,
,,,,,,,,,,,,,,,,,,,,,,,,,
,,,,,,,,,,,,,,,,,,,,,,,,,
,,,,,,,,,,,,,,,,,,,,,,,,,
,,,,,,,,,,,,,,,,,,,,,,,,,
,,,,,,,,,,,,,,,,,,,,,,,,,
,,,,,,,,,,,,,,,,,,,,,,,,,
,,,,,,,,,,,,,,,,,,,,,,,,,
,,,,,,,,,,,,,,,,,,,,,,,,,
,,,,,,,,,,,,,,,,,,,,,,,,,
,,,,,,,,,,,,,,,,,,,,,,,,,
,,,,,,,,,,,,,,,,,,,,,,,,,
,,,,,,,,,,,,,,,,,,,,,,,,,
,,,,,,,,,,,,,,,,,,,,,,,,,
,,,,,,,,,,,,,,,,,,,,,,,,,
,,,,,,,,,,,,,,,,,,,,,,,,,
,,,,,,,,,,,,,,,,,,,,,,,,,
,,,,,,,,,,,,,,,,,,,,,,,,,
,,,,,,,,,,,,,,,,,,,,,,,,,
,,,,,,,,,,,,,,,,,,,,,,,,,
,,,,,,,,,,,,,,,,,,,,,,,,,
,,,,,,,,,,,,,,,,,,,,,,,,,
,,,,,,,,,,,,,,,,,,,,,,,,,
,,,,,,,,,,,,,,,,,,,,,,,,,
,,,,,,,,,,,,,,,,,,,,,,,,,
,,,,,,,,,,,,,,,,,,,,,,,,,
,,,,,,,,,,,,,,,,,,,,,,,,,
,,,,,,,,,,,,,,,,,,,,,,,,,
,,,,,,,,,,,,,,,,,,,,,,,,,
,,,,,,,,,,,,,,,,,,,,,,,,,
,,,,,,,,,,,,,,,,,,,,,,,,,
,,,,,,,,,,,,,,,,,,,,,,,,,
,,,,,,,,,,,,,,,,,,,,,,,,,
,,,,,,,,,,,,,,,,,,,,,,,,,
,,,,,,,,,,,,,,,,,,,,,,,,,
,,,,,,,,,,,,,,,,,,,,,,,,,
,,,,,,,,,,,,,,,,,,,,,,,,,
,,,,,,,,,,,,,,,,,,,,,,,,,
,,,,,,,,,,,,,,,,,,,,,,,,,
,,,,,,,,,,,,,,,,,,,,,,,,,
,,,,,,,,,,,,,,,,,,,,,,,,,
,,,,,,,,,,,,,,,,,,,,,,,,,
,,,,,,,,,,,,,,,,,,,,,,,,,
,,,,,,,,,,,,,,,,,,,,,,,,,
,,,,,,,,,,,,,,,,,,,,,,,,,
,,,,,,,,,,,,,,,,,,,,,,,,,
,,,,,,,,,,,,,,,,,,,,,,,,,
,,,,,,,,,,,,,,,,,,,,,,,,,
,,,,,,,,,,,,,,,,,,,,,,,,,
,,,,,,,,,,,,,,,,,,,,,,,,,
,,,,,,,,,,,,,,,,,,,,,,,,,
,,,,,,,,,,,,,,,,,,,,,,,,,
,,,,,,,,,,,,,,,,,,,,,,,,,
,,,,,,,,,,,,,,,,,,,,,,,,,
,,,,,,,,,,,,,,,,,,,,,,,,,
,,,,,,,,,,,,,,,,,,,,,,,,,
,,,,,,,,,,,,,,,,,,,,,,,,,
,,,,,,,,,,,,,,,,,,,,,,,,,
,,,,,,,,,,,,,,,,,,,,,,,,,
,,,,,,,,,,,,,,,,,,,,,,,,,
,,,,,,,,,,,,,,,,,,,,,,,,,
,,,,,,,,,,,,,,,,,,,,,,,,,
,,,,,,,,,,,,,,,,,,,,,,,,,
,,,,,,,,,,,,,,,,,,,,,,,,,
,,,,,,,,,,,,,,,,,,,,,,,,,
,,,,,,,,,,,,,,,,,,,,,,,,,
,,,,,,,,,,,,,,,,,,,,,,,,,
,,,,,,,,,,,,,,,,,,,,,,,,,
,,,,,,,,,,,,,,,,,,,,,,,,,
,,,,,,,,,,,,,,,,,,,,,,,,,
,,,,,,,,,,,,,,,,,,,,,,,,,
,,,,,,,,,,,,,,,,,,,,,,,,,
,,,,,,,,,,,,,,,,,,,,,,,,,
,,,,,,,,,,,,,,,,,,,,,,,,,
,,,,,,,,,,,,,,,,,,,,,,,,,
,,,,,,,,,,,,,,,,,,,,,,,,,
,,,,,,,,,,,,,,,,,,,,,,,,,
,,,,,,,,,,,,,,,,,,,,,,,,,
,,,,,,,,,,,,,,,,,,,,,,,,,
,,,,,,,,,,,,,,,,,,,,,,,,,
,,,,,,,,,,,,,,,,,,,,,,,,,
,,,,,,,,,,,,,,,,,,,,,,,,,
,,,,,,,,,,,,,,,,,,,,,,,,,
,,,,,,,,,,,,,,,,,,,,,,,,,
,,,,,,,,,,,,,,,,,,,,,,,,,
,,,,,,,,,,,,,,,,,,,,,,,,,
,,,,,,,,,,,,,,,,,,,,,,,,,
,,,,,,,,,,,,,,,,,,,,,,,,,
,,,,,,,,,,,,,,,,,,,,,,,,,
,,,,,,,,,,,,,,,,,,,,,,,,,
,,,,,,,,,,,,,,,,,,,,,,,,,
,,,,,,,,,,,,,,,,,,,,,,,,,
,,,,,,,,,,,,,,,,,,,,,,,,,
,,,,,,,,,,,,,,,,,,,,,,,,,
,,,,,,,,,,,,,,,,,,,,,,,,,
,,,,,,,,,,,,,,,,,,,,,,,,,
,,,,,,,,,,,,,,,,,,,,,,,,,
,,,,,,,,,,,,,,,,,,,,,,,,,
,,,,,,,,,,,,,,,,,,,,,,,,,
,,,,,,,,,,,,,,,,,,,,,,,,,
,,,,,,,,,,,,,,,,,,,,,,,,,
,,,,,,,,,,,,,,,,,,,,,,,,,
,,,,,,,,,,,,,,,,,,,,,,,,,
,,,,,,,,,,,,,,,,,,,,,,,,,
,,,,,,,,,,,,,,,,,,,,,,,,,
,,,,,,,,,,,,,,,,,,,,,,,,,
,,,,,,,,,,,,,,,,,,,,,,,,,
,,,,,,,,,,,,,,,,,,,,,,,,,
,,,,,,,,,,,,,,,,,,,,,,,,,
,,,,,,,,,,,,,,,,,,,,,,,,,
,,,,,,,,,,,,,,,,,,,,,,,,,
,,,,,,,,,,,,,,,,,,,,,,,,,
,,,,,,,,,,,,,,,,,,,,,,,,,
,,,,,,,,,,,,,,,,,,,,,,,,,
,,,,,,,,,,,,,,,,,,,,,,,,,
,,,,,,,,,,,,,,,,,,,,,,,,,
,,,,,,,,,,,,,,,,,,,,,,,,,
,,,,,,,,,,,,,,,,,,,,,,,,,
,,,,,,,,,,,,,,,,,,,,,,,,,
,,,,,,,,,,,,,,,,,,,,,,,,,
,,,,,,,,,,,,,,,,,,,,,,,,,
,,,,,,,,,,,,,,,,,,,,,,,,,
,,,,,,,,,,,,,,,,,,,,,,,,,
,,,,,,,,,,,,,,,,,,,,,,,,,
,,,,,,,,,,,,,,,,,,,,,,,,,
,,,,,,,,,,,,,,,,,,,,,,,,,
,,,,,,,,,,,,,,,,,,,,,,,,,
,,,,,,,,,,,,,,,,,,,,,,,,,
,,,,,,,,,,,,,,,,,,,,,,,,,
,,,,,,,,,,,,,,,,,,,,,,,,,
,,,,,,,,,,,,,,,,,,,,,,,,,
,,,,,,,,,,,,,,,,,,,,,,,,,
,,,,,,,,,,,,,,,,,,,,,,,,,
,,,,,,,,,,,,,,,,,,,,,,,,,
,,,,,,,,,,,,,,,,,,,,,,,,,
,,,,,,,,,,,,,,,,,,,,,,,,,
,,,,,,,,,,,,,,,,,,,,,,,,,
,,,,,,,,,,,,,,,,,,,,,,,,,
,,,,,,,,,,,,,,,,,,,,,,,,,
,,,,,,,,,,,,,,,,,,,,,,,,,
,,,,,,,,,,,,,,,,,,,,,,,,,
,,,,,,,,,,,,,,,,,,,,,,,,,
,,,,,,,,,,,,,,,,,,,,,,,,,
,,,,,,,,,,,,,,,,,,,,,,,,,
,,,,,,,,,,,,,,,,,,,,,,,,,
,,,,,,,,,,,,,,,,,,,,,,,,,
,,,,,,,,,,,,,,,,,,,,,,,,,
,,,,,,,,,,,,,,,,,,,,,,,,,
,,,,,,,,,,,,,,,,,,,,,,,,,
,,,,,,,,,,,,,,,,,,,,,,,,,
,,,,,,,,,,,,,,,,,,,,,,,,,
,,,,,,,,,,,,,,,,,,,,,,,,,
,,,,,,,,,,,,,,,,,,,,,,,,,
,,,,,,,,,,,,,,,,,,,,,,,,,
,,,,,,,,,,,,,,,,,,,,,,,,,
,,,,,,,,,,,,,,,,,,,,,,,,,
,,,,,,,,,,,,,,,,,,,,,,,,,
,,,,,,,,,,,,,,,,,,,,,,,,,
,,,,,,,,,,,,,,,,,,,,,,,,,
,,,,,,,,,,,,,,,,,,,,,,,,,
,,,,,,,,,,,,,,,,,,,,,,,,,
,,,,,,,,,,,,,,,,,,,,,,,,,
,,,,,,,,,,,,,,,,,,,,,,,,,
,,,,,,,,,,,,,,,,,,,,,,,,,
,,,,,,,,,,,,,,,,,,,,,,,,,
,,,,,,,,,,,,,,,,,,,,,,,,,
,,,,,,,,,,,,,,,,,,,,,,,,,
,,,,,,,,,,,,,,,,,,,,,,,,,
,,,,,,,,,,,,,,,,,,,,,,,,,
,,,,,,,,,,,,,,,,,,,,,,,,,
,,,,,,,,,,,,,,,,,,,,,,,,,
,,,,,,,,,,,,,,,,,,,,,,,,,
,,,,,,,,,,,,,,,,,,,,,,,,,
,,,,,,,,,,,,,,,,,,,,,,,,,
,,,,,,,,,,,,,,,,,,,,,,,,,
,,,,,,,,,,,,,,,,,,,,,,,,,
,,,,,,,,,,,,,,,,,,,,,,,,,
,,,,,,,,,,,,,,,,,,,,,,,,,
,,,,,,,,,,,,,,,,,,,,,,,,,
,,,,,,,,,,,,,,,,,,,,,,,,,
,,,,,,,,,,,,,,,,,,,,,,,,,
,,,,,,,,,,,,,,,,,,,,,,,,,
,,,,,,,,,,,,,,,,,,,,,,,,,
,,,,,,,,,,,,,,,,,,,,,,,,,
,,,,,,,,,,,,,,,,,,,,,,,,,
,,,,,,,,,,,,,,,,,,,,,,,,,
,,,,,,,,,,,,,,,,,,,,,,,,,
,,,,,,,,,,,,,,,,,,,,,,,,,
,,,,,,,,,,,,,,,,,,,,,,,,,
,,,,,,,,,,,,,,,,,,,,,,,,,
,,,,,,,,,,,,,,,,,,,,,,,,,
,,,,,,,,,,,,,,,,,,,,,,,,,
,,,,,,,,,,,,,,,,,,,,,,,,,
,,,,,,,,,,,,,,,,,,,,,,,,,
,,,,,,,,,,,,,,,,,,,,,,,,,
,,,,,,,,,,,,,,,,,,,,,,,,,
,,,,,,,,,,,,,,,,,,,,,,,,,
,,,,,,,,,,,,,,,,,,,,,,,,,
,,,,,,,,,,,,,,,,,,,,,,,,,
,,,,,,,,,,,,,,,,,,,,,,,,,
,,,,,,,,,,,,,,,,,,,,,,,,,
,,,,,,,,,,,,,,,,,,,,,,,,,
,,,,,,,,,,,,,,,,,,,,,,,,,
,,,,,,,,,,,,,,,,,,,,,,,,,
,,,,,,,,,,,,,,,,,,,,,,,,,
,,,,,,,,,,,,,,,,,,,,,,,,,
,,,,,,,,,,,,,,,,,,,,,,,,,
,,,,,,,,,,,,,,,,,,,,,,,,,
,,,,,,,,,,,,,,,,,,,,,,,,,
,,,,,,,,,,,,,,,,,,,,,,,,,
,,,,,,,,,,,,,,,,,,,,,,,,,
,,,,,,,,,,,,,,,,,,,,,,,,,
,,,,,,,,,,,,,,,,,,,,,,,,,
,,,,,,,,,,,,,,,,,,,,,,,,,
,,,,,,,,,,,,,,,,,,,,,,,,,
,,,,,,,,,,,,,,,,,,,,,,,,,
,,,,,,,,,,,,,,,,,,,,,,,,,
,,,,,,,,,,,,,,,,,,,,,,,,,
,,,,,,,,,,,,,,,,,,,,,,,,,
,,,,,,,,,,,,,,,,,,,,,,,,,
,,,,,,,,,,,,,,,,,,,,,,,,,
,,,,,,,,,,,,,,,,,,,,,,,,,
,,,,,,,,,,,,,,,,,,,,,,,,,
,,,,,,,,,,,,,,,,,,,,,,,,,
,,,,,,,,,,,,,,,,,,,,,,,,,
,,,,,,,,,,,,,,,,,,,,,,,,,
,,,,,,,,,,,,,,,,,,,,,,,,,
,,,,,,,,,,,,,,,,,,,,,,,,,
,,,,,,,,,,,,,,,,,,,,,,,,,
,,,,,,,,,,,,,,,,,,,,,,,,,
,,,,,,,,,,,,,,,,,,,,,,,,,
,,,,,,,,,,,,,,,,,,,,,,,,,
,,,,,,,,,,,,,,,,,,,,,,,,,
,,,,,,,,,,,,,,,,,,,,,,,,,
,,,,,,,,,,,,,,,,,,,,,,,,,
,,,,,,,,,,,,,,,,,,,,,,,,,
,,,,,,,,,,,,,,,,,,,,,,,,,
,,,,,,,,,,,,,,,,,,,,,,,,,
,,,,,,,,,,,,,,,,,,,,,,,,,
,,,,,,,,,,,,,,,,,,,,,,,,,
,,,,,,,,,,,,,,,,,,,,,,,,,
,,,,,,,,,,,,,,,,,,,,,,,,,
,,,,,,,,,,,,,,,,,,,,,,,,,
,,,,,,,,,,,,,,,,,,,,,,,,,
,,,,,,,,,,,,,,,,,,,,,,,,,
,,,,,,,,,,,,,,,,,,,,,,,,,
,,,,,,,,,,,,,,,,,,,,,,,,,
,,,,,,,,,,,,,,,,,,,,,,,,,
,,,,,,,,,,,,,,,,,,,,,,,,,
,,,,,,,,,,,,,,,,,,,,,,,,,
,,,,,,,,,,,,,,,,,,,,,,,,,
,,,,,,,,,,,,,,,,,,,,,,,,,
,,,,,,,,,,,,,,,,,,,,,,,,,
,,,,,,,,,,,,,,,,,,,,,,,,,
,,,,,,,,,,,,,,,,,,,,,,,,,
,,,,,,,,,,,,,,,,,,,,,,,,,
,,,,,,,,,,,,,,,,,,,,,,,,,
,,,,,,,,,,,,,,,,,,,,,,,,,
,,,,,,,,,,,,,,,,,,,,,,,,,
,,,,,,,,,,,,,,,,,,,,,,,,,
,,,,,,,,,,,,,,,,,,,,,,,,,
,,,,,,,,,,,,,,,,,,,,,,,,,
,,,,,,,,,,,,,,,,,,,,,,,,,
,,,,,,,,,,,,,,,,,,,,,,,,,
,,,,,,,,,,,,,,,,,,,,,,,,,
,,,,,,,,,,,,,,,,,,,,,,,,,
,,,,,,,,,,,,,,,,,,,,,,,,,
,,,,,,,,,,,,,,,,,,,,,,,,,
,,,,,,,,,,,,,,,,,,,,,,,,,
,,,,,,,,,,,,,,,,,,,,,,,,,
,,,,,,,,,,,,,,,,,,,,,,,,,
,,,,,,,,,,,,,,,,,,,,,,,,,
,,,,,,,,,,,,,,,,,,,,,,,,,
,,,,,,,,,,,,,,,,,,,,,,,,,
,,,,,,,,,,,,,,,,,,,,,,,,,
,,,,,,,,,,,,,,,,,,,,,,,,,
,,,,,,,,,,,,,,,,,,,,,,,,,
,,,,,,,,,,,,,,,,,,,,,,,,,
,,,,,,,,,,,,,,,,,,,,,,,,,
,,,,,,,,,,,,,,,,,,,,,,,,,
,,,,,,,,,,,,,,,,,,,,,,,,,
,,,,,,,,,,,,,,,,,,,,,,,,,
,,,,,,,,,,,,,,,,,,,,,,,,,
,,,,,,,,,,,,,,,,,,,,,,,,,
,,,,,,,,,,,,,,,,,,,,,,,,,
,,,,,,,,,,,,,,,,,,,,,,,,,
,,,,,,,,,,,,,,,,,,,,,,,,,
,,,,,,,,,,,,,,,,,,,,,,,,,
,,,,,,,,,,,,,,,,,,,,,,,,,
,,,,,,,,,,,,,,,,,,,,,,,,,
,,,,,,,,,,,,,,,,,,,,,,,,,
,,,,,,,,,,,,,,,,,,,,,,,,,
,,,,,,,,,,,,,,,,,,,,,,,,,
,,,,,,,,,,,,,,,,,,,,,,,,,
,,,,,,,,,,,,,,,,,,,,,,,,,
,,,,,,,,,,,,,,,,,,,,,,,,,
,,,,,,,,,,,,,,,,,,,,,,,,,
,,,,,,,,,,,,,,,,,,,,,,,,,
,,,,,,,,,,,,,,,,,,,,,,,,,
,,,,,,,,,,,,,,,,,,,,,,,,,
,,,,,,,,,,,,,,,,,,,,,,,,,
,,,,,,,,,,,,,,,,,,,,,,,,,
,,,,,,,,,,,,,,,,,,,,,,,,,
,,,,,,,,,,,,,,,,,,,,,,,,,
,,,,,,,,,,,,,,,,,,,,,,,,,
,,,,,,,,,,,,,,,,,,,,,,,,,
,,,,,,,,,,,,,,,,,,,,,,,,,
,,,,,,,,,,,,,,,,,,,,,,,,,
,,,,,,,,,,,,,,,,,,,,,,,,,
,,,,,,,,,,,,,,,,,,,,,,,,,
,,,,,,,,,,,,,,,,,,,,,,,,,
,,,,,,,,,,,,,,,,,,,,,,,,,
,,,,,,,,,,,,,,,,,,,,,,,,,
,,,,,,,,,,,,,,,,,,,,,,,,,
,,,,,,,,,,,,,,,,,,,,,,,,,
,,,,,,,,,,,,,,,,,,,,,,,,,
,,,,,,,,,,,,,,,,,,,,,,,,,
,,,,,,,,,,,,,,,,,,,,,,,,,
,,,,,,,,,,,,,,,,,,,,,,,,,
,,,,,,,,,,,,,,,,,,,,,,,,,
,,,,,,,,,,,,,,,,,,,,,,,,,
,,,,,,,,,,,,,,,,,,,,,,,,,
,,,,,,,,,,,,,,,,,,,,,,,,,
,,,,,,,,,,,,,,,,,,,,,,,,,
,,,,,,,,,,,,,,,,,,,,,,,,,
,,,,,,,,,,,,,,,,,,,,,,,,,
,,,,,,,,,,,,,,,,,,,,,,,,,
,,,,,,,,,,,,,,,,,,,,,,,,,
,,,,,,,,,,,,,,,,,,,,,,,,,
,,,,,,,,,,,,,,,,,,,,,,,,,
,,,,,,,,,,,,,,,,,,,,,,,,,
,,,,,,,,,,,,,,,,,,,,,,,,,
,,,,,,,,,,,,,,,,,,,,,,,,,
,,,,,,,,,,,,,,,,,,,,,,,,,
,,,,,,,,,,,,,,,,,,,,,,,,,
,,,,,,,,,,,,,,,,,,,,,,,,,
,,,,,,,,,,,,,,,,,,,,,,,,,
,,,,,,,,,,,,,,,,,,,,,,,,,
,,,,,,,,,,,,,,,,,,,,,,,,,
,,,,,,,,,,,,,,,,,,,,,,,,,
,,,,,,,,,,,,,,,,,,,,,,,,,
,,,,,,,,,,,,,,,,,,,,,,,,,
,,,,,,,,,,,,,,,,,,,,,,,,,
,,,,,,,,,,,,,,,,,,,,,,,,,
,,,,,,,,,,,,,,,,,,,,,,,,,
,,,,,,,,,,,,,,,,,,,,,,,,,
,,,,,,,,,,,,,,,,,,,,,,,,,
,,,,,,,,,,,,,,,,,,,,,,,,,
,,,,,,,,,,,,,,,,,,,,,,,,,
,,,,,,,,,,,,,,,,,,,,,,,,,
,,,,,,,,,,,,,,,,,,,,,,,,,
,,,,,,,,,,,,,,,,,,,,,,,,,
,,,,,,,,,,,,,,,,,,,,,,,,,
,,,,,,,,,,,,,,,,,,,,,,,,,
,,,,,,,,,,,,,,,,,,,,,,,,,
,,,,,,,,,,,,,,,,,,,,,,,,,
,,,,,,,,,,,,,,,,,,,,,,,,,
,,,,,,,,,,,,,,,,,,,,,,,,,
,,,,,,,,,,,,,,,,,,,,,,,,,
,,,,,,,,,,,,,,,,,,,,,,,,,
,,,,,,,,,,,,,,,,,,,,,,,,,
,,,,,,,,,,,,,,,,,,,,,,,,,
,,,,,,,,,,,,,,,,,,,,,,,,,
,,,,,,,,,,,,,,,,,,,,,,,,,
,,,,,,,,,,,,,,,,,,,,,,,,,
,,,,,,,,,,,,,,,,,,,,,,,,,
,,,,,,,,,,,,,,,,,,,,,,,,,
,,,,,,,,,,,,,,,,,,,,,,,,,
,,,,,,,,,,,,,,,,,,,,,,,,,
,,,,,,,,,,,,,,,,,,,,,,,,,
,,,,,,,,,,,,,,,,,,,,,,,,,
,,,,,,,,,,,,,,,,,,,,,,,,,
,,,,,,,,,,,,,,,,,,,,,,,,,
,,,,,,,,,,,,,,,,,,,,,,,,,
,,,,,,,,,,,,,,,,,,,,,,,,,
,,,,,,,,,,,,,,,,,,,,,,,,,
,,,,,,,,,,,,,,,,,,,,,,,,,
,,,,,,,,,,,,,,,,,,,,,,,,,
,,,,,,,,,,,,,,,,,,,,,,,,,
,,,,,,,,,,,,,,,,,,,,,,,,,
,,,,,,,,,,,,,,,,,,,,,,,,,
,,,,,,,,,,,,,,,,,,,,,,,,,
,,,,,,,,,,,,,,,,,,,,,,,,,
,,,,,,,,,,,,,,,,,,,,,,,,,
,,,,,,,,,,,,,,,,,,,,,,,,,
,,,,,,,,,,,,,,,,,,,,,,,,,
,,,,,,,,,,,,,,,,,,,,,,,,,
,,,,,,,,,,,,,,,,,,,,,,,,,
,,,,,,,,,,,,,,,,,,,,,,,,,
,,,,,,,,,,,,,,,,,,,,,,,,,
,,,,,,,,,,,,,,,,,,,,,,,,,
,,,,,,,,,,,,,,,,,,,,,,,,,
,,,,,,,,,,,,,,,,,,,,,,,,,
,,,,,,,,,,,,,,,,,,,,,,,,,
,,,,,,,,,,,,,,,,,,,,,,,,,
,,,,,,,,,,,,,,,,,,,,,,,,,
,,,,,,,,,,,,,,,,,,,,,,,,,
,,,,,,,,,,,,,,,,,,,,,,,,,
,,,,,,,,,,,,,,,,,,,,,,,,,
,,,,,,,,,,,,,,,,,,,,,,,,,
,,,,,,,,,,,,,,,,,,,,,,,,,
,,,,,,,,,,,,,,,,,,,,,,,,,
,,,,,,,,,,,,,,,,,,,,,,,,,
,,,,,,,,,,,,,,,,,,,,,,,,,
,,,,,,,,,,,,,,,,,,,,,,,,,
,,,,,,,,,,,,,,,,,,,,,,,,,
,,,,,,,,,,,,,,,,,,,,,,,,,
,,,,,,,,,,,,,,,,,,,,,,,,,