Trade Date,Index Value,Net Change,High,Low
8/17/26,0.00000000000,0.00000000000,0.00000000000,0.00000000000
8/14/26,"36,683.45515090050",-45.03108252875,"36,846.65955517180","36,547.35144922220"
8/13/26,"36,728.48623342930",417.88781167887,"36,830.48441140950","36,329.41640357800"
8/12/26,"36,310.59842175040",265.36234921482,"36,480.16655099650","36,277.97676290350"
8/11/26,"36,045.23607253560",-117.59587320051,"36,265.37380055380","35,925.75432472000"
8/10/26,"36,162.83194573610",-119.58621497607,"36,361.07976707510","36,144.11818054400"
8/7/26,"36,282.41816071210",426.34873956787,"36,312.75386390660","35,953.32532724700"
8/6/26,"35,856.06942114430",-139.71766661762,"36,095.84168669880","35,550.95278346960"
8/5/26,"35,995.78708776190",-299.52375678967,"36,556.26471043290","35,972.03188373540"
8/4/26,"36,295.31084455160","1,167.42672209595","36,415.23540326650","35,533.71082491620"
8/3/26,"35,127.88412245560",613.53483407658,"35,207.90669646660","34,419.96723634410"
7/31/26,"34,514.34928837900",206.92333848934,"34,920.30563421590","34,123.80672243250"
7/30/26,"34,307.42594988970","1,115.70378908703","34,383.18935875500","33,794.78547541820"
7/29/26,"33,191.72216080270",-696.76929770754,"34,122.58343875070","33,171.85201342750"
7/28/26,"33,888.49145851020",-335.51527445449,"34,087.93175616140","33,509.88401546090"
7/27/26,"34,224.00673296470",-108.79169815123,"34,737.85584453540","33,915.60830978060"
7/24/26,"34,332.79843111590",-397.40915986317,"34,751.61543697750","34,240.93378809920"
7/23/26,"34,730.20759097910",-663.10938662823,"35,061.95985228700","34,510.15891978790"
7/22/26,"35,393.31697760730",-191.72020495378,"35,611.56566376270","35,315.70976541710"
7/21/26,"35,585.03718256110",672.44866990422,"35,630.33445004810","35,262.68586963760"
7/20/26,"34,912.58851265690",14.12901059784,"35,416.67075931960","34,895.69706535610"
7/17/26,"34,898.45950205900",-528.62917822631,"35,233.79241024270","34,457.43270068410"
7/16/26,"35,427.08868028540",-581.98462891856,"35,802.15249358960","35,250.67025521410"
7/15/26,"36,009.07330920390",-102.14891657610,"36,337.75398252440","35,631.06399419340"
7/14/26,"36,111.22222578000",393.23912776903,"36,242.41232812490","35,845.85733593170"
7/13/26,"35,717.98309801100",-684.73121708610,"36,055.94255745190","35,626.56821484660"
7/10/26,"36,402.71431509710",119.71145592476,"36,441.56581602210","35,986.97683598950"
7/9/26,"36,283.00285917230",579.69718906928,"36,339.93712835810","35,881.91046527510"
7/8/26,"35,703.30567010310",97.23105492515,"35,737.50069973640","35,168.73094529280"
7/7/26,"35,606.07461517790",-640.59375826655,"35,915.39261557670","35,363.74569227920"
7/6/26,"36,246.66837344450",452.84040845201,"36,429.57486919580","36,070.61462334200"
7/2/26,"35,793.82796499240",-585.70157210402,"36,666.77394505390","35,498.62627435600"
7/1/26,"36,379.52953709650",-568.28474134122,"36,715.91694416240","36,353.01795542700"
6/30/26,"36,947.81427843770",613.29086652287,"37,011.81425324410","36,327.17297855600"
6/29/26,"36,334.52341191480",801.15098998295,"36,356.34490398890","35,378.74034797600"
6/26/26,"35,533.37242193190",-392.53726325150,"35,894.04835624070","35,255.75153902890"
6/25/26,"35,925.90968518340",268.79053516027,"36,418.38405389290","35,389.26179275920"
6/24/26,"35,657.11915002310",-154.56315673048,"36,112.08557063440","35,343.56349878680"
6/23/26,"35,811.68230675360","-1,220.04100125192","36,301.55932539470","35,725.90432439120"
6/22/26,"37,031.72330800550",-70.34077734325,"37,392.28155394870","36,845.23539457320"
6/18/26,"37,102.06408534870",897.15710834822,"37,172.32290210240","36,715.44734313250"
6/17/26,"36,204.90697700050",-362.09185839646,"36,861.36635300930","36,124.35651808030"
6/16/26,"36,566.99883539700",-702.57540736611,"37,289.29079594420","36,560.58476007250"
6/15/26,"37,269.57424276310","1,111.08425367211","37,322.32968034000","36,954.44147196990"
6/12/26,"36,158.48998909100",232.64377022304,"36,277.98132441970","35,652.02851680810"
6/11/26,"35,925.84621886790","1,144.58981660046","35,999.65629225490","34,830.63355775390"
6/10/26,"34,781.25640226750",-703.32538281784,"35,640.60539758110","34,726.21786149790"
6/9/26,"35,484.58178508530",-402.08666554921,"36,363.98960886080","34,401.67512502290"
6/8/26,"35,886.66845063450",558.58021382660,"36,232.70781995080","35,739.97671088330"
6/5/26,"35,328.08823680790","-1,764.33578102536","36,661.95087181970","35,294.28027606750"
6/4/26,"37,092.42401783330",-192.02904548701,"37,255.38693358940","36,707.54938681820"
6/3/26,"37,284.45306332030",-108.88924385137,"37,517.34885248420","37,126.59925650640"
6/2/26,"37,393.34230717170",179.82978563686,"37,404.93807109810","37,042.54358266640"
6/1/26,"37,213.51252153480",220.35262353820,"37,359.47678244380","36,880.97916222200"
5/29/26,"36,993.15989799660",135.52774122095,"37,160.05153330250","36,842.95119039130"
5/28/26,"36,857.63215677570",305.25814937981,"36,905.56001118510","36,400.16136391150"
5/27/26,"36,552.37400739580",-33.75981399808,"36,706.29977848700","36,351.54269430190"
5/26/26,"36,586.13382139390",633.73817971561,"36,638.78050050830","36,283.41688223700"
5/22/26,"35,952.39564167830",152.37805623306,"36,174.64040601210","35,881.65548825060"
5/21/26,"35,800.01758544530",77.29817283315,"35,929.53485663610","35,413.21573783090"
5/20/26,"35,722.71941261210",584.48195561971,"35,727.08472027370","35,261.51739560490"
5/19/26,"35,138.23745699240",-213.25077002638,"35,398.02980066790","34,831.37371589500"
5/18/26,"35,351.48822701880",-158.76761398893,"35,663.33905931340","35,014.00524950620"
5/15/26,"35,510.25584100770",-548.92343566091,"35,829.93451391630","35,347.17873190700"
5/14/26,"36,059.17927666860",260.58737184027,"36,179.36576815750","35,778.56308390910"
5/13/26,"35,798.59190482830",369.30187877696,"35,902.58565374990","35,312.96629651040"
5/12/26,"35,429.29002605140",-311.88368527409,"35,579.55273946550","34,897.62358867130"
5/11/26,"35,741.17371132550",106.75210352073,"35,804.28334175710","35,524.86904291840"
5/8/26,"35,634.42160780470",820.67570386383,"35,634.42160780470","35,044.79256923640"
5/7/26,"34,813.74590394090",-42.93045157740,"35,132.54936323610","34,662.73651144730"
5/6/26,"34,856.67635551830",711.91442437386,"34,868.25926750920","34,380.19852430210"
5/5/26,"34,144.76193114450",445.15698033032,"34,206.39553233340","33,936.57150264440"
5/4/26,"33,699.60495081410",-70.31753480118,"33,907.45391210390","33,519.57655543670"
5/1/26,"33,769.92248561530",315.75972406530,"33,863.47244575800","33,515.31933356310"
4/30/26,"33,454.16276155000",323.10285905334,"33,497.92597084150","32,939.03317749120"
4/29/26,"33,131.05990249670",192.51223004146,"33,146.58568390550","32,897.56280288970"
4/28/26,"32,938.54767245520",-336.70325238897,"33,044.26740284870","32,754.02486378500"
4/27/26,"33,275.25092484420",2.90633476987,"33,286.89230155930","33,096.35547226220"
4/24/26,"33,272.34459007430",634.94347236510,"33,285.19861531430","32,885.71033303770"
4/23/26,"32,637.40111770920",-188.45720495999,"32,911.88701913610","32,342.13172207080"
4/22/26,"32,825.85832266920",557.88172225748,"32,831.77937353580","32,491.47389918200"
4/21/26,"32,267.97660041170",-135.10979158589,"32,574.04832944810","32,177.58893700000"
4/20/26,"32,403.08639199760",-100.03492812834,"32,500.29630441270","32,186.38775772600"
4/17/26,"32,503.12132012600",413.63412265868,"32,560.54697227960","32,270.13709046220"
4/16/26,"32,089.48719746730",156.49264390949,"32,171.76841872080","31,822.18897939610"
4/15/26,"31,932.99455355780",441.84704809265,"31,945.16604574000","31,475.02338404450"
4/14/26,"31,491.14750546510",558.46145828518,"31,491.14750546510","31,092.12555230640"
4/13/26,"30,932.68604718000",325.82829427637,"30,937.52336049090","30,464.10763384840"
4/10/26,"30,606.85775290360",41.82405964705,"30,740.56692883620","30,535.34155226750"
4/9/26,"30,565.03369325650",218.57234061443,"30,583.75735312600","30,207.78374001340"
4/8/26,"30,346.46135264210",853.97250861204,"30,519.73503091500","30,168.25752895970"
4/7/26,"29,492.48884403010",12.43627697788,"29,500.90399472930","28,977.61604706720"
4/6/26,"29,480.05256705220",178.83730402680,"29,568.97268348420","29,293.44766022470"
4/2/26,"29,301.21526302540",33.86798611628,"29,338.76427900920","28,651.85275342220"
4/1/26,"29,267.34727690910",342.84024904295,"29,441.20274835130","29,086.56955861410"
3/31/26,"28,924.50702786620",959.80306154415,"28,984.70837690190","28,264.72820771980"
3/30/26,"27,964.70396632200",-218.28135095413,"28,456.14096948630","27,828.30084636420"
3/27/26,"28,182.98531727610",-552.86515452968,"28,597.34945349760","28,129.65097832780"
3/26/26,"28,735.85047180580",-701.71307919630,"29,274.96783534280","28,720.89335488440"
3/25/26,"29,437.56355100210",196.24926368410,"29,621.85692815250","29,338.16050391380"
3/24/26,"29,241.31428731800",-226.77095562114,"29,446.45347599250","29,150.24340037490"
3/23/26,"29,468.08524293920",355.63331812660,"29,804.99450785460","29,357.33378262640"
3/20/26,"29,112.45192481260",-554.84087754799,"29,562.15247844720","28,944.12416527220"
3/19/26,"29,667.29280236050",-85.04578252649,"29,797.48257642210","29,357.40883662460"
3/18/26,"29,752.33858488700",-432.82240460428,"30,164.64561853140","29,742.94089722860"
3/17/26,"30,185.16098949130",152.35622519180,"30,312.16596668980","30,113.46601033420"
3/16/26,"30,032.80476429950",335.40612817668,"30,202.05847222320","29,973.26021706880"
3/13/26,"29,697.39863612280",-182.43947720944,"30,191.77500638060","29,643.55712540290"
3/12/26,"29,879.83811333230",-525.43720426554,"30,215.59527142100","29,866.02428047490"
3/11/26,"30,405.27531759780",11.76231631049,"30,633.14888752660","30,273.24769091990"
3/10/26,"30,393.51300128730",-13.12426797507,"30,676.91310473490","30,289.95316110320"
3/9/26,"30,406.63726926240",396.50034973039,"30,469.85188676500","29,580.94526474380"
3/6/26,"30,010.13691953200",-455.01120983776,"30,306.85410246520","29,933.23908463660"
3/5/26,"30,465.14812936980",-87.07659342624,"30,652.51746803050","30,129.28608842870"
3/4/26,"30,552.22472279600",455.69495157868,"30,656.54617692580","30,189.23361232160"
3/3/26,"30,096.52977121730",-330.89506011153,"30,206.30546291380","29,604.37472635260"
3/2/26,"30,427.42483132890",40.34067016701,"30,508.47165483870","29,919.68075795220"
2/27/26,"30,387.08416116180",-86.95651581501,"30,421.07476277800","30,128.06512005350"
2/26/26,"30,474.04067697690",-358.39379782265,"30,783.05664891230","30,213.76671142840"
2/25/26,"30,832.43447479950",428.54720855663,"30,850.61422790220","30,599.43342499590"
2/24/26,"30,403.88726624290",326.35378490174,"30,459.73033276330","29,998.10444234710"
2/23/26,"30,077.53348134110",-369.24996487190,"30,413.34905080510","29,967.10916807230"
2/20/26,"30,446.78344621300",262.20801660414,"30,525.83239086640","29,985.41657302570"
2/19/26,"30,184.57542960890",-118.95342181767,"30,297.49288292420","30,054.99555676590"
2/18/26,"30,303.52885142660",240.35099871642,"30,496.23441495850","30,057.63849000260"
2/17/26,"30,063.17785271010",-36.63376441059,"30,205.21056805110","29,680.88399136470"
2/13/26,"30,099.81161712070",58.57820579606,"30,329.48245410100","29,834.81728424510"
2/12/26,"30,041.23341132470",-625.03618983755,"30,799.27166766150","29,987.83935682310"
2/11/26,"30,666.26960116220",89.87127263651,"30,887.22151918420","30,397.38482966190"
2/10/26,"30,576.39832852570",-169.85774720986,"30,862.93783921310","30,559.10604432340"
2/9/26,"30,746.25607573560",236.34674848508,"30,830.69737155840","30,269.47449502890"
2/6/26,"30,509.90932725050",641.30532750068,"30,577.51567946110","29,958.20342461080"
2/5/26,"29,868.60399974980",-416.78136806210,"30,240.76026196460","29,755.09342583600"
2/4/26,"30,285.38536781190",-544.33369302104,"30,752.62162577060","30,029.91955204690"
2/3/26,"30,829.71906083300",-486.67539928651,"31,439.80607415540","30,554.55136516430"
2/2/26,"31,316.39446011950",226.58423482834,"31,431.38119960830","30,999.90826657640"
1/30/26,"31,089.81022529110",-400.72585507435,"31,419.39440781530","30,972.76071513190"
1/29/26,"31,490.53608036550",-168.03534029922,"31,687.67041162130","30,923.91786489410"
1/28/26,"31,658.57142066470",101.66877144581,"31,831.67573253250","31,600.01863205620"
1/27/26,"31,556.90264921890",275.58961246042,"31,609.03092529280","31,376.85746907320"
1/26/26,"31,281.31303675850",131.07505689980,"31,383.36808520470","31,117.75401697430"
1/23/26,"31,150.23797985870",105.97939466426,"31,277.09466389570","30,942.88477494170"
1/22/26,"31,044.25858519440",233.29744633082,"31,115.02141752380","30,899.66470059260"
1/21/26,"30,810.96113886360",412.42703123117,"31,020.48447889040","30,406.33712917900"
1/20/26,"30,398.53410763240",-658.99971699388,"30,754.02272883640","30,357.91784575170"
1/16/26,"31,057.53382462630",-21.66851852630,"31,308.41023985360","30,954.14417298070"
1/15/26,"31,079.20234315260",98.69931421491,"31,363.82107900130","31,046.50538702310"
1/14/26,"30,980.50302893770",-333.72311523891,"31,173.00553108040","30,737.52505217970"
1/13/26,"31,314.22614417660",-55.60554492769,"31,473.85832118270","31,192.76515742590"
1/12/26,"31,369.83168910430",26.03898556945,"31,446.70294966490","31,144.66551611810"
1/9/26,"31,343.79270353480",315.92736819290,"31,398.77142180670","30,966.34969700980"
1/8/26,"31,027.86533534190",-178.56571750563,"31,168.01511530050","30,897.78263603170"
1/7/26,"31,206.43105284760",17.26187900511,"31,400.18138203970","31,131.62554114030"
1/6/26,"31,189.16917384250",289.98120769361,"31,207.92093887450","30,931.73510249880"
1/5/26,"30,899.18796614880",237.39128825980,"31,044.18091648540","30,842.42921099400"
1/2/26,"30,661.79667788910",-49.68889389074,"31,137.95819548700","30,516.07722988980"
12/31/25,"30,711.48557177980",-257.49569011393,"30,995.99261555510","30,705.41752086300"
12/30/25,"30,968.98126189370",-76.62376487976,"31,108.87485983900","30,962.12664612860"
12/29/25,"31,045.60502677350",-143.73363620510,"31,133.87810465550","30,942.72832853310"
12/26/25,"31,189.33866297860",-14.29837755727,"31,277.29893558820","31,160.05926112790"
12/24/25,"31,203.63704053590",83.35474274942,"31,214.74275701770","31,082.87299081790"
12/23/25,"31,120.28229778640",153.39913362063,"31,122.96223743090","30,895.80792653640"
12/22/25,"30,966.88316416580",142.37686656139,"31,079.16669596130","30,893.77997962530"
12/19/25,"30,824.50629760440",397.44716415493,"30,835.01742487420","30,566.78117692430"
12/18/25,"30,427.05913344950",452.11327259679,"30,603.16907755280","30,307.97937487020"
12/17/25,"29,974.94586085270",-590.23481482426,"30,638.71975426130","29,974.94586085270"
12/16/25,"30,565.18067567700",79.87059926635,"30,633.06931843980","30,309.78563256140"
12/15/25,"30,485.31007641060",-155.01494664208,"30,862.72026284790","30,431.24594507490"
12/12/25,"30,640.32502305270",-594.67151909661,"31,137.84117174370","30,528.38763306090"
12/11/25,"31,234.99654214930",-109.13900499254,"31,246.67800521250","30,852.55781908900"
12/10/25,"31,344.13554714180",131.43349297285,"31,415.37754954450","31,013.22434025980"
12/9/25,"31,212.70205416900",49.74856235230,"31,248.66347498020","31,046.90348697480"
12/8/25,"31,162.95349181670",-75.60891163991,"31,406.38275987500","31,045.98466145000"
12/5/25,"31,238.56240345660",137.79540612627,"31,402.72163889850","31,147.74875313420"
12/4/25,"31,100.76699733030",-28.49931425958,"31,193.85266526930","30,941.12531720290"
12/3/25,"31,129.26631158990",63.44957147814,"31,169.92399881050","30,864.13460708170"
12/2/25,"31,065.81674011180",258.93334416079,"31,146.93058667500","30,839.10456237670"
12/1/25,"30,806.88339595100",-111.88441055985,"30,928.87765701980","30,582.94849679420"
11/28/25,"30,918.76780651080",241.77212934506,"30,919.84165366200","30,731.65458659900"
11/26/25,"30,676.99567716580",267.52728292641,"30,764.76465701130","30,483.63793838890"
11/25/25,"30,409.46839423930",175.77739244603,"30,471.68063283240","29,831.33130646640"
11/24/25,"30,233.69100179330",771.34093682445,"30,294.14765812910","29,725.37941628960"
11/21/25,"29,462.35006496890",227.14293995236,"29,805.40775765550","28,993.77072276370"
11/20/25,"29,235.20712501650",-706.79098436163,"30,655.19630779850","29,195.17664968900"
11/19/25,"29,941.99810937810",167.19919550382,"30,262.97358806420","29,688.85687904060"
11/18/25,"29,774.79891387430",-359.99768991832,"30,056.73992149890","29,527.15590545810"
11/17/25,"30,134.79660379260",-252.53434751200,"30,579.79726600230","29,951.85887146190"
11/14/25,"30,387.33095130460",21.65084079803,"30,619.01196223250","29,812.24726736700"
11/13/25,"30,365.68011050660",-635.99204623487,"30,854.75053977570","30,262.57307295520"
11/12/25,"31,001.67215674150",-19.35194317537,"31,178.85886708330","30,846.64733146960"
11/11/25,"31,021.02409991680",-95.06800758260,"31,087.57000109980","30,835.59381262040"
11/10/25,"31,116.09210749950",674.45046019023,"31,169.27034502660","30,803.53479425510"
11/7/25,"30,441.64164730920",-84.69072512149,"30,448.11628229460","29,887.68941013040"
11/6/25,"30,526.33237243070",-595.20756929382,"31,058.62521904480","30,469.47681209170"
11/5/25,"31,121.53994172450",223.90890416326,"31,280.49275227440","30,811.62561748460"
11/4/25,"30,897.63103756130",-652.23063054040,"31,294.27341362820","30,873.23907056720"
11/3/25,"31,549.86166810170",139.47069277923,"31,744.12487190900","31,446.53728863440"
10/31/25,"31,410.39097532240",152.77854532997,"31,659.82167267050","31,292.76080314860"
10/30/25,"31,257.61242999250",-467.66247868579,"31,618.19272780040","31,254.66402919790"
10/29/25,"31,725.27490867830",131.05332638797,"31,800.89210703990","31,467.29691174560"
10/28/25,"31,594.22158229030",231.91660938559,"31,685.71399678630","31,414.87151241150"
10/27/25,"31,362.30497290470",562.81587974056,"31,383.54153032900","31,161.69793191570"
10/24/25,"30,799.48909316410",316.72279334585,"30,872.93963120720","30,715.13487327840"
10/23/25,"30,482.76629981830",265.27656567604,"30,518.43556077280","30,189.96621585930"
10/22/25,"30,217.48973414230",-301.36886177950,"30,518.77460282960","29,941.90252734910"
10/21/25,"30,518.85859592170",-16.86660435291,"30,580.92780728480","30,416.74992720160"
10/20/25,"30,535.72520027470",392.38720045976,"30,587.70323499400","30,350.68821431830"
10/17/25,"30,143.33799981490",195.19729230046,"30,220.48180261700","29,771.23431930960"
10/16/25,"29,948.14070751440",-107.02475328098,"30,362.38831820670","29,734.29291772740"
10/15/25,"30,055.16546079540",201.67029287084,"30,283.34907147650","29,752.39091044130"
10/14/25,"29,853.49516792460",-207.61451479607,"30,080.68444806640","29,461.14450220370"
10/13/25,"30,061.10968272060",641.91312226646,"30,096.82020834690","29,806.24874171980"
10/10/25,"29,419.19656045420","-1,064.40778798036","30,601.62454386730","29,401.47308819490"
10/9/25,"30,483.60434843460",-46.15693153752,"30,533.61381132470","30,324.05079848310"
10/8/25,"30,529.76127997210",359.98883953734,"30,536.51926517040","30,220.93243422330"
10/7/25,"30,169.77244043470",-168.01100185535,"30,440.29532004560","30,101.42385708610"
10/6/25,"30,337.78344229010",234.45265889165,"30,417.58056794480","30,251.59943087370"
10/3/25,"30,103.33078339840",-127.27888087252,"30,313.11367615950","30,015.96560346200"
10/2/25,"30,230.60966427090",111.60786734761,"30,293.74008479230","30,093.79783629680"
10/1/25,"30,119.00179692330",148.73868073719,"30,138.20271501150","29,775.21273291050"
9/30/25,"29,970.26311618610",84.38487956751,"29,983.91476546990","29,757.94229285050"
9/29/25,"29,885.87823661860",130.54419185829,"30,044.24916229930","29,823.78653761960"
9/26/25,"29,755.33404476040",129.86926340207,"29,763.24982944550","29,505.00877065520"
9/25/25,"29,625.46478135830",-129.02667736102,"29,702.38807888410","29,369.32360469300"
9/24/25,"29,754.49145871930",-92.48544049259,"29,932.80664249350","29,614.87693936570"
9/23/25,"29,846.97689921190",-219.66861686204,"30,070.56639105620","29,793.95384115380"
9/22/25,"30,066.64551607390",167.43843565629,"30,091.72454593500","29,844.48447719730"
9/19/25,"29,899.20708041760",208.04202897890,"29,918.24439385630","29,708.62846412970"
9/18/25,"29,691.16505143870",280.71299517632,"29,812.12382801120","29,560.82519927730"
9/17/25,"29,410.45205626240",-60.97616622657,"29,493.46031754540","29,138.56453138480"
9/16/25,"29,471.42822248900",-23.71383930485,"29,555.32761513440","29,434.95947689940"
9/15/25,"29,495.14206179380",246.93501803035,"29,499.45760735440","29,348.67826589700"
9/12/25,"29,248.20704376350",121.95242549655,"29,302.67358072120","29,116.41741335080"
9/11/25,"29,126.25461826690",174.10988126559,"29,155.34593280320","28,993.26161192510"
9/10/25,"28,952.14473700130",11.50145627939,"29,084.79585668320","28,843.88912451560"
9/9/25,"28,940.64328072200",94.28986153832,"28,955.96568173960","28,768.50730094590"
9/8/25,"28,846.35341918360",134.89913653746,"28,955.00671704420","28,801.12245123840"
9/5/25,"28,711.45428264620",27.21263537404,"28,963.68029049510","28,496.48141961040"
9/4/25,"28,684.24164727210",267.47936683840,"28,691.55269852870","28,366.66316582820"
9/3/25,"28,416.76228043370",223.07453974961,"28,493.42461044060","28,252.05018341730"
9/2/25,"28,193.68774068410",-222.88985922525,"28,207.24697128940","27,886.38071750710"
8/29/25,"28,416.57759990940",-346.76241622763,"28,649.70899267170","28,342.00036260940"
8/28/25,"28,763.34001613700",166.97861049224,"28,809.18825861000","28,534.29433524690"
8/27/25,"28,596.36140564480",49.28562524366,"28,626.95149403600","28,436.74981675160"
8/26/25,"28,547.07578040110",120.96833303052,"28,555.83605145490","28,357.46789220310"
8/25/25,"28,426.10744737060",-87.85651710080,"28,572.74401259920","28,373.42976910670"
8/22/25,"28,513.96396447140",433.83473745188,"28,607.68698710780","28,079.49467829670"
8/21/25,"28,080.12922701950",-124.88760418600,"28,227.75459346720","27,963.43293418930"
8/20/25,"28,205.01683120550",-164.01675332997,"28,318.86156966540","27,853.36417004960"
8/19/25,"28,369.03358453550",-398.67440237343,"28,746.16329578920","28,322.40824063500"
8/18/25,"28,767.70798690890",3.04081155366,"28,791.65331203000","28,675.08940561230"
8/15/25,"28,764.66717535530",-143.44129026505,"28,888.28901302900","28,690.84121924810"
8/14/25,"28,908.10846562030",-19.38605983253,"29,000.06694829850","28,806.88000821520"
8/13/25,"28,927.49452545280",11.93923199866,"29,073.33254426570","28,854.80955753250"
8/12/25,"28,915.55529345420",379.11972684895,"28,928.05479384440","28,533.57677095040"
8/11/25,"28,536.43556660520",-99.46564042466,"28,744.26548281950","28,485.03477034240"
8/8/25,"28,635.90120702990",270.20139578426,"28,645.57376240920","28,425.29375802490"
8/7/25,"28,365.69981124560",90.33152419855,"28,573.32413465700","28,167.03890471840"
8/6/25,"28,275.36828704710",359.56128646307,"28,294.10177429450","27,944.56345551300"
8/5/25,"27,915.80700058400",-205.85851918509,"28,240.19741416730","27,903.16711182760"
8/4/25,"28,121.66551976910",515.77056820650,"28,124.62047217610","27,860.91455253180"
8/1/25,"27,605.89495156260",-550.62235298171,"27,859.54030664050","27,497.43394328250"
7/31/25,"28,156.51730454430",-152.37394527180,"28,606.69227726170","28,105.58833506000"
7/30/25,"28,308.89124981610",45.00161073786,"28,432.25439157520","28,165.20090622620"
7/29/25,"28,263.88963907820",-57.49952861404,"28,509.57694622510","28,233.68914654610"
7/28/25,"28,321.38916769230",101.88619994338,"28,358.35932433570","28,252.93143450310"
7/25/25,"28,219.50296774890",63.54188393476,"28,285.04464921440","28,124.61274999930"
7/24/25,"28,155.96108381410",69.67351386627,"28,214.92600546240","28,071.56837198020"
7/23/25,"28,086.28756994790",119.83653441025,"28,093.66882202160","27,889.91338188700"
7/22/25,"27,966.45103553760",-141.24562877205,"28,115.33688434160","27,833.39620445010"
7/21/25,"28,107.69666430970",139.56997965329,"28,210.02341582070","28,038.42617513300"
7/18/25,"27,968.12668465640",-18.88409271234,"28,074.51501345410","27,910.99605628580"
7/17/25,"27,987.01077736870",209.86996739869,"28,015.71015806770","27,774.16078335160"
7/16/25,"27,777.14080997000",28.34746490696,"27,802.10403996060","27,487.82922146700"
7/15/25,"27,748.79334506310",35.11131773636,"27,951.62584834030","27,738.94624337960"
7/14/25,"27,713.68202732670",90.98349214640,"27,751.64162790370","27,494.99575792130"
7/11/25,"27,622.69853518030",-58.92527264050,"27,691.54611721850","27,516.24446662300"
7/10/25,"27,681.62380782080",-42.75320456345,"27,775.93669240260","27,544.78440234270"
7/9/25,"27,724.37701238430",197.22558003292,"27,785.51883104090","27,565.22163185510"
7/8/25,"27,527.15143235130",20.37047466014,"27,599.35928158400","27,466.75477924880"
7/7/25,"27,506.78095769120",-219.74660189262,"27,616.68550727240","27,387.84117058410"
7/3/25,"27,726.52755958380",275.50476534809,"27,761.73541983610","27,567.83407424630"
7/2/25,"27,451.02279423570",200.49448938053,"27,454.45687930080","27,216.05593310160"
7/1/25,"27,250.52830485520",-243.52173553056,"27,436.16047288870","27,141.36859942910"
6/30/25,"27,494.05004038580",176.52347815123,"27,545.56336506340","27,355.96917422460"
6/27/25,"27,317.52656223450",105.86008470194,"27,401.19067667280","27,133.97338813470"
6/26/25,"27,211.66647753260",254.02527708295,"27,235.54477838100","26,978.89356573250"
6/25/25,"26,957.64120044960",57.65434886278,"27,068.54618302810","26,881.67761882370"
6/24/25,"26,899.98685158690",405.11744106150,"26,936.49525143060","26,724.34752747480"
6/23/25,"26,494.86941052540",278.74225716997,"26,513.70763192170","26,102.09496312790"
6/20/25,"26,216.12715335540",-110.10172598800,"26,551.38841207460","26,126.93793165290"
6/18/25,"26,326.22887934340",1.21528491523,"26,499.92734028390","26,254.51103231130"
6/17/25,"26,325.01359442820",-264.82511159604,"26,539.96074734130","26,277.86044135190"
6/16/25,"26,589.83870602420",372.27521247334,"26,640.98568714840","26,402.59517351470"
6/13/25,"26,217.56349355090",-338.87825979462,"26,468.94972946750","26,169.17333578690"
6/12/25,"26,556.44175334550",63.64697116780,"26,603.31965707200","26,427.59612546460"
6/11/25,"26,492.79478217770",-98.14557113059,"26,712.18253908290","26,389.14089709120"
6/10/25,"26,590.94035330830",174.78783162886,"26,614.57490347960","26,330.90025831590"
6/9/25,"26,416.15252167940",45.27211982682,"26,485.56841115800","26,333.06741153680"
6/6/25,"26,370.88040185260",263.36242618348,"26,461.48994057320","26,291.99873819450"
6/5/25,"26,107.51797566910",-209.82027930541,"26,524.84414624390","26,017.05547765500"
6/4/25,"26,317.33825497450",73.90807092046,"26,365.13077761200","26,178.51267478280"
6/3/25,"26,243.43018405410",206.95924852191,"26,308.09412560450","26,015.58233444250"
6/2/25,"26,036.47093553220",182.63481362847,"26,046.90153145280","25,682.26604317460"
5/30/25,"25,853.83612190370",-25.03249841535,"25,908.70747128330","25,480.21807099890"
5/29/25,"25,878.86862031900",55.45695954102,"26,178.77752639480","25,753.82790982110"
5/28/25,"25,823.41166077800",-117.20407569785,"26,053.45478243660","25,797.17749755000"
5/27/25,"25,940.61573647590",604.86033943479,"25,957.97268218650","25,613.72891695090"
5/23/25,"25,335.75539704110",-237.97582198945,"25,468.91415225360","25,168.97590042440"
5/22/25,"25,573.73121903050",39.88959687485,"25,756.28028758390","25,493.48749605330"
5/21/25,"25,533.84162215570",-347.65031797686,"26,021.52154093780","25,439.04295042810"
5/20/25,"25,881.49194013250",-96.36019974416,"25,921.00041134580","25,711.05334986180"
5/19/25,"25,977.85213987670",23.80733197149,"25,999.06028125550","25,603.67238714800"
5/16/25,"25,954.04480790520",116.79192633126,"25,955.08124663180","25,734.23708013810"
5/15/25,"25,837.25288157390",24.89707486356,"25,968.08573008350","25,634.26373930910"
5/14/25,"25,812.35580671040",147.39438028941,"25,833.27188236140","25,667.85128628150"
5/13/25,"25,664.96142642100",399.00017448388,"25,739.65096528550","25,293.84098895620"
5/12/25,"25,265.96125193710",980.40345473824,"25,268.35294153080","24,957.41579617780"
5/9/25,"24,285.55779719880",-1.76007229959,"24,457.60769566440","24,192.44458536730"
5/8/25,"24,287.31786949840",236.76881930139,"24,512.70593549710","24,098.60608778900"
5/7/25,"24,050.54905019700",92.75907183282,"24,162.98888374560","23,732.29973743210"
5/6/25,"23,957.78997836420",-213.40268621605,"24,122.27789323890","23,797.97841044270"
5/5/25,"24,171.19266458030",-163.02037501512,"24,331.78383403090","24,088.07679340470"
5/2/25,"24,334.21303959540",383.32144154827,"24,423.76633929370","24,133.34898742100"
5/1/25,"23,950.89159804710",261.08375920432,"24,238.70338915290","23,922.36227949810"
4/30/25,"23,689.80783884280",33.55888367507,"23,740.33542791070","23,013.17688328500"
4/29/25,"23,656.24895516770",142.40546860889,"23,702.02473339260","23,365.62217973940"
4/28/25,"23,513.84348655880",-6.09812434011,"23,625.24254799080","23,193.30925619080"
4/25/25,"23,519.94161089900",264.47481114472,"23,538.09748736220","23,157.65599397050"
4/24/25,"23,255.46679975420",630.74591248309,"23,268.04920579320","22,686.70644484970"
4/23/25,"22,624.72088727110",504.52138649322,"23,048.02708188330","22,534.71001079420"
4/22/25,"22,120.19950077790",566.55518183466,"22,265.41465496770","21,777.48080278630"
4/21/25,"21,553.64431894330",-544.38902199846,"21,837.79871693430","21,292.96655042300"
4/17/25,"22,098.03334094170",0.54337920228,"22,271.05628028940","21,960.49708264050"
4/16/25,"22,097.48996173950",-693.00670716638,"22,508.60962530620","21,780.76546547800"
4/15/25,"22,790.49666890580",41.40047194676,"23,001.02606853910","22,699.28914649360"
4/14/25,"22,749.09619695910",128.25255565962,"23,135.34519889940","22,529.70714709650"
4/11/25,"22,620.84364129940",419.43448766716,"22,667.92363193560","21,971.23385521900"
4/10/25,"22,201.40915363230",-969.56051596840,"22,645.59425544460","21,536.87143113630"
4/9/25,"23,170.96966960070","2,486.72387260935","23,278.63185199100","20,674.50705517850"
4/8/25,"20,684.24579699130",-411.83655361167,"22,035.65667286560","20,393.51170638910"
4/7/25,"21,096.08235060300",39.92395729242,"22,016.89221288330","20,020.76513870750"
4/4/25,"21,056.15839331060","-1,359.94117311748","21,893.12654820160","21,044.22368288940"
4/3/25,"22,416.09956642810","-1,280.46979562504","22,876.67126053190","22,393.70931488700"
4/2/25,"23,696.56936205310",177.89479712901,"23,848.50259422680","23,182.81818584980"
4/1/25,"23,518.67456492410",191.15537859033,"23,557.63950011570","23,105.75092123520"
3/31/25,"23,327.51918633380",-2.38297164466,"23,373.03628010780","22,747.64096358240"
3/28/25,"23,329.90215797840",-625.30526204064,"23,899.84989688420","23,281.67235397110"
3/27/25,"23,955.20742001910",-143.22047105854,"24,202.92866830620","23,884.54162187690"
3/26/25,"24,098.42789107760",-448.68895062959,"24,525.77627502690","24,015.55028134460"
3/25/25,"24,547.11684170720",129.92553917297,"24,552.40202394630","24,397.37554676050"
3/24/25,"24,417.19130253420",516.01551180582,"24,451.55040916350","24,229.07654313440"
3/21/25,"23,901.17579072840",92.38756444674,"23,918.13224754730","23,484.00920619210"
3/20/25,"23,808.78822628170",-68.44967779525,"24,064.34963058520","23,653.57889190050"
3/19/25,"23,877.23790407690",306.85341537188,"24,100.99487809330","23,588.25956000070"
3/18/25,"23,570.38448870500",-397.64348988650,"23,803.49411729660","23,466.00080508450"
3/17/25,"23,968.02797859150",130.16992623084,"24,127.19652686560","23,738.45800764970"
3/14/25,"23,837.85805236070",583.54820716674,"23,867.58044038550","23,512.97851226690"
3/13/25,"23,254.30984519400",-447.01051770905,"23,657.16605353390","23,166.12074871220"
3/12/25,"23,701.32036290300",265.11171921633,"23,894.91915575580","23,434.30577005400"
3/11/25,"23,436.20864368670",-65.30378946902,"23,777.84948248140","23,198.66198531150"
3/10/25,"23,501.51243315570",-930.26127050527,"24,028.97442175630","23,274.57443893080"
3/7/25,"24,431.77370366100",184.34272772271,"24,494.46358362570","23,870.02505125430"
3/6/25,"24,247.43097593830",-694.23397174408,"24,756.17975079410","24,145.77204300730"
3/5/25,"24,941.66494768230",334.19849356588,"25,014.51705687040","24,402.55461627960"
3/4/25,"24,607.46645411650",-87.53330978369,"25,013.61986092630","24,223.17696934720"
3/3/25,"24,694.99976390010",-554.72882582223,"25,478.71173059490","24,518.37758202140"
2/28/25,"25,249.72858972240",406.34156359238,"25,269.50541286690","24,673.14878107430"
2/27/25,"24,843.38702613000",-703.22922737301,"25,777.77384265770","24,830.96869354210"
2/26/25,"25,546.61625350300",55.29317773493,"25,809.66241943920","25,401.18718679850"
2/25/25,"25,491.32307576810",-320.00898075843,"25,780.91850154050","25,301.93621613060"
2/24/25,"25,811.33205652650",-315.28969475363,"26,265.22789011970","25,799.09678877540"
2/21/25,"26,126.62175128010",-547.75072043706,"26,732.34896625190","26,106.16534206560"
2/20/25,"26,674.37247171720",-125.23247135427,"26,771.52108754720","26,445.59577359210"
2/19/25,"26,799.60494307150",13.28432163059,"26,856.41946418190","26,642.68634165060"
2/18/25,"26,786.32062144090",60.57318446769,"26,818.66104749510","26,623.13727546830"
2/14/25,"26,725.74743697320",104.90371384991,"26,755.64722069950","26,599.66512889550"
2/13/25,"26,620.84372312330",376.34457328854,"26,629.82899955420","26,291.35212977530"
2/12/25,"26,244.49914983470",31.38191118904,"26,276.40173772350","25,924.20545964080"
2/11/25,"26,213.11723864570",-75.78680649571,"26,313.07895934240","26,130.93320466440"
2/10/25,"26,288.90404514140",323.95325255235,"26,332.87678337750","26,154.11365125020"
2/7/25,"25,964.95079258910",-340.19921117610,"26,421.62436237110","25,933.72462777520"
2/6/25,"26,305.15000376520",140.02001921845,"26,307.58735938260","26,116.90726299380"
2/5/25,"26,165.12998454670",110.23395976622,"26,170.94893957900","25,863.68145848870"
2/4/25,"26,054.89602478050",325.38304915590,"26,073.60141738910","25,742.38401771750"
2/3/25,"25,729.51297562460",-218.01973439214,"25,861.18982886550","25,375.26224534890"
1/31/25,"25,947.53271001670",-33.93264481418,"26,392.02707028160","25,884.40309560540"
1/30/25,"25,981.46535483090",116.77022096763,"26,120.78182761010","25,740.55385097030"
1/29/25,"25,864.69513386330",-62.30696989711,"25,944.92905425370","25,671.83271467050"
1/28/25,"25,927.00210376040",405.59076132569,"25,972.52965655860","25,419.75917811040"
1/27/25,"25,521.41134243470",-781.24211127723,"25,721.04119552690","25,337.34130171910"
1/24/25,"26,302.65345371190",-153.31565421478,"26,509.78763051520","26,224.19438649100"
1/23/25,"26,455.96910792670",57.90274799904,"26,455.96910792670","26,239.87339414590"
1/22/25,"26,398.06635992770",346.07485727454,"26,506.83333528120","26,281.17775790700"
1/21/25,"26,051.99150265310",151.42290677238,"26,116.88522534750","25,825.55920451510"
1/17/25,"25,900.56859588080",422.67734538079,"25,990.69567060180","25,771.88957714280"
1/16/25,"25,477.89125050000",-177.09113096766,"25,767.00270728030","25,473.78290589130"
1/15/25,"25,654.98238146760",580.36681225968,"25,713.15884725490","25,396.97363439990"
1/14/25,"25,074.61556920790",-32.96930911237,"25,330.83695536060","24,911.90825281130"
1/13/25,"25,107.58487832030",-75.93091258066,"25,122.53641728740","24,809.94130490420"
1/10/25,"25,183.51579090100",-402.15826299556,"25,386.36123336070","25,027.93201370490"
1/8/25,"25,585.67405389650",11.47853512161,"25,660.13302084190","25,357.53137461090"
1/7/25,"25,574.19551877490",-466.78849130847,"26,115.57254449580","25,487.28826398270"
1/6/25,"26,040.98401008340",282.34918052418,"26,214.90243422270","25,923.84944527380"
1/3/25,"25,758.63482955920",426.55365409760,"25,799.06176172080","25,456.38996254040"
1/2/25,"25,332.08117546160",-44.14075270099,"25,647.25216226270","25,120.58544874840"
12/31/24,"25,376.22192816260",-222.29755136000,"25,695.00023805650","25,336.78665703170"
12/30/24,"25,598.51947952260",-333.01007102479,"25,778.42372062840","25,416.82205434770"
12/27/24,"25,931.52955054740",-356.61066525056,"26,135.92062941890","25,713.16463064740"
12/26/24,"26,288.14021579800",-35.43082694358,"26,371.93056486740","26,139.96996160870"
12/24/24,"26,323.57104274150",355.62410296066,"26,323.57104274150","26,035.32756631060"
12/23/24,"25,967.94693978090",261.41298479595,"25,976.30260950500","25,631.17410682570"
12/20/24,"25,706.53395498490",215.71642053510,"26,009.81177122810","25,253.19938373620"
12/19/24,"25,490.81753444980",-119.31056959797,"25,856.96603280480","25,470.22787233910"
12/18/24,"25,610.12810404780",-956.05672265714,"26,610.85921850700","25,534.67564621490"
12/17/24,"26,566.18482670490",-115.40391988143,"26,639.74431730700","26,469.73238207320"
12/16/24,"26,681.58874658640",383.10651243792,"26,725.73317671260","26,419.66790165340"
12/13/24,"26,298.48223414840",201.79088819064,"26,427.04553051890","26,136.49750188560"
12/12/24,"26,096.69134595780",-179.54258076804,"26,218.10004460810","26,074.22491707690"
12/11/24,"26,276.23392672580",478.32923305089,"26,301.26067091650","25,998.44121314170"
12/10/24,"25,797.90469367500",-87.50266321049,"26,037.96003437490","25,731.61593804600"
12/9/24,"25,885.40735688540",-216.89701241422,"26,089.62599646840","25,837.05637192490"
12/6/24,"26,102.30436929970",241.24152978370,"26,107.20393198390","25,893.92296959530"
12/5/24,"25,861.06283951600",-78.97181453516,"25,972.42213148150","25,844.53527744840"
12/4/24,"25,940.03465405110",317.56742201985,"25,947.37180654850","25,757.15824409310"
12/3/24,"25,622.46723203130",79.16370219407,"25,630.27390309190","25,444.43698671920"
12/2/24,"25,543.30352983720",282.68883074138,"25,587.27522107500","25,310.56732374720"
11/29/24,"25,260.61469909580",225.45984431897,"25,291.92168244440","25,045.31273787360"
11/27/24,"25,035.15485477690",-213.58909944923,"25,166.19686698290","24,879.40225552630"
11/26/24,"25,248.74395422610",142.40318691418,"25,275.29280455830","25,139.53974770790"
11/25/24,"25,106.34076731190",34.72141802425,"25,339.95708852960","24,994.70138094290"
11/22/24,"25,071.61934928760",43.16406039594,"25,096.96911293350","24,926.19812659130"
11/21/24,"25,028.45528889170",93.48114436377,"25,117.91866973130","24,661.70284468540"
11/20/24,"24,934.97414452790",-21.10085091566,"24,946.39447766130","24,615.78211607440"
11/19/24,"24,956.07499544360",175.66222336454,"24,970.39943691260","24,640.82708189820"
11/18/24,"24,780.41277207910",177.27428962658,"24,880.65003845970","24,614.01122541760"
11/15/24,"24,603.13848245250",-602.49019116845,"24,953.45822499640","24,507.78222794550"
11/14/24,"25,205.62867362090",-167.82862102145,"25,411.86473559190","25,166.24555737140"
11/13/24,"25,373.45729464240",-41.51808694645,"25,516.71654324030","25,275.84863369700"
11/12/24,"25,414.97538158880",-43.17901373517,"25,504.08500023340","25,265.34540382970"
11/11/24,"25,458.15439532400",-12.77097649703,"25,549.14051200950","25,321.72588638540"
11/8/24,"25,470.92537182100",22.56453934012,"25,516.53900039060","25,390.28868102630"
11/7/24,"25,448.36083248090",386.75099580997,"25,486.02328937010","25,200.94508926270"
11/6/24,"25,061.60983667090",667.95828219541,"25,092.60374562910","24,754.45870148440"
11/5/24,"24,393.65155447550",318.19926529987,"24,419.87912133180","24,171.11414884320"
11/4/24,"24,075.45228917570",-83.52892980766,"24,248.37401396130","23,997.02130516790"
11/1/24,"24,158.98121898330",172.93367743700,"24,315.01928810520","24,059.90841167160"
10/31/24,"23,986.04754154630",-597.65412384241,"24,392.13263144530","23,973.79961785520"
10/30/24,"24,583.70166538870",-196.49045112507,"24,790.87923287470","24,572.90837104670"
10/29/24,"24,780.19211651380",240.90702563537,"24,839.81408407610","24,471.41673147290"
10/28/24,"24,539.28509087840",-1.14205680521,"24,683.21258520470","24,531.75538822630"
10/25/24,"24,540.42714768360",144.01575698805,"24,782.55332549590","24,504.53882808250"
10/24/24,"24,396.41139069560",200.05888253228,"24,424.76036325370","24,256.55416021600"
10/23/24,"24,196.35250816330",-381.85799486838,"24,492.75833941950","24,037.14861576270"
10/22/24,"24,578.21050303170",26.74308163099,"24,643.66559479630","24,379.50705877730"
10/21/24,"24,551.46742140070",45.12597984990,"24,581.86747960010","24,348.36438914110"
10/18/24,"24,506.34144155080",161.13478874216,"24,550.04383790460","24,445.46179659520"
10/17/24,"24,345.20665280860",19.74470933703,"24,570.96193607000","24,340.39261338650"
10/16/24,"24,325.46194347160",17.15004831110,"24,357.46815375820","24,159.89034852100"
10/15/24,"24,308.31189516050",-336.67717811471,"24,699.56898276860","24,216.34521196980"
10/14/24,"24,644.98907327520",201.45160472858,"24,711.13545756980","24,543.71592861680"
10/11/24,"24,443.53746854660",36.51266477114,"24,493.24294871240","24,287.02959438560"
10/10/24,"24,407.02480377550",-32.21083198981,"24,494.41356392960","24,256.83887376170"
10/9/24,"24,439.23563576530",194.22547934833,"24,457.99959791320","24,172.76926443940"
10/8/24,"24,245.01015641700",370.33718671418,"24,275.02451298970","23,971.67457842250"
10/7/24,"23,874.67296970280",-282.27348477923,"24,103.01646198570","23,829.22116257410"
10/4/24,"24,156.94645448200",291.39514647558,"24,169.81706198720","23,909.13016435050"
10/3/24,"23,865.55130800640",-11.14330910209,"23,997.40287688320","23,738.80266484040"
10/2/24,"23,876.69461710850",39.77651826004,"23,966.04289338550","23,669.73979745100"
10/1/24,"23,836.91809884850",-346.44429148202,"24,177.94975751210","23,654.87569018320"
9/30/24,"24,183.36239033050",63.75976381317,"24,197.51205221450","23,932.82058460780"
9/27/24,"24,119.60262651730",-128.38081600670,"24,293.07151619140","24,065.96451370930"
9/26/24,"24,247.98344252410",172.29297735318,"24,438.15441846440","24,068.91748815570"
9/25/24,"24,075.69046517090",33.46847730577,"24,161.06371446870","24,013.74441373130"
9/24/24,"24,042.22198786510",111.67802635261,"24,089.98637079700","23,794.89493533220"
9/23/24,"23,930.54396151250",73.18126602546,"23,979.46150153770","23,864.99589236680"
9/20/24,"23,857.36269548700",-58.27104334857,"23,922.70808044550","23,665.98655431680"
9/19/24,"23,915.63373883560",600.90235790445,"24,050.56976254330","23,775.95416253440"
9/18/24,"23,314.73138093110",-105.94368269995,"23,675.11488019510","23,298.23983926280"
9/17/24,"23,420.67506363110",11.72659424931,"23,618.26231014900","23,305.84197601030"
9/16/24,"23,408.94846938180",-109.22403259168,"23,436.66836029840","23,253.61909605530"
9/13/24,"23,518.17250197350",113.28524199457,"23,569.04604534950","23,361.64738393170"
9/12/24,"23,404.88725997890",224.40586980470,"23,445.06625141370","23,096.08558206170"
9/11/24,"23,180.48139017420",491.83278026522,"23,215.52875466640","22,330.10227203640"
9/10/24,"22,688.64860990900",203.05837884560,"22,708.65576296100","22,377.20517386430"
9/9/24,"22,485.59023106340",289.94745408615,"22,525.45072299420","22,254.99747713850"
9/6/24,"22,195.64277697720",-609.78256271569,"22,809.38344755720","22,171.13367246130"
9/5/24,"22,805.42533969290",12.27008146032,"23,012.65049475810","22,656.65527292530"
9/4/24,"22,793.15525823260",-43.82517520857,"22,973.14506808120","22,657.47737073270"
9/3/24,"22,836.98043344120",-741.14637172846,"23,414.39284485670","22,729.86040451520"
8/30/24,"23,578.12680516960",302.47474836286,"23,587.19553044870","23,279.40455487170"
8/29/24,"23,275.65205680680",-30.50401258198,"23,633.69535016170","23,222.89912570930"
8/28/24,"23,306.15606938880",-277.82433568542,"23,590.70518560740","23,150.42658064070"
8/27/24,"23,583.98040507420",78.38948178810,"23,627.81924112930","23,328.65091051220"
8/26/24,"23,505.59092328610",-246.08246351276,"23,759.06934938170","23,410.32325693840"
8/23/24,"23,751.67338679880",275.84501589146,"23,869.14083247940","23,517.73932333110"
8/22/24,"23,475.82837090740",-400.13776735241,"24,014.23762375600","23,437.32206442220"
8/21/24,"23,875.96613825980",126.47752295589,"23,948.82557557150","23,714.34029093450"
8/20/24,"23,749.48861530390",-55.96249510039,"23,888.66407372420","23,668.02788295790"
8/19/24,"23,805.45111040430",310.67181012513,"23,806.58399023260","23,418.40008438650"
8/16/24,"23,494.77930027920",26.47638538541,"23,558.25212897170","23,336.07176145190"
8/15/24,"23,468.30291489370",567.67099729601,"23,483.68358716740","23,167.09558108620"
8/14/24,"22,900.63191759770",19.55390511993,"22,997.33613651790","22,677.22186193170"
8/13/24,"22,881.07801247780",559.08066178238,"22,888.99989080110","22,540.76087853690"
8/12/24,"22,321.99735069540",37.95066069754,"22,470.91931703890","22,191.49623709070"
8/9/24,"22,284.04668999790",120.70328893060,"22,349.67502671280","22,044.14066665280"
8/8/24,"22,163.34340106730",658.26604951664,"22,201.36958703730","21,623.23729378590"
8/7/24,"21,505.07735155060",-252.56459162063,"22,201.18621934360","21,485.47143889920"
8/6/24,"21,757.64194317130",220.29344618305,"22,107.57936457930","21,493.95357168030"
8/5/24,"21,537.34849698820",-656.75392829420,"21,867.51602188000","20,984.00222673700"
8/2/24,"22,194.10242528240",-541.03607314014,"22,420.28987443960","21,980.66185515330"
8/1/24,"22,735.13849842260",-568.11642918168,"23,515.73314092700","22,550.64562201040"
7/31/24,"23,303.25492760420",683.20854226075,"23,380.50020349050","23,063.15310246780"
7/30/24,"22,620.04638534350",-316.75959508881,"23,064.28740439860","22,464.73748480300"
7/29/24,"22,936.80598043230",43.35853658690,"23,135.49025885110","22,834.54656072880"
7/26/24,"22,893.44744384540",233.50566461321,"23,036.67029087320","22,743.81675567770"
7/25/24,"22,659.94177923220",-242.84173533364,"23,137.21170371290","22,528.92135478260"
7/24/24,"22,902.78351456580",-868.76335324318,"23,444.48908955600","22,870.38909944230"
7/23/24,"23,771.54686780900",-82.46422372266,"23,952.36159829420","23,749.75037683770"
7/22/24,"23,854.01109153170",361.30327086799,"23,900.76838779780","23,631.99875959780"
7/19/24,"23,492.70782066370",-219.56029218585,"23,807.81940088340","23,440.67828750280"
7/18/24,"23,712.26811284950",-113.17470810582,"24,004.54566918890","23,556.66758601780"
7/17/24,"23,825.44282095540",-721.38972293837,"24,163.73958312840","23,818.95184700400"
7/16/24,"24,546.83254389370",14.13583206023,"24,641.14904833230","24,387.85471302300"
7/15/24,"24,532.69671183350",66.64637936452,"24,771.31511819540","24,433.60747556050"
7/12/24,"24,466.05033246900",144.64639579326,"24,700.21189236590","24,329.46926983290"
7/11/24,"24,321.40393667570",-558.37886993294,"24,875.83964249750","24,265.62196219990"
7/10/24,"24,879.78280660870",267.96729246187,"24,898.54010321910","24,644.60804000380"
7/9/24,"24,611.81551414680",16.22370437409,"24,721.17313576020","24,542.68204581940"
7/8/24,"24,595.59180977270",57.57909101971,"24,614.65120848470","24,503.93376463400"
7/5/24,"24,538.01271875300",249.61940913671,"24,556.09535136030","24,308.84638583490"
7/3/24,"24,288.39330961630",212.16067039452,"24,288.39330961630","24,058.17556091700"
7/2/24,"24,076.23263922180",240.22274258195,"24,079.86881333460","23,751.29609729150"
7/1/24,"23,836.00989663980",155.62242644525,"23,854.68949723130","23,553.65878092270"
6/28/24,"23,680.38747019450",-126.33760716982,"24,083.21331432180","23,659.90920237480"
6/27/24,"23,806.72507736440",45.68995285909,"23,881.05187524430","23,701.23076334830"
6/26/24,"23,761.03512450530",60.05410949663,"23,776.07044081280","23,644.50427670950"
6/25/24,"23,700.98101500860",272.49614696569,"23,714.55933846360","23,487.29711951290"
6/24/24,"23,428.48486804300",-267.74120110343,"23,727.48589821870","23,425.97022792530"
6/21/24,"23,696.22606914640",-62.38659879743,"23,818.35601111450","23,627.77204508770"
6/20/24,"23,758.61266794380",-188.31442870617,"24,032.41175513950","23,677.70168935090"
6/18/24,"23,946.92709665000",7.76400405176,"23,984.98633862900","23,861.52930765350"
6/17/24,"23,939.16309259820",292.22036923468,"24,029.48484221020","23,603.53827682920"
6/14/24,"23,646.94272336360",103.75030963744,"23,652.70828625700","23,496.40407450400"
6/13/24,"23,543.19241372610",134.79398530867,"23,618.38486358980","23,419.06420052140"
6/12/24,"23,408.39842841740",306.65096788551,"23,518.69362370690","23,266.61581166170"
6/11/24,"23,101.74746053190",163.30913677021,"23,104.69214134930","22,808.77535050910"
6/10/24,"22,938.43832376170",90.07356259655,"22,956.66817708650","22,777.34215238800"
6/7/24,"22,848.36476116520",-20.90723215763,"22,984.14387373600","22,797.54118293860"
6/6/24,"22,869.27199332280",-15.88725702836,"22,930.09860400770","22,818.37382495530"
6/5/24,"22,885.15925035120",457.20311157415,"22,886.14471010530","22,564.40360807210"
6/4/24,"22,427.95613877700",66.53782260460,"22,479.78158752560","22,268.08491582990"
6/3/24,"22,361.41831617240",77.32733805110,"22,489.14142148210","22,110.88483998630"
5/31/24,"22,284.09097812130",-0.82089730354,"22,329.66617183570","21,867.12576933560"
5/30/24,"22,284.91187542480",-236.60049027092,"22,485.16300577080","22,223.73032502150"
5/29/24,"22,521.51236569580",-159.22795394256,"22,615.33995586600","22,485.29669961050"
5/28/24,"22,680.74031963830",73.43309297337,"22,687.66025674200","22,544.32062285000"
5/24/24,"22,607.30722666500",222.31798876045,"22,659.76444889370","22,434.75198527490"
5/23/24,"22,384.98923790450",-97.91690926412,"22,726.53345227420","22,302.65810804050"
5/22/24,"22,482.90614716860",-9.80373075313,"22,544.78784039240","22,363.86458723540"
5/21/24,"22,492.70987792180",47.99628663404,"22,501.57909328010","22,343.81075112000"
5/20/24,"22,444.71359128770",154.13281037290,"22,480.33977590220","22,295.26212486190"
5/17/24,"22,290.58078091480",-13.86656331031,"22,343.62977899830","22,189.65123726080"
5/16/24,"22,304.44734422510",-42.43447583552,"22,438.47270157630","22,298.84569159580"
5/15/24,"22,346.88182006070",332.48393951108,"22,359.94903529370","22,061.73294821660"
5/14/24,"22,014.39788054960",150.49710149076,"22,034.59217929150","21,837.22270494950"
5/13/24,"21,863.90077905880",44.97365244454,"21,905.80720286430","21,802.57939620990"
5/10/24,"21,818.92712661430",60.29227961899,"21,922.74887482940","21,745.10544776640"
5/9/24,"21,758.63484699530",36.20356221623,"21,788.12953577210","21,637.50723942060"
5/8/24,"21,722.43128477900",-7.72873566458,"21,782.88692869790","21,605.55303781300"
5/7/24,"21,730.16002044360",-0.67153055690,"21,808.07376617990","21,694.32023848660"
5/6/24,"21,730.83155100050",244.36116413634,"21,731.90597483790","21,543.13779049660"
5/3/24,"21,486.47038686420",419.77345446387,"21,529.92423147120","21,359.15163299120"
5/2/24,"21,066.69693240030",267.80546728148,"21,107.84571257180","20,765.37014778190"
5/1/24,"20,798.89146511880",-146.68920158098,"21,218.40246952270","20,757.83930297450"
4/30/24,"20,945.58066669980",-410.75634770232,"21,339.70885279920","20,945.58066669980"
4/29/24,"21,356.33701440210",77.36146681500,"21,401.11515716190","21,222.21072651020"
4/26/24,"21,278.97554758710",345.88641052844,"21,344.40031077300","21,056.53896829670"
4/25/24,"20,933.08913705870",-114.82675596241,"20,985.87748657600","20,623.16020634430"
4/24/24,"21,047.91589302110",66.79734684049,"21,200.25584571040","20,938.07353160200"
4/23/24,"20,981.11854618060",312.93194867829,"21,031.35835222760","20,747.88804927140"
4/22/24,"20,668.18659750230",208.04013389560,"20,781.39035849700","20,427.25341512070"
4/19/24,"20,460.14646360670",-428.31564493634,"20,849.99377236720","20,383.64605788680"
4/18/24,"20,888.46210854310",-119.23450671256,"21,124.43151240810","20,867.06227255780"
4/17/24,"21,007.69661525560",-264.24405008420,"21,361.85522443800","20,966.80679934470"
4/16/24,"21,271.94066533980",8.20411976706,"21,396.90622027910","21,208.56434212010"
4/15/24,"21,263.73654557280",-356.24551412264,"21,798.42542779810","21,227.12643653630"
4/12/24,"21,619.98205969540",-365.66231594075,"21,815.73332899980","21,558.25512630580"
4/11/24,"21,985.64437563620",355.93439862147,"22,020.67174722240","21,613.69808410250"
4/10/24,"21,629.70997701470",-190.03831835878,"21,664.74535149750","21,534.55318446730"
4/9/24,"21,819.74829537350",84.11389168837,"21,867.92510000200","21,583.38050811280"
4/8/24,"21,735.63440368510",-9.92374618240,"21,829.85808864510","21,676.18898146010"
4/5/24,"21,745.55814986750",275.80704449523,"21,859.03767755130","21,510.67443001220"
4/4/24,"21,469.75110537230",-337.80272944254,"22,050.36871241850","21,466.10794604360"
4/3/24,"21,807.55383481480",48.68232873771,"21,901.77854965600","21,669.74788229900"
4/2/24,"21,758.87150607710",-203.85278335459,"21,775.42871340190","21,615.38008631030"
4/1/24,"21,962.72428943170",46.23463928888,"22,080.84376091340","21,864.36796897530"
3/28/24,"21,916.48965014280",-31.19792809480,"21,980.87422054820","21,888.50933718700"
3/27/24,"21,947.68757823760",85.78187572093,"22,023.61284900370","21,812.46488522840"
3/26/24,"21,861.90570251670",-79.86611747951,"22,063.78740823100","21,858.71532749510"
3/25/24,"21,941.77181999620",-74.88633249018,"22,014.14260798510","21,836.38473956000"
3/22/24,"22,016.65815248640",22.89008982562,"22,072.85362748410","21,930.27809919480"
3/21/24,"21,993.76806266080",96.36314995874,"22,167.03519252890","21,989.82989594440"
3/20/24,"21,897.40491270200",253.80674878375,"21,908.22223279820","21,613.10011125510"
3/19/24,"21,643.59816391830",56.65064440871,"21,652.74132815010","21,375.87052489170"
3/18/24,"21,586.94751950960",212.15685752611,"21,754.16670739900","21,572.64114271220"
3/15/24,"21,374.79066198340",-247.92384335613,"21,521.49025439840","21,322.86465664260"
3/14/24,"21,622.71450533960",-62.08472870724,"21,776.44974037940","21,501.28746856460"
3/13/24,"21,684.79923404680",-180.79867931812,"21,799.14327277810","21,639.11666185460"
3/12/24,"21,865.59791336490",321.36324915182,"21,876.70512463330","21,505.82288665930"
3/11/24,"21,544.23466421310",-80.12073315440,"21,605.86940133240","21,450.18671846820"
3/8/24,"21,624.35539736750",-335.47990203009,"22,102.33366054900","21,596.66908024090"
3/7/24,"21,959.83529939760",338.88034702328,"22,007.79141144870","21,723.96805844340"
3/6/24,"21,620.95495237430",143.64783553144,"21,771.31816108930","21,529.83951229240"
3/5/24,"21,477.30711684290",-394.18012438353,"21,716.86386175180","21,365.26220095280"
3/4/24,"21,871.48724122640",-90.08657553493,"21,975.81361887040","21,861.60364575390"
3/1/24,"21,961.57381676130",311.44331509400,"21,997.98585617870","21,675.44169318100"
2/29/24,"21,650.13050166730",208.28576235764,"21,679.72205377680","21,437.09834731110"
2/28/24,"21,441.84473930970",-113.99108928637,"21,509.62655709000","21,400.88536668330"
2/27/24,"21,555.83582859610",45.31913087849,"21,575.62080955400","21,435.90188364290"
2/26/24,"21,510.51669771760",-5.13060630673,"21,607.40609642420","21,502.51428681360"
2/23/24,"21,515.64730402430",-80.34177226314,"21,700.38237887740","21,473.86633417150"
2/22/24,"21,595.98907628740",631.94431043526,"21,632.09324757890","21,360.37797278790"
2/21/24,"20,964.04476585220",-78.80602497681,"20,967.90997436940","20,772.79439756800"
2/20/24,"21,042.85079082900",-167.76193737074,"21,175.95258883220","20,866.92825816420"
2/16/24,"21,210.61272819970",-190.98482256700,"21,424.29340519890","21,183.53234538920"
2/15/24,"21,401.59755076670",47.92674775916,"21,424.21498481210","21,253.60360473350"
2/14/24,"21,353.67080300760",252.33250544457,"21,362.72388763340","21,128.62491484050"
2/13/24,"21,101.33829756300",-338.37738557338,"21,241.90467496840","20,954.84202764420"
2/12/24,"21,439.71568313640",-94.74752192837,"21,630.08679582270","21,412.13792251440"
2/9/24,"21,534.46320506480",217.17836485202,"21,565.02151675620","21,338.36029956610"
2/8/24,"21,317.28484021270",35.62009918061,"21,354.38921143270","21,251.82557379650"
2/7/24,"21,281.66474103210",218.55431501383,"21,316.54174236120","21,141.01578768570"
2/6/24,"21,063.11042601830",-47.46001282517,"21,192.41706530540","20,946.48870080540"
2/5/24,"21,110.57043884350",-35.36950791253,"21,161.79314573790","20,938.67334154860"
2/2/24,"21,145.93994675600",357.19867542575,"21,193.35542175390","20,829.09055204690"
2/1/24,"20,788.74127133030",249.38590945909,"20,803.18622448650","20,586.33322372180"
1/31/24,"20,539.35536187120",-406.50200507955,"20,824.70232757260","20,529.17170198900"
1/30/24,"20,945.85736695070",-141.38724716693,"21,067.79090999080","20,906.38719087490"
1/29/24,"21,087.24461411760",210.03126074900,"21,096.45207901320","20,869.55973771260"
1/26/24,"20,877.21335336860",-115.02038231828,"20,989.55833717340","20,846.68562710840"
1/25/24,"20,992.23373568690",21.19912275916,"21,129.26864415650","20,888.43664668460"
1/24/24,"20,971.03461292780",113.95858827322,"21,169.92089791180","20,950.27014855980"
1/23/24,"20,857.07602465450",88.47206149305,"20,865.05453971290","20,715.44132669340"
1/22/24,"20,768.60396316150",19.62396508090,"20,912.31678781760","20,744.02031569680"
1/19/24,"20,748.97999808060",397.52633365995,"20,752.82354712630","20,422.83357445070"
1/18/24,"20,351.45366442060",294.81580407796,"20,369.06416952230","20,154.72346766240"
1/17/24,"20,056.63786034270",-113.16420664360,"20,072.01904183760","19,847.17219041290"
1/16/24,"20,169.80206698630",-2.64688656933,"20,247.23878644890","20,045.02669658370"
1/12/24,"20,172.44895355560",14.42332715908,"20,253.28182662030","20,105.33876524420"
1/11/24,"20,158.02562639650",33.38185291483,"20,250.60753115870","19,915.89970680560"
1/10/24,"20,124.64377348170",137.02495343390,"20,165.77508341170","19,958.90087960740"
1/9/24,"19,987.61882004780",34.95311687538,"20,026.18241715040","19,789.92426665320"
1/8/24,"19,952.66570317240",412.23862155001,"19,959.08501812950","19,592.57787877480"
1/5/24,"19,540.42708162240",28.72066800025,"19,671.54377598120","19,472.37221487690"
1/4/24,"19,511.70641362220",-103.06380354708,"19,676.38713129700","19,505.01808669370"
1/3/24,"19,614.77021716920",-207.67430291010,"19,737.68597295410","19,595.18187783300"
1/2/24,"19,822.44452007930",-335.97670623312,"19,993.36637117400","19,713.67617087350"
12/29/23,"20,158.42122631250",-86.70564351837,"20,270.53375962630","20,076.89965061120"
12/28/23,"20,245.12686983080",-9.04945444447,"20,329.82163222110","20,236.56195088750"
12/27/23,"20,254.17632427530",34.40955446504,"20,272.40140289200","20,197.57438512280"
12/26/23,"20,219.76676981030",121.06403451380,"20,254.56792006940","20,142.02355474210"
12/22/23,"20,098.70273529650",23.95359777574,"20,172.79606864540","20,010.25395531640"
12/21/23,"20,074.74913752070",243.48594693309,"20,087.46697449470","19,911.95639611460"
12/20/23,"19,831.26319058760",-308.71123170732,"20,198.46065916690","19,828.75449542750"
12/19/23,"20,139.97442229490",102.20501969588,"20,141.35960554520","20,045.97902658410"
12/18/23,"20,037.76940259910",127.38524061222,"20,079.10648272240","19,917.38165817920"
12/15/23,"19,910.38416198690",102.55129945568,"19,965.87137402600","19,830.81080278200"
12/14/23,"19,807.83286253120",-27.89203196045,"19,955.00319986660","19,665.83572803200"
12/13/23,"19,835.72489449160",249.25523180376,"19,858.08535920500","19,590.01805834140"
12/12/23,"19,586.46966268790",159.50005146950,"19,586.46966268790","19,372.35724907320"
12/11/23,"19,426.96961121840",164.12482768204,"19,439.56893271170","19,235.52223402670"
12/8/23,"19,262.84478353630",74.49182536410,"19,282.20696784100","19,086.66606061450"
12/7/23,"19,188.35295817220",281.62978024504,"19,212.32830591400","19,012.30319456630"
12/6/23,"18,906.72317792720",-107.37178139533,"19,149.68928934880","18,893.43451050240"
12/5/23,"19,014.09495932250",45.69067218643,"19,078.92051001700","18,873.83966522370"
12/4/23,"18,968.40428713610",-188.92479711164,"18,983.70669607330","18,795.85964573340"
12/1/23,"19,157.32908424770",60.18033375253,"19,176.69370450930","18,962.55744447170"
11/30/23,"19,097.14875049520",-42.78460801404,"19,175.69710870590","18,950.85234630420"
11/29/23,"19,139.93335850920",-25.62678972880,"19,354.10194485430","19,126.87119213050"
11/28/23,"19,165.56014823800",58.07418876113,"19,190.80153570160","19,058.58890210800"
11/27/23,"19,107.48595947690",-23.98005260967,"19,207.22454906980","19,071.82776461220"
11/24/23,"19,131.46601208660",-23.19025515115,"19,161.88629182600","19,081.91877358380"
11/22/23,"19,154.65626723770",81.52739840478,"19,295.82039197110","19,109.94977887010"
11/21/23,"19,073.12886883290",-111.25041915789,"19,114.38550492210","18,993.16414373170"
11/20/23,"19,184.37928799080",226.53792449447,"19,219.92070193210","18,966.24654323050"
11/17/23,"18,957.84136349640",5.77000423754,"19,004.37194390380","18,872.79717555300"
11/16/23,"18,952.07135925880",21.02377153750,"18,963.39475446780","18,838.43008198710"
11/15/23,"18,931.04758772130",10.51327580575,"19,035.68780868500","18,868.98142159910"
11/14/23,"18,920.53431191560",395.73642318826,"18,965.83739799130","18,817.22000683480"
11/13/23,"18,524.79788872730",-54.31064958719,"18,574.89737060500","18,431.38326543000"
11/10/23,"18,579.10853831450",410.85066407404,"18,586.38497664330","18,229.87364190660"
11/9/23,"18,168.25787424050",-147.13527580682,"18,400.54144586310","18,148.42544759820"
11/8/23,"18,315.39315004730",20.59888734286,"18,351.20890956720","18,204.93013513880"
11/7/23,"18,294.79426270440",168.75344832982,"18,341.94719785050","18,124.10709948050"
11/6/23,"18,126.04081437460",67.25385602007,"18,156.25962464900","18,018.37814384670"
11/3/23,"18,058.78695835450",215.51759643164,"18,118.93136947260","17,898.28307874140"
11/2/23,"17,843.26936192290",305.21923573914,"17,856.68660114530","17,691.70248453810"
11/1/23,"17,538.05012618370",305.30484899800,"17,553.54438403790","17,271.35041772300"
10/31/23,"17,232.74527718570",88.82701278041,"17,245.49372656770","17,020.61446210930"
10/30/23,"17,143.91826440530",187.24977495661,"17,206.92973372190","17,012.80254973920"
10/27/23,"16,956.66848944870",84.71836519113,"17,124.81694726890","16,896.81743650410"
10/26/23,"16,871.95012425760",-325.33348808135,"17,186.36372031910","16,810.67783588190"
10/25/23,"17,197.28361233890",-435.20726081737,"17,510.63609472300","17,174.08537944640"
10/24/23,"17,632.49087315630",168.60779741782,"17,666.33881833730","17,470.43349992370"
10/23/23,"17,463.88307573850",52.58153391009,"17,633.10230835920","17,241.72166299380"
10/20/23,"17,411.30154182840",-265.75762737542,"17,674.78128637380","17,400.83327731040"
10/19/23,"17,677.05916920380",-150.80309664827,"17,964.97577866900","17,636.61190449590"
10/18/23,"17,827.86226585210",-254.40037241897,"18,060.57187010530","17,775.90565352180"
10/17/23,"18,082.26263827110",-60.64909172097,"18,160.04397500890","17,855.97458367470"
10/16/23,"18,142.91172999200",212.38650413033,"18,186.87311300560","17,992.88854200420"
10/13/23,"17,930.52522586170",-225.97985438247,"18,214.22062870300","17,868.70748157610"
10/12/23,"18,156.50508024420",-68.17709806218,"18,335.72337268000","18,044.81340017180"
10/11/23,"18,224.68217830640",131.05017755408,"18,233.17301607210","18,079.39671131940"
10/10/23,"18,093.63200075230",100.88064151201,"18,225.67083002920","17,996.79805579640"
10/9/23,"17,992.75135924030",88.38222137364,"18,020.83653284860","17,716.72954049650"
10/6/23,"17,904.36913786660",299.15097134748,"17,961.93463523220","17,429.30722977950"
10/5/23,"17,605.21816651910",-62.94536465261,"17,678.71101700940","17,439.20955495610"
10/4/23,"17,668.16353117180",251.86051236199,"17,700.19694190340","17,448.51398248410"
10/3/23,"17,416.30301880980",-320.85519817580,"17,720.23860037150","17,342.81734679720"
10/2/23,"17,737.15821698560",146.23044966883,"17,802.43585629300","17,574.52619669410"
9/29/23,"17,590.92776731670",14.91697349635,"17,814.00377510930","17,530.59833271330"
9/28/23,"17,576.01079382040",147.89482210452,"17,677.39633989240","17,345.79529036900"
9/27/23,"17,428.11597171590",41.03967757432,"17,520.21872516600","17,251.73014353070"
9/26/23,"17,387.07629414150",-266.64138443508,"17,545.64390691620","17,339.08330734820"
9/25/23,"17,653.71767857660",81.04155399290,"17,656.37453829420","17,470.29843405670"
9/22/23,"17,572.67612458370",8.19193964750,"17,757.74073090600","17,555.63912391310"
9/21/23,"17,564.48418493620",-329.52793776637,"17,749.76657448850","17,561.43135945450"
9/20/23,"17,894.01212270260",-261.60401388090,"18,222.99749558070","17,891.23971292040"
9/19/23,"18,155.61613658350",-40.79884538365,"18,189.90231502970","18,010.02472195390"
9/18/23,"18,196.41498196720",27.45658583696,"18,248.51142677700","18,112.86150881500"
9/15/23,"18,168.95839613020",-324.47375696723,"18,447.48710545110","18,134.67102224900"
9/14/23,"18,493.43215309740",151.74959877625,"18,539.94685588970","18,330.06076930670"
9/13/23,"18,341.68255432120",70.25331346402,"18,420.65377825920","18,231.83019247300"
9/12/23,"18,271.42924085710",-204.87760176041,"18,460.36712321650","18,258.45657096400"
9/11/23,"18,476.30684261760",217.04637369451,"18,501.37244144570","18,316.75814357490"
9/8/23,"18,259.26046892310",25.94027876139,"18,371.57410894530","18,216.04060491720"
9/7/23,"18,233.32019016170",-134.14462608827,"18,268.77802956950","18,090.17422430730"
9/6/23,"18,367.46481624990",-163.38397068082,"18,505.54241023130","18,269.52650188980"
9/5/23,"18,530.84878693080",20.82455740004,"18,588.93397701600","18,425.36856796020"
9/1/23,"18,510.02422953070",-11.37018800130,"18,662.95258740990","18,436.53645485750"
8/31/23,"18,521.39441753200",49.76408104229,"18,609.72404514810","18,479.98443695070"
8/30/23,"18,471.63033648970",104.28292827574,"18,498.38163294830","18,327.70735006710"
8/29/23,"18,367.34740821400",387.20069812395,"18,385.28084092710","17,958.82438279670"
8/28/23,"17,980.14671009000",132.15140927300,"18,020.48640923350","17,856.47243258560"
8/25/23,"17,847.99530081700",149.77232735840,"17,919.02558088660","17,577.48209439610"
8/24/23,"17,698.22297345860",-395.40900728652,"18,251.01732852530","17,696.30199121800"
8/23/23,"18,093.63198074520",285.98766949001,"18,142.37393335730","17,854.17326779860"
8/22/23,"17,807.64431125510",-33.11373128159,"17,961.52386119230","17,777.80757904600"
8/21/23,"17,840.75804253670",289.20480645797,"17,867.24900486460","17,605.07977567500"
8/18/23,"17,551.55323607880",-24.19597501426,"17,610.94911390790","17,387.91859118650"
8/17/23,"17,575.74921109300",-190.13335115260,"17,854.92857941200","17,554.82309836530"
8/16/23,"17,765.88256224560",-188.40103760899,"18,005.36464306400","17,762.96215373540"
8/15/23,"17,954.28359985460",-200.51040417097,"18,139.62925034560","17,926.48509189350"
8/14/23,"18,154.79400402560",212.95569430540,"18,155.60282255400","17,875.93166243610"
8/11/23,"17,941.83830972020",-117.47088012260,"18,030.72020100020","17,876.89359325830"
8/10/23,"18,059.30918984280",34.76388145292,"18,342.71535599090","17,992.05823444000"
8/9/23,"18,024.54530838990",-203.11981896167,"18,247.78436153970","17,996.14588227370"
8/8/23,"18,227.66512735150",-160.88466267997,"18,254.81754131580","18,078.71902585760"
8/7/23,"18,388.54979003150",159.10281561456,"18,392.12947072140","18,210.80836295310"
8/4/23,"18,229.44697441690",-93.03826443399,"18,525.87977916340","18,210.07923676900"
8/3/23,"18,322.48523885090",-20.52320971169,"18,421.59398403930","18,223.65157429180"
8/2/23,"18,343.00844856260",-414.42265310514,"18,570.48620289110","18,284.17318267330"
8/1/23,"18,757.43110166780",-46.31224962234,"18,793.73035899920","18,660.23945153200"
7/31/23,"18,803.74335129010",7.24570881977,"18,859.29699415450","18,738.98861833350"
7/28/23,"18,796.49764247030",342.97713979465,"18,841.30207702190","18,637.58062722640"
7/27/23,"18,453.52050267570",-40.97086626569,"18,847.98869483660","18,395.19214739570"
7/26/23,"18,494.49136894140",-73.85648590118,"18,580.27494894540","18,390.25112291880"
7/25/23,"18,568.34785484250",135.30619190052,"18,641.45841206340","18,473.63417026160"
7/24/23,"18,433.04166294200",26.66457991690,"18,500.63463416800","18,345.50036130110"
7/21/23,"18,406.37708302510",-48.22354911173,"18,615.02964898830","18,388.34931639100"
7/20/23,"18,454.60063213690",-429.86105169582,"18,819.43654793640","18,411.38127483810"
7/19/23,"18,884.46168383270",-17.89729073614,"19,010.58352861340","18,831.49050381420"
7/18/23,"18,902.35897456880",152.82190273628,"18,967.18226702750","18,623.57409697630"
7/17/23,"18,749.53707183250",176.21594058128,"18,788.18529280360","18,586.34519003880"
7/14/23,"18,573.32113125130",-7.61146872519,"18,757.62491508300","18,532.03754988550"
7/13/23,"18,580.93259997650",315.90759386768,"18,617.64020499520","18,400.44103872260"
7/12/23,"18,265.02500610880",224.52289893978,"18,332.87900611400","18,148.66341310720"
7/11/23,"18,040.50210716900",87.61056763908,"18,059.86684596860","17,867.60113870030"
7/10/23,"17,952.89153952990",10.48445204127,"17,977.70682126410","17,808.50747041130"
7/7/23,"17,942.40708748860",-62.34396012181,"18,149.75602702330","17,937.28834675620"
7/6/23,"18,004.75104761050",-136.35489881022,"18,025.04123327000","17,861.20406371910"
7/5/23,"18,141.10594642070",-3.95185616053,"18,226.29581190670","18,092.04739479700"
7/3/23,"18,145.05780258120",36.62647898826,"18,174.00900963010","18,079.32940458750"
6/30/23,"18,108.43132359290",285.42772997224,"18,149.64060469880","17,991.94642448790"
6/29/23,"17,823.00359362070",-28.40459571777,"17,878.99301785930","17,747.83985418730"
6/28/23,"17,851.40818933850",22.26888888413,"17,954.59703453590","17,733.58696882190"
6/27/23,"17,829.13930045430",306.44197977582,"17,860.64110499600","17,567.70178237470"
6/26/23,"17,522.69732067850",-241.51810131282,"17,873.16847934070","17,520.31242894190"
6/23/23,"17,764.21542199130",-179.93519035614,"17,874.26177854330","17,681.10161176890"
6/22/23,"17,944.15061234750",208.60299328109,"17,946.41840611020","17,649.06612085380"
6/21/23,"17,735.54761906640",-239.46258812845,"17,940.04346967870","17,686.13355026910"
6/20/23,"17,975.01020719480",-16.42212793494,"18,043.31945293330","17,827.79417798580"
6/16/23,"17,991.43233512980",-121.13491489049,"18,230.85768401390","17,978.94637208430"
6/15/23,"18,112.56725002030",214.43857742329,"18,185.49420828670","17,807.99113800380"
6/14/23,"17,898.12867259700",126.56900917503,"17,911.73901775710","17,634.46639375340"
6/13/23,"17,771.55966342200",139.59696273370,"17,808.49848423010","17,615.66439054780"
6/12/23,"17,631.96270068830",305.23800400915,"17,638.28666954570","17,378.00473453200"
6/9/23,"17,326.72469667910",52.25683048614,"17,499.04685677130","17,277.96507753770"
6/8/23,"17,274.46786619300",216.78410898908,"17,296.84654292200","17,071.91117599690"
6/7/23,"17,057.68375720390",-303.75524675829,"17,468.66268376500","17,034.54517636360"
6/6/23,"17,361.43900396220",1.95815951685,"17,403.65981862640","17,264.71986286310"
6/5/23,"17,359.48084444530",12.47935601321,"17,486.42331674810","17,312.23564237360"
6/2/23,"17,347.00148843210",125.88342302290,"17,405.63574398900","17,222.40129884440"
6/1/23,"17,221.11806540920",225.55846957467,"17,282.87621996520","16,956.92494764980"
5/31/23,"16,995.55959583450",-119.06188737800,"17,140.16234499840","16,950.33331567930"
5/30/23,"17,114.62148321250",67.78706016292,"17,311.55688793920","17,050.34898674150"
5/26/23,"17,046.83442304960",429.27778384767,"17,083.88877200320","16,669.80366459550"
5/25/23,"16,617.55663920200",398.44091831055,"16,675.18455170470","16,466.92753997810"
5/24/23,"16,219.11572089140",-80.80965948308,"16,280.21569680690","16,119.49582320520"
5/23/23,"16,299.92538037450",-211.25712080018,"16,484.19370431940","16,288.44666691840"
5/22/23,"16,511.18250117470",55.14245590270,"16,563.59785462980","16,443.49957744170"
5/19/23,"16,456.04004527200",-36.85657956574,"16,540.60263358750","16,408.84008454400"
5/18/23,"16,492.89662483770",293.15805860337,"16,504.99321729970","16,221.32397823010"
5/17/23,"16,199.73856623430",200.55559172156,"16,222.45455198270","15,997.25681847210"
5/16/23,"15,999.18297451280",15.05807731809,"16,085.48332875440","15,950.03996636110"
5/15/23,"15,984.12489719470",87.38775107410,"15,991.63302116490","15,846.29724131910"
5/12/23,"15,896.73714612060",-55.49072501136,"16,000.67247600310","15,797.11890330750"
5/11/23,"15,952.22787113190",51.63862290838,"15,978.33957720020","15,852.52540294730"
5/10/23,"15,900.58924822360",175.33291035187,"15,944.17633835690","15,730.19823399840"
5/9/23,"15,725.25633787170",-107.32311530911,"15,789.21369041280","15,716.64210839100"
5/8/23,"15,832.57945318080",38.72496005833,"15,845.43291362060","15,715.17570121040"
5/5/23,"15,793.85449312250",330.85639097194,"15,831.93985798300","15,556.56888169920"
5/4/23,"15,462.99810215050",-55.56797502585,"15,560.10522440510","15,410.56391359420"
5/3/23,"15,518.56607717640",-99.38785139732,"15,758.54331641800","15,513.60438469240"
5/2/23,"15,617.95392857370",-140.30547489803,"15,770.24400000630","15,538.30955312030"
5/1/23,"15,758.25940347170",-17.09789798808,"15,824.95609501830","15,704.58136685910"
4/28/23,"15,775.35730145980",102.37454599531,"15,777.02571161530","15,597.84425897830"
4/27/23,"15,672.98275546450",421.05165944380,"15,691.55137678910","15,409.15248817850"
4/26/23,"15,251.93109602070",97.15314854988,"15,398.57536870380","15,224.45975514180"
4/25/23,"15,154.77794747080",-291.36117280543,"15,402.69982105260","15,153.74709297880"
4/24/23,"15,446.13912027620",-36.93129551110,"15,534.82471021460","15,343.73827392770"
4/21/23,"15,483.07041578730",17.61100518471,"15,518.89244144710","15,362.63224791670"
4/20/23,"15,465.45941060260",-122.35005357489,"15,610.68498219810","15,403.31172556020"
4/19/23,"15,587.80946417750",-3.66587543254,"15,634.89185310510","15,468.09907062150"
4/18/23,"15,591.47533961010",4.85814806653,"15,715.79448973150","15,534.80419886310"
4/17/23,"15,586.61719154350",9.76298004978,"15,608.01860997670","15,459.84087647030"
4/14/23,"15,576.85421149380",-35.57651137852,"15,663.51687323130","15,437.50248040170"
4/13/23,"15,612.43072287230",310.88305084933,"15,630.32466564140","15,386.90984979240"
4/12/23,"15,301.54767202300",-137.91890208409,"15,567.87859172240","15,283.63723265290"
4/11/23,"15,439.46657410700",-103.70542578142,"15,541.17784194610","15,419.81766678990"
4/10/23,"15,543.17199988850",-13.53216025917,"15,543.91090491030","15,317.23495042500"
4/6/23,"15,556.70416014760",114.02108179164,"15,575.16915392880","15,298.79235434670"
4/5/23,"15,442.68307835600",-157.83436902627,"15,559.47904490900","15,356.03894320680"
4/4/23,"15,600.51744738230",-54.10425456445,"15,724.34548521460","15,540.87013716270"
4/3/23,"15,654.62170194670",-39.29055011046,"15,665.48472360680","15,521.50782142060"
3/31/23,"15,693.91225205720",259.80208539570,"15,702.82136685070","15,439.89725974420"
3/30/23,"15,434.11016666150",140.39031424129,"15,463.67173257170","15,351.95701994660"
3/29/23,"15,293.71985242020",280.32745725311,"15,319.06329498920","15,161.15313639240"
3/28/23,"15,013.39239516710",-74.40920757878,"15,066.18137627740","14,903.03338876270"
3/27/23,"15,087.80160274590",-111.88476693848,"15,285.85316180650","15,057.88780336570"
3/24/23,"15,199.68636968430",45.01999846824,"15,203.53318457960","15,010.51772840730"
3/23/23,"15,154.66637121610",192.96471392926,"15,358.09365598570","15,014.70574020230"
3/22/23,"14,961.70165728680",-207.49462888502,"15,409.90010076270","14,957.68614720830"
3/21/23,"15,169.19628617180",215.16767811218,"15,194.21138699650","14,980.31343825520"
3/20/23,"14,954.02860805970",50.86648349183,"14,972.76441466440","14,769.77166618990"
3/17/23,"14,903.16212456780",-73.22477651128,"15,087.03484535420","14,812.93621675070"
3/16/23,"14,976.38690107910",392.90094933455,"14,993.41402560640","14,511.26869792840"
3/15/23,"14,583.48595174460",61.34493755688,"14,605.06136147850","14,315.48761702390"
3/14/23,"14,522.14101418770",331.35065611879,"14,543.66550377300","14,326.27281105470"
3/13/23,"14,190.79035806890",110.68872445366,"14,370.25419443020","13,919.72319808520"
3/10/23,"14,080.10163361520",-197.09360476403,"14,364.95902784770","14,031.99173454260"
3/9/23,"14,277.19523837930",-259.79238195860,"14,687.25089778340","14,246.80091733050"
3/8/23,"14,536.98762033790",75.16722034997,"14,563.63010664280","14,402.44430548220"
3/7/23,"14,461.82039998790",-178.76425155158,"14,690.16128500860","14,435.44448659960"
3/6/23,"14,640.58465153950",13.89646655725,"14,836.21970408440","14,634.73028003240"
3/3/23,"14,626.68818498220",292.67896229706,"14,638.17171894520","14,393.95504055990"
3/2/23,"14,334.00922268520",128.99542177570,"14,369.36930634070","14,078.46035019470"
3/1/23,"14,205.01380090950",-122.19532013519,"14,342.91878344490","14,166.95605764720"
2/28/23,"14,327.20912104470",-18.53018019102,"14,451.42684841100","14,302.46767981430"
2/27/23,"14,345.73930123570",105.13427105767,"14,466.91263991700","14,318.16645009520"
2/24/23,"14,240.60503017800",-249.34406101645,"14,298.50305868890","14,158.74192801490"
2/23/23,"14,489.94909119450",137.14232869476,"14,546.16800607240","14,279.60487393130"
2/22/23,"14,352.80676249970",7.37231469471,"14,459.79065175210","14,281.15954222320"
2/21/23,"14,345.43444780500",-354.32882438656,"14,579.47966034220","14,342.97473322830"
2/17/23,"14,699.76327219160",-100.03108066087,"14,732.27583786340","14,551.80511316260"
2/16/23,"14,799.79435285240",-291.72666196870,"15,050.67010011430","14,796.84150232560"
2/15/23,"15,091.52101482110",120.48463866463,"15,093.23892503240","14,851.95751977190"
2/14/23,"14,971.03637615650",106.80182174424,"15,014.44378978490","14,692.15885379890"
2/13/23,"14,864.23455441230",234.84114540938,"14,888.56808306070","14,639.68836184820"
2/10/23,"14,629.39340900290",-87.71329586021,"14,713.55134077670","14,509.69149923240"
2/9/23,"14,717.10670486310",-134.50839874188,"15,071.74300616310","14,653.24146615170"
2/8/23,"14,851.61510360500",-276.35198814598,"15,106.05049358170","14,822.77885127630"
2/7/23,"15,127.96709175090",313.48502190203,"15,179.44561693090","14,761.23492000550"
2/6/23,"14,814.48206984890",-127.39622658935,"14,926.61737272540","14,751.92828573760"
2/3/23,"14,941.87829643830",-272.83313407983,"15,245.32920571170","14,879.59719746890"
2/2/23,"15,214.71143051810",523.37933572050,"15,307.21430213170","14,974.21449957660"
2/1/23,"14,691.33209479760",310.59308999673,"14,805.13667880120","14,272.61132104100"
1/31/23,"14,380.73900480090",225.23500546420,"14,383.35049002280","14,159.73338910030"
1/30/23,"14,155.50399933670",-300.71353975523,"14,363.78251661240","14,148.04690063230"
1/27/23,"14,456.21753909190",136.78578399124,"14,553.11221730460","14,258.11305546580"
1/26/23,"14,319.43175510060",281.35456002032,"14,324.57263272390","14,084.04403498310"
1/25/23,"14,038.07719508030",-37.97199843692,"14,070.30393937460","13,723.65741918730"
1/24/23,"14,076.04919351730",-30.77319108992,"14,126.81731572590","13,996.94976041380"
1/23/23,"14,106.82238460720",301.22613883219,"14,161.85311329390","13,804.17036168810"
1/20/23,"13,805.59624577500",384.20931737212,"13,810.55187976210","13,461.62760157370"
1/19/23,"13,421.38692840290",-136.18582566490,"13,531.64485863840","13,369.42519178150"
1/18/23,"13,557.57275406780",-174.54462408654,"13,890.24456485930","13,549.28966805600"
1/17/23,"13,732.11737815430",18.65920403221,"13,801.94138828840","13,645.18736026920"
1/13/23,"13,713.45817412210",97.27578424775,"13,721.15381132740","13,483.09218587690"
1/12/23,"13,616.18238987430",67.83147333272,"13,665.18968907180","13,362.39610772910"
1/11/23,"13,548.35091654160",233.77020116506,"13,549.97266175580","13,332.36609353140"
1/10/23,"13,314.58071537660",115.65195724214,"13,316.69219724340","13,130.29357969090"
1/9/23,"13,198.92875813440",81.16454013698,"13,432.28235274360","13,171.45816740310"
1/6/23,"13,117.76421799740",355.42379169105,"13,167.95206693660","12,709.11688904640"
1/5/23,"12,762.34042630640",-205.84053242315,"12,882.47872020250","12,746.94358782250"
1/4/23,"12,968.18095872950",63.83000889193,"13,047.36626932560","12,814.61710885460"
1/3/23,"12,904.35094983760",-90.22235135805,"13,178.10612447210","12,795.41695398900"
12/30/22,"12,994.57330119570",-13.25658685014,"12,998.29769610520","12,803.19189197200"
12/29/22,"13,007.82988804580",323.34444284670,"13,043.47398552810","12,800.64699645540"
12/28/22,"12,684.48544519910",-169.72841940865,"12,944.94362501040","12,674.79916806030"
12/27/22,"12,854.21386460770",-193.51986791016,"13,014.46621132430","12,836.51107975940"
12/23/22,"13,047.73373251790",34.80384557165,"13,073.44133610160","12,864.17085270710"
12/22/22,"13,012.92988694630",-332.25056151354,"13,200.69183716380","12,808.48775258630"
12/21/22,"13,345.18044845980",194.14050554561,"13,404.44238641230","13,164.02447633340"
12/20/22,"13,151.03994291420",-14.45357909662,"13,235.60333326140","13,025.90713219800"
12/19/22,"13,165.49352201080",-186.74793918986,"13,363.78475766770","13,100.39374781910"
12/16/22,"13,352.24146120070",-120.52811484455,"13,518.10021749190","13,271.26900638070"
12/15/22,"13,472.76957604520",-469.91465147816,"13,765.03591618260","13,419.48678587760"
12/14/22,"13,942.68422752340",-109.23215162299,"14,180.58364567530","13,796.02765576220"
12/13/22,"14,051.91637914640",152.01095389608,"14,446.36605949240","13,922.13558047060"
12/12/22,"13,899.90542525030",169.92829509769,"13,901.41849689410","13,689.70166341400"
12/9/22,"13,729.97713015260",-88.06615378107,"13,900.67220924770","13,714.51981533920"
12/8/22,"13,818.04328393370",167.01719778270,"13,859.17682471020","13,619.98579889630"
12/7/22,"13,651.02608615100",-62.08873331336,"13,746.36179657310","13,573.33916240000"
12/6/22,"13,713.11481946430",-281.48548328634,"13,999.54641059950","13,640.58733223670"
12/5/22,"13,994.60030275070",-246.17688122322,"14,197.10075609250","13,929.71371769410"
12/2/22,"14,240.77718397390",-56.05081720103,"14,280.37971590720","14,040.45320267080"
12/1/22,"14,296.82800117490",16.18733272946,"14,384.01200220990","14,162.40972255650"
11/30/22,"14,280.64066844550",626.41961765613,"14,282.15608710130","13,629.97557841500"
11/29/22,"13,654.22105078930",-99.71559578558,"13,784.64332230280","13,591.18420782200"
11/28/22,"13,753.93664657490",-199.74041213829,"13,964.12115874600","13,715.36753626150"
11/25/22,"13,953.67705871320",-98.13765782975,"14,010.50106883540","13,945.08066764900"
11/23/22,"14,051.81471654290",136.07760654682,"14,084.69653667180","13,913.30365825850"
11/22/22,"13,915.73710999610",203.57615168754,"13,923.95639259850","13,652.85584606090"
11/21/22,"13,712.16095830860",-146.28761642704,"13,844.47451452800","13,677.72882198090"
11/18/22,"13,858.44857473560",0.19060899505,"13,998.09196765140","13,742.87955258780"
11/17/22,"13,858.25796574060",-26.20140055276,"13,930.36518376530","13,671.35910937240"
11/16/22,"13,884.45936629330",-198.82836447406,"14,000.60353524240","13,853.67271117180"
11/15/22,"14,083.28773076740",201.92534942642,"14,265.75375720950","13,922.24740945570"
11/14/22,"13,881.36238134100",-136.09477338930,"14,074.56600435180","13,843.59548974860"
11/11/22,"14,017.45715473030",250.35326144346,"14,044.81152825720","13,683.60231518770"
11/10/22,"13,767.10389328680",958.93861838715,"13,774.51456905810","13,327.95323532010"
11/9/22,"12,808.16527489970",-308.31005774098,"13,063.28847432390","12,799.62343225730"
11/8/22,"13,116.47533264060",98.20765090970,"13,273.49980724270","12,924.38404779610"
11/7/22,"13,018.26768173090",142.28103483587,"13,046.91970259580","12,829.21604837230"
11/4/22,"12,875.98664689510",202.12072047739,"12,967.97047011680","12,609.67322769060"
11/3/22,"12,673.86592641770",-255.61616049763,"12,865.41931792520","12,662.27968255870"
11/2/22,"12,929.48208691530",-453.58377661151,"13,527.64957525970","12,926.08619598290"
11/1/22,"13,383.06586352680",-138.24905676495,"13,721.45281481120","13,370.41862063690"
10/31/22,"13,521.31492029180",-166.72566644791,"13,613.09762158170","13,433.22495244070"
10/28/22,"13,688.04058673970",421.76950142708,"13,708.13144949490","13,250.38560352790"
10/27/22,"13,266.27108531260",-253.45943475841,"13,533.45164871180","13,252.37077131170"
10/26/22,"13,519.73052007100",-312.80596123107,"13,817.43890967330","13,498.92244466730"
10/25/22,"13,832.53648130210",284.15444000272,"13,846.58745658450","13,607.82105585940"
10/24/22,"13,548.38204129940",142.15402392712,"13,593.32949253910","13,235.72923875960"
10/21/22,"13,406.22801737230",312.47811419232,"13,426.90034964080","12,993.35724372870"
10/20/22,"13,093.74990317990",-67.17265517071,"13,370.05108213410","13,039.90282938010"
10/19/22,"13,160.92255835060",-52.57837701846,"13,312.74066488470","13,048.00244784420"
10/18/22,"13,213.50093536910",100.99282773674,"13,482.13895457630","13,080.81905002300"
10/17/22,"13,112.50810763240",439.12554611476,"13,146.09287423000","12,990.67392806700"
10/14/22,"12,673.38256151760",-404.80944010364,"13,219.61434683840","12,656.10276007500"
10/13/22,"13,078.19200162120",293.91523532885,"13,142.29305413230","12,375.37296637270"
10/12/22,"12,784.27676629240",-6.79479013610,"12,903.84581548510","12,747.81149021300"
10/11/22,"12,791.07155642850",-160.74928604114,"13,016.94331682940","12,702.15744915120"
10/10/22,"12,951.82084246960",-133.35122126856,"13,113.31654152510","12,830.07226546870"
10/7/22,"13,085.17206373820",-528.51817972597,"13,386.44848366970","13,028.50738474180"
10/6/22,"13,613.69024346420",-103.57133384117,"13,821.16881837880","13,598.66852623930"
10/5/22,"13,717.26157730530",-11.08960944412,"13,805.49314539270","13,408.31202836490"
10/4/22,"13,728.35118674950",421.63463257801,"13,760.00260146090","13,585.95924366330"
10/3/22,"13,306.71655417140",306.31676239004,"13,385.75081764860","13,016.73629746290"
9/30/22,"13,000.39979178140",-229.35737931593,"13,385.43335700090","12,995.33890818740"
9/29/22,"13,229.75717109730",-388.82718330845,"13,437.25648706030","13,080.65859929460"
9/28/22,"13,618.58435440580",263.13098525121,"13,681.43450364360","13,283.24523039720"
9/27/22,"13,355.45336915460",20.89838262551,"13,628.71857885320","13,241.15839832180"
9/26/22,"13,334.55498652910",-67.69312075653,"13,594.33263352590","13,312.78383152250"
9/23/22,"13,402.24810728560",-225.60210494292,"13,510.26502446820","13,234.48841278690"
9/22/22,"13,627.85021222850",-161.31163151231,"13,765.70386777670","13,565.30682273720"
9/21/22,"13,789.16184374080",-251.07465143246,"14,292.32791494130","13,787.32986147530"
9/20/22,"14,040.23649517330",-120.52614152337,"14,158.22124562720","13,933.80027112940"
9/19/22,"14,160.76263669670",108.87004896624,"14,164.92533344610","13,922.82775652610"
9/16/22,"14,051.89258773040",-78.32035933583,"14,068.14173958970","13,872.86335377440"
9/15/22,"14,130.21294706620",-245.12388113905,"14,397.77872739630","14,059.60063169170"
9/14/22,"14,375.33682820530",121.24166956795,"14,417.80605583020","14,235.60182487380"
9/13/22,"14,254.09515863730",-836.06737978147,"14,711.77466920560","14,219.50406039180"
9/12/22,"15,090.16253841880",179.36834382887,"15,105.68732348130","14,971.75950741490"
9/9/22,"14,910.79419458990",316.37655555837,"14,937.01897852920","14,716.36747751570"
9/8/22,"14,594.41763903160",73.76518680174,"14,657.11316197780","14,356.42442066040"
9/7/22,"14,520.65245222980",293.93827298009,"14,566.53304107060","14,245.38178801330"
9/6/22,"14,226.71417924970",-103.15523543321,"14,393.84738583340","14,128.98907637900"
9/2/22,"14,329.86941468290",-208.53485519083,"14,747.78544380570","14,255.35127069310"
9/1/22,"14,538.40426987380",5.11562250410,"14,557.00759074260","14,228.55122042000"
8/31/22,"14,533.28864736970",-82.35983003122,"14,805.78285447010","14,528.60714219060"
8/30/22,"14,615.64847740090",-167.35192590436,"14,888.20702048630","14,495.01556940560"
8/29/22,"14,783.00040330530",-142.58230597800,"14,913.26943654300","14,730.99305733130"
8/26/22,"14,925.58270928330",-637.53110399019,"15,600.61386222320","14,923.49757619460"
8/25/22,"15,563.11381327350",267.88898830636,"15,566.96928355310","15,335.80681579160"
8/24/22,"15,295.22482496710",43.13163047449,"15,386.72165723260","15,207.27614562000"
8/23/22,"15,252.09319449260",-10.35961434173,"15,392.89777327130","15,217.65621943650"
8/22/22,"15,262.45280883430",-417.19927444827,"15,478.56731298200","15,226.08252583140"
8/19/22,"15,679.65208328260",-311.49904021564,"15,868.74653294760","15,641.66277514780"
8/18/22,"15,991.15112349820",42.52396401102,"16,047.14064217510","15,872.45631441530"
8/17/22,"15,948.62715948720",-189.47403029427,"16,091.50574867480","15,852.71318722980"
8/16/22,"16,138.10118978150",-37.68678359829,"16,239.53399340050","15,988.10037850890"
8/15/22,"16,175.78797337980",119.90326055385,"16,197.64849115950","16,006.94962033550"
8/12/22,"16,055.88471282590",325.02351838258,"16,055.88471282590","15,790.52003344480"
8/11/22,"15,730.86119444340",-100.23994179929,"16,042.54204226860","15,706.43734281250"
8/10/22,"15,831.10113624260",438.37632271119,"15,841.19000378480","15,643.81764675560"
8/9/22,"15,392.72481353140",-178.15494111630,"15,496.30254498540","15,318.68781412650"
8/8/22,"15,570.87975464780",-57.42554659419,"15,849.39158941040","15,505.36835728170"
8/5/22,"15,628.30530124190",-119.38687973216,"15,720.97247723280","15,465.83783849580"
8/4/22,"15,747.69218097410",70.53108623119,"15,766.23557678840","15,581.37510934360"
8/3/22,"15,677.16109474290",415.97333830977,"15,719.66422996640","15,347.83871221160"
8/2/22,"15,261.18775643310",-46.34841035614,"15,464.24919825560","15,151.66538187470"
8/1/22,"15,307.53616678930",-8.50713521954,"15,477.66545720180","15,180.22432781620"
7/29/22,"15,316.04330200880",273.52524683428,"15,361.78099498510","15,053.78731901290"
7/28/22,"15,042.51805517450",138.18430355435,"15,070.85316415750","14,706.24261487770"
7/27/22,"14,904.33375162020",608.61039065687,"14,974.46658280500","14,496.83683180780"
7/26/22,"14,295.72336096330",-285.41864548951,"14,499.29229569250","14,253.51421213720"
7/25/22,"14,581.14200645280",-80.49058038687,"14,684.24628628500","14,481.77447875110"
7/22/22,"14,661.63258683970",-263.67888004897,"14,976.70417390080","14,574.52478725210"
7/21/22,"14,925.31146688870",212.56765925005,"14,926.60077616830","14,608.35195566310"
7/20/22,"14,712.74380763860",225.02815829019,"14,770.34776332940","14,467.34707077260"
7/19/22,"14,487.71564934840",439.87987506704,"14,498.30126162840","14,154.77640053930"
7/18/22,"14,047.83577428140",-125.51594419711,"14,377.32723054770","13,999.37332595420"
7/15/22,"14,173.35171847850",254.55658878389,"14,177.96086040600","13,989.44603076570"
7/14/22,"13,918.79512969460",47.15263566136,"13,957.48779545830","13,587.48714865900"
7/13/22,"13,871.64249403330",-19.46548750636,"13,979.45781847060","13,600.12332164690"
7/12/22,"13,891.10798153960",-136.36267170448,"14,181.41768968520","13,819.00713965210"
7/11/22,"14,027.47065324410",-313.90732770619,"14,223.54324734970","13,992.70343757020"
7/8/22,"14,341.37798095030",20.08788893523,"14,404.80746472410","14,140.72138680340"
7/7/22,"14,321.29009201500",303.38405566245,"14,355.18447255330","14,071.09854425200"
7/6/22,"14,017.90603635260",85.96150637298,"14,122.83825828480","13,869.80156681630"
7/5/22,"13,931.94452997960",233.22076249614,"13,934.11554365380","13,442.63742940410"
7/1/22,"13,698.72376748350",96.90717927175,"13,707.20124120450","13,453.91134390810"
6/30/22,"13,601.81658821170",-182.38685988168,"13,775.91566020180","13,387.98480180070"
6/29/22,"13,784.20344809340",24.85191275918,"13,845.61941324320","13,641.68821150580"
6/28/22,"13,759.35153533420",-438.01311827482,"14,345.89282646450","13,753.86406680870"
6/27/22,"14,197.36465360900",-115.39833970350,"14,395.67853676630","14,147.03035927620"
6/24/22,"14,312.76299331250",482.58227280692,"14,321.00681139530","13,965.55687130070"
6/23/22,"13,830.18072050560",200.94899263035,"13,867.94450452780","13,614.77546973510"
6/22/22,"13,629.23172787530",-22.51727919737,"13,842.48161777820","13,505.66939549280"
6/21/22,"13,651.74900707270",334.04941707152,"13,760.16718543550","13,533.80595571710"
6/17/22,"13,317.69959000110",163.62306161731,"13,426.43372837730","13,109.58046677610"
6/16/22,"13,154.07652838380",-551.10100246027,"13,370.96796820720","13,047.25656317190"
6/15/22,"13,705.17753084410",333.45817167531,"13,891.38824874880","13,412.91698992510"
6/14/22,"13,371.71935916880",29.74127900740,"13,497.63309031550","13,246.71616092330"
6/13/22,"13,341.97808016140",-643.56264571759,"13,673.30486427660","13,301.63510396570"
6/10/22,"13,985.54072587900",-516.45809119975,"14,280.87337168090","13,976.71292500000"
6/9/22,"14,501.99881707870",-407.59958363988,"14,970.76015779730","14,497.36216738560"
6/8/22,"14,909.59840071860",-113.99788720378,"15,100.49532956000","14,866.36531790450"
6/7/22,"15,023.59628792240",132.57661939591,"15,053.87858126880","14,671.25968151310"
6/6/22,"14,891.01966852650",61.12894130312,"15,133.09307143400","14,814.13559238230"
6/3/22,"14,829.89072722340",-407.57413781148,"15,038.82807632840","14,779.94242984520"
6/2/22,"15,237.46486503480",409.15189245962,"15,243.07411558820","14,711.47527080650"
6/1/22,"14,828.31297257520",-109.68021152928,"15,149.83167515500","14,721.42765912700"
5/31/22,"14,937.99318410450",-46.25201104882,"15,080.65953958970","14,749.20399776470"
5/27/22,"14,984.24519515330",478.87240998497,"14,985.61641652470","14,657.98549388860"
5/26/22,"14,505.37278516830",393.89260281982,"14,577.37151930610","14,062.41950728770"
5/25/22,"14,111.48018234850",205.96964125151,"14,211.85500464310","13,840.14944305630"
5/24/22,"13,905.51054109700",-312.42367835533,"13,991.71922688530","13,676.62244675370"
5/23/22,"14,217.93421945230",234.82406927623,"14,233.91832788430","13,924.32215281580"
5/20/22,"13,983.11015017610",-47.26538383842,"14,230.12895981860","13,577.48772066760"
5/19/22,"14,030.37553401450",-61.33802642322,"14,256.28368631900","13,936.06486334170"
5/18/22,"14,091.71356043780",-747.33399556159,"14,636.95549699530","14,042.91756390830"
5/17/22,"14,839.04755599930",378.56001411710,"14,849.54616343210","14,567.26564807090"
5/16/22,"14,460.48754188220",-168.46501779899,"14,639.91301258880","14,404.54714372660"
5/13/22,"14,628.95255968120",522.30007436895,"14,678.41885592770","14,253.10671591050"
5/12/22,"14,106.65248531230",-23.98926727517,"14,323.00374148630","13,807.47619719560"
5/11/22,"14,130.64175258740",-446.29961299345,"14,724.93761446240","14,097.03501709430"
5/10/22,"14,576.94136558090",186.86098587789,"14,803.67511957060","14,373.40230128190"
5/9/22,"14,390.08037970300",-596.69319166822,"14,808.74310845600","14,329.23721474750"
5/6/22,"14,986.77357137120",-181.09191567242,"15,261.83873690770","14,785.21598310550"
5/5/22,"15,167.86548704360",-806.59591711531,"15,751.15049798490","15,002.69034285670"
5/4/22,"15,974.46140415900",526.13311735430,"15,999.19497846170","15,209.49602041480"
5/3/22,"15,448.32828680470",17.02558286306,"15,553.17747341490","15,321.81780489470"
5/2/22,"15,431.30270394160",260.86198127658,"15,440.41918834260","15,007.37121128110"
4/29/22,"15,170.44072266500",-709.56333556248,"15,847.52061054770","15,147.63826155540"
4/28/22,"15,880.00405822750",534.74227172051,"15,982.08954568110","15,386.85595318820"
4/27/22,"15,345.26178650700",-7.50120471783,"15,626.81199083470","15,266.26242309550"
4/26/22,"15,352.76299122480",-617.55917641898,"15,869.57956155180","15,352.69354961150"
4/25/22,"15,970.32216764380",208.11374930350,"15,980.40208759330","15,623.97716054980"
4/22/22,"15,762.20841834030",-429.05868598312,"16,249.03170943350","15,745.59854766830"
4/21/22,"16,191.26710432340",-328.15354317839,"16,848.28148948210","16,146.69694866280"
4/20/22,"16,519.42064750180",-249.85500618331,"16,832.23545960700","16,477.32768389750"
4/19/22,"16,769.27565368510",353.42629858635,"16,800.25578662230","16,337.93905431600"
4/18/22,"16,415.84935509880",20.70893700495,"16,518.70756250970","16,272.10684873130"
4/14/22,"16,395.14041809380",-382.43594454848,"16,798.93285196940","16,385.23294956130"
4/13/22,"16,777.57636264230",327.39967363847,"16,826.56657059550","16,426.14131753040"
4/12/22,"16,450.17668900380",-58.96122663003,"16,833.09938246560","16,382.33936786340"
4/11/22,"16,509.13791563390",-397.73676013653,"16,742.15196439250","16,496.08176237300"
4/8/22,"16,906.87467577040",-240.99001616502,"17,099.13804518540","16,883.77321380500"
4/7/22,"17,147.86469193540",38.91704146458,"17,256.93273559920","16,892.84210945790"
4/6/22,"17,108.94765047080",-379.67558279742,"17,274.69615952950","16,986.83300632520"
4/5/22,"17,488.62323326820",-396.30617542519,"17,842.59475612790","17,443.71084824830"
4/4/22,"17,884.92940869340",352.00961728771,"17,887.64772837660","17,560.47690848400"
4/1/22,"17,532.91979140570",26.80237042486,"17,609.26933225290","17,370.84218674530"
3/31/22,"17,506.11742098090",-274.60725246154,"17,800.92315948420","17,502.18441833960"
3/30/22,"17,780.72467344240",-197.30114519429,"17,966.49098765930","17,708.51624799010"
3/29/22,"17,978.02581863670",297.18675828477,"18,008.82151008030","17,742.42792016460"
3/28/22,"17,680.83906035190",274.98398952966,"17,682.81435391040","17,348.76492049880"
3/25/22,"17,405.85507082230",-13.43144825277,"17,466.68952491620","17,197.37848278080"
3/24/22,"17,419.28651907500",375.32512975551,"17,421.68907209860","17,035.84775017100"
3/23/22,"17,043.96138931950",-243.94904870339,"17,319.76153337530","17,042.18236384380"
3/22/22,"17,287.91043802290",328.24527376975,"17,328.77629899000","16,970.82104931940"
3/21/22,"16,959.66516425320",-49.74868955944,"17,071.24197244630","16,740.78087765090"
3/18/22,"17,009.41385381260",355.61608392851,"17,018.12431506380","16,530.92224435810"
3/17/22,"16,653.79776988410",190.87100843200,"16,662.13474311130","16,310.23622391130"
3/16/22,"16,462.92676145210",587.68374366133,"16,467.01487973510","15,894.73558688780"
3/15/22,"15,875.24301779080",486.15064835817,"15,910.17749405540","15,443.39594629330"
3/14/22,"15,389.09236943260",-298.98184174924,"15,790.11536805180","15,358.14852240940"
3/11/22,"15,688.07421118180",-341.03983065364,"16,174.70352177980","15,668.44539571880"
3/10/22,"16,029.11404183550",-176.98845558261,"16,079.46235900970","15,803.24059638370"
3/9/22,"16,206.10249741810",559.85480344965,"16,266.13714942140","15,925.76861221610"
3/8/22,"15,646.24769396840",-60.99573987190,"16,112.84398868160","15,483.26349197630"
3/7/22,"15,707.24343384030",-611.39560427016,"16,367.30836668040","15,701.42285763780"
3/4/22,"16,318.63903811050",-232.76928856150,"16,501.59806366430","16,201.62988775650"
3/3/22,"16,551.40832667200",-243.94175987259,"16,913.81451003920","16,468.74835483590"
3/2/22,"16,795.35008654460",281.34768880320,"16,853.15319197600","16,464.02507536940"
3/1/22,"16,514.00239774140",-273.28974859326,"16,827.15467938720","16,397.19746478720"
2/28/22,"16,787.29214633470",57.35640047066,"16,856.61097684030","16,517.94099259180"
2/25/22,"16,729.93574586400",253.18114179048,"16,734.45424037080","16,330.38293356650"
2/24/22,"16,476.75460407350",551.03644823131,"16,493.76794497000","15,404.90630537710"
2/23/22,"15,925.71815584220",-425.68087912970,"16,546.38496240390","15,917.64208551690"
2/22/22,"16,351.39903497190",-163.59878621029,"16,632.82931647090","16,175.02876850440"
2/18/22,"16,514.99782118220",-190.89954750742,"16,769.83601734100","16,407.97741788480"
2/17/22,"16,705.89736868960",-508.40286874166,"17,089.85199393000","16,686.67520996260"
2/16/22,"17,214.30023743130",-16.67520680623,"17,266.34098159930","16,973.47358707470"
2/15/22,"17,230.97544423750",415.10129502396,"17,235.35211065330","17,023.13837633340"
2/14/22,"16,815.87414921350",18.90467168586,"16,971.64008586190","16,640.44807767550"
2/11/22,"16,796.96947752770",-532.19689365243,"17,404.78981067920","16,727.09287559880"
2/10/22,"17,329.16637118010",-413.13668534718,"17,719.93545412150","17,247.83567210930"
2/9/22,"17,742.30305652730",365.69909835413,"17,743.41214604840","17,522.43254929090"
2/8/22,"17,376.60395817320",207.12161862492,"17,421.61058843520","17,068.77715442740"
2/7/22,"17,169.48233954820",-144.90227713933,"17,455.35804953670","17,114.55036325270"
2/4/22,"17,314.38461668760",232.40470155052,"17,476.59505838310","17,029.23049001770"
2/3/22,"17,081.97991513700",-751.82391112417,"17,500.62204721390","17,046.73922639310"
2/2/22,"17,833.80382626120",141.42661387222,"17,900.54618851590","17,623.07687820550"
2/1/22,"17,692.37721238900",105.79854646130,"17,709.73850279860","17,374.11208070510"
1/31/22,"17,586.57866592770",560.03596598119,"17,591.84650977460","17,012.72114170470"
1/28/22,"17,026.54269994650",533.43959193558,"17,030.27667654940","16,350.31733814810"
1/27/22,"16,493.10310801090",-199.81399925741,"16,983.47751939360","16,457.50125292500"
1/26/22,"16,692.91710726830",27.84075650154,"17,250.94662270700","16,496.97540490140"
1/25/22,"16,665.07635076680",-424.55615629078,"16,972.84634190540","16,529.26304959370"
1/24/22,"17,089.63250705760",83.83969598427,"17,116.70635981870","16,165.36323334100"
1/21/22,"17,005.79281107330",-480.61631577605,"17,512.31901700410","16,999.00463356700"
1/20/22,"17,486.40912684940",-237.19559344428,"18,076.68620703610","17,470.19251456960"
1/19/22,"17,723.60472029360",-191.88522635627,"18,117.18618240090","17,712.52489838220"
1/18/22,"17,915.48994664990",-472.11128187348,"18,192.90939517400","17,882.74732863450"
1/14/22,"18,387.60122852340",136.59974359752,"18,394.18154017110","18,134.22377042620"
1/13/22,"18,251.00148492590",-482.29170480041,"18,833.74163602210","18,218.57858506970"
1/12/22,"18,733.29318972630",71.81537181059,"18,865.55415223500","18,628.28952943500"
1/11/22,"18,661.47781791570",270.54116518683,"18,666.70481247910","18,252.52378377060"
1/10/22,"18,390.93665272890",26.19280567458,"18,406.82528261780","17,862.22161600090"
1/7/22,"18,364.74384705430",-203.71531413345,"18,650.73277285910","18,287.72906198210"
1/6/22,"18,568.45916118770",-7.49484727526,"18,727.74493562040","18,383.79191583180"
1/5/22,"18,575.95400846300",-597.92053910262,"19,138.28417917060","18,566.60977913080"
1/4/22,"19,173.87454756560",-258.01960434857,"19,449.58597227560","19,023.34971223740"
1/3/22,"19,431.89415191420",213.94986111373,"19,434.68181602010","19,202.11971082640"
12/31/21,"19,217.94429080040",-128.23516090948,"19,388.14483548480","19,214.61963830470"
12/30/21,"19,346.17945170990",-72.27710895449,"19,511.63978083600","19,329.72043783160"
12/29/21,"19,418.45656066440",2.76505041102,"19,486.64893738750","19,306.77177200850"
12/28/21,"19,415.69151025340",-92.83415878107,"19,555.25579637310","19,380.15875528910"
12/27/21,"19,508.52566903450",305.31921249014,"19,508.68806929270","19,265.44568577020"
12/23/21,"19,203.20645654430",150.80743005118,"19,265.07073542940","19,061.68691412650"
12/22/21,"19,052.39902649310",228.27392760945,"19,059.59719259240","18,778.53357139010"
12/21/21,"18,824.12509888370",424.70702015944,"18,837.46707262390","18,389.92053805740"
12/20/21,"18,399.41807872430",-204.64612102624,"18,440.58815400850","18,259.42569748590"
12/17/21,"18,604.06419975050",-73.55866168767,"18,791.02197119240","18,442.33956121320"
12/16/21,"18,677.62286143820",-501.15293159495,"19,238.74646869270","18,605.44634922760"
12/15/21,"19,178.77579303310",441.15537063834,"19,192.52672028580","18,539.87302619580"
12/14/21,"18,737.62042239480",-195.75622930869,"18,832.17168386190","18,535.02007830460"
12/13/21,"18,933.37665170350",-293.64946078870,"19,227.79560886500","18,925.12405819930"
12/10/21,"19,227.02611249220",214.74202811008,"19,235.42876449140","18,999.83708147990"
12/9/21,"19,012.28408438210",-287.59746435649,"19,322.73104515720","19,002.65315334050"
12/8/21,"19,299.88154873860",80.84479970142,"19,307.84536856890","19,130.42750545790"
12/7/21,"19,219.03674903720",564.54300036011,"19,240.23118019570","18,986.86422421920"
12/6/21,"18,654.49374867710",158.01152109372,"18,716.21336745030","18,315.01208948890"
12/3/21,"18,496.48222758330",-328.11474174608,"18,940.96641393990","18,297.84427745690"
12/2/21,"18,824.59696932940",135.36279627932,"18,913.53324119040","18,565.82612110140"
12/1/21,"18,689.23417305010",-302.83736683914,"19,335.96885765640","18,673.09209783120"
11/30/21,"18,992.07153988920",-309.69105543609,"19,367.10858974400","18,918.90920601790"
11/29/21,"19,301.76259532530",440.04586282217,"19,346.39205600470","19,084.40232591100"
11/26/21,"18,861.71673250320",-402.79836472087,"19,187.73065984710","18,818.59791950190"
11/24/21,"19,264.51509722400",72.78240766793,"19,267.74765068250","18,956.40447591440"
11/23/21,"19,191.73268955610",-87.31508678970,"19,322.11888295700","18,973.97847245060"
11/22/21,"19,279.04777634580",-226.28157903703,"19,730.83608430290","19,271.74816491430"
11/19/21,"19,505.32935538280",106.35642694194,"19,567.14062172480","19,447.05409355380"
11/18/21,"19,398.97292844090",206.15522670844,"19,421.27292135780","19,194.82190266370"
11/17/21,"19,192.81770173240",1.79658159213,"19,299.75457298070","19,155.99141586720"
11/16/21,"19,191.02112014030",141.96688640589,"19,214.24359217390","19,010.90501865000"
11/15/21,"19,049.05423373440",-11.28766545136,"19,128.61058376850","18,939.93376520030"
11/12/21,"19,060.34189918580",198.25416686067,"19,082.30349801180","18,840.20923344610"
11/11/21,"18,862.08773232510",55.17783189919,"18,960.64760534480","18,846.69197440650"
11/10/21,"18,806.90990042590",-274.14993224322,"19,087.99056305610","18,712.45688907630"
11/9/21,"19,081.05983266910",-136.08356258962,"19,295.10453900500","19,020.70649349830"
11/8/21,"19,217.14339525880",-27.46758965583,"19,294.66594470090","19,191.23436119420"
11/5/21,"19,244.61098491460",18.51895821544,"19,356.47187600660","19,177.19970034670"
11/4/21,"19,226.09202669910",239.11556930620,"19,275.14287956700","19,018.29814378400"
11/3/21,"18,986.97645739290",202.29354152709,"19,002.37880083970","18,758.92006486700"
11/2/21,"18,784.68291586590",79.26145309587,"18,803.31031281070","18,672.69145583530"
11/1/21,"18,705.42146277000",64.45464379943,"18,711.38250257200","18,564.33726264630"
10/29/21,"18,640.96681897060",86.64065403828,"18,648.52712403390","18,391.98350602130"
10/28/21,"18,554.32616493230",211.82645180027,"18,561.18665258280","18,403.63294918890"
10/27/21,"18,342.49971313200",45.75067844464,"18,496.96529417060","18,319.32004388480"
10/26/21,"18,296.74903468740",53.26146902028,"18,474.66640268280","18,248.65666032600"
10/25/21,"18,243.48756566710",187.31995650219,"18,292.24135091660","18,036.87784467720"
10/22/21,"18,056.16760916490",-158.18865475073,"18,196.35314301500","17,981.94719702000"
10/21/21,"18,214.35626391560",118.63005294113,"18,223.75438486690","18,050.79709263530"
10/20/21,"18,095.72621097450",-25.88401727532,"18,176.15825800910","18,030.73103157320"
10/19/21,"18,121.61022824980",129.15005399644,"18,126.61471503020","18,015.66284254680"
10/18/21,"17,992.46017425340",181.05085869163,"18,000.24794133570","17,726.49463532860"
10/15/21,"17,811.40931556170",111.12385121163,"17,815.19673712800","17,714.59331431170"
10/14/21,"17,700.28546435010",326.69146851488,"17,709.07140731030","17,522.91846792310"
10/13/21,"17,373.59399583520",132.28042937840,"17,404.43425164480","17,258.33413128290"
10/12/21,"17,241.31356645680",-60.69970361518,"17,385.55990439030","17,210.99930534870"
10/11/21,"17,302.01327007200",-125.84484313522,"17,529.95837770530","17,296.50869486180"
10/8/21,"17,427.85811320720",-89.82126971943,"17,577.90726457380","17,409.93008317980"
10/7/21,"17,517.67938292670",153.60106483144,"17,650.77160477750","17,495.44286627780"
10/6/21,"17,364.07831809520",108.89766528654,"17,374.52748723550","17,049.79695894700"
10/5/21,"17,255.18065280870",238.95335356777,"17,360.40585426750","17,074.20410234920"
10/4/21,"17,016.22729924090",-373.97882997200,"17,316.58405301520","16,913.71900926510"
10/1/21,"17,390.20612921290",120.21140097149,"17,436.03080957050","17,111.87082629610"
9/30/21,"17,269.99472824140",-73.91350938070,"17,503.48301862450","17,264.03749691800"
9/29/21,"17,343.90823762210",-19.86895289689,"17,534.39385969650","17,313.96435449260"
9/28/21,"17,363.77719051900",-510.81936872464,"17,681.50520014360","17,350.47208761000"
9/27/21,"17,874.59655924370",-146.51028324913,"17,916.62560296140","17,758.94651998340"
9/24/21,"18,021.10684249280",15.47734894857,"18,039.74891770660","17,879.43010843670"
9/23/21,"18,005.62949354420",164.66277799018,"18,053.05361189360","17,867.91009312370"
9/22/21,"17,840.96671555400",174.85303878682,"17,904.24508988890","17,668.61573847950"
9/21/21,"17,666.11367676720",20.14623253902,"17,797.91089417450","17,618.17217587530"
9/20/21,"17,645.96744422820",-377.65246185757,"17,816.49285601410","17,421.27063064130"
9/17/21,"18,023.61990608580",-214.44381250956,"18,201.98276472560","17,973.74963349420"
9/16/21,"18,238.06371859530",14.54562474672,"18,265.36858230900","18,067.59119223460"
9/15/21,"18,223.51809384860",141.79319177854,"18,241.64314360400","18,003.55696140630"
9/14/21,"18,081.72490207010",-58.98707074670,"18,249.87314235300","18,045.46954134870"
9/13/21,"18,140.71197281680",-7.25090643498,"18,290.89355525280","18,043.38981993360"
9/10/21,"18,147.96287925180",-141.39112391857,"18,421.52299928310","18,139.35775707410"
9/9/21,"18,289.35400317030",-69.79192928651,"18,423.82798851530","18,284.29646285000"
9/8/21,"18,359.14593245680",-64.54367882207,"18,415.75430374990","18,250.55161901450"
9/7/21,"18,423.68961127890",26.92025840504,"18,453.82080146060","18,346.66358051610"
9/3/21,"18,396.76935287390",57.25778025741,"18,414.70043614550","18,281.72066058410"
9/2/21,"18,339.51157261650",-6.75751613350,"18,430.59592008440","18,280.79914851600"
9/1/21,"18,346.26908874990",35.09100429776,"18,445.98580903260","18,336.99279369800"
8/31/21,"18,311.17808445220",-25.41125182677,"18,336.95969069120","18,240.99336849190"
8/30/21,"18,336.58933627900",202.52555954494,"18,354.84263801880","18,165.80838964180"
8/27/21,"18,134.06377673400",181.46105418234,"18,150.60585204860","17,969.31293439500"
8/26/21,"17,952.60272255170",-105.90459857444,"18,059.24532766730","17,936.99086806120"
8/25/21,"18,058.50732112610",13.47729504538,"18,100.15171377920","18,026.78789866040"
8/24/21,"18,045.03002608070",52.78437883562,"18,076.45117436370","18,000.23286764430"
8/23/21,"17,992.24564724510",258.78687432755,"18,025.91013876600","17,789.35605047070"
8/20/21,"17,733.45877291760",186.39004493199,"17,746.81549486720","17,588.11190931460"
8/19/21,"17,547.06872798560",90.12577218184,"17,624.90851983060","17,358.20707884650"
8/18/21,"17,456.94295580370",-166.77607769377,"17,670.71138793210","17,443.53649610040"
8/17/21,"17,623.71903349750",-161.89577422209,"17,694.05547205180","17,510.24049806330"
8/16/21,"17,785.61480771960",6.17935905022,"17,787.09021071860","17,539.39741322680"
8/13/21,"17,779.43544866940",56.22118745337,"17,795.64575863420","17,712.04534748120"
8/12/21,"17,723.21426121600",73.29790597510,"17,733.69714134040","17,567.31635725390"
8/11/21,"17,649.91635524090",-29.67108302086,"17,767.39013654410","17,585.13788557690"
8/10/21,"17,679.58743826180",-93.40143079416,"17,815.67186771250","17,628.59278166030"
8/9/21,"17,772.98886905590",28.35418762657,"17,798.32065950250","17,712.67705577900"
8/6/21,"17,744.63468142940",-81.88080792247,"17,806.84693173450","17,690.22585493080"
8/5/21,"17,826.51548935180",117.16790459123,"17,829.60240861890","17,711.68436715620"
8/4/21,"17,709.34758476060",25.79346843263,"17,749.25722109970","17,631.55860280220"
8/3/21,"17,683.55411632800",114.82430846856,"17,686.18467250770","17,452.38696362530"
8/2/21,"17,568.72980785940",4.37647618752,"17,681.75575336690","17,547.01839732000"
7/30/21,"17,564.35333167190",-103.57038979458,"17,600.70827605380","17,473.35529279620"
7/29/21,"17,667.92372146650",35.96382492651,"17,719.10814251100","17,616.33807391600"
7/28/21,"17,631.95989654000",71.76706807444,"17,703.28518177160","17,509.21339098280"
7/27/21,"17,560.19282846550",-198.39038992923,"17,737.20498616950","17,361.58279997360"
7/26/21,"17,758.58321839470",16.82402274589,"17,777.83658607130","17,667.33940655210"
7/23/21,"17,741.75919564890",202.64974175525,"17,758.25170173630","17,549.51924634880"
7/22/21,"17,539.10945389360",114.50107644872,"17,540.54041424680","17,451.41436979890"
7/21/21,"17,424.60837744490",134.32586691773,"17,425.24090065520","17,269.03340280510"
7/20/21,"17,290.28251052720",210.27467630420,"17,363.52244866740","17,058.50686999740"
7/19/21,"17,080.00783422300",-155.29576903904,"17,115.06961585530","16,969.63135863800"
7/16/21,"17,235.30360326200",-133.02519080128,"17,463.74767987430","17,218.54110556420"
7/15/21,"17,368.32879406330",-124.14452973607,"17,500.77406656170","17,277.76559281680"
7/14/21,"17,492.47332379930",30.40092474720,"17,610.67920135170","17,458.76893934960"
7/13/21,"17,462.07239905220",-3.92959916599,"17,612.02695056440","17,425.98079730370"
7/12/21,"17,466.00199821810",60.80797174078,"17,491.31990719900","17,390.75344351860"
7/9/21,"17,405.19402647740",122.24193957314,"17,420.02096636600","17,240.18847619030"
7/8/21,"17,282.95208690420",-103.71389390264,"17,331.70986971300","17,082.93922989580"
7/7/21,"17,386.66598080690",28.38406781420,"17,481.34871169730","17,298.87167016800"
7/6/21,"17,358.28191299270",70.36768057817,"17,371.30765616520","17,180.97458859980"
7/2/21,"17,287.91423241450",198.63821184507,"17,300.24285452900","17,169.59037422930"
7/1/21,"17,089.27602056940",6.16461410210,"17,108.74684497360","16,999.33479364230"
6/30/21,"17,083.11140646730",-20.72919153739,"17,115.38778406340","17,055.02614200040"
6/29/21,"17,103.84059800470",56.61753647790,"17,106.70915443590","16,997.15405202380"
6/28/21,"17,047.22306152680",211.01675481520,"17,053.19628801570","16,901.23571568340"
6/25/21,"16,836.20630671160",-24.38449504708,"16,902.54592786600","16,811.65135778060"
6/24/21,"16,860.50788328070",107.64184896450,"16,934.66523216610","16,827.28793334890"
6/23/21,"16,752.86603431620",4.49157270833,"16,812.13133041220","16,721.57365455460"
6/22/21,"16,748.37446160780",156.31305692586,"16,769.58689344090","16,581.24227910730"
6/21/21,"16,592.06140468200",102.85223609449,"16,608.12025578660","16,393.33721559200"
6/18/21,"16,487.37076381080",-134.04345024765,"16,594.19584332660","16,458.05623503870"
6/17/21,"16,621.41421405840",212.16803241684,"16,670.26253104120","16,366.42507273560"
6/16/21,"16,409.24618164160",-55.61997520574,"16,546.66008280000","16,245.64401538360"
6/15/21,"16,464.86615684730",-114.75501751765,"16,577.34294249940","16,439.66570147920"
6/14/21,"16,579.38888014540",152.42033587095,"16,580.72267813950","16,386.65837918680"
6/11/21,"16,425.29174378270",44.53144457081,"16,425.70341555430","16,349.84899830950"
6/10/21,"16,380.76029921190",170.60895094674,"16,383.85587785100","16,213.54146112610"
6/9/21,"16,209.65378708490",4.78637531200,"16,310.29194691120","16,205.08266905490"
6/8/21,"16,204.74339261320",9.35256979273,"16,325.05209340980","16,129.12642436520"
6/7/21,"16,195.39082282040",37.68373363657,"16,201.87169059750","16,086.53114197680"
6/4/21,"16,157.58008057810",282.87792476510,"16,174.00400715150","15,973.13407982330"
6/3/21,"15,874.70215581300",-171.41432970460,"15,967.21277667230","15,804.50799698220"
6/2/21,"16,044.26258103180",24.87585735214,"16,087.52892082680","15,967.26652928310"
6/1/21,"16,018.30880945440",-37.44912518788,"16,157.74491159830","15,956.75305472780"
5/28/21,"16,055.69681662550",33.62741822988,"16,148.71129932670","16,053.72390733450"
5/27/21,"16,021.91630585490",-52.66131551498,"16,100.40539751960","16,015.21585746900"
5/26/21,"16,073.38113586040",52.79677209680,"16,100.73739612710","16,024.49558894440"
5/25/21,"16,020.30910473390",18.74202515240,"16,110.25149147780","15,969.65227387250"
5/24/21,"16,001.56707958150",269.80371430395,"16,055.35186521530","15,835.43109576860"
5/21/21,"15,731.69288008370",-96.60116278512,"15,921.84029970620","15,719.72348603340"
5/20/21,"15,828.29404286880",300.48741864008,"15,865.73328426310","15,592.54153597950"
5/19/21,"15,527.16281414470",23.72159297212,"15,534.27923765390","15,241.55062779280"
5/18/21,"15,499.81410150840",-111.67264656085,"15,714.22276653960","15,494.15243918840"
5/17/21,"15,611.48674806930",-94.05490442070,"15,655.14992690320","15,475.06135555480"
5/14/21,"15,705.43863405780",332.96494511508,"15,748.68936645610","15,502.67095450460"
5/13/21,"15,371.03045912550",126.05891323154,"15,508.78682948070","15,250.98962711650"
5/12/21,"15,244.40658324380",-409.92686505035,"15,520.22772831640","15,204.01053543060"
5/11/21,"15,653.67161416250",-9.16073902762,"15,689.30367311960","15,352.94022222590"
5/10/21,"15,662.38766379810",-422.71152302306,"16,001.69544844190","15,661.85217858380"
5/7/21,"16,085.09918682110",124.12787204497,"16,196.48567723850","16,026.66657636700"
5/6/21,"15,957.48102002020",129.34575613572,"15,961.70468257640","15,711.03672459210"
5/5/21,"15,826.29639856790",-48.40119033135,"16,029.63435543990","15,797.24418790010"
5/4/21,"15,874.69758889930",-298.92600400778,"16,063.05149820030","15,700.58186237810"
5/3/21,"16,173.62359290700",-71.54072705451,"16,355.61481770340","16,155.97133505770"
4/30/21,"16,244.98120670810",-128.26209046839,"16,372.07205915440","16,219.27442304560"
4/29/21,"16,372.07121648160",80.37921920689,"16,493.10126229460","16,214.91415721440"
4/28/21,"16,291.25504706760",-68.74648507919,"16,397.26380233820","16,283.67270894450"
4/27/21,"16,360.00153214680",-77.20605459999,"16,463.20516125580","16,325.89593641630"
4/26/21,"16,437.20758674670",99.28050379353,"16,452.72082247310","16,312.71639568700"
4/23/21,"16,337.92708295320",209.86563751466,"16,394.16089921080","16,159.80695597840"
4/22/21,"16,127.86064358410",-202.49491525941,"16,352.48093529950","16,074.42657120550"
4/21/21,"16,330.35555884350",147.47924898835,"16,335.68553419010","16,075.22503245710"
4/20/21,"16,182.87630985520",-115.27447757729,"16,330.04967827010","16,090.63461085750"
4/19/21,"16,298.15078743250",-157.30994275609,"16,436.39376347100","16,213.86702742880"
4/16/21,"16,455.46073018860",18.41431781992,"16,465.38650844670","16,367.14225047040"
4/15/21,"16,437.04641236870",260.48633010657,"16,453.35228758970","16,325.50420009420"
4/14/21,"16,176.56008226210",-213.95600978799,"16,395.26075064610","16,151.08484946950"
4/13/21,"16,390.06142953910",195.86701180526,"16,408.85528327100","16,258.91230065380"
4/12/21,"16,194.19441773380",-30.12166893509,"16,217.67564774540","16,110.15126964670"
4/9/21,"16,224.31608666890",101.42218953979,"16,229.30273786800","16,024.94871137280"
4/8/21,"16,122.69216699040",166.17112425545,"16,128.16934198120","16,058.24497200050"
4/7/21,"15,956.47071446810",44.81414085079,"15,994.08592795960","15,857.95456751440"
4/6/21,"15,911.65657361740",-23.08945491161,"16,007.53978870700","15,880.19069296320"
4/5/21,"15,933.31813885120",314.74167833000,"15,963.11799342840","15,725.53786313770"
4/1/21,"15,616.54078935900",278.91958721056,"15,621.09945274270","15,530.20291964790"
3/31/21,"15,337.62120214850",228.34671757135,"15,426.21468747340","15,191.41530622150"
3/30/21,"15,109.01077361020",-81.07881206915,"15,147.58631685660","14,993.60909127980"
3/29/21,"15,189.53390556410",-15.66874866034,"15,245.45283699520","15,038.24161593640"
3/26/21,"15,205.20265422440",232.66986376587,"15,220.64683763660","14,903.59001600640"
3/25/21,"14,972.53279045850",-21.52062413187,"15,048.85379009990","14,793.77675614120"
3/24/21,"14,994.05341459040",-256.45475852691,"15,320.44370664900","14,992.84005905470"
3/23/21,"15,250.50817311730",-80.51121834146,"15,441.31135980370","15,222.05029217830"
3/22/21,"15,331.01939145880",257.17628018833,"15,425.85278596170","15,163.05720105340"
3/19/21,"15,073.84311127040",91.18531667901,"15,119.56482105040","14,883.00356325610"
3/18/21,"14,980.83973724590",-484.05012705600,"15,275.11169713370","14,971.91611044570"
3/17/21,"15,464.88986430190",58.68842419875,"15,556.15474384520","15,169.35218818560"
3/16/21,"15,406.20144010320",81.68683706096,"15,576.28727317350","15,335.33465317120"
3/15/21,"15,324.28087426720",170.13280978306,"15,327.17329691400","15,093.64663223300"
3/12/21,"15,154.02139362780",-135.39990789177,"15,161.38452122580","14,967.60221520120"
3/11/21,"15,287.75489922630",352.31246273068,"15,363.83791365450","15,132.11943809530"
3/10/21,"14,934.30968102960",-49.68397061827,"15,200.51631187610","14,904.77381718260"
3/9/21,"14,983.99365164790",580.17883035723,"15,070.69294553710","14,747.82362642340"
3/8/21,"14,403.52027473210",-432.64246865830,"14,894.79609712450","14,390.04354965290"
3/5/21,"14,836.16274339040",239.49328698360,"14,874.15680059790","14,297.32734549300"
3/4/21,"14,596.20369467340",-256.81425762015,"14,988.54898764990","14,420.74990040890"
3/3/21,"14,851.25444182610",-440.96824420985,"15,289.10982557640","14,847.23332025880"
3/2/21,"15,291.30526331920",-261.10401214128,"15,574.26980255280","15,282.14126743000"
3/1/21,"15,552.34778323640",437.32386834822,"15,565.02054236200","15,281.58671517730"
2/26/21,"15,115.02391488820",94.99289439963,"15,326.84584435710","14,945.13082473260"
2/25/21,"15,019.87617719820",-554.81280108435,"15,565.76093580500","14,956.01300747290"
2/24/21,"15,574.10362403320",125.83676327710,"15,586.08789023330","15,187.31896781030"
2/23/21,"15,447.94476955400",-33.99090752642,"15,524.20802769530","14,936.80272519110"
2/22/21,"15,481.93567708040",-418.00665994700,"15,743.74993306050","15,478.46222889730"
2/19/21,"15,899.94233702740",-66.42548826390,"16,041.50838450330","15,858.58296207460"
2/18/21,"15,966.24111152930",-72.81646615534,"16,004.20849775140","15,778.52368975920"
2/17/21,"16,038.37899590360",-86.67299136557,"16,054.09558628730","15,866.27625185250"
2/16/21,"16,120.76228339420",-39.71190580040,"16,244.83458791550","16,065.76491392800"
2/12/21,"16,160.47418919470",85.84680461909,"16,170.48992863460","15,983.84864424720"
2/11/21,"16,074.52379587470",92.54596511885,"16,089.56013642370","15,960.82298685470"
2/10/21,"15,980.60191240160",-37.23525754981,"16,115.93217457410","15,836.25760206130"
2/9/21,"16,017.83716995140",-9.29141615137,"16,081.85211196140","15,991.63944294320"
2/8/21,"16,026.59281692970",106.57175332471,"16,030.55475814540","15,924.70948004180"
2/5/21,"15,919.88278886250",50.38768203115,"15,965.52287984550","15,830.78424844100"
2/4/21,"15,866.63882339070",185.44434821302,"15,869.25743429610","15,685.95263252080"
2/3/21,"15,679.03372185080",-62.87512523151,"15,865.13666167830","15,676.35218480020"
2/2/21,"15,741.90884708230",242.41616352114,"15,794.68434915740","15,633.85664196430"
2/1/21,"15,499.29226739970",378.47670221667,"15,535.92900511640","15,188.34290886460"
1/29/21,"15,120.81556518310",-323.03313133350,"15,404.47399040030","15,027.30468386760"
1/28/21,"15,442.40346957700",103.97036798463,"15,676.72117462040","15,382.23913561870"
1/27/21,"15,338.43310159240",-441.62001277890,"15,666.97127369940","15,246.59950152740"
1/26/21,"15,780.05311437130",8.06549333244,"15,833.99646032660","15,721.72807475850"
1/25/21,"15,771.98762103880",136.73553184986,"15,866.04937835600","15,447.15408046470"
1/22/21,"15,635.25208918900",-45.13980171169,"15,680.14382508370","15,600.74317752610"
1/21/21,"15,680.39189090070",126.95978964135,"15,713.96846321400","15,555.00257302280"
1/20/21,"15,553.43210125930",350.82158382672,"15,595.32478146760","15,368.44257128670"
1/19/21,"15,202.61051743260",225.29741961391,"15,220.79958308950","15,044.42008117200"
1/15/21,"14,977.31309781870",-110.84133632559,"15,137.98828376130","14,923.69834859080"
1/14/21,"15,088.15443414430",-87.66423660876,"15,250.00122193450","15,073.49834791840"
1/13/21,"15,175.81867075300",95.38142657604,"15,217.00829192600","15,063.97736461330"
1/12/21,"15,080.43724417700",-12.16442005911,"15,156.86886293220","14,953.65464199020"
1/11/21,"15,092.60166423610",-237.11598869464,"15,233.81703129790","15,070.49413034710"
1/8/21,"15,329.71765293080",193.74016139229,"15,338.94505678470","15,136.16049875750"
1/7/21,"15,135.78422203030",369.88239285010,"15,167.49733347360","14,907.97865478930"
1/6/21,"14,765.63866214320",-209.40429218789,"14,976.11436224700","14,702.55046256960"
1/5/21,"14,975.04295433110",125.97933895414,"14,983.57123736940","14,812.18414898010"
1/4/21,"14,847.75448710190",-226.42865080664,"15,146.61287395460","14,663.86573297320"
12/31/20,"15,072.28705810130",50.20055405171,"15,090.77161840970","14,974.60044069140"
12/30/20,"15,022.08650404960",2.18183373432,"15,106.39820296030","15,002.70924345750"
12/29/20,"15,019.34316443010",5.41466223300,"15,115.28474034580","14,987.88217863140"
12/28/20,"15,013.92850219710",149.51169548040,"15,040.87752397660","14,906.56269268750"
12/24/20,"14,864.41680671670",67.67577359635,"14,889.60505151090","14,811.55293623040"
12/23/20,"14,796.65696402800",-75.33875321818,"14,895.41730912200","14,792.52542514310"
12/22/20,"14,871.99571724620",31.93012526827,"14,923.06497179510","14,742.02503035330"
12/21/20,"14,839.73386319840",-56.04179585421,"14,858.65765490990","14,586.88060643500"
12/18/20,"14,895.77565905260",-16.22764583292,"14,960.42195515680","14,747.32580073690"
12/17/20,"14,910.34625928710",98.09607653620,"14,920.76421152150","14,833.07863049230"
12/16/20,"14,812.25018275090",84.46873704772,"14,847.26726677690","14,695.96050500290"
12/15/20,"14,727.78144570320",156.34245988144,"14,728.85503159940","14,577.70611306270"
12/14/20,"14,571.43898582180",101.48264143229,"14,667.42632032230","14,529.39756453880"
12/11/20,"14,468.80388040480",-30.78736094835,"14,472.54089668340","14,306.75039565010"
12/10/20,"14,499.59124135320",43.38012273827,"14,553.49318119930","14,294.27996813710"
12/9/20,"14,455.75079981140",-316.92887294775,"14,781.46960565260","14,393.39265650100"
12/8/20,"14,772.67967275920",45.88995648987,"14,790.95445502780","14,619.81364620860"
12/7/20,"14,726.57178687630",79.48264711994,"14,742.38666520750","14,640.81439945730"
12/4/20,"14,647.03936812740",71.72864859534,"14,650.23276730060","14,555.87719996610"
12/3/20,"14,575.31071953210",12.53327970433,"14,659.22665420010","14,549.86657954560"
12/2/20,"14,560.69031876670",1.26298386131,"14,579.20468604020","14,399.22780099140"
12/1/20,"14,558.58327782940",218.58841048628,"14,622.51727120100","14,421.86665065230"
11/30/20,"14,339.93836237390",11.81083108386,"14,376.51510991320","14,132.60143577360"
11/27/20,"14,327.99869927090",123.89193510471,"14,384.68511849490","14,276.84251547790"
11/25/20,"14,203.87792137670",84.63032571258,"14,230.49846034180","14,121.23577122150"
11/24/20,"14,118.68500542320",203.20965533132,"14,135.46472499600","13,883.17723486180"
11/23/20,"13,915.40969853780",-0.58412136268,"14,027.48128614030","13,812.07469220990"
11/20/20,"13,915.99381990050",-92.32065409814,"14,045.70692984080","13,912.63714621710"
11/19/20,"14,008.31447399860",106.03132752682,"14,025.68670726890","13,841.45436835210"
11/18/20,"13,902.17612632290",-96.71747557627,"14,056.91323784600","13,899.63779425430"
11/17/20,"13,994.14282108440",-41.93898939290,"14,075.50956611720","13,978.61827314740"
11/16/20,"14,036.08181047730",88.25883532119,"14,061.91908917200","13,894.08253305030"
11/13/20,"13,947.82297515610",129.32913642118,"13,970.30438570680","13,797.23854955940"
11/12/20,"13,816.82678436850",-76.85857345865,"13,991.76853336180","13,768.86940029030"
11/11/20,"13,893.68535782710",313.83835087880,"13,906.76750925200","13,685.02960090200"
11/10/20,"13,579.84700694830",-240.76060940155,"13,740.66148872310","13,449.21920526820"
11/9/20,"13,820.00275280210",-304.84319233571,"14,331.98207311970","13,805.82027789850"
11/6/20,"14,124.61183744540",15.50904960326,"14,154.47130193640","13,895.88175256350"
11/5/20,"14,105.94326153860",351.54350502847,"14,151.45739815420","13,988.00467432730"
11/4/20,"13,752.29603822340",580.48211820864,"13,833.38319619940","13,504.60998589060"
11/3/20,"13,171.81392001480",227.88453568701,"13,260.76300647780","12,979.88969999230"
11/2/20,"12,943.92938432770",37.14636575162,"13,104.80032332550","12,794.87320075510"
10/30/20,"12,906.65935044750",-347.73483335186,"13,187.85705878920","12,798.15339618560"
10/29/20,"13,254.13852792740",242.83867913963,"13,390.31145102860","13,063.04625866380"
10/28/20,"13,009.87099537270",-532.63020569270,"13,340.69599962610","13,002.10241117560"
10/27/20,"13,542.50120106540",110.24883317765,"13,582.83909459160","13,430.59219750850"
10/26/20,"13,432.25236788780",-219.56113858687,"13,669.91605148460","13,264.36958311660"
10/23/20,"13,651.64870341070",34.62724566568,"13,652.16078239620","13,507.47443641400"
10/22/20,"13,617.02145774500",-2.86256714625,"13,706.11766302840","13,461.52647282210"
10/21/20,"13,619.88402489130",-14.55954718765,"13,764.77104973680","13,597.82803105790"
10/20/20,"13,634.44357207890",50.77343522169,"13,778.70464035970","13,559.63520252920"
10/19/20,"13,583.67013685730",-254.31529608313,"13,966.76219964950","13,551.13282329390"
10/16/20,"13,837.98543294040",-54.17938041730,"14,050.43345086330","13,805.26054106050"
10/15/20,"13,892.16481335770",-101.32724533038,"13,927.26302458750","13,736.77984116370"
10/14/20,"13,993.49205868810",-114.19963313264,"14,196.46711858620","13,909.67208358130"
10/13/20,"14,107.69169182070",-5.76190076881,"14,229.83047826870","14,048.82076167940"
10/12/20,"14,113.45359258950",422.95045261921,"14,249.64333769280","13,870.74609102960"
10/9/20,"13,690.50313997030",204.21356800144,"13,692.54598360680","13,544.57287194340"
10/8/20,"13,486.28957196890",55.74777459501,"13,523.46382524430","13,438.77052221450"
10/7/20,"13,430.36383757730",247.42374841852,"13,449.46206758390","13,289.43138851630"
10/6/20,"13,182.94008915880",-254.25288798908,"13,469.12587922970","13,142.06758764300"
10/5/20,"13,435.98512665070",295.78982504651,"13,439.48251959860","13,234.02447976570"
10/2/20,"13,140.19530160420",-382.34217168039,"13,400.98255752310","13,104.56421025500"
10/1/20,"13,522.53747328460",192.76408612368,"13,550.00191261860","13,412.10450291070"
9/30/20,"13,328.02255923130",111.01828495760,"13,464.53775885000","13,223.53675915750"
9/29/20,"13,217.00427427370",-48.43481945073,"13,302.51640567310","13,196.96972921720"
9/28/20,"13,264.70283307240",248.98578260333,"13,270.47545722550","13,123.22613586580"
9/25/20,"13,015.71705046910",297.24453403048,"13,046.76688766960","12,666.19186538480"
9/24/20,"12,718.47251643860",73.69493561665,"12,870.16657645020","12,522.31454704830"
9/23/20,"12,644.71426952430",-412.06786327404,"13,048.86930944060","12,612.87118208320"
9/22/20,"13,056.78213279840",240.62068739557,"13,080.95604636020","12,773.02621877840"
9/21/20,"12,816.16144540280",50.46080055651,"12,821.45797355590","12,463.27289424630"
9/18/20,"12,764.20429909850",-168.02128005590,"13,017.44440994350","12,568.61849942680"
9/17/20,"12,932.22557915440",-194.48898370214,"13,024.52769234450","12,763.99140101230"
9/16/20,"13,126.71456285650",-223.23149143689,"13,405.05291411690","13,121.30157834390"
9/15/20,"13,349.94605429340",188.02811678495,"13,415.91588143990","13,266.30056569420"
9/14/20,"13,161.91793750850",222.14166887814,"13,261.67351218470","13,062.79891993470"
9/11/20,"12,938.36393067640",-77.86248181101,"13,163.59081471540","12,772.44734641120"
9/10/20,"13,016.22641248740",-282.06526063272,"13,497.23576923710","12,948.33475928540"
9/9/20,"13,297.79188863440",382.26290343435,"13,396.42449219660","13,065.91279094770"
9/8/20,"12,915.52898520000",-646.31448068705,"13,303.16987329920","12,900.24234412010"
9/4/20,"13,561.84346588710",-174.14097164703,"13,823.28110536820","13,006.23453822750"
9/3/20,"13,735.98443753410",-757.43463296724,"14,276.92946429500","13,608.50410922220"
9/2/20,"14,491.78663751820",148.96367043646,"14,513.87925774320","14,206.68708985950"
9/1/20,"14,341.98166535580",212.52671902507,"14,350.82001373050","14,155.21846195610"
8/31/20,"14,129.18197176760",133.98271208540,"14,195.40699967760","14,000.16239721230"
8/28/20,"13,995.06990616740",81.30597804717,"14,021.07408622830","13,916.70995669040"
8/27/20,"13,913.53495023010",-53.40491921223,"14,055.65461632580","13,816.32871394000"
8/26/20,"13,966.11481513340",291.79579929288,"13,975.10358293710","13,728.20484891870"
8/25/20,"13,674.04523203900",111.55927521414,"13,676.54131263860","13,509.66412809890"
8/24/20,"13,562.48595682480",82.83564645614,"13,681.37926657550","13,456.76587943890"
8/21/20,"13,479.58809440890",91.12447976512,"13,502.48485152120","13,370.35681817830"
8/20/20,"13,388.46361464380",184.78258882995,"13,411.95080791160","13,145.13826705740"
8/19/20,"13,203.44006170850",-93.74869907124,"13,345.21672272640","13,185.65752377590"
8/18/20,"13,293.46547074760",128.81656248754,"13,319.19791792890","13,153.58252995990"
8/17/20,"13,164.17671226380",144.74578767864,"13,185.05521495850","13,093.71186312250"
8/14/20,"13,019.43092458510",-16.23511606529,"13,076.36498172640","12,952.36889366150"
8/13/20,"13,034.42177899040",24.07555404339,"13,142.68884125570","12,989.26519987200"
8/12/20,"13,009.91713486960",328.39310194071,"13,047.85039457940","12,792.04628153960"
8/11/20,"12,681.41765542210",-243.79531372771,"12,931.91979924490","12,656.91220084310"
8/10/20,"12,925.21296914980",-63.21748350237,"13,011.74378337530","12,758.13163774200"
8/7/20,"12,988.20705422970",-148.85573379173,"13,147.80333776240","12,877.72050697310"
8/6/20,"13,133.85595745060",165.08653938510,"13,151.51318090480","12,928.05082960140"
8/5/20,"12,966.54326452190",33.68220277573,"12,985.47812408000","12,910.90406972760"
8/4/20,"12,932.86106174620",48.32439670315,"12,934.39282555650","12,823.31279318410"
8/3/20,"12,884.53666504310",173.88477518412,"12,919.99141374810","12,817.63507187330"
7/31/20,"12,710.65188985890",221.87412482276,"12,713.51398273310","12,479.32405829440"
7/30/20,"12,488.52183730210",61.20834650732,"12,513.60082349250","12,274.42490606580"
7/29/20,"12,426.00742572760",152.05499844769,"12,463.17601152880","12,337.68873565000"
7/28/20,"12,273.95242727990",-165.33124896565,"12,425.07978355670","12,268.04019743760"
7/27/20,"12,439.28367624550",222.86036928547,"12,456.96735875980","12,268.29431527180"
7/24/20,"12,216.25853558680",-113.57103765152,"12,286.51308355680","12,019.09577921480"
7/23/20,"12,329.82957323830",-338.13407820891,"12,685.00293288950","12,272.28992263460"
7/22/20,"12,667.96365144720",43.90961213372,"12,713.98199525090","12,557.82292604750"
7/21/20,"12,624.05403931350",-138.67609529864,"12,838.88836935900","12,586.52566293350"
7/20/20,"12,762.73013461210",357.58697015035,"12,785.38735973840","12,377.96394511900"
7/17/20,"12,405.14316446180",21.86110122113,"12,446.49240718680","12,304.40753405870"
7/16/20,"12,383.28206324070",-87.65445821052,"12,421.07949109640","12,230.19620749920"
7/15/20,"12,470.93652145120",14.16867309141,"12,562.67661582540","12,318.60287550510"
7/14/20,"12,456.76784835980",101.74743775362,"12,471.17130924960","12,085.34742673860"
7/13/20,"12,355.02041060620",-272.83193603914,"12,899.29143260560","12,322.79633500320"
7/10/20,"12,627.85234664530",95.25548727250,"12,635.36020814240","12,398.45000479400"
7/9/20,"12,532.59685937280",102.41913572687,"12,569.15491222970","12,323.28099750790"
7/8/20,"12,429.89631003260",166.27667626242,"12,432.72716409350","12,269.22513980880"
7/7/20,"12,263.61963377020",-93.27912136962,"12,474.43983817830","12,255.02064680160"
7/6/20,"12,356.89875513980",305.50190080820,"12,381.41337287410","12,219.10990652820"
7/2/20,"12,051.39685433160",72.98844394037,"12,157.02106282460","12,036.11428410900"
7/1/20,"11,976.65824693950",142.60742179365,"12,026.19694211050","11,817.62587118280"
6/30/20,"11,834.05082514580",227.97890953191,"11,867.25577315050","11,601.02503384470"
6/29/20,"11,604.86584697360",130.25132756843,"11,609.43220364910","11,350.58931624900"
6/26/20,"11,474.14616386180",-294.12759243169,"11,759.12312635230","11,460.61504438520"
6/25/20,"11,768.27375629350",115.49064688981,"11,778.12528619050","11,534.55860447250"
6/24/20,"11,652.78310940360",-241.28712588844,"11,920.40624823170","11,583.52226806480"
6/23/20,"11,894.07023529210",92.59961418734,"12,007.16601991430","11,850.09084935870"
6/22/20,"11,801.47062110470",141.76001640538,"11,806.48619135990","11,637.39550472930"
6/19/20,"11,659.71060469940",-3.97079942038,"11,791.36391334750","11,577.20765563550"
6/18/20,"11,662.18936427130",34.44846062123,"11,669.77338178090","11,580.71435095240"
6/17/20,"11,627.74090365010",38.57044728960,"11,716.46596638790","11,592.82344080870"
6/16/20,"11,589.17045636050",200.89826607986,"11,660.83491313630","11,416.87596590900"
6/15/20,"11,388.07982637910",131.75684588743,"11,425.95953521520","11,053.42346586560"
6/12/20,"11,256.32298049170",87.70050453401,"11,472.07216286190","11,064.51210079120"
6/11/20,"11,168.19204339360",-589.02273691622,"11,622.04891337600","11,165.59349986060"
6/10/20,"11,755.67872228360",147.99845178870,"11,826.65403844620","11,672.04468502910"
6/9/20,"11,607.68027049490",76.45926735357,"11,653.94698419870","11,481.70177959080"
6/8/20,"11,531.22100314140",89.82507990169,"11,534.70870933630","11,359.27343792720"
6/5/20,"11,441.39592323970",226.77616671152,"11,467.29499398040","11,249.30772225720"
6/4/20,"11,214.61975652820",-87.35679475376,"11,345.38951291680","11,154.11827374970"
6/3/20,"11,300.11802503940",55.16563106034,"11,329.22461896490","11,235.20228458110"
6/2/20,"11,244.09887572040",68.01856461749,"11,247.33123148510","11,074.78064654680"
6/1/20,"11,176.08031110290",50.48750482283,"11,188.29650187140","11,078.80716835420"
5/29/20,"11,125.59280628000",161.61808150045,"11,146.58433812870","10,921.14700288880"
5/28/20,"10,963.84590604890",-29.49200813017,"11,141.00907328200","10,934.89076986900"
5/27/20,"10,992.28338904780",60.61701856819,"10,995.78913353240","10,690.06555967440"
5/26/20,"10,931.51784062800",-27.95351464264,"11,141.71002763530","10,919.78574281940"
5/22/20,"10,959.47135527060",41.90613153383,"10,968.72067523780","10,855.95728187320"
5/21/20,"10,917.56522373680",-124.59783912306,"11,077.12798602760","10,898.75040232010"
5/20/20,"11,042.10074578600",217.01057130911,"11,057.53044672350","10,958.09482239520"
5/19/20,"10,821.17944100380",-38.84536902775,"10,965.88911633460","10,818.50412043450"
5/18/20,"10,859.41806386590",208.63369950215,"10,900.86454995890","10,762.66695545310"
5/15/20,"10,650.78436436380",67.73391590970,"10,656.39831165650","10,424.40522849180"
5/14/20,"10,581.80828122690",109.77190255065,"10,585.68129824860","10,309.95898220930"
5/13/20,"10,471.35028323510",-130.74006847918,"10,714.99394004990","10,343.45967833260"
5/12/20,"10,602.09035171420",-216.95649876309,"10,883.64636384960","10,598.18401746860"
5/11/20,"10,818.93779417100",91.41065590742,"10,874.02444238950","10,651.73618498810"
5/8/20,"10,727.39929854000",137.80136913719,"10,732.21040621050","10,618.78147834230"
5/7/20,"10,586.35499742000",136.09389411457,"10,626.25464182730","10,520.47278592660"
5/6/20,"10,449.63857670300",63.07398228191,"10,543.50327310430","10,410.14165265930"
5/5/20,"10,384.93763551190",112.22271163799,"10,501.66654089660","10,350.00094974150"
5/4/20,"10,272.71492387390",134.81037837237,"10,279.94315804120","10,076.53081184410"
5/1/20,"10,137.90454550150",-328.27438676366,"10,334.87273194260","10,103.48412411580"
4/30/20,"10,465.21007469590",20.63511158056,"10,491.39805135120","10,372.09439575620"
4/29/20,"10,444.21855367910",354.80966315645,"10,494.28743834150","10,268.92588180420"
4/28/20,"10,089.40889052260",-186.09730828854,"10,369.35752868480","10,079.02961139850"
4/27/20,"10,275.50619881120",59.35884367653,"10,333.60058446240","10,236.24025571860"
4/24/20,"10,215.98272228520",168.70901293036,"10,221.50842098540","9,999.01378789451"
4/23/20,"10,047.14647760700",-26.90067102708,"10,227.34626597740","10,027.54026139770"
4/22/20,"10,074.04714863410",304.18901206362,"10,125.02171459060","9,941.47998827151"
4/21/20,"9,769.85813657048",-376.13233267544,"10,072.25451391020","9,719.67339409419"
4/20/20,"10,145.99046924590",-123.12789553223,"10,295.58759303800","10,144.60927671000"
4/17/20,"10,269.11836477820",86.71457833353,"10,323.56125847490","10,120.26047493440"
4/16/20,"10,182.40378644460",192.85501844681,"10,223.70029400340","10,005.30120546160"
4/15/20,"9,989.54876799781",-116.49565360604,"10,075.91679823870","9,883.28018289251"
4/14/20,"10,106.04442160390",417.86577215759,"10,125.10317042760","9,848.62486283562"
4/13/20,"9,687.81600044108",109.52983133555,"9,694.11218619557","9,485.33986808022"
4/9/20,"9,578.28616910553",10.44819961382,"9,689.54979217738","9,496.21093951347"
4/8/20,"9,567.67913373678",209.54165036227,"9,596.59462837445","9,368.71818347646"
4/7/20,"9,358.13748337451",-37.61708506351,"9,656.09286863118","9,350.89098126400"
4/6/20,"9,395.75456843802",643.55692139461,"9,429.46699537662","9,025.38292864331"
4/3/20,"8,752.19764704341",-125.03126555890,"8,921.21056345484","8,649.50200255661"
4/2/20,"8,877.22891260231",173.61780890745,"8,884.44276772244","8,640.83487609199"
4/1/20,"8,701.49091875924",-380.32636980980,"8,951.84210513723","8,629.05834270528"
3/31/20,"9,081.81728856904",-87.75184965096,"9,312.03982653981","9,025.98175610233"
3/30/20,"9,168.36745199216",349.36476199593,"9,183.56740291179","8,892.27959126591"
3/27/20,"8,818.42984682960",-358.80410130386,"9,084.97847796114","8,808.95207086055"
3/26/20,"9,177.23394813346",496.81195219703,"9,195.80334537088","8,773.64363223469"
3/25/20,"8,680.42199593643",-97.85943405306,"9,038.34494612444","8,588.38062130284"
3/24/20,"8,778.28142998949",635.54565764048,"8,780.70566658309","8,488.42288048915"
3/23/20,"8,142.54377669907",14.67278057242,"8,303.34216021534","7,869.45242625303"
3/20/20,"8,127.87099612665",-341.85657649724,"8,701.29712428333","8,099.37618984774"
3/19/20,"8,468.24429094988",131.69347806817,"8,730.37326868087","8,176.55736675613"
3/18/20,"8,336.55081288171",-347.13372154922,"8,524.42776716206","7,944.25562644660"
3/17/20,"8,683.68453443093",526.98879680495,"8,772.19789839948","8,085.55969969505"
3/16/20,"8,156.69573762598","-1,132.66462747009","8,787.65727804404","8,125.59207154006"
3/13/20,"9,289.24175172618",850.00516584805,"9,293.01306340118","8,483.64624926804"
3/12/20,"8,439.11598422477",-862.37197843377,"9,071.73764380304","8,429.77967308234"
3/11/20,"9,299.08201665907",-425.27829684898,"9,552.99975211117","9,176.97388459362"
3/10/20,"9,724.36031350805",492.75147671987,"9,729.20418865273","9,224.76180249044"
3/9/20,"9,231.60883678818",-676.34687914850,"9,572.78629296981","9,189.92990340395"
3/6/20,"9,907.90121580414",-164.14346925077,"9,956.15460272469","9,663.48590188354"
3/5/20,"10,072.04468505490",-322.40491698467,"10,295.63463532640","10,004.97555730240"
3/4/20,"10,392.86572960670",411.98698655591,"10,396.14964555770","10,068.28271656310"
3/3/20,"9,980.06466098250",-329.18348780987,"10,451.47084894490","9,889.59872146363"
3/2/20,"10,309.08399114150",483.22448141920,"10,310.72524457050","9,808.04746679511"
2/28/20,"9,825.85950972233",29.22504208296,"9,859.10736431029","9,445.00858800511"
2/27/20,"9,796.48479357470",-507.50022148097,"10,202.88526024260","9,789.36550148663"
2/26/20,"10,303.19555984410",45.15586500571,"10,487.94201368790","10,233.72478806460"
2/25/20,"10,257.89034722320",-284.19129777504,"10,663.00574715430","10,225.65889319620"
2/24/20,"10,542.08164499820",-426.17424215516,"10,675.92354041870","10,483.14716641770"
2/21/20,"10,968.19311115250",-210.31753742424,"11,139.22966070120","10,921.39265475100"
2/20/20,"11,178.51064857670",-105.53395110527,"11,278.82795051560","11,045.45135303150"
2/19/20,"11,283.78955143150",103.20801004915,"11,304.50216841350","11,234.27951689070"
2/18/20,"11,176.64860641570",7.22093712136,"11,197.44033895960","11,104.08180549610"
2/14/20,"11,168.73543189060",32.35402979017,"11,181.69909488690","11,121.73624097420"
2/13/20,"11,136.24295713100",-20.30632128633,"11,183.48048727780","11,063.18060644040"
2/12/20,"11,155.45679171440",110.63539164747,"11,158.59407010910","11,084.47484206260"
2/11/20,"11,044.82140006690",1.18452514391,"11,140.19579506040","11,016.70457264090"
2/10/20,"11,043.56921389690",134.30735648047,"11,044.61340100110","10,876.88508686610"
2/7/20,"10,908.94161562540",-51.99313579818,"10,969.43445323650","10,880.88327235300"
2/6/20,"10,957.85360531230",90.97328911826,"10,961.10908469410","10,855.72429987030"
2/5/20,"10,864.90171284910",38.76701395861,"10,952.20360435400","10,800.42057328870"
2/4/20,"10,825.57857606140",241.03096119885,"10,847.50684701170","10,698.93374679250"
2/3/20,"10,584.49730344680",156.24750124702,"10,610.32859458360","10,474.13303741400"
1/31/20,"10,428.24980219980",-167.67302415094,"10,635.50377822920","10,393.54778010930"
1/30/20,"10,595.66794894250",39.97718214194,"10,601.00968983150","10,460.72457023690"
1/29/20,"10,554.56000021420",12.38580154627,"10,614.23852902020","10,514.75384625900"
1/28/20,"10,542.17419866800",160.90428465650,"10,565.81073823410","10,430.09809317800"
1/27/20,"10,381.26991401150",-219.50610266528,"10,438.39077534040","10,333.48553446620"
1/24/20,"10,600.77601667670",-87.57219116427,"10,752.57897710690","10,554.36220886720"
1/23/20,"10,688.34820784100",32.94445704330,"10,693.15096642170","10,605.14252006620"
1/22/20,"10,655.40375079770",25.45083241978,"10,717.91336716520","10,644.61010585790"
1/21/20,"10,629.95291837790",-8.23928878427,"10,654.06340656630","10,601.14210614650"
1/17/20,"10,638.19220716220",56.51288059425,"10,641.36712450350","10,574.70109294490"
1/16/20,"10,581.67932656790",103.59288707770,"10,582.92452485300","10,513.61613823360"
1/15/20,"10,478.08643949020",2.60538014878,"10,528.18596353110","10,447.10430476300"
1/14/20,"10,475.48105934150",-43.16878821081,"10,529.68212937310","10,460.98843821350"
1/13/20,"10,518.64984755230",120.61404855157,"10,519.67367899540","10,426.69961795260"
1/10/20,"10,398.03579900070",-26.66443215874,"10,465.56471048170","10,380.86223377890"
1/9/20,"10,424.70023115940",89.59208885030,"10,442.00520894380","10,365.44137887240"
1/8/20,"10,334.94971410960",76.44338977667,"10,382.70472659380","10,245.15528108760"
1/7/20,"10,258.50632433290",-2.39612436031,"10,288.67589679220","10,229.78895137640"
1/6/20,"10,259.80778272130",63.32181866444,"10,261.50115183540","10,103.70909517180"
1/3/20,"10,196.48596405690",-90.80576338937,"10,254.16572671240","10,151.56918742840"
1/2/20,"10,287.29172744620",161.30774496271,"10,288.93140685490","10,188.38197093520"
12/31/19,"10,123.98297554670",27.06390337656,"10,126.71704808920","10,055.94572229350"
12/30/19,"10,096.91907217020",-71.00358295690,"10,164.81117161240","10,053.09732223430"
12/27/19,"10,167.35566601540",-8.50235773450,"10,213.85991856770","10,142.87172189860"
12/26/19,"10,175.85802374990",91.35429094002,"10,175.88112506290","10,103.65795774350"
12/24/19,"10,084.43883197880",4.05516917409,"10,094.54579611310","10,066.60028521390"
12/23/19,"10,080.13436910650",20.30415576061,"10,097.39446449800","10,073.33902174710"
12/20/19,"10,059.83021334590",43.11476523371,"10,070.46045649180","10,034.31830924830"
12/19/19,"10,015.31296551800",70.31362537257,"10,016.99179971340","9,958.97222648651"
12/18/19,"9,944.99934014542",5.70726924580,"9,976.84176778698","9,942.60273671925"
12/17/19,"9,939.29207089962",6.21877093745,"9,958.70870752572","9,925.90151549433"
12/16/19,"9,933.07329996217",95.76392722176,"9,949.81818934969","9,900.71629513740"
12/13/19,"9,837.30937274041",24.12357573484,"9,871.85653645001","9,784.20005019316"
12/12/19,"9,813.07217480724",74.49594965088,"9,843.45168235256","9,712.48523434143"
12/11/19,"9,737.23921625744",55.99075546025,"9,743.57930291495","9,689.44568154796"
12/10/19,"9,681.24846079719",-9.79325014303,"9,725.97490020693","9,663.95262666308"
12/9/19,"9,690.86157281537",-40.12232964637,"9,763.89746883634","9,687.52897966043"
12/6/19,"9,730.98390246174",103.10021916381,"9,740.81436245417","9,693.76227608610"
12/5/19,"9,627.88368329793",13.74900288204,"9,642.70213384949","9,586.68100850318"
12/4/19,"9,611.99406170563",48.41472690012,"9,635.07749044553","9,599.65170083677"
12/3/19,"9,562.76275619514",-63.16262631693,"9,567.01161092497","9,461.53472244417"
12/2/19,"9,625.92538251207",-109.38627713848,"9,742.47341664591","9,585.78039257095"
11/29/19,"9,735.22980898752",-47.52352132509,"9,772.61855442281","9,733.43189972034"
11/27/19,"9,782.62611094363",68.30322683212,"9,783.66442536177","9,730.40223351865"
11/26/19,"9,714.00979146533",16.00558411922,"9,728.25007621525","9,688.95360890797"
11/25/19,"9,697.86314439219",115.69360875298,"9,698.89881022613","9,625.60095787008"
11/22/19,"9,582.16953563921",7.45335756457,"9,605.40552451976","9,532.86810935685"
11/21/19,"9,574.63248638402",-21.00675625446,"9,593.98818194087","9,547.52962905280"
11/20/19,"9,595.63924263848",-63.66389810372,"9,659.91291123045","9,529.06177742624"
11/19/19,"9,655.04357580079",11.87779567912,"9,677.11035174906","9,619.77274440818"
11/18/19,"9,643.16578012167",15.00060988635,"9,656.97727156347","9,580.87788011509"
11/15/19,"9,627.99580993915",66.79401368299,"9,628.43350243322","9,591.73654967167"
11/14/19,"9,560.61001988922",-2.29474743869,"9,568.84048143887","9,508.24428652118"
11/13/19,"9,561.44046594727",-4.60201589253,"9,578.56889830930","9,530.84264938479"
11/12/19,"9,565.92640604237",25.32266758121,"9,599.94780503196","9,536.45564100079"
11/11/19,"9,540.07455156097",-16.17510191985,"9,544.67937805513","9,494.29419158431"
11/8/19,"9,556.24965348082",41.94658044036,"9,556.71439525753","9,475.71877734451"
11/7/19,"9,514.08278372213",27.32712054731,"9,574.44592859805","9,490.09499996047"
11/6/19,"9,483.00057352527",-16.36629048748,"9,492.61410694440","9,438.26691368686"
11/5/19,"9,497.86304688876",-0.56588844631,"9,519.74721420408","9,475.73934979137"
11/4/19,"9,498.38098239306",57.25990042425,"9,518.81154393808","9,482.94168792638"
11/1/19,"9,441.03045437908",89.46247052880,"9,441.96909893260","9,383.84144464876"
10/31/19,"9,351.56798385028",0.83264059853,"9,382.34194499869","9,302.77926303657"
10/30/19,"9,350.09518120228",41.18067355646,"9,365.37750283594","9,274.68910792776"
10/29/19,"9,308.00975921652",-73.05342556021,"9,378.67729428012","9,305.85355573179"
10/28/19,"9,381.06318477673",94.20990455136,"9,391.54780703154","9,335.06033697394"
10/25/19,"9,286.85328022537",72.28783234482,"9,291.56621489044","9,168.16417094428"
10/24/19,"9,214.56544788055",89.34395220538,"9,217.96417284557","9,152.10617350136"
10/23/19,"9,125.08566050579",17.18385062329,"9,125.93406227075","9,073.74806288884"
10/22/19,"9,107.90180988250",-76.00729781757,"9,226.33214916942","9,104.85467851937"
10/21/19,"9,183.90910770007",83.09136280765,"9,185.24294557946","9,123.08081322703"
10/18/19,"9,100.81774489242",-85.18791991992,"9,191.40240744735","9,056.01380309233"
10/17/19,"9,186.00566481234",25.37003948701,"9,231.11220732949","9,154.54015897316"
10/16/19,"9,160.63562532533",-26.18818073429,"9,185.56649539410","9,135.31254569387"
10/15/19,"9,186.82380605962",116.25970216873,"9,206.81754239258","9,095.22171643103"
10/14/19,"9,070.56410389089",-1.78264088259,"9,097.55697285758","9,053.01034376473"
10/11/19,"9,072.34674477348",119.72442075668,"9,141.94680622387","9,057.57955631426"
10/10/19,"8,952.62232401680",57.63768216090,"8,989.99950264654","8,885.82942816055"
10/9/19,"8,894.98464185590",99.76738612509,"8,926.68436035808","8,854.44485573754"
10/8/19,"8,795.06884210653",-139.78592174142,"8,914.08727007766","8,794.47953708518"
10/7/19,"8,934.85476384795",-33.51005652014,"9,003.85772535226","8,920.45095246672"
10/4/19,"8,968.36482036809",133.82730501945,"8,974.44554602998","8,872.15131606109"
10/3/19,"8,834.53751534864",101.30585591405,"8,836.88461970361","8,632.38013063557"
10/2/19,"8,731.33655261541",-154.20599613770,"8,824.48245606389","8,688.44022021220"
10/1/19,"8,885.54254875311",-75.50832355086,"9,044.61733534258","8,875.45618938760"
9/30/19,"8,960.02567684938",78.47086676842,"8,974.35185187069","8,895.33000386161"
9/27/19,"8,881.37590838290",-104.52918039137,"9,007.65444371190","8,818.06542705233"
9/26/19,"8,985.37248370507",-36.47473472670,"9,015.57782297930","8,923.75061919497"
9/25/19,"9,021.84721843177",108.09383851059,"9,043.68639376044","8,841.59928066380"
9/24/19,"8,913.75337992118",-125.51421357931,"9,102.44234389724","8,884.56838229501"
9/23/19,"9,039.20591158242",-5.71497302636,"9,067.37837444430","9,006.46041111767"
9/20/19,"9,044.92088460878",-90.44177044805,"9,157.02501218236","9,011.07123152014"
9/19/19,"9,134.23871877139",15.30031216269,"9,190.20454068101","9,118.65059703548"
9/18/19,"9,118.93840660870",-0.26597418092,"9,121.95876354629","9,006.83885289045"
9/17/19,"9,119.20438078962",42.04717614804,"9,122.00331557382","9,063.94911950181"
9/16/19,"9,077.15720464158",-46.86566110072,"9,096.02609793175","9,053.28433155009"
9/13/19,"9,124.02286574230",-28.18810720001,"9,159.23092039065","9,108.57770786859"
9/12/19,"9,152.07890475773",34.39465737649,"9,219.09729875657","9,140.51205513897"
9/11/19,"9,116.19063029685",84.17557611143,"9,117.07052832344","9,028.92951744661"
9/10/19,"9,031.10733025137",-20.40984380177,"9,034.39015619277","8,948.90872915309"
9/9/19,"9,051.51717405314",-23.26941036085,"9,103.53442911837","9,009.28470186847"
9/6/19,"9,074.78658441399",-11.55716526636,"9,100.73261622136","9,055.54720257982"
9/5/19,"9,086.34374968035",165.56918187672,"9,106.48163216309","9,018.07069035058"
9/4/19,"8,919.29146495510",126.79256529225,"8,925.83837831393","8,855.04103544699"
9/3/19,"8,792.49889966285",-94.15076416459,"8,862.58876705350","8,763.96346622288"
8/30/19,"8,886.50000636988",-13.07234746549,"8,951.29395628010","8,830.92824233760"
8/29/19,"8,899.44168442662",132.18769274319,"8,924.43188331940","8,843.98591089839"
8/28/19,"8,766.52603473968",25.26509256163,"8,778.36708148049","8,665.23711744468"
8/27/19,"8,741.01657631949",-10.38766273643,"8,827.26730322542","8,701.66433370453"
8/26/19,"8,751.40423905592",127.10947684274,"8,754.57882716670","8,671.86868857952"
8/23/19,"8,624.21339638479",-280.07769868854,"8,921.62108814265","8,598.72613832360"
8/22/19,"8,904.24144765889",-29.79284479658,"8,970.50912718690","8,837.06188533601"
8/21/19,"8,933.95304661625",79.41390435162,"8,958.72072209893","8,903.17214075401"
8/20/19,"8,853.98609340264",-63.36098100159,"8,931.19158231724","8,853.68371957886"
8/19/19,"8,916.73160287263",133.07974536884,"8,941.46761347955","8,880.65187700466"
8/16/19,"8,783.20403371795",137.70727873150,"8,804.71023866940","8,719.43079830509"
8/15/19,"8,645.49675498645",-6.05527628831,"8,690.09405966362","8,581.36297616192"
8/14/19,"8,651.43677000031",-274.78283853259,"8,803.32405170376","8,640.41130415432"
8/13/19,"8,921.74493235592",192.17715653568,"8,979.68769608319","8,719.92582188584"
8/12/19,"8,729.44871760966",-97.64806201056,"8,800.73804593652","8,691.66301562017"
8/9/19,"8,827.09677962022",-90.65928638214,"8,900.07142423650","8,763.47601282675"
8/8/19,"8,914.32893759096",199.55707505631,"8,916.20697940089","8,743.52760067092"
8/7/19,"8,714.71201641845",35.28434900530,"8,735.47737100912","8,523.72628312051"
8/6/19,"8,678.95960843050",121.86592049124,"8,702.51583848636","8,576.26554070456"
8/5/19,"8,555.43156466964",-319.69969139189,"8,686.04397722051","8,486.87305247548"
8/2/19,"8,875.13125606153",-124.99782227929,"8,946.99838596228","8,820.18617373789"
8/1/19,"9,000.12907834082",-54.95416971042,"9,230.63129271312","8,963.06350404506"
7/31/19,"9,055.05290523851",-119.62503043550,"9,205.51662109929","8,969.85699146052"
7/30/19,"9,174.34695537945",-42.23053666897,"9,209.68815417149","9,140.86316843298"
7/29/19,"9,215.80225590443",-32.15042900015,"9,239.99259402536","9,159.15576456932"
7/26/19,"9,247.95268490458",100.45801311462,"9,259.74937397609","9,213.07666982915"
7/25/19,"9,147.49467178996",-93.13553424316,"9,209.88888011039","9,137.51344372724"
7/24/19,"9,240.63020603312",64.64482478918,"9,240.88554533676","9,144.17212090151"
7/23/19,"9,175.85019417346",57.03640773129,"9,176.45290573959","9,107.19831583414"
7/22/19,"9,118.81378644217",81.00396646074,"9,134.21014377249","9,069.38095036772"
7/19/19,"9,037.80981998143",-79.86528694823,"9,170.84443105412","9,034.92189911114"
7/18/19,"9,117.67510692966",17.73002221122,"9,127.13309370814","9,029.26716456358"
7/17/19,"9,099.94508471844",-44.19774986812,"9,160.32103839202","9,099.04676699952"
7/16/19,"9,144.14283458656",-45.96728854923,"9,188.76504416858","9,118.61435812130"
7/15/19,"9,190.11012313579",27.32150693500,"9,193.41851584693","9,159.57313368026"
7/12/19,"9,162.78861620079",53.59930651136,"9,163.75121577219","9,113.35763878798"
7/11/19,"9,109.18930968943",-7.64204562641,"9,152.81635851741","9,081.95084844076"
7/10/19,"9,116.83135531584",88.29413043940,"9,140.51508034557","9,065.24104365437"
7/9/19,"9,028.53722487644",47.37680350006,"9,036.68871814359","8,937.84050234981"
7/8/19,"8,981.02967251950",-64.03671492014,"8,988.43216219287","8,946.79601354516"
7/5/19,"9,045.06638743964",-18.90474045981,"9,060.53202395336","8,968.11071096980"
7/3/19,"9,063.97112789945",66.73692581789,"9,063.97112789945","9,010.45956952063"
7/2/19,"8,995.49957256886",36.53835980412,"8,996.24836187367","8,933.44368971320"
7/1/19,"8,957.94084947272",111.93003563468,"9,018.67915548391","8,920.49780772968"
6/28/19,"8,846.01081383804",16.17492446819,"8,858.90968166511","8,809.53588443392"
6/27/19,"8,829.83588936985",34.58944590910,"8,848.20378643729","8,806.40051118703"
6/26/19,"8,794.59745843981",40.95109127290,"8,865.61255837923","8,782.90488117414"
6/25/19,"8,753.64636716691",-151.61283142739,"8,905.27818180290","8,745.14687464627"
6/24/19,"8,905.25919859430",-6.64187171973,"8,932.53613970834","8,902.67399879817"
6/21/19,"8,911.90107031403",-10.69131759530,"8,962.34350208433","8,888.22390061697"
6/20/19,"8,921.47062322780",81.07005078987,"8,959.00222397886","8,856.18303009987"
6/19/19,"8,840.40057243793",37.28395532541,"8,856.33717564086","8,769.54710515930"
6/18/19,"8,803.11661711252",125.53237824080,"8,865.00169055317","8,757.22229760482"
6/17/19,"8,677.58423887172",54.65785334776,"8,701.18497744399","8,637.97911136981"
6/14/19,"8,622.86399126078",-36.40015732543,"8,647.80218378291","8,594.91183230353"
6/13/19,"8,659.26414858621",44.25163448384,"8,682.57403100246","8,632.06927813520"
6/12/19,"8,613.43220986731",-47.90078171805,"8,654.03580987944","8,598.33917946029"
6/11/19,"8,661.33299158536",13.74034580633,"8,755.52946815221","8,633.83204783774"
6/10/19,"8,647.41330296530",97.55998522016,"8,729.33059205503","8,608.49486234682"
6/7/19,"8,549.75234996376",162.94686988394,"8,582.83551532741","8,424.93460245658"
6/6/19,"8,386.75425797969",63.41290848142,"8,406.68591660799","8,301.07860617323"
6/5/19,"8,321.85907458757",62.40677619504,"8,338.36797084466","8,236.04394148595"
6/4/19,"8,258.65077557956",217.48423752777,"8,262.15793751221","8,093.11147730900"
6/3/19,"8,041.16653805179",-172.78286544616,"8,212.18721182028","7,993.53376641670"
5/31/19,"8,213.94940349795",-135.34063078227,"8,277.64324630916","8,211.66525160750"
5/30/19,"8,349.29003428022",32.88827757523,"8,369.30522658239","8,302.06684813044"
5/29/19,"8,315.16505797949",-70.87812064203,"8,358.18487964560","8,268.85814053965"
5/28/19,"8,385.90886765348",-26.02159072708,"8,482.59060720623","8,381.66988384822"
5/24/19,"8,411.93045838056",-8.03368325242,"8,492.97184203837","8,404.02527356816"
5/23/19,"8,419.96414163298",-129.87271902013,"8,453.99578171939","8,366.41675967982"
5/22/19,"8,549.66199267529",-34.98202270168,"8,592.81440626925","8,538.20855391961"
5/21/19,"8,584.38517761761",85.61804169215,"8,609.37009418519","8,545.27623665666"
5/20/19,"8,498.52936617774",-146.28365084280,"8,553.69289794266","8,469.97946818690"
5/17/19,"8,644.64989387463",-88.08314993729,"8,762.13865762521","8,636.86630408106"
5/16/19,"8,732.14105754655",88.57336452004,"8,786.14645821758","8,643.01185666423"
5/15/19,"8,642.60432981589",116.70644858388,"8,666.75772366200","8,470.65182993363"
5/14/19,"8,522.40400227669",89.51799915404,"8,576.67950647590","8,448.78261074931"
5/13/19,"8,432.52725543308",-302.10475742183,"8,558.92646017059","8,408.93887212982"
5/10/19,"8,734.51360941160",4.35572121331,"8,776.49858058097","8,550.63330671979"
5/9/19,"8,726.66781832734",-40.05200145714,"8,752.31695157488","8,600.03803842391"
5/8/19,"8,766.35830913961",-26.00632569592,"8,836.86390995540","8,738.97038564983"
5/7/19,"8,791.88709940708",-177.14950129775,"8,910.30827081254","8,714.17023912694"
5/6/19,"8,968.98870240667",-59.41004924470,"8,981.01402502302","8,818.07307993548"
5/3/19,"9,026.88804444350",139.97869745495,"9,028.94556615934","8,942.57724555623"
5/2/19,"8,886.13874937253",-31.97174000028,"8,963.73630846406","8,826.87733443831"
5/1/19,"8,918.08034084220",-34.06331127941,"9,032.18932341313","8,915.65656637597"
4/30/19,"8,952.14365212161",-66.24503022722,"8,964.63794606564","8,888.42395356217"
4/29/19,"9,018.29743084487",14.21843328612,"9,033.03894967140","8,988.30484270929"
4/26/19,"9,004.07899755875",11.22811829360,"9,004.32017752829","8,907.34978605476"
4/25/19,"8,992.66845730348",37.39579749893,"9,032.99677067696","8,948.15863266988"
4/24/19,"8,955.27265980455",-30.24843124645,"9,004.32167929888","8,954.32477366804"
4/23/19,"8,985.52109105100",111.83132298387,"8,995.44911680603","8,880.12929672937"
4/22/19,"8,873.55855910898",27.35607236561,"8,875.66502579608","8,804.98627689462"
4/18/19,"8,846.20248674337",10.35076614653,"8,851.34158189522","8,797.52537995998"
4/17/19,"8,835.85172059684",29.89432608662,"8,875.37094714147","8,811.85066101944"
4/16/19,"8,805.95739451022",29.46340030997,"8,823.98489730713","8,779.39443681586"
4/15/19,"8,776.49399420025",1.11589848772,"8,785.33450796975","8,718.31035652908"
4/12/19,"8,775.37809571253",38.26187811317,"8,778.09986946493","8,739.04284451499"
4/11/19,"8,737.11621759936",-19.09409630425,"8,767.61333910574","8,720.79818714560"
4/10/19,"8,756.21031390361",49.46870019762,"8,758.42033028567","8,712.25675919681"
4/9/19,"8,706.74161370599",-35.95624977237,"8,739.25694542025","8,691.94456832284"
4/8/19,"8,742.56802534357",24.04563985300,"8,745.25695123212","8,669.72623268917"
4/5/19,"8,718.52238549057",44.02764136727,"8,722.03966849744","8,690.99153581317"
4/4/19,"8,674.49474412330",-5.06514307727,"8,709.64421708555","8,623.58031415518"
4/3/19,"8,677.81202952055",52.13917307757,"8,729.24436118866","8,649.55225992985"
4/2/19,"8,625.67285644298",24.40695722361,"8,634.20086260086","8,581.82508314422"
4/1/19,"8,600.25486257485",114.59175963863,"8,604.19353292579","8,535.87708343849"
3/29/19,"8,485.66310293622",67.04465466398,"8,489.01998248982","8,433.21846709203"
3/28/19,"8,418.61844827224",14.12012185213,"8,448.01766647799","8,369.42682820452"
3/27/19,"8,403.85365138608",-49.39553652285,"8,482.96053109430","8,339.31155103303"
3/26/19,"8,452.94795968945",39.31727677323,"8,528.96702544538","8,410.66182931518"
3/25/19,"8,413.63068291622",-10.46271220206,"8,443.01084315685","8,354.20336597398"
3/22/19,"8,424.09339511828",-192.27473455905,"8,603.81674062616","8,421.17164814104"
3/21/19,"8,616.36812967733",129.37962702123,"8,630.32512351772","8,459.60645940241"
3/20/19,"8,486.98850265610",36.18827350903,"8,535.27849517588","8,415.32551099937"
3/19/19,"8,449.68158292210",26.43948842687,"8,496.82876254745","8,418.23361778991"
3/18/19,"8,423.06473611728",22.18274153572,"8,448.82654811584","8,385.78001045935"
3/15/19,"8,400.88199458156",73.54917926509,"8,428.82812681054","8,353.34008385639"
3/14/19,"8,327.14648968431",-16.05649195310,"8,355.79512386199","8,324.78698709856"
3/13/19,"8,342.08516607511",64.02878936860,"8,383.33299216817","8,310.93482902050"
3/12/19,"8,278.05637670651",42.83234783697,"8,298.89367467915","8,238.58684391822"
3/11/19,"8,235.22402886954",170.50956674627,"8,238.56286356711","8,103.64532911218"
3/8/19,"8,064.71446212327",-12.86620375675,"8,068.42609987912","7,978.53815848087"
3/7/19,"8,077.58066588002",-98.37046196903,"8,159.21452401553","8,048.75747958156"
3/6/19,"8,174.98931136821",-50.93269083077,"8,232.18987350675","8,165.88984085297"
3/5/19,"8,225.08710156796",6.84015375706,"8,249.81823735548","8,183.60973898517"
3/4/19,"8,218.24694781090",-0.84897045735,"8,281.58340486724","8,129.26068630286"
3/1/19,"8,219.09591826825",62.11414720560,"8,228.73644610634","8,161.05330586731"
2/28/19,"8,156.98177106265",-22.38130798180,"8,189.60681300352","8,139.04859819346"
2/27/19,"8,177.37246403723",-7.13616969835,"8,187.45439329139","8,095.11881348784"
2/26/19,"8,184.16210601265",8.94982336005,"8,208.78912164791","8,142.71735271479"
2/25/19,"8,175.21228265260",28.49467638115,"8,228.41699102779","8,171.02631592494"
2/22/19,"8,146.64678951626",63.72098877950,"8,150.85808833375","8,099.98254800083"
2/21/19,"8,082.92580073676",-31.22167074468,"8,114.98593872722","8,044.59082632830"
2/20/19,"8,114.14747148144",-4.90776026458,"8,152.97828761346","8,073.98589924359"
2/19/19,"8,115.29845874267",13.12934675478,"8,141.12439652407","8,076.44388362058"
2/15/19,"8,102.16911198789",37.62162023579,"8,123.77119973278","8,064.41302590144"
2/14/19,"8,064.49721603539",7.51276196676,"8,093.72868694952","8,003.95128549952"
2/13/19,"8,055.37109768339",1.38560047857,"8,108.99137159033","8,048.31803025659"
2/12/19,"8,053.98549720482",121.11321146150,"8,062.12489773145","7,977.81623415809"
2/11/19,"7,932.87228574332",-4.52965828166,"7,989.29580414049","7,915.20683193797"
2/8/19,"7,937.28464476064",9.35261835994,"7,938.92857293441","7,849.56588431043"
2/7/19,"7,924.60253790478",-106.31764352939,"7,981.74101557585","7,866.50124796663"
2/6/19,"8,030.62861901684",-29.71437274127,"8,073.44422036631","7,998.74054760032"
2/5/19,"8,058.36844522315",72.92808289049,"8,065.53422261521","7,994.59784052427"
2/4/19,"7,985.29664044873",96.87855993965,"7,986.45342739395","7,885.07566221198"
2/1/19,"7,888.41808050908",-35.93570288047,"7,941.69074332465","7,867.52569815491"
1/31/19,"7,924.35378338955",113.50068301420,"7,958.20415372403","7,845.27912619594"
1/30/19,"7,810.55887927638",200.88389530894,"7,832.37134030541","7,673.38386009246"
1/29/19,"7,608.77073923239",-73.75501293338,"7,687.55443503551","7,586.54608957385"
1/28/19,"7,682.52575216577",-103.56942503052,"7,683.03590440535","7,621.97990219739"
1/25/19,"7,786.09517719629",97.30588729367,"7,801.69345317313","7,724.09095579503"
1/24/19,"7,688.78928990262",50.22602240320,"7,698.17599479739","7,635.99500479496"
1/23/19,"7,638.56326749942",13.70883998342,"7,700.62400842487","7,553.36752481367"
1/22/19,"7,624.85442751600",-158.07056566302,"7,730.11658581640","7,575.24060277701"
1/18/19,"7,782.92499317902",75.88910638020,"7,819.20027480616","7,717.91633588185"
1/17/19,"7,707.03588679882",57.23224006961,"7,740.10847538014","7,613.70788242398"
1/16/19,"7,649.80364672921",-1.23437307856,"7,709.27509370823","7,645.77538042750"
1/15/19,"7,651.03801980777",147.52311925674,"7,656.65333763156","7,533.66651588297"
1/14/19,"7,503.51490055103",-69.23883877214,"7,533.14754210838","7,470.93905932980"
1/11/19,"7,572.75373932317",-22.42250857608,"7,576.38045085172","7,527.60657102441"
1/10/19,"7,595.17624789925",23.22656479308,"7,599.96171824313","7,476.56495633315"
1/9/19,"7,571.94968310617",56.03367619529,"7,606.78550744368","7,513.15388076744"
1/8/19,"7,515.78821865781",72.94997657225,"7,542.03905631089","7,406.99077071434"
1/7/19,"7,442.83824208556",75.22827797975,"7,480.91276448419","7,356.48950681125"
1/4/19,"7,367.60996410581",316.08583543418,"7,393.44498428364","7,151.85153419870"
1/3/19,"7,051.52412867163",-245.13055521386,"7,218.45605366533","7,042.66523148425"
1/2/19,"7,294.99505897328",35.44305937153,"7,333.83482781473","7,108.98193872121"
12/31/18,"7,259.55199960175",51.25599896086,"7,300.17224634277","7,195.30227187402"
12/28/18,"7,207.39255853295",-3.48073561221,"7,325.60674567995","7,148.25342779116"
12/27/18,"7,210.39578312405",29.27837737073,"7,214.62544562560","6,929.64799270926"
12/26/18,"7,180.76131028797",416.68076685059,"7,181.96449607224","6,789.88800949478"
12/24/18,"6,764.08054343738",-168.77875604821,"6,965.66958112904","6,759.22218302558"
12/21/18,"6,932.85929948559",-225.46139705482,"7,232.98436871518","6,895.51120584972"
12/20/18,"7,158.32069654041",-114.39807355237,"7,316.28799017222","7,065.05770824766"
12/19/18,"7,272.71877009278",-170.32237692933,"7,539.21125104535","7,205.92734650785"
12/18/18,"7,443.04114702211",49.44310968587,"7,511.28143457405","7,377.79009419740"
12/17/18,"7,392.27857626421",-168.03219534563,"7,590.88407064970","7,336.29500830873"
12/14/18,"7,560.31077160984",-198.33492611224,"7,692.65495403317","7,549.24411335272"
12/13/18,"7,758.64569772208",4.60408810413,"7,834.07751916083","7,708.28952740963"
12/12/18,"7,752.87549153184",68.45132506003,"7,871.74298658837","7,750.37916144820"
12/11/18,"7,684.42416647181",24.63693152596,"7,780.96963568647","7,623.21328666077"
12/10/18,"7,659.78723494585",79.62375116389,"7,691.48138416251","7,489.67305815555"
12/7/18,"7,580.16348378196",-258.55485526600,"7,850.78557067931","7,558.68770420488"
12/6/18,"7,838.71833904796",50.00238389667,"7,840.60356793659","7,600.34314667587"
12/4/18,"7,786.53054502659",-305.85251933774,"8,073.52793585914","7,775.79904023938"
12/3/18,"8,092.21052887513",129.61877706765,"8,143.61618554934","8,036.13495419553"
11/30/18,"7,962.59175180748",64.87188918065,"7,965.01390754735","7,874.67788983435"
11/29/18,"7,897.71986262683",-23.97779191653,"7,949.99079040049","7,837.05199238027"
11/28/18,"7,921.37858443689",243.23518280582,"7,923.05857852661","7,692.18503508921"
11/27/18,"7,677.83855334073",26.00577606229,"7,694.30221096183","7,572.47848831597"
11/26/18,"7,651.83277727844",173.00001143735,"7,653.62913266424","7,551.63225013462"
11/23/18,"7,478.76507366900",-55.35810135741,"7,552.33504822207","7,475.55934060471"
11/21/18,"7,534.12317502641",55.79520251821,"7,607.11373103403","7,523.41140390357"
11/20/18,"7,477.87451830768",-132.84138461040,"7,577.60108881313","7,380.95006799506"
11/19/18,"7,610.40778568534",-256.73325357788,"7,837.84673873621","7,588.01275613298"
11/16/18,"7,867.02555334794",-26.84377800150,"7,902.66705408446","7,787.30289582472"
11/15/18,"7,893.82283728105",138.10206644261,"7,914.87282357242","7,678.46507807559"
11/14/18,"7,753.99213731702",-69.86896228845,"7,921.38319185756","7,715.41634955512"
11/13/18,"7,819.81786971490",2.06985689084,"7,957.80474282794","7,797.80842255844"
11/12/18,"7,817.74801282406",-240.46074524404,"8,012.01728998496","7,806.62118858357"
11/9/18,"8,058.20875806810",-136.73001531260,"8,132.88945976110","7,993.80413135794"
11/8/18,"8,194.75051001215",-50.96149925237,"8,233.33757359350","8,156.48022978638"
11/7/18,"8,241.22592402351",245.16750006982,"8,244.46369734916","8,074.84037319416"
11/6/18,"7,996.05842395369",59.20728889953,"8,037.15950874601","7,926.45551862016"
11/5/18,"7,935.47568042849",-32.26364162049,"7,953.59325945775","7,847.06301214251"
11/2/18,"7,967.69353256901",-118.82647109388,"8,104.93172227372","7,903.37450951318"
11/1/18,"8,086.52000366289",116.76546466052,"8,089.57201472584","7,929.84960826895"
10/31/18,"7,969.75453900237",179.55911097295,"8,042.28920326523","7,920.56409828181"
10/30/18,"7,789.91566013270",110.05215463515,"7,796.94523188737","7,609.66748925257"
10/29/18,"7,679.11829828736",-158.41422581799,"7,975.68238674445","7,519.95586935435"
10/26/18,"7,837.53252410535",-187.56011935157,"7,979.97327822174","7,713.28635186895"
10/25/18,"8,025.09264345692",259.90321923953,"8,079.46214298096","7,853.94070374433"
10/24/18,"7,765.18942421739",-376.89325993197,"8,140.55257645235","7,751.82837619342"
10/23/18,"8,142.08268414936",-25.77799472497,"8,176.91329372612","7,930.35528922899"
10/22/18,"8,167.74641976974",38.86417828462,"8,227.79770981349","8,107.91700305715"
10/19/18,"8,128.88224148512",-10.12828167227,"8,266.95887641111","8,098.57604432841"
10/18/18,"8,139.01052315739",-185.90798716517,"8,293.93609476090","8,099.89179989331"
10/17/18,"8,324.91851032256",2.52175618551,"8,362.90935909915","8,241.56894860993"
10/16/18,"8,322.39675413705",237.62015629298,"8,339.36366090220","8,158.68835381174"
10/15/18,"8,084.77659784407",-101.26508826826,"8,171.11855274391","8,060.52868458882"
10/12/18,"8,186.04168611233",220.95156763367,"8,211.00580210914","8,028.98830149547"
10/11/18,"7,965.09011847866",-92.03629481902,"8,143.59391128373","7,883.73171448126"
10/10/18,"8,057.12641329768",-374.14259927961,"8,382.80648965941","8,054.34074440522"
10/9/18,"8,431.26901257729",21.49326776089,"8,498.45823750878","8,394.94944858654"
10/8/18,"8,409.65472200984",-52.82210196726,"8,481.38591786653","8,311.52079401400"
10/5/18,"8,462.47682397710",-104.07551790919,"8,589.94200547582","8,380.62593879718"
10/4/18,"8,566.55234188629",-168.58099249694,"8,701.75544962676","8,505.09774918358"
10/3/18,"8,733.58871908090",10.46042425610,"8,778.72581579145","8,720.06509826928"
10/2/18,"8,723.12829482480",-19.63788498562,"8,788.39485895000","8,702.50917537480"
10/1/18,"8,741.90159920332",20.35635653209,"8,804.90802512896","8,721.33614449312"
9/28/18,"8,721.54524267123",-2.19822290637,"8,746.30246131176","8,688.43097244970"
9/27/18,"8,723.74346557760",76.01611227035,"8,756.01625122214","8,686.45591907607"
9/26/18,"8,647.18358463188",-0.12279249792,"8,732.39923764224","8,635.94516641263"
9/25/18,"8,647.30637712980",16.51345387912,"8,652.99293007295","8,603.85132543638"
9/24/18,"8,630.79292325068",20.21291925135,"8,637.88564164234","8,514.72275952565"
9/21/18,"8,610.58000399933",-43.40427955352,"8,693.79660481035","8,600.34238600247"
9/20/18,"8,653.98428355285",89.99403968622,"8,669.30231766270","8,602.34632526315"
9/19/18,"8,563.99024386663",-4.66062932927,"8,590.30958038520","8,508.23973564347"
9/18/18,"8,568.65087319590",68.21595645055,"8,610.72063429517","8,502.49837101400"
9/17/18,"8,499.54340826329",-126.63106260813,"8,612.94301079711","8,491.60648490459"
9/14/18,"8,626.17447087142",-18.50902143162,"8,667.10431868195","8,591.35752469150"
9/13/18,"8,644.68349230304",84.15611983165,"8,664.20435982469","8,610.36229668099"
9/12/18,"8,559.49186274599",-22.64159193431,"8,574.55039998047","8,485.01513751723"
9/11/18,"8,582.04904566804",68.80452753587,"8,595.28267131824","8,460.71945326844"
9/10/18,"8,512.73536427782",19.90592677173,"8,542.53840813217","8,470.52089034834"
9/7/18,"8,492.82943750609",-26.18227126920,"8,560.42439619577","8,459.37066670220"
9/6/18,"8,519.01170877529",-80.10365858805,"8,609.45142682073","8,464.32646773596"
9/5/18,"8,597.80131783202",-113.21183964896,"8,693.70840035733","8,569.36505850508"
9/4/18,"8,711.01315748098",-36.83089917846,"8,735.15791258184","8,664.19008336865"
8/31/18,"8,746.93357260588",13.57956342821,"8,771.96168081698","8,717.21224686417"
8/30/18,"8,733.35400917767",-20.00716393982,"8,788.69343822204","8,707.14551546228"
8/29/18,"8,752.74638352436",102.75885079931,"8,754.77151083726","8,665.15861632867"
8/28/18,"8,649.76994103248",12.69729022371,"8,670.87499861154","8,634.30790018020"
8/27/18,"8,637.07265080877",84.24264810167,"8,638.92833729048","8,583.23614429398"
8/24/18,"8,552.83000270710",81.77137754679,"8,557.55202268083","8,504.36995519496"
8/23/18,"8,471.05862516031",-12.29153136856,"8,530.51195592148","8,461.41447850161"
8/22/18,"8,483.30404228306",31.27089553880,"8,494.59561017120","8,426.28748939195"
8/21/18,"8,451.54127420803",29.48580748073,"8,502.03263526907","8,441.42909394404"
8/20/18,"8,421.93942132881",-6.99931266349,"8,449.74357830597","8,390.01182033753"
8/17/18,"8,428.85400970101",3.71220878976,"8,448.72665727777","8,354.71126330512"
8/16/18,"8,424.66355988279",22.42574274053,"8,480.10189757900","8,410.48057711738"
8/15/18,"8,400.61863414464",-105.62146208022,"8,463.20589248475","8,347.93521310585"
8/14/18,"8,502.96586562676",52.51904905051,"8,512.38903280729","8,437.68914299614"
8/13/18,"8,450.33112089582",-8.14583923815,"8,527.56753089079","8,447.31759188921"
8/10/18,"8,458.37947217321",-66.94426520566,"8,490.77484500460","8,429.30288765449"
8/9/18,"8,521.77430567383",-2.94784670269,"8,557.62103126657","8,512.19170500223"
8/8/18,"8,524.67341673366",7.86494574549,"8,543.69641682262","8,486.12524962298"
8/7/18,"8,516.31704930475",26.99847740298,"8,534.92384961134","8,494.89304954862"
8/6/18,"8,489.22833501714",49.63959608184,"8,489.86323947743","8,423.72201978808"
8/3/18,"8,438.09140579663",26.63093778496,"8,438.09140579663","8,393.41735159499"
8/2/18,"8,411.46046801167",113.25394362789,"8,421.06109144228","8,239.40431934328"
8/1/18,"8,298.18047315728",46.67061849010,"8,323.17688257240","8,254.54519954337"
7/31/18,"8,251.50985466718",44.35997878639,"8,298.26023445355","8,191.52693599679"
7/30/18,"8,206.87306303579",-118.28140260061,"8,327.77133558691","8,167.71452610126"
7/27/18,"8,324.55428509204",-118.61126056701,"8,491.63987518666","8,277.25422106163"
7/26/18,"8,443.16554565905",-123.02758171015,"8,476.66911857264","8,426.01751381378"
7/25/18,"8,566.19312736920",116.75324710476,"8,569.39233466722","8,448.74071822469"
7/24/18,"8,449.43988026444",39.32199428349,"8,529.00585485585","8,414.63980487216"
7/23/18,"8,410.00409155264",24.58876202188,"8,415.74862745740","8,329.63768232694"
7/20/18,"8,385.41532953076",-2.43066536961,"8,440.59325924428","8,377.59251036211"
7/19/18,"8,387.84599490037",-43.08768253492,"8,429.64145896171","8,378.69212374954"
7/18/18,"8,430.93367743529",-15.70413847194,"8,455.02746278696","8,406.10073953171"
7/17/18,"8,446.63781590723",52.47032834618,"8,463.22507496933","8,314.76459839292"
7/16/18,"8,394.16748756105",-20.44143863203,"8,431.51748117848","8,380.98274023539"
7/13/18,"8,414.60892619308",10.91355647342,"8,428.21030640518","8,383.97289597466"
7/12/18,"8,403.69536971966",139.49074476552,"8,406.50693292472","8,298.63591277569"
7/11/18,"8,264.20462495414",-44.05823111630,"8,295.16887562105","8,237.10721944441"
7/10/18,"8,308.26285607044",7.52674963805,"8,325.59809086583","8,279.61302775282"
7/9/18,"8,300.73610643239",78.33760574538,"8,302.53178051126","8,238.35843238771"
7/6/18,"8,222.29767491306",121.25474841716,"8,233.32675689814","8,106.80528587047"
7/5/18,"8,101.04292649590",98.65367764018,"8,106.17189324674","8,014.58299525727"
7/3/18,"8,000.82586945431",-94.97255155570,"8,123.88936423521","7,995.07346086002"
7/2/18,"8,095.79842101001",65.02762343766,"8,097.45212420013","7,949.06230578571"
6/29/18,"8,029.89195082103",10.48992706716,"8,099.48805242587","8,019.16998827639"
6/28/18,"8,019.40202375387",70.62579067565,"8,046.36769665230","7,926.60587140892"
6/27/18,"7,948.27864314847",-112.35511197140,"8,129.70885206809","7,946.70965894323"
6/26/18,"8,060.63375511987",34.24052310961,"8,106.53710229076","8,028.54483966628"
6/25/18,"8,026.39323201026",-181.71419380861,"8,147.40696001340","7,956.59233078382"
6/22/18,"8,208.10742581887",-22.78110234271,"8,256.27653265502","8,185.23624732978"
6/21/18,"8,230.88852816158",-72.09269925882,"8,334.40307406502","8,215.43182265476"
6/20/18,"8,302.98122742040",60.05534790930,"8,336.38062088837","8,275.80055482139"
6/19/18,"8,242.92587951110",-26.64173584456,"8,245.14025171978","8,140.27636970969"
6/18/18,"8,268.66157951981",-4.95828000351,"8,274.38945377521","8,194.26035547048"
6/15/18,"8,273.61985952332",-27.17992566718,"8,288.54253214589","8,233.95224431502"
6/14/18,"8,300.79978519050",84.75675891349,"8,314.15541035703","8,248.47386639274"
6/13/18,"8,215.29644285632",-4.47759300904,"8,279.04873433979","8,201.34677994926"
6/12/18,"8,219.77403586536",46.40982898144,"8,225.82488755560","8,179.38599932153"
6/11/18,"8,173.36420688392",18.08080571072,"8,194.99909697417","8,147.83670422100"
6/8/18,"8,155.19743053788",-0.23866356006,"8,165.79909517749","8,096.03463686076"
6/7/18,"8,155.43609409794",-65.26747510645,"8,223.38130658248","8,113.28392498303"
6/6/18,"8,219.59268020645",49.39601846335,"8,222.29525245679","8,140.74178461041"
6/5/18,"8,170.19666174310",26.42747181740,"8,185.09453432188","8,136.42324958870"
6/4/18,"8,143.58999599869",67.99460383342,"8,147.23201013597","8,092.88432874341"
6/1/18,"8,075.59539216527",132.46187349073,"8,076.63925150701","7,989.06254538743"
5/31/18,"7,943.13351867454",-9.84648492031,"7,998.63615563929","7,929.75574594381"
5/30/18,"7,952.96273502701",56.79517240814,"7,965.80421989529","7,909.25448256357"
5/29/18,"7,895.85436785386",-39.18079500079,"7,939.29284024301","7,850.92370448622"
5/25/18,"7,934.11775784920",12.78888269102,"7,958.74140901868","7,912.38179706567"
5/24/18,"7,921.32887515818",-4.48186249453,"7,937.26216961103","7,844.81932022167"
5/23/18,"7,925.81073765271",68.39767103696,"7,927.02987653283","7,804.20743990968"
5/22/18,"7,857.07064075255",-13.57699851737,"7,918.40088345318","7,845.81575837556"
5/21/18,"7,870.64763926992",44.76685469155,"7,919.35751446983","7,837.39271717950"
5/18/18,"7,825.70487195078",-40.32177364443,"7,861.77996615998","7,815.81870785439"
5/17/18,"7,865.94150740288",-32.28619739862,"7,924.44904276917","7,829.20139235029"
5/16/18,"7,896.92404987291",47.18432474661,"7,913.52822550369","7,853.28478654545"
5/15/18,"7,845.37656057663",-86.37094162473,"7,872.15020718161","7,804.60200721984"
5/14/18,"7,931.74750220136",13.44942736895,"7,981.73047344932","7,920.66708912862"
5/11/18,"7,917.99071723865",-12.50396234161,"7,937.04449294910","7,885.03759411620"
5/10/18,"7,926.79715848014",80.05998084876,"7,930.64991053501","7,862.16789293874"
5/9/18,"7,846.48733494773",88.47592262521,"7,849.58193984948","7,748.80824094268"
5/8/18,"7,757.54119258230",-7.27444705666,"7,775.05337052679","7,706.11033620706"
5/7/18,"7,764.61487276943",60.04827994097,"7,792.60065457379","7,735.22585805726"
5/4/18,"7,704.51936792430",142.96075495576,"7,720.72425118255","7,526.18450819897"
5/3/18,"7,559.55256722518",-1.13669047202,"7,586.65070541169","7,441.65076906451"
5/2/18,"7,560.66297308517",-42.65070225619,"7,642.00581787088","7,553.24205730823"
5/1/18,"7,603.31367534136",86.92437040290,"7,607.23408747694","7,485.30869783118"
4/30/18,"7,516.38930493846",-57.78548858334,"7,638.06204502178","7,502.77001197568"
4/27/18,"7,574.09673009542",7.62319983036,"7,681.53787765017","7,531.88882618750"
4/26/18,"7,566.34682345059",154.42200170796,"7,593.65125268261","7,486.09181335505"
4/25/18,"7,411.92482174263",5.56626900918,"7,442.44585779321","7,312.51092022573"
4/24/18,"7,406.35855273345",-159.01811693387,"7,610.98956273970","7,355.93976337223"
4/23/18,"7,565.27047261879",-21.55967771484,"7,648.16325845006","7,525.16200323459"
4/20/18,"7,586.83015033363",-121.90414203993,"7,689.15235188502","7,558.47900990747"
4/19/18,"7,708.73429237356",-66.36474517316,"7,754.42410059753","7,679.35884609605"
4/18/18,"7,775.09903754672",19.16583951191,"7,802.11634232925","7,724.01632700099"
4/17/18,"7,755.93319803481",160.65142058605,"7,776.34770941457","7,657.41751257678"
4/16/18,"7,595.28177744876",53.29228305527,"7,623.25512495185","7,547.38018728068"
4/13/18,"7,541.98949439349",-31.76018133846,"7,627.29496195754","7,507.85008962084"
4/12/18,"7,573.74967573195",82.84752803481,"7,603.82397663730","7,531.14310161156"
4/11/18,"7,490.90214769714",-36.89858455986,"7,566.96404082410","7,481.15754678283"
4/10/18,"7,527.80073225700",163.31186740326,"7,555.22405447661","7,435.65712901493"
4/9/18,"7,364.48886485374",44.52443607301,"7,514.58467755646","7,357.31312535721"
4/6/18,"7,319.86476506097",-183.90076432706,"7,495.25899373545","7,284.38168909153"
4/5/18,"7,503.76552938803",39.57179114707,"7,546.29043989148","7,453.06254517678"
4/4/18,"7,464.19373824096",115.15584443827,"7,485.24150893130","7,198.54585469240"
4/3/18,"7,347.45194526265",77.33969682506,"7,377.52546028403","7,216.72266188842"
4/2/18,"7,269.23381423796",-216.44383811509,"7,462.73436296184","7,191.62334037274"
3/29/18,"7,485.67765235305",136.85298991673,"7,553.50505405068","7,320.23389562757"
3/28/18,"7,348.82466243632",-78.51101861794,"7,461.49820463748","7,291.08365345083"
3/27/18,"7,426.58364111548",-254.75166938091,"7,726.45115035984","7,369.39440913466"
3/26/18,"7,681.33531049639",279.49086843402,"7,689.09445553083","7,436.76286809593"
3/23/18,"7,401.84444206237",-198.08415472106,"7,629.86667074701","7,401.55702185726"
3/22/18,"7,599.92859678343",-194.70736167955,"7,745.14597261771","7,596.62059787252"
3/21/18,"7,794.63595846298",-36.92309659011,"7,882.48096382399","7,766.69514477979"
3/20/18,"7,830.84265916654",23.92388329478,"7,849.39162550962","7,785.27013696616"
3/19/18,"7,806.73982741312",-176.34170157453,"7,902.41608355916","7,739.96106329056"
3/16/18,"7,983.08152898765",-12.53266302317,"8,030.52921360103","7,973.68989823996"
3/15/18,"7,995.52795851909",-11.38359511357,"8,046.22050212655","7,971.69093878635"
3/14/18,"8,006.17155209107",-6.28833365016,"8,055.16395948339","7,973.86177895763"
3/13/18,"8,012.45988574123",-96.20425380241,"8,171.16366270412","7,988.93912673348"
3/12/18,"8,108.33274535177",34.04358468197,"8,136.90543012347","8,082.09062346147"
3/9/18,"8,074.28916066980",153.21842133230,"8,074.43680664804","7,967.53928688039"
3/8/18,"7,921.07073933750",42.11166554032,"7,926.27026141345","7,881.18865474268"
3/7/18,"7,877.68379005831",18.60255628086,"7,884.60855628568","7,788.46578515240"
3/6/18,"7,859.03961351153",36.08187475481,"7,886.33136245116","7,812.47428385981"
3/5/18,"7,822.87732336612",79.85476643257,"7,846.00391067424","7,677.98222715464"
3/2/18,"7,743.02255693355",68.77601971097,"7,753.62441454924","7,554.29867073847"
3/1/18,"7,674.24653722258",-118.08895870572,"7,835.49205913860","7,602.50450329745"
2/28/18,"7,792.33549592830",-52.21618305360,"7,917.08419243029","7,792.33549592830"
2/27/18,"7,844.23901668360",-100.87549751692,"7,961.07066723956","7,844.23901668360"
2/26/18,"7,944.28015030517",105.13711253820,"7,944.58092506165","7,874.21556938273"
2/23/18,"7,839.14303776697",153.16204959124,"7,840.20425595573","7,716.86461601920"
2/22/18,"7,685.98098817573",2.94908481629,"7,758.89699041102","7,665.74733460452"
2/21/18,"7,682.79355999499",-23.22592411193,"7,819.41776599066","7,682.74789969672"
2/20/18,"7,705.69205064153",10.26474535553,"7,771.95929642835","7,661.12491662524"
2/16/18,"7,695.23711489809",-27.57116262236,"7,774.72075139654","7,681.42474240775"
2/15/18,"7,722.80827752045",136.25836627998,"7,723.94556716078","7,576.19230682131"
2/14/18,"7,586.33298061254",137.62413560245,"7,596.68575137132","7,410.68274795245"
2/13/18,"7,444.00736041118",34.08933356185,"7,459.63134108125","7,358.30196478267"
2/12/18,"7,409.91802684933",126.26869479936,"7,456.96918594768","7,296.84543279339"
2/9/18,"7,283.56211390132",121.00132092252,"7,329.81999611635","7,001.71948228411"
2/8/18,"7,159.35277420711",-313.25539051632,"7,499.88337882379","7,157.17751491061"
2/7/18,"7,472.58204095774",-95.31041062607,"7,624.96656339959","7,471.85342741431"
2/6/18,"7,567.46914695323",193.01948336849,"7,575.90228825051","7,232.07841159684"
2/5/18,"7,372.92036023821",-300.06129220702,"7,727.09219291829","7,372.31517648273"
2/2/18,"7,672.93420875746",-160.27805839539,"7,819.10014644598","7,668.67619982858"
2/1/18,"7,833.21226715285",-55.02814472552,"7,911.82328001284","7,807.68906038465"
1/31/18,"7,888.24041187837",21.85888816645,"7,926.40591910833","7,849.07286780362"
1/30/18,"7,866.13316408622",-65.35457960631,"7,897.97770418223","7,825.17055691792"
1/29/18,"7,930.77653857170",-39.32951301939,"7,967.46426634177","7,915.32248106494"
1/26/18,"7,970.10605159109",121.05220431017,"7,970.10605159109","7,877.62153217576"
1/25/18,"7,849.05384728092",-3.45920372785,"7,907.26594653083","7,824.69249114027"
1/24/18,"7,852.51305100877",-50.05937275500,"7,935.99448689955","7,808.62991937497"
1/23/18,"7,902.57242376377",64.89699852597,"7,909.31461771195","7,860.47622983922"
1/22/18,"7,837.67542523780",81.65186734548,"7,837.67542523780","7,743.00154088865"
1/19/18,"7,756.02355789232",26.04653019416,"7,766.13377828640","7,718.86506793860"
1/18/18,"7,729.97702769816",1.24235112722,"7,747.46602425198","7,699.71866939459"
1/17/18,"7,728.73467657094",83.01093897433,"7,739.81209247640","7,647.21322584063"
1/16/18,"7,645.72373759661",-24.29042267017,"7,757.68590742361","7,625.26556094338"
1/12/18,"7,670.01416026678",56.79841112343,"7,676.18221911612","7,598.49154793631"
1/11/18,"7,613.21574914335",52.01526217731,"7,613.21574914335","7,563.56686840552"
1/10/18,"7,561.20048696604",-17.33758462827,"7,562.16609492968","7,512.04676849439"
1/9/18,"7,578.53807159431",1.48000208336,"7,599.17348971126","7,556.21842910957"
1/8/18,"7,576.95920945756",26.48832593691,"7,581.14797074336","7,545.82831788120"
1/5/18,"7,550.47088352065",77.97848213605,"7,552.38965015943","7,495.70046880110"
1/4/18,"7,472.49240138460",9.95651927352,"7,493.58735992918","7,463.80323434833"
1/3/18,"7,461.11462951740",73.13868934721,"7,465.02167681978","7,396.95670435425"
1/2/18,"7,387.97594017019",130.37929610301,"7,389.87997688536","7,281.78851197295"
12/29/17,"7,256.86843717269",-51.05152399471,"7,309.17563120319","7,256.86843717269"
12/28/17,"7,307.91996116740",7.11114327142,"7,320.00158588013","7,298.00503730505"
12/27/17,"7,300.31010473038",2.25765563981,"7,315.94957429992","7,289.83362595530"
12/26/17,"7,298.05244909057",-36.30630258827,"7,303.81751446428","7,269.50095606483"
12/22/17,"7,334.35875167884",-8.53326936554,"7,337.37963745254","7,316.01897727022"
12/21/17,"7,342.89202104438",0.23277359495,"7,375.60194001813","7,337.32396780775"
12/20/17,"7,342.65924744943",-9.28556788004,"7,379.03255012668","7,314.80622989087"
12/19/17,"7,351.94481532947",-36.98278948216,"7,386.20789120415","7,331.65932846544"
12/18/17,"7,388.74702825061",53.25340240608,"7,399.44432847182","7,368.22533029244"
12/15/17,"7,334.78636573332",86.67632646618,"7,340.00689930856","7,265.26805293326"
12/14/17,"7,248.11003926714",-5.39835583326,"7,286.41667954260","7,243.96526012736"
12/13/17,"7,252.76580761639",12.49234451654,"7,277.90420072734","7,245.66900610753"
12/12/17,"7,240.27346309985",-11.60955795566,"7,262.78783560673","7,226.70146300582"
12/11/17,"7,251.88302105551",55.93784636909,"7,252.50213507043","7,199.73766572483"
12/8/17,"7,195.94517468642",32.08704148801,"7,233.35459275416","7,185.35684145704"
12/7/17,"7,163.85813319841",26.33971464971,"7,183.14868082494","7,134.78739095076"
12/6/17,"7,137.24111753554",31.69095131627,"7,149.76848092671","7,070.51372094463"
12/5/17,"7,105.55016621927",1.59882274235,"7,187.14445902039","7,072.27318049388"
12/4/17,"7,103.87088739838",-84.12179827489,"7,236.64432240500","7,096.06014496647"
12/1/17,"7,187.99268567327",-31.40385341348,"7,219.09651274317","7,082.48190920774"
11/30/17,"7,219.39653908675",61.45488372685,"7,229.17436771474","7,169.34323674588"
11/29/17,"7,157.66200743585",-126.08386457738,"7,272.56036367133","7,121.36157176955"
11/28/17,"7,283.35799660442",18.81340679323,"7,287.30534241470","7,241.13926034259"
11/27/17,"7,263.71139331084",-3.76585968100,"7,279.85909022576","7,247.88850027085"
11/24/17,"7,267.47725299184",26.26931690307,"7,269.15732528563","7,244.92959076746"
11/22/17,"7,241.20793608877",8.49389702667,"7,246.92373770478","7,224.90926459394"
11/21/17,"7,232.25972228543",79.38863051759,"7,233.89438083248","7,184.22386476127"
11/20/17,"7,152.74939498657",-6.69130786848,"7,170.86900357600","7,145.11837368577"
11/17/17,"7,159.29894476744",-27.92468446303,"7,194.49691437085","7,152.45681433895"
11/16/17,"7,187.05639628434",91.56419533495,"7,202.16210976117","7,135.27566067401"
11/15/17,"7,093.69069742790",-39.97148537155,"7,114.58647202916","7,059.28813521241"
11/14/17,"7,129.94096401140",-25.52897265117,"7,137.66915360469","7,096.10264440977"
11/13/17,"7,155.29229602066",8.05565571308,"7,165.48591928701","7,121.07603400802"
11/10/17,"7,147.14972963559",-3.55687899918,"7,151.80175804148","7,119.01801252968"
11/9/17,"7,147.01732537141",-38.04719034499,"7,150.36041872544","7,074.64940374358"
11/8/17,"7,184.89561585608",28.34392362297,"7,186.21621614820","7,142.79188212316"
11/7/17,"7,156.50151571845",8.11773850683,"7,165.33728852533","7,132.44100397825"
11/6/17,"7,148.38377721162",20.40577447405,"7,154.01232476089","7,123.74616835444"
11/3/17,"7,126.71204878130",67.00461122373,"7,129.02482157438","7,061.13073804253"
11/2/17,"7,059.70743755757",-13.87246836342,"7,068.02657333608","7,012.37262149720"
11/1/17,"7,073.55502134164",0.10016626376,"7,105.27304742369","7,046.31219658406"
10/31/17,"7,073.45485507788",23.73359370467,"7,084.61966782446","7,051.48413543558"
10/30/17,"7,049.47312371823",15.98542617073,"7,075.79791573469","7,021.10516988034"
10/27/17,"7,032.88091142680",198.75271198864,"7,044.25321848644","6,938.17365019654"
10/26/17,"6,834.12819943816",-19.43377817402,"6,866.65288371769","6,831.95806814023"
10/25/17,"6,853.56197761218",-28.49712704081,"6,890.38964127188","6,803.98542358143"
10/24/17,"6,882.05910465299",14.01969165757,"6,894.13308458102","6,856.56304420915"
10/23/17,"6,867.94831777057",-46.38849527443,"6,929.52580985583","6,860.30591649515"
10/20/17,"6,914.33681304500",18.33666807553,"6,929.88937564618","6,906.79978737053"
10/19/17,"6,896.00014496947",-24.60202631477,"6,896.29064126660","6,849.42912776849"
10/18/17,"6,920.60217128424",-9.34796981471,"6,937.73562362394","6,912.11395342035"
10/17/17,"6,929.95014109895",9.15084739327,"6,930.19034510552","6,908.50314176581"
10/16/17,"6,920.79929370568",24.98351177294,"6,921.93440027721","6,899.40994842747"
10/13/17,"6,895.81578193274",25.42691868698,"6,904.43032973758","6,889.67243226900"
10/12/17,"6,870.38886324576",-12.74684306077,"6,897.29299598453","6,863.01224614125"
10/11/17,"6,883.13570630653",20.06607754429,"6,884.26480969008","6,850.53174628110"
10/10/17,"6,863.06962876224",5.64884919081,"6,886.40850233139","6,832.73199351362"
10/9/17,"6,857.42077957143",-6.83714118180,"6,880.36816642695","6,849.26872687320"
10/6/17,"6,864.25792075323",8.40792421227,"6,864.37422774647","6,833.07118960520"
10/5/17,"6,855.75107005899",65.99449396902,"6,858.08582417926","6,807.78602820204"
10/4/17,"6,789.75657608997",4.27275119176,"6,802.17908872809","6,764.05184481797"
10/3/17,"6,784.04859634541",14.87046479336,"6,788.71958661639","6,763.22055331547"
10/2/17,"6,768.44489750771",2.96368812657,"6,794.78556495781","6,738.92554856515"
9/29/17,"6,765.48120938114",52.30827738015,"6,766.52386673147","6,710.62533398886"
9/28/17,"6,713.17293200099",-5.34243076120,"6,720.12773056326","6,685.51076308166"
9/27/17,"6,718.01478926798",63.87241806149,"6,740.59194907963","6,675.65636001348"
9/26/17,"6,654.14237120649",15.82651239930,"6,684.83689066910","6,633.38975773853"
9/25/17,"6,638.31585880719",-73.51029399099,"6,684.94963894585","6,607.25495676651"
9/22/17,"6,711.82615279818",-2.93334687227,"6,717.78785940473","6,688.24877628194"
9/21/17,"6,714.75949967045",-43.77529031124,"6,749.47538470892","6,693.06946707777"
9/20/17,"6,758.53478998169",-19.76946146329,"6,782.20498794142","6,706.60024371136"
9/19/17,"6,778.30425144498",11.26873574823,"6,786.40871273234","6,755.78108991050"
9/18/17,"6,766.85606935015",-7.78461829717,"6,802.87265151705","6,746.55029001593"
9/15/17,"6,774.23030323898",21.69998125184,"6,798.49174106535","6,740.11763390896"
9/14/17,"6,752.53032198714",-40.22774066825,"6,784.67375615698","6,748.27730323325"
9/13/17,"6,792.01751549900",9.89239738944,"6,792.11970274327","6,758.64216887058"
9/12/17,"6,782.12511810956",17.09097308819,"6,790.41932794099","6,750.96523935825"
9/11/17,"6,764.63351629056",75.96162810601,"6,776.33071537685","6,742.40354999424"
9/8/17,"6,688.67188818455",-57.62234770879,"6,740.06890408228","6,682.55458255997"
9/7/17,"6,746.29423589334",14.91356253550,"6,764.20679413804","6,723.19159014805"
9/6/17,"6,730.95400834642",20.80541021956,"6,745.94277903797","6,684.34556473119"
9/5/17,"6,710.08667344976",-62.39824477400,"6,764.58133866758","6,662.03922158875"
9/1/17,"6,772.48491822376",-0.79592047798,"6,797.03611321944","6,754.80529517168"
8/31/17,"6,773.28083870174",63.00241971780,"6,781.01856821461","6,725.03954417408"
8/30/17,"6,710.27841898394",80.03509166545,"6,718.94951038604","6,633.86846883022"
8/29/17,"6,630.24332731849",27.20655434520,"6,641.15684955587","6,543.25627296340"
8/28/17,"6,602.75417405329",17.58314430969,"6,619.39636999919","6,584.42016529075"
8/25/17,"6,584.33970892104",-13.46576716360,"6,638.54849834619","6,576.50266280167"
8/24/17,"6,597.80547608464",-19.61187192900,"6,640.13225568637","6,561.99080656242"
8/23/17,"6,617.41734801364",-24.36864580954,"6,632.11748064959","6,604.89641853459"
8/22/17,"6,641.72353943253",98.14417011065,"6,648.13454204921","6,578.04488012588"
8/21/17,"6,543.12157925524",-4.94337935018,"6,563.20534418904","6,502.37188769614"
8/18/17,"6,548.01423958260",-6.11582829618,"6,593.44144097460","6,524.53388963263"
8/17/17,"6,554.04286194485",-136.93021467172,"6,675.64701650036","6,554.04286194485"
8/16/17,"6,690.81182290552",10.95391047275,"6,721.97015149644","6,670.61639097191"
8/15/17,"6,678.46365397498",-0.49346050763,"6,692.04665118874","6,662.78057576998"
8/14/17,"6,675.15338059680",86.58182850585,"6,684.37227113164","6,641.06928149045"
8/11/17,"6,588.48493961077",48.96502800104,"6,603.25930412144","6,536.20588674399"
8/10/17,"6,539.42869455279",-148.15252031983,"6,651.30601039271","6,533.96976041428"
8/9/17,"6,684.29477304009",-7.85979310058,"6,686.07100701542","6,624.19180260324"
8/8/17,"6,692.15456614067",-9.45795825602,"6,744.74865448803","6,674.25603251743"
8/7/17,"6,701.07368771815",39.31968020226,"6,703.40344387565","6,666.09145361761"
8/4/17,"6,661.75400751589",9.83217149939,"6,676.04646083756","6,635.95636202279"
8/3/17,"6,651.86363526714",-26.00171081178,"6,681.52747529073","6,638.90930720537"
8/2/17,"6,676.57586931161",21.51603343643,"6,701.32274868590","6,614.92283934812"
8/1/17,"6,655.05983587518",16.75768745903,"6,666.47907288678","6,638.44634908771"
7/31/17,"6,638.30214841615",-32.27416296844,"6,697.05594970800","6,628.66271611251"
7/28/17,"6,670.57631138459",-9.15734672509,"6,681.17777268414","6,625.42540278781"
7/27/17,"6,679.48643817888",-38.04674783681,"6,768.36906247164","6,600.49628795744"
7/26/17,"6,717.04232024219",22.67515553821,"6,721.15418514794","6,703.99270460142"
7/25/17,"6,694.36716470398",-12.10437604747,"6,710.63942515207","6,678.16276704430"
7/24/17,"6,706.47154075145",22.39937885346,"6,716.86315378403","6,674.15949875904"
7/21/17,"6,683.98095439183",0.34043699460,"6,683.98095439183","6,648.68416470592"
7/20/17,"6,683.64051739723",5.71271401751,"6,696.49473090523","6,655.85773393938"
7/19/17,"6,677.92780337972",40.71099392663,"6,684.93357609018","6,654.64470557155"
7/18/17,"6,637.21680945309",45.55533240937,"6,637.72966127628","6,567.35298857837"
7/17/17,"6,591.66147704372",1.86617998909,"6,615.26053894968","6,580.95230432134"
7/14/17,"6,589.79529705463",50.48625290852,"6,597.37913908709","6,546.64013538177"
7/13/17,"6,539.30904414611",16.26048624885,"6,553.78178720002","6,520.41951562379"
7/12/17,"6,523.04855789726",78.05493838471,"6,529.87929090493","6,489.97313627253"
7/11/17,"6,444.99361951255",17.66197859781,"6,454.15264124802","6,396.99254521595"
7/10/17,"6,427.33164091474",42.53442080709,"6,443.65702164599","6,377.78935833303"
7/7/17,"6,384.79722010765",66.10585669751,"6,403.47620139455","6,342.33122978139"
7/6/17,"6,318.69136341014",-57.46642136736,"6,353.61348591321","6,298.07665969795"
7/5/17,"6,376.07194923530",58.52411054736,"6,392.74982735135","6,313.82817931803"
7/3/17,"6,316.11941891915",-56.38141859277,"6,415.45318721665","6,311.12680857525"
6/30/17,"6,372.50083751192",-6.88700595317,"6,411.96936794544","6,362.14462731868"
6/29/17,"6,378.65350350504",-112.84872611864,"6,458.35583368515","6,318.19761309722"
6/28/17,"6,491.50222962368",91.88065913401,"6,496.24106899252","6,387.13311649532"
6/27/17,"6,399.16792899689",-119.58665842324,"6,500.08511695594","6,399.16792899689"
6/26/17,"6,518.75458742013",-28.79068518309,"6,594.98798064555","6,505.52900616082"
6/23/17,"6,547.54527260322",26.21659980306,"6,555.67090919339","6,498.56825483919"
6/22/17,"6,521.32867280016",-2.84787698441,"6,546.81294459770","6,507.79364147606"
6/21/17,"6,524.17654978457",63.27744037727,"6,527.02816865561","6,472.97343904338"
6/20/17,"6,460.89910940730",-51.80146307620,"6,512.64383452348","6,459.43418880486"
6/19/17,"6,512.70057248350",102.38122579747,"6,517.37477900884","6,458.84753385036"
6/16/17,"6,410.13529392832",-21.89506749773,"6,426.22697248324","6,382.08705451488"
6/15/17,"6,432.03036142605",-29.53693039199,"6,439.34599597142","6,357.22448714432"
6/14/17,"6,461.16681039679",-27.92063820058,"6,514.33048981261","6,410.72381436810"
6/13/17,"6,488.42209573460",49.22562100313,"6,498.25828259710","6,440.31184430787"
6/12/17,"6,439.12844682118",-38.08806516787,"6,448.17981361236","6,354.70498632680"
6/9/17,"6,477.21651198905",-161.70845277012,"6,652.90356124863","6,382.25446551912"
6/8/17,"6,638.92496475917",8.69327568950,"6,650.07046381401","6,602.10292142799"
6/7/17,"6,630.23168906967",23.48401185765,"6,636.55090533636","6,594.56062770175"
6/6/17,"6,605.85642832637",-24.07862930935,"6,644.33144821718","6,596.33136658318"
6/5/17,"6,629.93505763572",-3.76897783390,"6,642.11729243196","6,622.00540508906"
6/2/17,"6,633.58688431261",73.25168587506,"6,633.58688431261","6,570.74812453720"
6/1/17,"6,560.27347854453",31.25319473927,"6,560.37456836357","6,518.97072020256"
5/31/17,"6,529.02028380526",-6.57570679315,"6,556.60574987891","6,499.41988919134"
5/30/17,"6,535.59599059841",7.07477506328,"6,541.63387258920","6,520.63632957152"
5/26/17,"6,528.42991009152",11.25952055747,"6,530.50010147998","6,509.65379268550"
5/25/17,"6,516.16517336496",54.21092762605,"6,532.80147465375","6,471.56052668461"
5/24/17,"6,461.95424573891",30.39665972626,"6,464.51200028212","6,433.60968046939"
5/23/17,"6,431.47828252869",4.44507544015,"6,446.36991413615","6,416.64975682866"
5/22/17,"6,426.78570462097",53.94579843262,"6,428.64174564821","6,384.14884087914"
5/19/17,"6,372.83990618835",28.47605441916,"6,397.71922003566","6,360.56957529345"
5/18/17,"6,344.20968278421",51.59982052743,"6,365.37413491869","6,278.99078486189"
5/17/17,"6,292.48627566141",-162.21824752515,"6,414.46133945797","6,289.79381894983"
5/16/17,"6,453.65309132541",22.48866164790,"6,453.96341021089","6,425.45633334318"
5/15/17,"6,427.82169269077",19.90739252638,"6,430.22097963575","6,403.73264693703"
5/12/17,"6,407.08625983558",14.18634874860,"6,407.76920769583","6,390.44055200880"
5/11/17,"6,392.71481717459",-8.40297880653,"6,394.15349368896","6,351.25234990491"
5/10/17,"6,397.80522724485",3.79553813822,"6,400.00860098020","6,375.01909947653"
5/9/17,"6,393.79508958521",21.66350591656,"6,408.31538972236","6,377.68274275328"
5/8/17,"6,371.72579111220",14.60812597387,"6,371.72579111220","6,348.00459763890"
5/5/17,"6,356.91031704646",22.26802055128,"6,356.91031704646","6,327.08489618783"
5/4/17,"6,334.64229649518",1.30372165338,"6,342.72425066311","6,311.82540751653"
5/3/17,"6,333.33857484180",-21.28643483678,"6,338.54024641269","6,314.20384545731"
5/2/17,"6,353.34205621913",16.25090891325,"6,354.48492014572","6,332.42629943270"
5/1/17,"6,337.09114730588",51.89549488293,"6,349.30039823675","6,304.08919368699"
4/28/17,"6,285.19565242295",13.78607783071,"6,303.73415450477","6,275.82497797387"
4/27/17,"6,271.40957459224",33.98859331150,"6,273.63267948376","6,249.19804990041"
4/26/17,"6,236.86383684430",-8.00050367394,"6,262.62026957889","6,233.37911215519"
4/25/17,"6,244.86434051824",45.20327573479,"6,255.82717505898","6,214.84395971408"
4/24/17,"6,199.66106478345",74.26878190924,"6,205.89412488188","6,184.38261298592"
4/21/17,"6,125.30191449652",-1.66896104484,"6,135.16478652661","6,111.99197530205"
4/20/17,"6,126.97087554136",49.40691984445,"6,140.87098906257","6,092.96076588466"
4/19/17,"6,077.56395569691",8.98199440606,"6,112.86520521075","6,069.27916979903"
4/18/17,"6,068.58196129085",-8.48661030195,"6,084.21219311064","6,053.11517225084"
4/17/17,"6,077.06857159280",51.33614728064,"6,077.06857159280","6,041.49337100022"
4/13/17,"6,025.73242431216",-26.38782506514,"6,076.83538037063","6,025.73242431216"
4/12/17,"6,052.12024937730",-24.05148201217,"6,077.46564088292","6,044.47561568355"
4/11/17,"6,076.17173138947",-26.20328815024,"6,103.62229723953","6,031.98428884701"
4/10/17,"6,102.37501953971",3.72550396933,"6,126.04777426177","6,085.38328453534"
4/7/17,"6,098.64951557038",-2.82561378970,"6,116.44302944638","6,078.06542391928"
4/6/17,"6,101.47512936008",2.65127010852,"6,117.43272909419","6,086.83583771583"
4/5/17,"6,098.73887169457",-24.63009489627,"6,167.77693738683","6,088.06401958496"
4/4/17,"6,123.36896659084",9.23533058064,"6,124.41854052200","6,095.11764587527"
4/3/17,"6,112.71365553851",-4.53691935327,"6,136.61274641743","6,080.20422109789"
3/31/17,"6,116.52183655181",-3.94853857154,"6,133.69647924392","6,106.70017759746"
3/30/17,"6,120.47037512335",10.65967194624,"6,128.08113533608","6,104.21771704062"
3/29/17,"6,109.81070317711",25.94313727748,"6,113.29052890301","6,081.49630828589"
3/28/17,"6,083.42346079741",37.05272391870,"6,100.34412997741","6,034.01369574800"
3/27/17,"6,046.15024929719",11.56261578170,"6,056.21423882623","5,980.61591580842"
3/24/17,"6,034.58763351549",9.95901679975,"6,066.40393856598","6,014.27205734496"
3/23/17,"6,024.62861671574",-13.96356593115,"6,047.44875797163","6,014.67475932447"
3/22/17,"6,038.59218264689",39.40071282698,"6,043.89243495289","5,993.24872400083"
3/21/17,"5,999.19146981991",-90.87363270637,"6,119.62497063239","5,994.89577682708"
3/20/17,"6,090.06510252628",5.11219258888,"6,104.86881373426","6,075.27630986483"
3/17/17,"6,084.77113108908",-3.73031718909,"6,101.10462821388","6,082.57688854610"
3/16/17,"6,088.50144827817",-4.69336398763,"6,101.52869668859","6,074.09301946018"
3/15/17,"6,092.79973366455",38.34190612640,"6,104.71517624068","6,047.38321355371"
3/14/17,"6,054.45782753815",-13.95356063087,"6,057.50469937397","6,030.30764512882"
3/13/17,"6,067.74362247644",9.75570003386,"6,069.78539525290","6,053.62089387190"
3/10/17,"6,057.59470655753",24.65030185665,"6,067.44977738783","6,033.07155263370"
3/9/17,"6,032.94440470088",4.69848250789,"6,040.46007575393","6,001.56469534149"
3/8/17,"6,028.24592219299",9.58580647520,"6,046.19676236874","6,015.78847708978"
3/7/17,"6,018.28642247524",-10.15729118012,"6,043.00360724971","6,007.20471666926"
3/6/17,"6,028.40626522649",-14.80576784036,"6,037.35055288489","6,004.00121877493"
3/3/17,"6,043.14062150554",11.49277668653,"6,043.14062150554","6,010.53306880600"
3/2/17,"6,031.64784481901",-31.18645580981,"6,059.16530647002","6,022.95381819505"
3/1/17,"6,062.83430062882",68.23789502605,"6,071.20167940649","6,022.79609516453"
2/28/17,"5,993.80953988769",-19.39040359985,"6,013.10522627928","5,978.51551546505"
2/27/17,"6,013.10885025391",4.76136015544,"6,013.48542344366","5,984.53474078886"
2/24/17,"6,007.58483761173",12.30180308339,"6,007.58483761173","5,963.39280697166"
2/23/17,"5,995.11876887476",-22.21715167341,"6,024.52737766139","5,969.95490503977"
2/22/17,"6,017.30523039429",1.58357700139,"6,020.21933567693","5,998.94386623117"
2/21/17,"6,015.39890626528",29.23481785822,"6,018.13600175724","5,992.63225446988"
2/17/17,"5,986.16408840706",27.07288565533,"5,986.16408840706","5,949.03738560899"
2/16/17,"5,958.98589952922",-1.97162912410,"5,977.14568612167","5,944.26083215553"
2/15/17,"5,960.88155788367",35.20954768626,"5,963.07085397111","5,918.21682906189"
2/14/17,"5,925.62645990085",16.01848954261,"5,925.65900519897","5,889.24256258746"
2/13/17,"5,906.42509454416",33.84557795533,"5,912.71603901588","5,888.66186061366"
2/10/17,"5,871.26908369518",16.32153415650,"5,879.79000225946","5,855.70998365766"
2/9/17,"5,854.86565415179",17.49103292726,"5,865.48887764125","5,836.80455820905"
2/8/17,"5,834.36700587021",12.01232112256,"5,839.96793459975","5,803.38912254700"
2/7/17,"5,822.13820198029",20.11156425456,"5,833.80434605847","5,809.18967597581"
2/6/17,"5,801.67266426383",7.14543626037,"5,801.67266426383","5,779.33252365880"
2/3/17,"5,794.44646526433",15.59629054976,"5,798.79605591442","5,778.71520381095"
2/2/17,"5,777.60947942556",-5.59552320679,"5,794.29036324738","5,756.35270650376"
2/1/17,"5,783.20500263235",40.31485822336,"5,794.17128345808","5,756.50322190299"
1/31/17,"5,742.89014440899",-14.09788409705,"5,742.93146295123","5,708.72517441384"
1/30/17,"5,756.93767938290",-43.46855096540,"5,776.63008226716","5,722.15809473052"
1/27/17,"5,800.09416144920",12.49964040663,"5,804.99859062244","5,780.02424423835"
1/26/17,"5,787.11096983642",6.11659564272,"5,799.77108079444","5,778.05763531379"
1/25/17,"5,780.99437419370",56.56710766125,"5,782.90848994188","5,755.77839464806"
1/24/17,"5,724.42726653245",39.68533779032,"5,732.45495666590","5,687.73644202018"
1/23/17,"5,684.74192874213",2.80942737652,"5,693.19965055369","5,650.84182978190"
1/20/17,"5,681.93250136561",13.49917200412,"5,706.77832703943","5,667.14221109149"
1/19/17,"5,668.43332936149",-5.25597885575,"5,699.00453573054","5,657.25736800201"
1/18/17,"5,673.68930821724",12.56741978008,"5,676.32263043258","5,654.98185554398"
1/17/17,"5,661.12188843716",-16.67267340976,"5,670.71832514161","5,644.23795346810"
1/13/17,"5,677.79456184692",20.29279522850,"5,686.14176187118","5,662.54412304861"
1/12/17,"5,657.50176661842",-9.85707017711,"5,660.79914096344","5,605.47718761792"
1/11/17,"5,667.35883679553",16.88076128979,"5,667.35883679553","5,625.20667762843"
1/10/17,"5,650.47807550574",11.52310123595,"5,666.93479185822","5,629.18138134618"
1/9/17,"5,638.95497426979",20.00081252651,"5,648.40627371710","5,621.61861116031"
1/6/17,"5,618.95416174328",47.27097484583,"5,634.24146262117","5,563.68037889924"
1/5/17,"5,571.59874829188",31.13791945256,"5,574.90701449683","5,538.37098070255"
1/4/17,"5,540.46082883932",29.02581373203,"5,548.92008866258","5,520.93660126808"
1/3/17,"5,510.17247095306",53.53185278626,"5,529.42074207555","5,480.09195615607"
12/30/16,"5,456.64061816680",-61.32089892785,"5,527.92098176073","5,445.76974513407"
12/29/16,"5,517.32754907395",-8.97819553396,"5,534.63436406748","5,500.49882021905"
12/28/16,"5,526.30574460791",-44.33174273872,"5,584.80024518559","5,521.59830230867"
12/27/16,"5,570.19832339527",28.92218769230,"5,599.66609316456","5,549.76378725319"
12/23/16,"5,541.27613570297",6.31793590457,"5,541.29230687936","5,522.11886773968"
12/22/16,"5,534.95819979840",-16.28033637747,"5,550.62686920942","5,515.82546087509"
12/21/16,"5,551.23853617587",-5.49403058103,"5,560.82210387956","5,539.27352092686"
12/20/16,"5,556.73256675690",21.26277156624,"5,565.41924379415","5,546.09956235101"
12/19/16,"5,535.46979519066",22.41455620775,"5,567.04751058253","5,509.56253505259"
12/16/16,"5,512.87578597122",-20.79882080582,"5,554.69021857203","5,501.11261534245"
12/15/16,"5,533.67460677704",13.67122511557,"5,563.39461861158","5,518.42474021306"
12/14/16,"5,520.00338166147",-16.39665791885,"5,558.16926459871","5,508.27278394989"
12/13/16,"5,535.99085230212",69.01444388715,"5,563.63142211956","5,484.75477809002"
12/12/16,"5,466.30893462223",-24.22998058121,"5,476.04153565701","5,443.84857036629"
12/9/16,"5,490.46912154942",41.17673087662,"5,491.96880284670","5,469.47407033363"
12/8/16,"5,449.29239067280",8.12651890280,"5,460.92914276478","5,431.18406402570"
12/7/16,"5,441.16587177000",70.94809475273,"5,443.83900003957","5,344.16787461144"
12/6/16,"5,369.96614472804",11.80889019870,"5,378.83159096957","5,348.34259381813"
12/5/16,"5,358.15725452934",43.47404571594,"5,377.38154636828","5,319.34375056942"
12/2/16,"5,314.63101546653",5.91687237012,"5,336.67005403262","5,294.49259909237"
12/1/16,"5,308.71414309641",-86.02973141110,"5,394.32344406856","5,296.91413527564"
11/30/16,"5,394.74387450751",-69.95817077539,"5,473.17202626157","5,394.74387450751"
11/29/16,"5,463.87018786619",18.15029612656,"5,490.06048818172","5,436.60229635245"
11/28/16,"5,445.62936767416",-14.56866403115,"5,470.12557631212","5,440.79863161846"
11/25/16,"5,459.27773184296",18.10960100420,"5,460.26663531998","5,440.24802860721"
11/23/16,"5,441.16813083876",-22.39678424806,"5,447.67330648336","5,417.32590229709"
11/22/16,"5,463.49245774291",16.63824729583,"5,475.58074193039","5,449.18255625078"
11/21/16,"5,446.49715465426",57.11659313511,"5,450.12515250417","5,402.30756518273"
11/18/16,"5,389.26723336847",-20.78757027213,"5,425.99525005228","5,385.23036127988"
11/17/16,"5,409.92960326644",38.46641782272,"5,410.11215270202","5,359.64331241576"
11/16/16,"5,371.34345732571",31.15213312146,"5,373.92517442742","5,316.06106607644"
11/15/16,"5,340.10995290809",69.92114503434,"5,355.98987556385","5,299.23224955382"
11/14/16,"5,266.31493949908",-55.88737706314,"5,323.68290339489","5,238.72974123365"
11/11/16,"5,321.47884207700",5.51313542068,"5,330.29621125134","5,276.69471351573"
11/10/16,"5,315.96570665632",-87.52324741224,"5,437.76003838937","5,247.32863946432"
11/9/16,"5,403.48895406856",22.69245566894,"5,412.18009458888","5,316.33017056382"
11/8/16,"5,380.76548582106",34.92910743521,"5,403.21470147437","5,327.37650687828"
11/7/16,"5,345.83637838585",126.84665279034,"5,349.56751182620","5,298.86689951161"
11/4/16,"5,218.94258943332",-20.88107689080,"5,260.91537691251","5,204.53447394167"
11/3/16,"5,239.74283553150",-53.48315159892,"5,299.15088366195","5,232.97533838033"
11/2/16,"5,288.53772781140",-44.78467931271,"5,340.82785358350","5,278.08615899224"
11/1/16,"5,333.13209660216",-38.41211205499,"5,382.45275793741","5,287.72715031132"
10/31/16,"5,371.54420865715",-4.83587831858,"5,396.87843073822","5,371.42252345177"
10/28/16,"5,376.38008697573",-34.51784201429,"5,424.43193984160","5,363.49138324121"
10/27/16,"5,410.73782583503",-27.01270400964,"5,465.98209752089","5,405.41994714662"
10/26/16,"5,437.75052984467",-34.52623538729,"5,466.52809481037","5,421.91711334162"
10/25/16,"5,472.27676523196",-20.71254951728,"5,494.99645536525","5,466.05827467661"
10/24/16,"5,492.98931474924",65.00775659985,"5,494.79756115279","5,460.31842369223"
10/21/16,"5,427.98155814939",21.42466289801,"5,429.93786883835","5,395.44479501815"
10/20/16,"5,406.47320796842",-4.36282979088,"5,417.22642435029","5,376.41458544653"
10/19/16,"5,410.83603775930",-3.48067486156,"5,420.30573412536","5,404.19822214573"
10/18/16,"5,414.31671262086",48.72201169662,"5,437.76317869263","5,411.61802491760"
10/17/16,"5,365.59470092424",-13.77759961582,"5,386.52135362111","5,359.19773943737"
10/14/16,"5,379.37230054006",6.02227684785,"5,421.33211515631","5,377.41180669223"
10/13/16,"5,373.35002369221",-18.49593113450,"5,388.14652440006","5,325.21382648116"
10/12/16,"5,391.84595482671",-2.54915641964,"5,410.76397872136","5,376.96511186283"
10/11/16,"5,394.39511124635",-80.38474942560,"5,470.75822108770","5,374.62622956304"
10/10/16,"5,474.77986067195",32.71697929523,"5,487.03400714718","5,465.62737430079"
10/7/16,"5,442.06288137672",-10.51756238855,"5,464.63059003059","5,415.66893769146"
10/6/16,"5,452.58044376527",-4.27921452664,"5,463.81870169559","5,427.52396206169"
10/5/16,"5,456.85965829191",20.45192305180,"5,472.07513330732","5,449.10188600639"
10/4/16,"5,436.27243220291",-8.00761484597,"5,472.10410509550","5,416.41789203776"
10/3/16,"5,444.28004704888",-10.14509260926,"5,450.44828797525","5,423.68771727372"
9/30/16,"5,452.52161611780",41.82146386522,"5,467.66104171355","5,420.32271336184"
9/29/16,"5,410.70015225258",-41.34182903240,"5,452.31901055578","5,389.13441329373"
9/28/16,"5,452.00036108485",9.57424573206,"5,454.27343545524","5,423.78473791008"
9/27/16,"5,441.98542826232",55.39468762865,"5,443.85551524857","5,380.00716043198"
9/26/16,"5,386.59074063367",-46.67531686101,"5,409.14549511359","5,381.16491820955"
9/23/16,"5,433.26605749468",-36.29046126802,"5,459.55910278120","5,427.11460901820"
9/22/16,"5,469.55651876270",42.06039830689,"5,474.17839367115","5,452.79244565038"
9/21/16,"5,427.42897044836",54.26344326028,"5,432.82556538517","5,364.97931511337"
9/20/16,"5,373.09173017614",10.22986790228,"5,394.33082468310","5,364.77282010784"
9/19/16,"5,362.86186227386",-24.57964433506,"5,416.18192503552","5,353.21401090654"
9/16/16,"5,387.25890203852",-2.06085879018,"5,391.50605723414","5,360.59167317816"
9/15/16,"5,389.31976082870",82.55336430574,"5,396.17026651147","5,309.68342679926"
9/14/16,"5,306.57441657955",25.95758054563,"5,333.77550021189","5,284.97840447664"
9/13/16,"5,279.99482092313",-46.73961330830,"5,317.28726857000","5,256.45359438036"
9/12/16,"5,326.73443423143",92.91613122189,"5,335.44584790171","5,205.83899812907"
9/9/16,"5,233.44348869640",-136.90043490479,"5,336.55272457776","5,233.44348869640"
9/8/16,"5,370.34392360119",-31.14827715263,"5,384.30069212604","5,356.05544744787"
9/7/16,"5,401.49220075382",2.62626855129,"5,410.13323266564","5,381.51889045210"
9/6/16,"5,398.63321966751",34.39727968454,"5,398.63321966751","5,362.67529799613"
9/2/16,"5,364.23593998297",16.54685531278,"5,384.30748466103","5,345.09105287191"
9/1/16,"5,347.68908467019",14.40209635888,"5,352.15802565828","5,310.01647496235"
8/31/16,"5,333.28698831131",-5.52247095095,"5,337.90869849906","5,311.64379460923"
8/30/16,"5,338.75717554539",-16.86958508581,"5,362.93586378509","5,321.19159109532"
8/29/16,"5,355.62676063120",8.26206111867,"5,370.52681023316","5,348.40566700681"
8/26/16,"5,346.39123125260",9.24141702770,"5,382.02528546730","5,317.78334156409"
8/25/16,"5,337.14981422490",-9.00847569423,"5,356.19810387616","5,328.85197465768"
8/24/16,"5,346.15828991913",-39.10457710830,"5,388.41513567700","5,331.90772564908"
8/23/16,"5,384.43550957261",11.08642409074,"5,404.51042988330","5,382.50957338826"
8/22/16,"5,373.04851715425",2.70386354073,"5,382.88062599059","5,353.49406686774"
8/19/16,"5,370.34465361352",-2.84480975711,"5,381.36596639687","5,348.14950228863"
8/18/16,"5,373.06482001205",3.61040668815,"5,379.60898012266","5,356.98030228428"
8/17/16,"5,369.33566324384",9.23477193571,"5,371.11795225983","5,332.43879100805"
8/16/16,"5,359.71063470689",-33.41997266001,"5,379.55630161750","5,359.41289749541"
8/15/16,"5,390.31556582573",22.37461399783,"5,402.10102869065","5,373.94304235313"
8/12/16,"5,367.21772345887",4.20021633760,"5,367.72110972116","5,348.69611760324"
8/11/16,"5,363.01750712127",22.24225212571,"5,374.23561206946","5,348.87885406014"
8/10/16,"5,340.74442578929",-13.79444846723,"5,359.14898418668","5,328.00229597498"
8/9/16,"5,354.19405553593",12.28696801486,"5,371.23728323897","5,343.73701745280"
8/8/16,"5,341.82648376843",-7.21939148964,"5,352.31734285986","5,325.61652083578"
8/5/16,"5,349.04587525807",52.91584854325,"5,358.70363066296","5,318.19947636083"
8/4/16,"5,296.13002671482",10.58142629102,"5,302.01699676965","5,268.45350554024"
8/3/16,"5,282.54475328156",16.86290070617,"5,282.54475328156","5,257.75163694963"
8/2/16,"5,264.44530878463",-41.07886809645,"5,301.34211832400","5,231.35523996760"
8/1/16,"5,305.19114715323",28.78834242253,"5,317.68360013926","5,274.73367579223"
7/29/16,"5,276.40280473070",9.84060215391,"5,290.93054667932","5,260.27084292684"
7/28/16,"5,266.56220257679",20.66107003669,"5,271.43870186518","5,238.31667533090"
7/27/16,"5,245.37481334907",34.32223521545,"5,260.08016972581","5,225.55019419665"
7/26/16,"5,211.05257813362",6.89699435647,"5,228.66333854556","5,185.18941287484"
7/25/16,"5,204.15558377715",-0.15966119784,"5,205.44883822937","5,186.94580229819"
7/22/16,"5,204.31524497499",21.25342270528,"5,209.30214926250","5,169.90313837268"
7/21/16,"5,182.97848367118",-11.35860973359,"5,208.08442415639","5,168.54355907654"
7/20/16,"5,194.33709340477",60.13405026844,"5,203.78419933900","5,157.23174559208"
7/19/16,"5,134.20304313633",-18.28704071179,"5,150.02452251265","5,125.38988252742"
7/18/16,"5,152.49008384812",33.29488763333,"5,161.29257877409","5,121.42295704120"
7/15/16,"5,119.19519621479",-7.42832586729,"5,138.54236136488","5,108.04129895337"
7/14/16,"5,126.62352208208",34.26038589278,"5,135.85123298603","5,114.59627080559"
7/13/16,"5,092.31024338399",-13.20694227812,"5,119.28185218783","5,092.23089183264"
7/12/16,"5,105.51718566211",25.54339517716,"5,117.37006436145","5,097.65448709419"
7/11/16,"5,079.97379048495",29.38360553088,"5,096.99185384687","5,068.39415856590"
7/8/16,"5,050.59018495407",76.71074484625,"5,052.10428855666","4,992.74512098453"
7/7/16,"4,973.80552095025",16.59791889529,"4,983.53798310851","4,950.62134800283"
7/6/16,"4,957.20760205496",37.87069390485,"4,960.02679107879","4,880.27584653861"
7/5/16,"4,919.33690815011",-29.76825122687,"4,927.47288711882","4,892.37237371720"
7/1/16,"4,947.84617729936",22.01434140324,"4,966.14971365583","4,919.20878692436"
6/30/16,"4,925.19181934188",59.04482789784,"4,925.48556953088","4,860.39094965427"
6/29/16,"4,866.14699144404",82.79914001886,"4,876.43290745339","4,818.90553894654"
6/28/16,"4,783.17064529754",99.67554897277,"4,784.24192421291","4,732.81151788834"
6/27/16,"4,683.24113613117",-94.36190467798,"4,736.69259115116","4,659.47509524411"
6/24/16,"4,777.60304080915",-202.64489260861,"4,875.08732483737","4,765.15697902285"
6/23/16,"4,980.24793341776",69.95807113937,"4,980.24793341776","4,927.49622490469"
6/22/16,"4,910.28986227839",-9.67388977477,"4,951.85889306508","4,906.00566935681"
6/21/16,"4,919.94627965780",0.00000000000,0.00000000000,0.00000000000
6/20/16,"4,905.17991655354",28.73625500685,"4,954.12609456149","4,902.06075524491"
6/17/16,"4,876.44366154669",-55.57468980328,"4,915.87557708444","4,864.46389800378"
6/16/16,"4,932.01835134997",16.41373675033,"4,936.51841373024","4,862.81820815234"
6/15/16,"4,915.60461459964",-17.16885135540,"4,949.15963086637","4,910.10961134271"
6/14/16,"4,932.56451022471",2.39866354575,"4,949.08415649570","4,896.36564751615"
6/13/16,"4,929.54351452619",-42.67647511957,"4,972.45970946122","4,926.17103725889"
6/10/16,"4,972.08574356184",-57.55546244632,"4,993.74626643773","4,956.79800008957"
6/9/16,"5,029.64120600816",-8.84875046570,"5,036.11547157910","5,009.65607693427"
6/8/16,"5,038.48995647386",8.40459329968,"5,047.92100910484","5,021.50766889314"
6/7/16,"5,029.42428328752",-11.75302073370,"5,050.83529010683","5,027.56406335651"
6/6/16,"5,041.17730402122",15.42400539780,"5,055.57002715798","5,026.34775021852"
6/3/16,"5,025.65975006277",-24.02218571190,"5,040.77643361741","4,993.35096620684"
6/2/16,"5,049.62897947351",12.57110906968,"5,049.62897947351","5,001.40984993043"
6/1/16,"5,037.05787040383",-4.26199986398,"5,048.56229461953","5,017.79343816615"
5/31/16,"5,041.31987026781",12.64994763547,"5,044.60371114306","5,012.07536584455"
5/27/16,"5,028.66992263234",27.38799969929,"5,028.66992263234","5,002.61411677170"
5/26/16,"5,000.51466477566",12.84254682622,"5,007.27955300605","4,980.23598727131"
5/25/16,"4,987.50423405515",35.80043841772,"5,000.96972313771","4,961.45238771580"
5/24/16,"4,950.90216499419",99.35911629386,"4,956.37760557970","4,879.78853247186"
5/23/16,"4,851.23877196194",-8.69255323943,"4,881.65093182845","4,849.30451256673"
5/20/16,"4,859.87801055749",52.71488325767,"4,878.89959954676","4,822.75278985296"
5/19/16,"4,807.16312729982",-25.23414720523,"4,824.98327790132","4,772.39436872379"
5/18/16,"4,832.39727450505",17.46091763245,"4,857.66137125258","4,796.18776948331"
5/17/16,"4,814.86273629587",-64.48342516964,"4,884.44378049103","4,802.19512882024"
5/16/16,"4,876.30159846914",60.05418789255,"4,893.23774482804","4,819.98235404465"
5/13/16,"4,815.79013286507",-18.11631967137,"4,857.76203719600","4,807.07581983895"
5/12/16,"4,833.17897377312",-20.28214153378,"4,872.18660260718","4,799.87499055398"
5/11/16,"4,853.43006820594",-45.63378303323,"4,905.62600840885","4,853.09384411727"
5/10/16,"4,898.98976861242",67.67127238093,"4,901.26855615751","4,842.36547218311"
5/9/16,"4,831.27029478407",12.31124220240,"4,854.24360556113","4,818.66611422889"
5/6/16,"4,818.95905258167",23.01744793731,"4,819.04125803641","4,765.35531798356"
5/5/16,"4,795.76098254963",-2.81287042600,"4,822.04407332655","4,784.77578681957"
5/4/16,"4,795.37258860063",-32.66321669410,"4,813.38643152201","4,783.20368438115"
5/3/16,"4,826.84892840719",-44.37219015744,"4,857.27817180502","4,813.91750194047"
5/2/16,"4,870.93547098621",44.47501764516,"4,877.24021654009","4,818.99862399125"
4/29/16,"4,826.40218645273",-25.22939173844,"4,861.60956936919","4,788.38527813255"
4/28/16,"4,851.63157819117",-58.51974016275,"4,944.12828652400","4,841.97246939329"
4/27/16,"4,909.78223920168",-40.38607412950,"4,920.49888825501","4,870.35887432274"
4/26/16,"4,949.97711377435",-23.52821559024,"4,991.21682819129","4,934.87590386730"
4/25/16,"4,973.50532936459",-0.06730814353,"4,974.21355823605","4,949.86948403837"
4/22/16,"4,973.57263750812",-74.03944036369,"5,004.91764869754","4,935.72198408394"
4/21/16,"5,047.52845317100",0.40053002410,"5,067.38877635885","5,027.57618514517"
4/20/16,"5,047.12792314690",3.72215130627,"5,071.46854081407","5,028.73897173757"
4/19/16,"5,043.40577184063",-31.49335760881,"5,084.86119609731","5,019.94535154113"
4/18/16,"5,074.89912944944",24.74434027709,"5,080.63239989290","5,036.76026740054"
4/15/16,"5,050.15478917235",-12.74259528549,"5,067.67548943391","5,036.64020696997"
4/14/16,"5,062.89738445784",-0.10837869752,"5,079.69314779973","5,048.48438755918"
4/13/16,"5,063.00576315536",65.22547347091,"5,068.99467281062","5,029.14518061854"
4/12/16,"4,997.78028968445",41.50617130878,"5,006.50603578643","4,929.97855624066"
4/11/16,"4,956.27411837567",-18.03008183032,"5,020.07573397144","4,956.01432201065"
4/8/16,"4,974.30420020599",-0.40024412376,"5,019.86721701721","4,957.22784434712"
4/7/16,"4,974.70444432975",-76.13840426615,"5,030.73286702599","4,957.40414727117"
4/6/16,"5,050.76855275696",81.18068897675,"5,051.66487122037","4,975.81163126283"
4/5/16,"4,969.49486345198",-45.52463780815,"4,996.13242299539","4,963.15416744757"
4/4/16,"5,015.01950126013",-22.64313527714,"5,039.15821596486","5,006.06621018596"
4/1/16,"5,035.75002132034",53.80875410038,"5,038.23890199007","4,946.89327937176"
3/31/16,"4,981.94126721996",-8.02299010119,"5,004.81649488709","4,975.80358664563"
3/30/16,"4,989.96425732115",25.73006654838,"5,020.29624995089","4,979.92557428251"
3/29/16,"4,964.12162210495",77.38807527292,"4,968.61976623774","4,871.40444331388"
3/28/16,"4,886.47559994121",-8.29567751848,"4,908.14567760942","4,880.93343661351"
3/24/16,"4,894.58646092908",3.30355443431,"4,895.09784487387","4,860.34380776532"
3/23/16,"4,891.28290649477",-38.95199296524,"4,927.06211583989","4,882.84109175799"
3/22/16,"4,930.23489946001",11.82317841640,"4,944.83082885030","4,889.84394291505"
3/21/16,"4,918.41172104361",17.94190009582,"4,922.26352725189","4,888.82808627164"
3/18/16,"4,900.46982094779",11.73748012503,"4,911.63634193135","4,874.89012753112"
3/17/16,"4,888.73234082276",-4.37588236289,"4,902.97200172607","4,862.74192952289"
3/16/16,"4,893.10822318565",41.23404044564,"4,906.33499080562","4,841.49231648289"
3/15/16,"4,851.07267009250",-0.27466835527,"4,855.74825214422","4,820.83741094931"
3/14/16,"4,851.34733844777",6.10784817665,"4,863.58821513023","4,829.38380418824"
3/11/16,"4,844.64375658642",83.15020164916,"4,844.64375658642","4,798.79552459481"
3/10/16,"4,761.49355493726",-6.95956237568,"4,815.21165417639","4,700.53455502122"
3/9/16,"4,768.40015930361",30.78875544999,"4,768.40015930361","4,729.35526134384"
3/8/16,"4,737.24295873455",-42.00679412785,"4,785.36180755658","4,729.81897797157"
3/7/16,"4,779.21796780677",-28.50327099073,"4,809.14074595437","4,743.93839758695"
3/4/16,"4,807.39164984488",3.48519446889,"4,837.75063737033","4,776.68862412688"
3/3/16,"4,803.90645537599",-9.46633536269,"4,810.16013403991","4,771.09575666023"
3/2/16,"4,813.37279073868",0.85744706308,"4,814.53581365194","4,776.39933568636"
3/1/16,"4,812.51534367560",147.13841923519,"4,812.51534367560","4,692.93372742881"
2/29/16,"4,665.37692444041",-38.30402359094,"4,734.42600090471","4,664.30320334871"
2/26/16,"4,702.85204866576",-6.04299926073,"4,747.49679153253","4,693.61117926265"
2/25/16,"4,708.89504792649",44.85461247875,"4,709.10965331654","4,633.61150043727"
2/24/16,"4,663.87188913724",42.32124888411,"4,669.77752082167","4,538.92197847397"
2/23/16,"4,621.42476413424",-76.30167782716,"4,682.98144155522","4,617.00200272914"
2/22/16,"4,697.54940344342",74.58370538851,"4,701.82075141597","4,662.75549500443"
2/19/16,"4,622.96569805491",13.98347420078,"4,635.16516696435","4,575.78641579689"
2/18/16,"4,608.98222385413",-52.85601456217,"4,676.79520851162","4,602.99708051059"
2/17/16,"4,661.71477633357",105.21370571777,"4,667.84386014087","4,580.37284947218"
2/16/16,"4,556.50107061580",94.45028354593,"4,556.50107061580","4,496.09322121066"
2/12/16,"4,458.73082336812",63.19478740231,"4,461.98451974955","4,399.43438927661"
2/11/16,"4,395.41184621467",-4.49298698480,"4,424.78428234336","4,329.56651417993"
2/10/16,"4,399.10042922008",20.48542008136,"4,486.93912423556","4,395.13078905292"
2/9/16,"4,378.29120062350",-14.27002353650,"4,445.12176977367","4,328.31571798407"
2/8/16,"4,392.51337404942",-70.75757431752,"4,412.94525993729","4,312.78668807360"
2/5/16,"4,463.21026191810",-158.91408961166,"4,605.44468949220","4,445.44489927248"
2/4/16,"4,621.94298080326",-4.65055150210,"4,658.75892004916","4,569.63958213513"
2/3/16,"4,623.80406686931",-23.41545634267,"4,674.98020158232","4,543.22107995378"
2/2/16,"4,646.03931279426",-103.54461732915,"4,725.74628006619","4,632.15854707717"
2/1/16,"4,749.29829778695",8.18432944880,"4,765.99608663449","4,695.71757260994"
1/29/16,"4,741.11396833815",103.15981209968,"4,741.11396833815","4,636.01700314501"
1/28/16,"4,637.95415623847",63.36755841243,"4,650.60442018034","4,560.89168477879"
1/27/16,"4,574.07023236201",-116.30768477660,"4,681.78156138277","4,555.31729348165"
1/26/16,"4,690.29433458372",41.34152417448,"4,709.25609955342","4,628.25839110911"
1/25/16,"4,648.95281040924",-70.05973769690,"4,728.24802528715","4,645.39843325936"
1/22/16,"4,719.01254810614",129.80673202496,"4,719.87739477789","4,663.03151740653"
1/21/16,"4,589.20581608118",6.99927251250,"4,653.18905072692","4,541.24270256068"
1/20/16,"4,582.20654356868",-11.95753801198,"4,629.12714885681","4,423.38124843289"
1/19/16,"4,594.16408158066",6.63873672992,"4,655.05839111206","4,543.17948259862"
1/15/16,"4,587.52534485074",-146.10301964684,"4,635.82929289433","4,526.26839156247"
1/14/16,"4,733.62836449758",99.53762550513,"4,772.71533335053","4,578.93121113114"
1/13/16,"4,634.09073899245",-166.83595767487,"4,829.49158234845","4,627.64491296721"
1/12/16,"4,800.88238901836",55.57824280975,"4,822.45674928401","4,733.64687144703"
1/11/16,"4,745.30414620861",14.14107260001,"4,775.87231044051","4,672.28121917742"
1/8/16,"4,731.16307360860",-38.70864054111,"4,832.72825976768","4,724.54231316152"
1/7/16,"4,769.87171414971",-153.16247666074,"4,878.30661949837","4,767.58644134968"
1/6/16,"4,922.95791577598",-44.52645276936,"4,949.06370297495","4,884.74351276218"
1/5/16,"4,967.43324823091",-15.15089931439,"5,009.46099935587","4,947.35085653268"
1/4/16,"4,982.58414754530",-105.66203596580,"4,982.58414754530","4,917.54786662865"
12/31/15,"5,086.63222715733",-65.04703829746,"5,141.20398633692","5,086.19435607164"
12/30/15,"5,151.67926545479",-43.26486590380,"5,192.26427799470","5,151.36567945454"
12/29/15,"5,194.94413135859",77.21065712520,"5,207.85870552711","5,143.16455679119"
12/28/15,"5,117.36187091898",-1.57448226641,"5,117.72835482494","5,071.71404166076"
12/24/15,"5,118.93635318539",-2.00958907226,"5,133.13191065797","5,116.75741893298"
12/23/15,"5,120.94594225765",39.12269638072,"5,122.69343197038","5,099.65866803546"
12/22/15,"5,081.82324587693",31.78456844157,"5,089.37607193289","5,050.02253572776"
12/21/15,"5,050.03867743536",50.62830464479,"5,050.21099495818","5,004.94303740236"
12/18/15,"4,998.73877718071",-92.24214068406,"5,085.74005822655","4,996.97142596945"
12/17/15,"5,090.98091786477",-73.54666407292,"5,182.87076336223","5,090.44432164901"
12/16/15,"5,164.52758193769",74.44233585084,"5,174.46178442417","5,074.08246312171"
12/15/15,"5,089.97488014579",30.08155128693,"5,133.63920621992","5,084.87289536425"
12/14/15,"5,059.89332885886",36.08283512800,"5,061.46018944706","4,958.14916017033"
12/11/15,"5,023.20117389249",-116.76963740530,"5,093.32865563811","5,019.31070136505"
12/10/15,"5,139.74260719857",23.14662837395,"5,174.00225736955","5,114.20114783278"
12/9/15,"5,116.53710940410",-80.39342617617,"5,200.78148684842","5,086.50920758446"
12/8/15,"5,196.69219034752",1.26859105985,"5,211.86115964299","5,140.11137954180"
12/7/15,"5,195.42359928767",-24.90390344267,"5,225.52709893431","5,171.34221436965"
12/4/15,"5,220.23502509782",121.05520259971,"5,227.17053899679","5,105.11246590083"
12/3/15,"5,099.17982249811",-87.96298331044,"5,208.78525865611","5,069.47039671012"
12/2/15,"5,187.14280580855",-33.13402138642,"5,246.39328891985","5,180.32080457434"
12/1/15,"5,220.15569951933",57.16787096052,"5,220.15569951933","5,182.78516733776"
11/30/15,"5,162.98782855881",-17.66045634020,"5,196.79896421271","5,151.94045469163"
11/27/15,"5,180.64828489901",8.39026286217,"5,190.73649833201","5,164.55510117206"
11/25/15,"5,171.46432609940",3.84547087257,"5,183.26680568216","5,164.10674335793"
11/24/15,"5,167.61885522683",-5.95822460481,"5,181.69949983076","5,114.74669808654"
11/23/15,"5,173.57707983164",-12.79865457063,"5,208.80355331257","5,152.34003488140"
11/20/15,"5,186.25153641103",34.30989436903,"5,192.04119912915","5,173.24590028423"
11/19/15,"5,151.94164204200",2.11421647524,"5,177.01856479693","5,144.83899834055"
11/18/15,"5,149.66902650695",96.96620942707,"5,154.29844904379","5,069.19764124231"
11/17/15,"5,052.42903530593",0.38611229530,"5,088.31506463436","5,040.34055887997"
11/16/15,"5,048.93156336055",70.03735971405,"5,049.55576826080","4,961.14761062021"
11/13/15,"4,978.89420364650",-95.98451146037,"5,060.36054594317","4,975.58487058755"
11/12/15,"5,074.87871510687",-53.07161565667,"5,130.51809491834","5,073.93298094891"
11/11/15,"5,126.21599649275",-5.29735055012,"5,171.36821599695","5,119.71669706731"
11/10/15,"5,131.51334704287",-15.24043716973,"5,137.69313452720","5,103.85558856106"
11/9/15,"5,146.43180777136",-57.16596245202,"5,189.27492485648","5,115.03938177501"
11/6/15,"5,203.26160493788",4.79225706961,"5,206.84316814756","5,157.03114717609"
11/5/15,"5,198.46934786827",-16.19192173085,"5,230.13286123813","5,171.83635586306"
11/4/15,"5,211.79505541480",-1.65737968679,"5,233.40123625114","5,191.12909662957"
11/3/15,"5,212.16604497351",16.71954491237,"5,230.11695674182","5,175.63281818732"
11/2/15,"5,195.30410290187",60.83865286587,"5,199.55730468384","5,138.46699946271"
10/30/15,"5,134.46545003600",-24.22554735430,"5,170.24696445350","5,134.46545003600"
10/29/15,"5,158.69099739030",-8.62589038140,"5,166.90019130597","5,139.07268381151"
10/28/15,"5,167.17030047782",43.44685200925,"5,167.17030047782","5,091.35829231632"
10/27/15,"5,123.34661086052",9.26292965687,"5,130.75419652263","5,099.28014860578"
10/26/15,"5,114.08368120365",7.46130426104,"5,122.80954639688","5,087.37264822449"
10/23/15,"5,106.62237694261",133.48503981110,"5,130.77992489694","5,078.63022175830"
10/22/15,"4,973.05883949979",99.04943860159,"4,974.69762586192","4,901.69578545704"
10/21/15,"4,874.00940089820",-27.22855142381,"4,930.56057366128","4,870.00122451539"
10/20/15,"4,901.23795232201",-26.37759066962,"4,928.76517831053","4,885.95497324299"
10/19/15,"4,927.61554299163",25.89029108849,"4,930.60790619949","4,882.04252176709"
10/16/15,"4,901.72525190314",22.52937953967,"4,901.86558262980","4,865.57098693531"
10/15/15,"4,879.19587236347",78.73738301150,"4,879.23009042244","4,811.83052669679"
10/14/15,"4,800.45848935197",-6.64379739134,"4,830.03633198432","4,780.62481082132"
10/13/15,"4,807.10228674331",-32.71531155509,"4,858.99309018967","4,802.94680753106"
10/12/15,"4,839.81759829840",13.86369346829,"4,847.77356273496","4,819.27381458219"
10/9/15,"4,825.95390483011",21.93182605341,"4,835.06707088521","4,794.47972291070"
10/8/15,"4,804.02207877670",18.42633851640,"4,812.79338009288","4,721.68880051854"
10/7/15,"4,785.59574026030",29.55612374163,"4,795.66868026340","4,725.68069715073"
10/6/15,"4,755.90752979777",-27.31177644762,"4,783.88117930494","4,719.46517086881"
10/5/15,"4,783.21930624539",70.64611436832,"4,791.82966513316","4,737.74355534395"
10/2/15,"4,711.97290402120",82.24558515891,"4,711.97290402120","4,554.18211134376"
10/1/15,"4,629.72731886229",13.14071488114,"4,631.07085683315","4,558.39119802972"
9/30/15,"4,615.55399732353",107.83624086549,"4,615.55399732353","4,553.89300345125"
9/29/15,"4,507.56140356290",-22.18597807775,"4,586.97828289222","4,474.16193508392"
9/28/15,"4,529.74738164065",-133.86068916500,"4,644.05392895493","4,517.40552615805"
9/25/15,"4,663.34325986181",-40.13913673367,"4,755.97402810010","4,634.89098328150"
9/24/15,"4,703.43957851042",-13.71648474907,"4,719.48189164337","4,633.91047726870"
9/23/15,"4,717.15606325949",-0.62576491199,"4,740.55212688281","4,696.76780903509"
9/22/15,"4,717.70717091844",-68.46980615749,"4,731.50889952310","4,673.34038419240"
9/21/15,"4,786.17697707593",13.54542235758,"4,826.23762480845","4,746.23545110006"
9/18/15,"4,772.63155471835",-67.44546050708,"4,828.99255755532","4,765.16324796099"
9/17/15,"4,840.07701522543",1.42572590443,"4,912.59266467293","4,822.23366960250"
9/16/15,"4,838.65128932100",25.81737710917,"4,843.78479937207","4,797.58894572096"
9/15/15,"4,812.73027289520",56.86511636523,"4,826.98449862314","4,750.48561152861"
9/14/15,"4,755.86515652997",-15.96916968400,"4,784.75435505676","4,739.32466435067"
9/11/15,"4,771.22667538163",29.72099604342,"4,771.22667538163","4,710.39027248005"
9/10/15,"4,741.27849697233",47.28879910931,"4,774.90741423835","4,683.22089102036"
9/9/15,"4,693.98969786302",-55.26243392859,"4,803.80780290312","4,681.87029228759"
9/8/15,"4,749.03092549296",131.10360066820,"4,752.30789998992","4,686.81185462972"
9/4/15,"4,617.92732482476",-55.09724258659,"4,646.71734913553","4,591.11940118053"
9/3/15,"4,672.68219109772",-23.80845214614,"4,745.11645575165","4,659.13582668783"
9/2/15,"4,696.49064324386",125.34393137895,"4,696.49064324386","4,597.01680565718"
9/1/15,"4,571.04668965340",-145.59591476709,"4,666.68643060181","4,548.09285985739"
8/31/15,"4,716.64260442049",-60.16735048015,"4,771.97147414687","4,702.85342185548"
8/28/15,"4,776.05780461888",4.74359576562,"4,788.83308040289","4,739.02650046127"
8/27/15,"4,771.31420885326",116.08512348681,"4,775.91664811447","4,667.96444777665"
8/26/15,"4,655.22908536645",224.25225938396,"4,664.34037014031","4,470.93542741286"
8/25/15,"4,430.78186319862",-24.57692991086,"4,641.54933129255","4,430.32667758664"
8/24/15,"4,455.25314089691",-175.02871335615,"4,633.06290828970","4,177.95820358034"
8/21/15,"4,630.06014223610",-207.22571823684,"4,811.02617539032","4,630.06014223610"
8/20/15,"4,837.28586047294",-138.74184300882,"4,946.75333688298","4,837.28586047294"
8/19/15,"4,976.02770348176",-34.38521156815,"5,019.90309653769","4,948.68593944658"
8/18/15,"5,010.41291504991",-26.79074995590,"5,032.55300650833","5,003.77591727183"
8/17/15,"5,034.55991142558",39.28037114774,"5,037.00878969047","4,970.18311198584"
8/14/15,"4,994.90235800270",12.59298331557,"5,000.92088708516","4,965.24043432938"
8/13/15,"4,982.30937468713",-9.78035257748,"5,022.89470811222","4,976.94559188393"
8/12/15,"4,991.40677224377",15.64843596750,"5,003.52161182069","4,890.38835994549"
8/11/15,"4,975.43855484884",-65.16454272767,"5,034.62022288081","4,950.16437397268"
8/10/15,"5,040.60309757651",58.45479180128,"5,052.19811016227","5,020.22516772755"
8/7/15,"4,982.14830577523",-9.28816408644,"4,995.79464988694","4,944.03947997645"
8/6/15,"4,991.22313100874",-81.21673007998,"5,083.87167518181","4,968.96134705229"
8/5/15,"5,069.44622318905",38.29505249695,"5,105.19085105050","5,056.17318910865"
8/4/15,"5,030.05868246725",-14.31335557014,"5,048.76690401877","5,012.91689780581"
8/3/15,"5,044.01667291804",-9.29847363195,"5,073.80954967084","5,010.03249878788"
7/31/15,"5,053.31514654999",-10.66593005449,"5,083.67460067771","5,048.15608980044"
7/30/15,"5,063.98107660448",18.70697460293,"5,072.85733041549","5,000.53659345177"
7/29/15,"5,045.06759359433",23.53184997810,"5,050.76894475572","5,013.31039666747"
7/28/15,"5,021.19590551775",45.29851979314,"5,030.61776846676","4,961.68563563423"
7/27/15,"4,975.89738572461",-42.15114137958,"5,012.11582557805","4,968.00276260513"
7/24/15,"5,018.04852710419",-50.04936539853,"5,100.28469210909","5,012.57093156926"
7/23/15,"5,068.01883353953",-22.47184279984,"5,110.67923936388","5,056.64052635907"
7/22/15,"5,089.85173752403",-56.32763001195,"5,112.51494015407","5,069.24766204233"
7/21/15,"5,146.17936753598",-5.80161759742,"5,159.34158613731","5,132.25324822764"
7/20/15,"5,151.98098513340",19.90296332291,"5,167.89894089337","5,128.09453718588"
7/17/15,"5,132.07802181049",73.43311787565,"5,132.07802181049","5,091.43577707931"
7/16/15,"5,058.64490393484",73.25327717646,"5,058.77743382356","5,018.37534771778"
7/15/15,"4,985.39162675838",5.38566607837,"5,006.11175229985","4,973.33336529078"
7/14/15,"4,980.00596068001",31.92294466910,"4,995.13609136227","4,954.89582579882"
7/13/15,"4,948.08301601091",81.81783533129,"4,952.78165643105","4,906.32690225653"
7/10/15,"4,866.26518067962",74.99465444537,"4,881.63125913001","4,837.48182974004"
7/9/15,"4,791.27052623425",0.50036431500,"4,859.96973572105","4,790.69821539063"
7/8/15,"4,790.77016191925",-85.30039699172,"4,847.52771264780","4,785.09184938243"
7/7/15,"4,875.95046039694",11.44749231251,"4,882.38613520048","4,782.47101869999"
7/6/15,"4,864.50296808443",-16.21770014318,"4,892.84996409612","4,837.83128599553"
7/2/15,"4,880.72066822761",4.58847477869,"4,894.40680862593","4,863.20162279664"
7/1/15,"4,876.13219344892",35.73257617151,"4,894.48153106541","4,854.33114216233"
6/30/15,"4,839.37591953651",18.59650833359,"4,865.50408755369","4,823.06235631956"
6/29/15,"4,820.62411046683",-114.90976067513,"4,908.90330776078","4,817.72264568833"
6/26/15,"4,934.93392941012",-32.71187966353,"4,978.61333652478","4,918.37001622392"
6/25/15,"4,967.36957523004",-11.65304294282,"5,002.73519499409","4,961.47962860372"
6/24/15,"4,979.02261817286",-26.56761260964,"5,019.78325938299","4,978.25299944120"
6/23/15,"5,005.51656066621",5.17228366092,"5,008.84862189667","4,984.88499025289"
6/22/15,"5,000.34427700529",33.69026457462,"5,015.68369445421","4,990.13565119848"
6/19/15,"4,966.65401243067",-20.27362353249,"4,995.33480075950","4,964.21666403154"
6/18/15,"4,986.92763596316",69.17834983879,"4,996.65575174139","4,933.84335018269"
6/17/15,"4,917.74928612437",14.39893820280,"4,932.37043830706","4,887.32836380951"
6/16/15,"4,903.25247228086",25.28835513531,"4,911.28418984733","4,870.55844371097"
6/15/15,"4,877.96411714555",-22.97401019792,"4,883.52631649676","4,837.48943660564"
6/12/15,"4,900.93812734347",-38.15223884332,"4,925.59684370764","4,895.89085089900"
6/11/15,"4,938.38583498672",3.30860195925,"4,963.52346021198","4,933.29108242860"
6/10/15,"4,934.94166682922",63.64316238672,"4,948.19365614203","4,879.75329457979"
6/9/15,"4,870.58895653515",-4.29739107179,"4,886.00744200561","4,831.91379356814"
6/8/15,"4,874.88634760694",-50.23824107952,"4,925.83246626548","4,866.39880878825"
6/5/15,"4,924.98132718081",-10.83021565182,"4,942.85354784362","4,897.63457904836"
6/4/15,"4,935.76479727919",-36.11584573966,"4,978.86675738075","4,922.58641635858"
6/3/15,"4,971.88064301885",12.07491421710,"4,993.32204702886","4,963.71722306115"
6/2/15,"4,959.75263114649",-14.25690602699,"4,984.16837660776","4,934.79029257127"
6/1/15,"4,974.00953717348",14.95083603195,"4,988.94685279859","4,936.96695578522"
5/29/15,"4,958.30337676677",-30.14031491571,"4,992.74626177905","4,948.83905573910"
5/28/15,"4,988.44369168248",-11.44098713697,"5,002.28703357976","4,975.12730512695"
5/27/15,"4,999.79262535045",80.39270507694,"5,005.80300599426","4,926.85731660793"
5/26/15,"4,919.20756695784",-59.60254492403,"4,972.97423831574","4,901.38814466793"
5/22/15,"4,978.70451700546",-2.54040024063,"4,995.53045400070","4,973.70659176608"
5/21/15,"4,981.24491724609",26.57732615662,"4,989.84066138072","4,943.77398686909"
5/20/15,"4,954.66759108947",1.73950322748,"4,986.13654957727","4,931.81984138929"
5/19/15,"4,952.73954115305",-10.14384588984,"4,972.66803526052","4,947.03183508412"
5/18/15,"4,959.94073663137",20.50564499845,"4,968.80408600933","4,927.86031148558"
5/15/15,"4,939.43509163292",-0.82065766241,"4,955.74334696041","4,926.53112679350"
5/14/15,"4,940.18140165523",75.25675332718,"4,941.51038262307","4,888.90823827199"
5/13/15,"4,864.82115440440",6.49854682146,"4,902.16245607766","4,859.53670109263"
5/12/15,"4,858.25420605151",-19.76682138700,"4,881.05855550074","4,814.15593452666"
5/11/15,"4,877.44963812675",-21.99312823076,"4,910.54607399822","4,876.23160307954"
5/8/15,"4,899.36552231084",62.74228423211,"4,907.62855194051","4,880.77521162330"
5/7/15,"4,836.62323807873",23.94395724440,"4,849.99283718665","4,805.59324034505"
5/6/15,"4,809.56296805113",-32.55539013368,"4,864.70067331397","4,776.81437015970"
5/5/15,"4,842.11835818481",-80.37944368996,"4,911.09972859626","4,839.78440356527"
5/4/15,"4,921.18699584253",3.90109866467,"4,951.77403506093","4,919.25597932641"
5/1/15,"4,917.28589717786",71.14443934009,"4,917.28589717786","4,869.17993169693"
4/30/15,"4,846.14145783777",-81.12810360513,"4,918.71964553822","4,825.11156562696"
4/29/15,"4,927.14237731943",-29.76293315538,"4,958.82377125584","4,900.60949308502"
4/28/15,"4,956.56872772754",-10.72451990156,"4,980.58522155580","4,916.77227325111"
4/27/15,"4,966.95428478783",-12.88970320440,"5,007.89457225859","4,957.40262801052"
4/24/15,"4,979.84398799223",65.54165032199,"4,987.37170871959","4,959.09839994281"
4/23/15,"4,914.22356684121",17.84072654122,"4,935.09076937188","4,878.24391399559"
4/22/15,"4,896.38284029999",27.26216445855,"4,903.00260440900","4,850.87274159909"
4/21/15,"4,869.12067584144",20.39380200053,"4,883.05933474067","4,863.63526484853"
4/20/15,"4,848.72687384091",72.00328243487,"4,855.84227994807","4,800.09032988809"
4/17/15,"4,776.72359140604",-73.57772640017,"4,818.99178686665","4,756.20514696856"
4/16/15,"4,850.30131780621",-6.25473326146,"4,859.51243920418","4,839.46679897289"
4/15/15,"4,856.55605106767",29.50976056857,"4,868.36018454294","4,836.26290078903"
4/14/15,"4,827.04629049910",-12.69253252938,"4,850.34681021694","4,802.30566621268"
4/13/15,"4,839.73882302848",-14.06533684997,"4,882.54221698404","4,837.39068038978"
4/10/15,"4,853.80415987845",19.83335806858,"4,854.47350187839","4,823.46530768808"
4/9/15,"4,833.97080180987",30.72626007547,"4,835.83751933480","4,787.07216453659"
4/8/15,"4,803.24454173440",34.99050395697,"4,810.77559647048","4,769.36226386967"
4/7/15,"4,767.78670709115",-7.57303888102,"4,806.56839132224","4,767.41634499224"
4/6/15,"4,775.35974597217",38.38412217531,"4,786.97163549809","4,701.75195627946"
4/2/15,"4,736.97562379686",5.21244300835,"4,749.91161292420","4,722.13715560688"
4/1/15,"4,731.76318078851",-24.61888690284,"4,757.34214375321","4,701.91094653692"
3/31/15,"4,756.38206769135",-53.90960918882,"4,804.30294384548","4,756.38206769135"
3/30/15,"4,809.15994434686",54.81002241803,"4,810.64885395973","4,783.88426275503"
3/27/15,"4,753.74681999203",19.31239232516,"4,764.78772696093","4,728.13454308559"
3/26/15,"4,734.15438056503",-15.39061867294,"4,761.47799596046","4,696.51565838713"
3/25/15,"4,749.38657241969",-111.56499908322,"4,873.62775113469","4,749.38657241969"
3/24/15,"4,860.87835930056",-15.97173195392,"4,901.25055795049","4,860.86393237047"
3/23/15,"4,876.85009125448",-14.25433439635,"4,899.65896141098","4,876.82624683070"
3/20/15,"4,891.10442565083",34.79053514312,"4,913.20556773231","4,888.77095288699"
3/19/15,"4,856.31389050771",4.74213115901,"4,870.77398258927","4,848.64784036423"
3/18/15,"4,851.57175934870",51.42391088674,"4,871.30793908968","4,765.99509522453"
3/17/15,"4,800.05516273851",5.65708033339,"4,810.31562111700","4,771.60410636193"
3/16/15,"4,794.39808240512",60.95813658690,"4,795.48195742229","4,747.01048124414"
3/13/15,"4,733.43994581822",-23.39596732204,"4,769.60696803141","4,705.35690879053"
3/12/15,"4,756.83591314026",33.83735861692,"4,760.09686695530","4,718.05031640685"
3/11/15,"4,722.91002969162",-25.99669635696,"4,764.02928530798","4,721.70111120804"
3/10/15,"4,748.56449833437",-92.03770431823,"4,806.18904871233","4,748.56449833437"
3/9/15,"4,840.60220265260",15.08954849883,"4,852.92011973883","4,817.16206714337"
3/6/15,"4,825.08367793062",-57.93943152548,"4,885.07462279162","4,814.76606999689"
3/5/15,"4,883.02310945610",7.34532762589,"4,896.65304371188","4,863.15146651670"
3/4/15,"4,875.63023314721",-14.71677647195,"4,883.32177813421","4,848.90829165593"
3/3/15,"4,890.29340790504",-26.62008717048,"4,906.59070722919","4,862.57471466096"
3/2/15,"4,916.91349507552",46.47134367501,"4,917.92305744884","4,881.61555250314"
2/27/15,"4,869.76890724445",-23.68693884965,"4,895.69578118352","4,864.26672125290"
2/26/15,"4,893.45584609410",23.77580573246,"4,895.14595842242","4,858.93263313965"
2/25/15,"4,869.61622099897",-11.44606614883,"4,892.12186809561","4,857.89627977972"
2/24/15,"4,880.86007267810",1.68680552465,"4,885.78919685027","4,856.50829147059"
2/23/15,"4,879.02892720821",7.05892632650,"4,879.02892720821","4,858.60465933850"
2/20/15,"4,871.97000088171",34.20096316902,"4,873.68531502180","4,822.15587003068"
2/19/15,"4,837.76903771269",22.97427370978,"4,842.07589287482","4,812.07952819676"
2/18/15,"4,814.77379583484",6.10726971175,"4,817.27286318741","4,796.48423606744"
2/17/15,"4,808.66652612309",1.44025391360,"4,810.83798945626","4,792.54632027640"
2/13/15,"4,804.53302297192",39.51302812539,"4,804.53302297192","4,768.36493296860"
2/12/15,"4,764.90260492881",55.55000296420,"4,764.90260492881","4,732.03371518108"
2/11/15,"4,709.27336809988",17.67122920258,"4,718.10897503533","4,687.76037280717"
2/10/15,"4,691.08888729156",71.29023012111,"4,696.86292799528","4,638.32144339665"
2/9/15,"4,619.22005086937",-13.79962483909,"4,640.20516818963","4,608.99787002421"
2/6/15,"4,633.01967570846",-30.12754207707,"4,679.68434450052","4,617.91234213211"
2/5/15,"4,662.92425496228",38.30309101433,"4,664.91867338432","4,623.49044102228"
2/4/15,"4,621.89974356867",-8.70286999895,"4,652.15602852028","4,597.32571238379"
2/3/15,"4,629.48680333980",44.40070368159,"4,629.48680333980","4,569.37416657163"
2/2/15,"4,584.85585649586",43.95418434619,"4,585.41139084570","4,482.11976133652"
1/30/15,"4,540.82793195526",-36.03516615401,"4,609.14976715301","4,536.01155645477"
1/29/15,"4,576.86309810927",44.85033538988,"4,585.82795836019","4,491.88546920832"
1/28/15,"4,531.88019876687",-27.49936951753,"4,635.61007029945","4,531.88019876687"
1/27/15,"4,558.95449302160",-120.62393817257,"4,607.00529794962","4,543.25116835764"
1/26/15,"4,679.57843119417",-2.65619608382,"4,686.97960786752","4,656.32116727595"
1/23/15,"4,682.23462727799",8.51435418652,"4,698.36012043313","4,660.71427614124"
1/22/15,"4,673.72027309147",85.66239266888,"4,677.86972223680","4,567.75520942677"
1/21/15,"4,588.05788042259",22.85121352137,"4,609.05334059922","4,537.41806736294"
1/20/15,"4,565.20666690122",31.82042058838,"4,576.29016749404","4,506.03311170356"
1/16/15,"4,533.38624631284",57.44999944856,"4,534.90479666249","4,464.11578466312"
1/15/15,"4,475.93624686428",-61.50090851047,"4,563.26947501017","4,471.61959066074"
1/14/15,"4,537.43715537475",-22.28407354647,"4,558.40950233734","4,496.36620114119"
1/13/15,"4,559.67626780680",-4.12380417352,"4,654.34739911246","4,525.45720199479"
1/12/15,"4,563.80007198032",-47.39533609628,"4,622.80301016945","4,550.81763868393"
1/9/15,"4,611.19540807660",-29.84925682324,"4,655.72808094515","4,584.20311876083"
1/8/15,"4,640.99988628748",88.15663905900,"4,649.08036575228","4,588.55702695534"
1/7/15,"4,552.84324722848",53.81120802093,"4,563.75503608591","4,516.05846265969"
1/6/15,"4,498.91397550552",-54.86716588839,"4,570.52064553194","4,476.48083778514"
1/5/15,"4,553.78114139391",-75.80289194963,"4,608.49277092071","4,543.80688751074"
1/2/15,"4,629.02888186689",-6.61019944420,"4,679.87796980763","4,603.01057354842"
12/31/14,"4,634.70535473002",-50.40172464879,"4,712.08599974480","4,631.88980200714"
12/30/14,"4,685.10707937881",-33.14534516504,"4,714.40626446696","4,680.07852949945"
12/29/14,"4,718.16315343770",-1.58677281499,"4,727.51843476691","4,711.62807470731"
12/26/14,"4,719.50777289881",33.90975914956,"4,728.64537115942","4,698.39854124329"
12/24/14,"4,685.59801374925",4.15252014482,"4,702.84958216875","4,684.17889653185"
12/23/14,"4,681.44549360443",-15.72029013619,"4,713.96233232503","4,676.20611279461"
12/22/14,"4,696.78082268488",13.00659800761,"4,698.52296664693","4,671.47174769840"
12/19/14,"4,683.77422467727",15.32358577860,"4,704.14266111877","4,658.12165668828"
12/18/14,"4,668.45063889867",112.31541528147,"4,668.45063889867","4,608.76158362129"
12/17/14,"4,556.13522361720",82.58374996700,"4,568.03234745815","4,472.99500053256"
12/16/14,"4,473.46505750542",-74.17879155495,"4,583.74680501224","4,473.01347391783"
12/15/14,"4,547.64384906037",-45.79987307541,"4,633.67478781064","4,534.07465302415"
12/12/14,"4,593.44372213578",-51.62173533298,"4,653.76788628166","4,593.44372213578"
12/11/14,"4,645.06545746876",23.63118276677,"4,700.11981053926","4,636.11375636619"
12/10/14,"4,621.16833735684",-76.33850163842,"4,700.05332897921","4,614.58767275272"
12/9/14,"4,697.27574140285",17.86087308879,"4,700.62717416353","4,612.17925240088"
12/8/14,"4,679.41486831406",-36.35065908013,"4,725.06695349105","4,658.27618053564"
12/5/14,"4,715.72402602519",-0.39144168156,"4,729.77655963344","4,705.29718735020"
12/4/14,"4,716.11546770675",-1.09547388342,"4,733.19888144175","4,696.44015449416"
12/3/14,"4,717.21094159017",7.62380955593,"4,723.86843277256","4,688.89511014626"
12/2/14,"4,709.47312153254",19.85001302987,"4,717.08071502734","4,685.33388668365"
12/1/14,"4,689.62310850267",-54.65510024656,"4,738.55686897485","4,675.26286654300"
11/28/14,"4,744.27820874923",21.65166486610,"4,754.45243594079","4,731.61273081892"
11/26/14,"4,722.62654388313",32.54227811712,"4,724.18189410808","4,691.48424395244"
11/25/14,"4,689.24236814273",4.27682181777,"4,704.77722193433","4,680.13910455873"
11/24/14,"4,684.96554632496",36.07872909951,"4,685.71541876956","4,656.63592971654"
11/21/14,"4,648.76101531170",10.09633022059,"4,685.87561843047","4,633.51048222392"
11/20/14,"4,638.66468509111",21.24248198194,"4,642.02909902292","4,595.22209649587"
11/19/14,"4,616.98688305117",-21.34649029738,"4,631.39617727363","4,596.75681308467"
11/18/14,"4,638.28824102794",31.02912327976,"4,644.85184430714","4,607.84071794910"
11/17/14,"4,604.37475067617",-12.23553588169,"4,617.15105057609","4,582.94817742168"
11/14/14,"4,616.61028655786",12.56742247251,"4,616.82557467878","4,587.77008571870"
11/13/14,"4,604.04286408535",19.76018758271,"4,620.64652702372","4,583.10884710465"
11/12/14,"4,584.18014543962",9.00007840654,"4,588.31648361646","4,559.73151543393"
11/11/14,"4,574.88825198239",12.25561565139,"4,575.05336614159","4,550.94351044889"
11/10/14,"4,562.63263633100",16.86912644000,"4,567.03651482536","4,535.90690063079"
11/7/14,"4,545.07457308636",-3.90644603468,"4,556.68145244669","4,522.08389617147"
11/6/14,"4,548.83220020954",11.80329415629,"4,550.68099236259","4,515.97662797495"
11/5/14,"4,534.04872975226",-3.22983693460,"4,563.14302086735","4,519.79531308786"
11/4/14,"4,536.18906680488",-14.25011500865,"4,545.81299102872","4,503.98212775793"
11/3/14,"4,550.43918181353",12.08596623929,"4,561.43415947304","4,536.79719256836"
10/31/14,"4,538.27713208253",62.83634634493,"4,552.09713367515","4,521.89858012448"
10/30/14,"4,475.44078573760",11.00483487085,"4,484.63016603646","4,435.95092251231"
10/29/14,"4,464.23539578519",-17.53911998851,"4,478.98073673264","4,433.60810887483"
10/28/14,"4,481.41987148586",66.14177409471,"4,482.03749456892","4,432.95485484226"
10/27/14,"4,415.27809739115",4.36326976316,"4,422.35301496317","4,386.04352895164"
10/24/14,"4,410.91482762799",32.46381501261,"4,414.37518870086","4,368.80752172110"
10/23/14,"4,378.45101261538",68.40182577604,"4,400.21983436555","4,347.76514806452"
10/22/14,"4,310.04918683934",-23.79498183198,"4,352.40874197780","4,308.29191988968"
10/21/14,"4,333.77168557830",110.55925000664,"4,333.78222161971","4,265.50269366233"
10/20/14,"4,223.21243557166",59.58983733614,"4,225.69803080030","4,152.16174049415"
10/17/14,"4,163.62259823552",54.76956624174,"4,200.19102039410","4,137.09140205376"
10/16/14,"4,108.85303199378",-22.58150838196,"4,141.36655724135","4,042.88064977350"
10/15/14,"4,131.43454037574",-26.70970050307,"4,148.29295833849","4,037.86801088341"
10/14/14,"4,157.82510841297",2.68056690873,"4,211.93320361834","4,147.68223384486"
10/13/14,"4,155.14454150424",-68.58990143997,"4,248.61433420343","4,155.03354922655"
10/10/14,"4,223.73444294421",-107.44295763205,"4,331.35223002124","4,223.73444294421"
10/9/14,"4,331.17740057626",-78.34740572270,"4,408.88367778943","4,326.86797660296"
10/8/14,"4,409.52480629896",90.05557354657,"4,417.88880831424","4,297.18188943177"
10/7/14,"4,319.34797635590",-62.93331738475,"4,373.19546250549","4,319.17991338837"
10/6/14,"4,382.28129374065",-12.04731948281,"4,415.49633189016","4,369.12311609863"
10/3/14,"4,394.32861322346",45.21674391337,"4,408.79189703695","4,359.95869675082"
10/2/14,"4,349.11186931009",1.22638966668,"4,360.98479187772","4,293.54309930168"
10/1/14,"4,347.88547964341",-70.59609919795,"4,411.93255484101","4,334.96889263043"
9/30/14,"4,418.34996966926",2.47555574128,"4,441.25064812807","4,398.98871696356"
9/29/14,"4,414.92120840873",-7.13750238339,"4,425.01654137774","4,372.82183231891"
9/26/14,"4,421.58509767685",50.06034019000,"4,425.67710964240","4,379.37809996853"
9/25/14,"4,371.27713843600",-94.33531394000,"4,457.84282323435","4,371.07171674550"
9/24/14,"4,465.61245237752",46.61469471000,"4,467.74693398578","4,408.25031279675"
9/23/14,"4,418.87961884195",-10.53746759000,"4,438.11871861102","4,409.81479895239"
9/22/14,"4,429.41708643603",-42.38138941000,"4,463.12629243219","4,411.70434064047"
9/19/14,"4,471.79847584274",-3.26111104000,"4,492.31938018210","4,454.73515209778"
9/18/14,"4,475.05958688562",32.19177781000,"4,475.42171904493","4,450.77719774247"
9/17/14,"4,442.86780907391",6.86373987000,"4,461.82330988672","4,415.61193595471"
9/16/14,"4,435.92604697807",40.77648969000,"4,442.32734637389","4,373.43773769510"
9/15/14,"4,395.14955729262",-42.91361677000,"4,439.79129895181","4,382.51464009680"
9/12/14,"4,438.06317405866",-25.53525649000,"4,460.29454816608","4,425.30194588780"
9/11/14,"4,463.59843054763",-2.53456651000,"4,463.75743056869","4,428.99503071124"
9/10/14,"4,465.91974742915",36.08571030000,"4,466.94888413849","4,421.90482198505"
9/9/14,"4,429.60821793572",-36.62492646000,"4,483.01939754206","4,420.03829631908"
9/8/14,"4,466.23314439747",6.04838738000,"4,477.18104304273","4,445.69402845359"
9/5/14,"4,460.01059542062",25.93958245000,"4,460.07912333676","4,418.38473298049"
9/4/14,"4,434.07101297364",-5.26257980000,"4,471.85455094729","4,423.59593783962"
9/3/14,"4,439.33359277056",-27.09989502000,"4,475.83308237052","4,431.19435531029"
9/2/14,"4,466.22792696742",14.44911100000,"4,466.29797983172","4,447.00961640908"
8/29/14,"4,451.77881596717",17.75579105000,"4,452.22928477270","4,429.56272709492"
8/28/14,"4,433.33140874960",-7.52696395000,"4,439.89156844343","4,420.61025559321"
8/27/14,"4,440.85837270149",1.64298659000,"4,446.32659407886","4,430.92413646151"
8/26/14,"4,439.12608691259",4.57236648000,"4,444.43177797069","4,429.37733150829"
8/25/14,"4,434.55372043469",16.05214353000,"4,447.68150496466","4,424.87647792778"
8/22/14,"4,418.25404826265",6.24186505000,"4,427.13433767755","4,404.59270725457"
8/21/14,"4,412.01218321540",6.89185483000,"4,414.10924366733","4,399.72166892638"
8/20/14,"4,405.12032839039",0.62671348000,"4,411.95490842049","4,395.84465682867"
8/19/14,"4,404.49361490895",21.39124292000,"4,405.98570494416","4,387.10542745691"
8/18/14,"4,380.44025306815",35.93805218000,"4,382.60334708738","4,361.88101502510"
8/15/14,"4,344.50220089038",20.04467105000,"4,354.92794224416","4,304.99013325443"
8/14/14,"4,324.45752984174",21.69223607000,"4,324.59834914372","4,302.62769032721"
8/13/14,"4,302.66285640764",47.91320920000,"4,303.19441496955","4,272.41896937461"
8/12/14,"4,254.61130704270",-5.70438607000,"4,267.14769715691","4,235.39447026944"
8/11/14,"4,259.86555237107",24.36802346000,"4,271.55487804990","4,247.78065199076"
8/8/14,"4,235.49752891607",32.84713691000,"4,238.25963639361","4,192.36101240338"
8/7/14,"4,202.52701519285",-17.77536212000,"4,243.68115780517","4,188.65914380748"
8/6/14,"4,217.48688812037",-0.73413172000,"4,241.84741717623","4,190.47572853349"
8/5/14,"4,218.08423979579",-36.81284585000,"4,246.63016694396","4,200.35619905367"
8/4/14,"4,253.61580849372",31.66685708000,"4,268.28683523823","4,216.98031838177"
8/1/14,"4,221.87318689077",-13.95764701000,"4,252.93387277645","4,195.41214215293"
7/31/14,"4,235.83083389820",-90.94034891000,"4,297.21167463106","4,232.13441636109"
7/30/14,"4,326.70510106116",18.53456590000,"4,340.78320019398","4,309.53499054356"
7/29/14,"4,308.03594726677",-8.93379877000,"4,334.56752633089","4,306.05763414264"
7/28/14,"4,316.65447455378",2.26268215000,"4,327.26792221646","4,283.44216322198"
7/25/14,"4,314.39179240695",-19.61077507000,"4,320.13580905271","4,292.50967928444"
7/24/14,"4,334.00256747547",-3.26859348000,"4,349.57547770976","4,325.80877304575"
7/23/14,"4,337.27116095536",26.73203178000,"4,342.10706590021","4,317.43254828603"
7/22/14,"4,310.46692507926",29.90721071000,"4,315.33586645715","4,296.83223353196"
7/21/14,"4,280.55971436765",-6.26409765000,"4,289.04137803368","4,262.71798104917"
7/18/14,"4,286.82381201624",67.33541298000,"4,289.27785461053","4,237.49800776819"
7/17/14,"4,219.48839903554",-59.11019990000,"4,280.28377147085","4,206.66467425425"
7/16/14,"4,278.59859893531",19.45383549000,"4,295.08743975408","4,272.79995036963"
7/15/14,"4,259.14476344686",-16.33072245000,"4,287.53671477087","4,229.82090520220"
7/14/14,"4,275.47548589953",27.07557006000,"4,284.46472981240","4,261.39709774224"
7/11/14,"4,248.39991584413",26.70257985000,"4,249.29555471438","4,221.00822089955"
7/10/14,"4,221.69733599379",-14.00950668000,"4,238.75804087498","4,175.03888528876"
7/9/14,"4,235.70684266981",31.38480688000,"4,239.47340109501","4,203.37606073650"
7/8/14,"4,203.86575463260",-50.74222379000,"4,249.72722481203","4,186.58544436067"
7/7/14,"4,254.50225742608",-13.38399788000,"4,268.87245485402","4,247.93248721542"
7/3/14,"4,267.88625530370",25.82655763000,"4,268.03618101978","4,244.29486267112"
7/2/14,"4,242.05969767291",5.37398961000,"4,247.58849900700","4,232.81207162188"
7/1/14,"4,235.73840187154",48.78209399000,"4,245.08939842988","4,202.54105221802"
6/30/14,"4,186.87378218764",5.48136505000,"4,199.01849023471","4,178.41486703558"
6/27/14,"4,180.92246517631",19.06062078000,"4,181.41802917964","4,157.83931591842"
6/26/14,"4,161.86184439576",-0.45398025000,"4,162.72035807929","4,131.10602136746"
6/25/14,"4,162.08538944692",30.22907335000,"4,167.00631851622","4,123.99985646171"
6/24/14,"4,131.68931767231",-6.28855042000,"4,172.62163405581","4,122.54265077222"
6/23/14,"4,137.97786809353",2.90893554000,"4,138.93454781442","4,126.60489315696"
6/20/14,"4,135.06893255596",2.00189805000,"4,140.81159711520","4,126.23299165924"
6/19/14,"4,133.06703450166",-4.14159776000,"4,144.42566214535","4,114.04087097489"
6/18/14,"4,137.20863226189",25.32264859000,"4,140.34572828134","4,093.63370263573"
6/17/14,"4,111.88598367327",1.50663100000,"4,122.32671285318","4,099.51636396178"
6/16/14,"4,110.30882367252",4.75163836000,"4,121.17593051332","4,090.17495809108"
6/13/14,"4,105.55718531013",12.78838967000,"4,115.64822881780","4,088.49388022853"
6/12/14,"4,092.67756360365",-37.02176721000,"4,126.58566514044","4,079.50668674175"
6/11/14,"4,129.69933081614",-3.27213056000,"4,136.32877975389","4,114.22094065731"
6/10/14,"4,131.98000705834",5.56206201000,"4,133.72043532137","4,116.43949782207"
6/9/14,"4,126.41794504744",1.27511100000,"4,135.43266295412","4,113.54490275954"
6/6/14,"4,125.14283404693",19.15416619000,"4,125.75874382961","4,111.60943558467"
6/5/14,"4,105.84581261841",36.26122761000,"4,111.33528209766","4,060.45361278002"
6/4/14,"4,069.58458501086",14.69992623000,"4,076.55774106985","4,038.75965752968"
6/3/14,"4,054.83298382155",-3.14126325000,"4,061.24833265071","4,038.94413231917"
6/2/14,"4,057.97424707136",-4.19545174000,"4,066.39855569401","4,030.72359848945"
5/30/14,"4,061.47826291049",1.19517881000,"4,066.64109502675","4,038.94351901692"
5/29/14,"4,060.28308409995",25.49790039000,"4,060.28308409995","4,040.64711778255"
5/28/14,"4,034.72205510516",-11.74103682000,"4,050.43276503081","4,030.80078516623"
5/27/14,"4,046.24472199688",49.69889171000,"4,046.24472199688","4,011.49135689480"
5/23/14,"3,996.43686462132",28.76870977000,"3,997.33945590936","3,962.63506564657"
5/22/14,"3,967.66815485399",16.57130525000,"3,978.24302373836","3,949.17658097994"
5/21/14,"3,951.09684959998",38.36882136000,"3,952.02220097118","3,918.38548749136"
5/20/14,"3,912.54474135176",-16.63608961000,"3,938.94088893026","3,896.86426882384"
5/19/14,"3,928.94454148706",30.88041496000,"3,932.57692596081","3,881.84782445723"
5/16/14,"3,898.06412652825",23.93429940000,"3,901.55626126240","3,852.89671225820"
5/15/14,"3,874.12982713161",-30.50730185000,"3,910.17278407271","3,849.63257012739"
5/14/14,"3,904.46655671247",-19.42894698000,"3,927.69486552913","3,896.23902365941"
5/13/14,"3,923.68159172335",-1.73193251000,"3,939.57491604376","3,917.87646362208"
5/12/14,"3,922.58312714630",61.91488084000,"3,923.28220487218","3,879.11894851302"
5/9/14,"3,860.45558217902",16.58878839000,"3,861.16211616721","3,817.61442092046"
5/8/14,"3,843.86679378456",-6.56766940000,"3,890.75744383551","3,826.97373460287"
5/7/14,"3,847.41363927699",-10.88701945000,"3,870.27825147615","3,803.88545573227"
5/6/14,"3,858.30065872385",-52.70327402000,"3,905.10531916006","3,857.85646883519"
5/5/14,"3,910.81302842788",18.92263358000,"3,910.99841589849","3,858.00989148732"
5/2/14,"3,890.80404166842",-7.28624053000,"3,916.74404340045","3,880.91694854073"
5/1/14,"3,898.09028220299",13.38537485000,"3,918.33557100846","3,882.53467591406"
4/30/14,"3,884.65563589520",8.70817046000,"3,888.43203721096","3,847.88097859218"
4/29/14,"3,875.94746543120",31.41220756000,"3,881.41381306146","3,837.17928547337"
4/28/14,"3,844.53525786734",12.93617838000,"3,871.74211482753","3,784.43162213487"
4/25/14,"3,831.28325013021",-62.82240006000,"3,875.58361187144","3,823.15069707310"
4/24/14,"3,894.10565018838",36.86150109000,"3,918.14330940718","3,852.78803709742"
4/23/14,"3,857.24414909642",-34.44931924000,"3,890.86971405858","3,855.24052983932"
4/22/14,"3,891.62142834773",31.29233024000,"3,900.41921321826","3,867.83818323419"
4/21/14,"3,860.32909810566",27.55944688000,"3,860.32909810566","3,823.07347093418"
4/17/14,"3,832.76965122473",1.56836047000,"3,850.65232463054","3,807.54543656789"
4/16/14,"3,831.20129075650",49.04987207000,"3,831.20129075650","3,783.71465020138"
4/15/14,"3,782.15141868767",14.33578238000,"3,801.46683612768","3,702.18336012568"
4/14/14,"3,767.81563630386",30.13203675000,"3,787.91606358479","3,733.79549060622"
4/11/14,"3,737.68359954959",-44.37046756000,"3,797.85015433005","3,730.85625703658"
4/10/14,"3,782.05406710661",-122.18220857000,"3,903.37216903644","3,772.71041199443"
4/9/14,"3,904.23627567480",67.45560265000,"3,906.31297811308","3,843.14362603787"
4/8/14,"3,836.43338612855",33.04210902000,"3,842.66864848600","3,793.90550160592"
4/7/14,"3,803.29077244957",-34.28992988000,"3,850.41173678761","3,776.18528944318"
4/4/14,"3,837.58070232730",-106.47401555000,"3,972.46376651692","3,829.89019700044"
4/3/14,"3,944.05471788122",-30.80873294000,"3,985.38872673648","3,922.18352170497"
4/2/14,"3,974.86345081919",8.23535609000,"3,986.10584936607","3,957.29651285971"
4/1/14,"3,966.58764772289",67.92232139000,"3,967.41260830096","3,918.63251278103"
3/31/14,"3,897.71533746775",26.28492268000,"3,922.29986038354","3,895.50427052429"
3/28/14,"3,870.96326661121",9.05084657000,"3,911.71525349427","3,859.14496308168"
3/27/14,"3,861.91242004198",-21.40968949000,"3,895.44618521787","3,840.16261361840"
3/26/14,"3,883.08383598517",-50.76406370000,"3,960.90014821473","3,883.02987182379"
3/25/14,"3,933.70299867318",13.37265193000,"3,966.06790258138","3,902.18903815662"
3/24/14,"3,920.33034674070",-38.66624413000,"3,972.55086096272","3,885.39056855787"
3/21/14,"3,958.99659086742",-44.32557044000,"4,028.66902101936","3,948.45932472177"
3/20/14,"4,003.32216130940",12.17563989000,"4,015.61053494093","3,972.82314720642"
3/19/14,"3,991.14652141955",-25.88966688000,"4,019.62505692945","3,967.65784686463"
3/18/14,"4,017.03618830260",47.80771858000,"4,018.80647052619","3,971.70479735722"
3/17/14,"3,969.16366359114",37.53860870000,"3,986.29688203162","3,956.84494902471"
3/14/14,"3,931.49017158657",-25.60166626000,"3,962.99194649692","3,930.39039318651"
3/13/14,"3,957.09183784318",-60.21749401000,"4,031.99505484248","3,941.15635366360"
3/12/14,"4,017.22413870458",16.86258486000,"4,017.36742556083","3,968.25480643332"
3/11/14,"4,000.02260865134",-16.08269016000,"4,037.08925923987","3,989.04483223262"
3/10/14,"4,016.10529881082",3.18460677000,"4,019.82452926795","3,991.86107887523"
3/7/14,"4,012.74091157438",-18.99016303000,"4,049.53764052395","3,994.90637123160"
3/6/14,"4,031.73107460304",-6.77735094000,"4,050.57201909655","4,019.25291584590"
3/5/14,"4,038.44930821954",7.86395307000,"4,044.73224155052","4,025.66288598180"
3/4/14,"4,030.53389589160",55.86383195000,"4,033.85937283751","4,016.33601105010"
3/3/14,"3,974.67006394315",-30.04119870000,"3,985.51594256252","3,941.40788262866"
2/28/14,"4,004.13929857162",-4.01029274000,"4,032.60793472515","3,970.26533770148"
2/27/14,"4,008.14959130794",25.13280491000,"4,013.40425931854","3,978.72889751677"
2/26/14,"3,983.01678639459",-2.75377689000,"4,010.62568935796","3,969.09894812420"
2/25/14,"3,985.58337015397",-7.22699273000,"4,005.57442366340","3,975.17033262545"
2/24/14,"3,992.76362057661",25.14382521000,"4,009.50813208152","3,973.83647151524"
2/21/14,"3,967.61979536311",-10.10441161000,"3,994.22072452687","3,966.38354507815"
2/20/14,"3,977.72420697161",20.67499129000,"3,983.09127890600","3,943.81909218495"
2/19/14,"3,956.93117641637",-28.79639948000,"3,986.01467969504","3,949.65683204374"
2/18/14,"3,985.72757589821",16.83377226000,"3,991.95333514852","3,963.21993245918"
2/14/14,"3,966.34076138828",4.67141594000,"3,974.08907667147","3,944.59825419953"
2/13/14,"3,961.55356866225",34.86163643000,"3,961.55356866225","3,898.00464145832"
2/12/14,"3,926.61975056589",6.10343627000,"3,935.88424241336","3,916.55242038950"
2/11/14,"3,920.19712165887",42.86653490000,"3,927.62951683978","3,880.54639784940"
2/10/14,"3,876.76623226029",21.86616010000,"3,877.55978288186","3,850.42983610602"
2/7/14,"3,854.90007215838",69.60167296000,"3,856.23810141781","3,797.45189218897"
2/6/14,"3,785.29839919719",46.17835552000,"3,790.62694354364","3,750.50061645685"
2/5/14,"3,736.30007931816",-16.55089595000,"3,751.92684353319","3,697.36565134038"
2/4/14,"3,751.77577244844",32.10921741000,"3,763.16781070872","3,729.05861427888"
2/3/14,"3,719.41373332504",-88.02011247000,"3,819.92537834529","3,711.99103218067"
1/31/14,"3,807.43384579450",-11.33703836000,"3,826.36676241125","3,770.80481542892"
1/30/14,"3,818.77088415557",69.82286988000,"3,831.52489830421","3,792.38956518578"
1/29/14,"3,748.77630083430",-40.96336230000,"3,784.44344442608","3,742.09919442591"
1/28/14,"3,789.35276634515",-3.57138491000,"3,793.76644867838","3,765.56147590287"
1/27/14,"3,792.92415125344",-35.08677548000,"3,835.57469365731","3,764.67732464947"
1/24/14,"3,828.01092673809",-78.12205412000,"3,892.34707639330","3,827.89788754388"
1/23/14,"3,906.13298086219",-15.09473124000,"3,906.26178213934","3,879.19134793067"
1/22/14,"3,921.22771209919",10.82720207000,"3,928.72282220089","3,908.00162550333"
1/21/14,"3,910.40051003257",28.59804287000,"3,910.40051003257","3,876.18482849742"
1/17/14,"3,881.80246716693",-21.66231998000,"3,900.68530958214","3,870.06316875502"
1/16/14,"3,903.46478714464",1.56366371000,"3,907.11270384079","3,891.12131627360"
1/15/14,"3,901.90112343388",31.55556736000,"3,908.23912952719","3,883.29060402890"
1/14/14,"3,870.26682944478",73.33744644000,"3,871.29865574209","3,810.62704911314"
1/13/14,"3,796.92938299988",-56.51399148000,"3,861.35362847769","3,782.42112084730"
1/10/14,"3,853.44337447958",13.51784926000,"3,857.10882564986","3,822.49188661075"
1/9/14,"3,839.92552522176",-16.17067134000,"3,868.91860760378","3,828.28596952410"
1/8/14,"3,856.09619656419",10.46437422000,"3,864.32313560703","3,838.34903650003"
1/7/14,"3,845.57979809369",33.39427986000,"3,851.12504816757","3,821.42133923953"
1/6/14,"3,812.13638624278",-12.72444574000,"3,828.95175926110","3,796.45645892766"
1/3/14,"3,824.86083198680",-26.84397206000,"3,855.97188823339","3,823.64464697420"
1/2/14,"3,851.70480405136",-30.72115479000,"3,866.25695716341","3,840.98656755750"
12/31/13,"3,881.55262582561",23.68233498000,"3,881.55262582561","3,863.45262647621"
12/30/13,"3,857.87029084260",-4.25644254000,"3,862.32210225298","3,846.30197588422"
12/27/13,"3,861.72654187886",-11.40563570000,"3,880.37874986573","3,858.52043233198"
12/26/13,"3,872.89630075097",12.72852585000,"3,875.21213104120","3,859.41879772823"
12/24/13,"3,860.16777490231",3.67263916000,"3,862.02077105609","3,851.30564716591"
12/23/13,"3,856.05112780643",41.27460125000,"3,857.00224665846","3,837.57693214233"
12/20/13,"3,814.77652655472",35.17830805000,"3,825.34724686738","3,783.55374993319"
12/19/13,"3,779.59821850878",-11.88445797000,"3,783.49108652129","3,762.74779250744"
12/18/13,"3,791.48267647965",43.54480956000,"3,792.44951482888","3,697.74398834823"
12/17/13,"3,747.87843048048",-6.99571900000,"3,761.94687145583","3,738.97222462094"
12/16/13,"3,754.87414947989",20.95074687000,"3,774.98213903391","3,748.72813311322"
12/13/13,"3,733.92340260948",-4.20316653000,"3,757.07738726196","3,726.72318867733"
12/12/13,"3,738.07287426850",-9.40070203000,"3,758.22274925849","3,735.54883338198"
12/11/13,"3,747.38895631039",-48.83387767000,"3,801.63531131874","3,742.42128591943"
12/10/13,"3,795.87676363871",-2.12543235000,"3,802.92632242761","3,788.55352166651"
12/9/13,"3,798.00219599294",12.86913386000,"3,806.46757231000","3,792.72159853291"
12/6/13,"3,785.09727486559",28.65702966000,"3,792.48930480564","3,765.09806055261"
12/5/13,"3,756.44024520854",-5.70207923000,"3,768.70502638433","3,746.83958253609"
12/4/13,"3,762.14232443779",3.96421727000,"3,773.04550705438","3,729.97437378398"
12/3/13,"3,758.07641825797",-1.96025405000,"3,766.37572991666","3,742.97155933042"
12/2/13,"3,760.03667230597",-7.20406517000,"3,781.55598454240","3,755.20750509148"
11/29/13,"3,767.24073747978",18.73309283000,"3,776.04097643857","3,760.20602615547"
11/27/13,"3,748.50764465303",26.68822648000,"3,749.77299040235","3,728.51626900588"
11/26/13,"3,721.18195167073",19.73569950000,"3,731.74140484363","3,696.02960129734"
11/25/13,"3,701.42137094752",5.90980880000,"3,712.22411537034","3,693.72072274491"
11/22/13,"3,695.39218109484",20.82162163000,"3,695.51915681843","3,678.52532873042"
11/21/13,"3,674.57055946669",38.40761029000,"3,676.95897071186","3,650.72336038656"
11/20/13,"3,636.00598238906",-11.84032039000,"3,668.95838442851","3,627.51855937386"
11/19/13,"3,647.30170680395",-11.58477492000,"3,671.57955468845","3,640.25553904049"
11/18/13,"3,656.16351725907",-36.36607039000,"3,699.67177769362","3,650.30924493695"
11/15/13,"3,692.52958765205",8.02831449000,"3,692.52958765205","3,677.88687201710"
11/14/13,"3,684.50127315777",10.32554798000,"3,688.19819312255","3,657.79733902752"
11/13/13,"3,673.38709960554",43.50890836000,"3,673.42804115033","3,609.57976442005"
11/12/13,"3,629.62099903833",2.42637282000,"3,635.16292760080","3,611.96262772218"
11/11/13,"3,626.66504362412",-4.16949096000,"3,634.12429214712","3,613.47216498216"
11/8/13,"3,630.83453458218",48.99255586000,"3,630.83453458218","3,585.39024590415"
11/7/13,"3,581.84197871767",-68.98047795000,"3,654.94726553908","3,578.58911313514"
11/6/13,"3,650.62839266889",-3.71052755000,"3,667.75527713398","3,638.67107972716"
11/5/13,"3,651.67025236403",4.39127781000,"3,659.32725338613","3,622.68141638616"
11/4/13,"3,646.10239565051",5.36667481000,"3,651.95471680604","3,634.93711553878"
11/1/13,"3,640.67162485780",2.19015977000,"3,656.98339067563","3,624.39195908245"
10/31/13,"3,638.48146508727",-8.23729563000,"3,662.89891685690","3,627.74531554802"
10/30/13,"3,646.66668736363",-6.85984212000,"3,671.33088050346","3,632.50413102637"
10/29/13,"3,653.40336201018",9.77005643000,"3,661.31608360976","3,635.97609603585"
10/28/13,"3,643.31588314355",-1.24063956000,"3,651.71323632916","3,630.09253609060"
10/25/13,"3,644.55652270795",23.10616688000,"3,662.02158343621","3,628.13937149860"
10/24/13,"3,621.45035582814",17.58207833000,"3,626.85042330211","3,601.72354788658"
10/23/13,"3,603.86827749395",-22.48761522000,"3,614.01498547016","3,586.79849173608"
10/22/13,"3,626.28460161467",6.19297129000,"3,645.04677218130","3,601.78747761223"
10/21/13,"3,620.09163032387",7.86596770000,"3,629.31174364852","3,609.18416348288"
10/18/13,"3,612.22566262402",56.64917252000,"3,614.11426491830","3,577.65515855640"
10/17/13,"3,555.57649010766",21.12041512000,"3,555.92183622177","3,515.67761275271"
10/16/13,"3,534.40707275835",39.85527374000,"3,536.03418708519","3,509.77997738837"
10/15/13,"3,494.55179902138",-12.23311179000,"3,521.80449634967","3,490.98823905754"
10/14/13,"3,506.78491081053",23.90415150000,"3,508.03974970890","3,459.42642386858"
10/11/13,"3,482.88075931132",24.75348886000,"3,486.30589951456","3,448.52991730047"
10/10/13,"3,458.12727044918",73.56838627000,"3,463.70848653940","3,423.47266411989"
10/9/13,"3,384.55888418002",-12.20500324000,"3,405.26644322561","3,357.80558428024"
10/8/13,"3,396.46357526734",-66.57962439000,"3,464.61168589575","3,394.73517890204"
10/7/13,"3,462.98901446172",-28.94784034000,"3,489.28631170110","3,460.09926481224"
10/4/13,"3,491.93685480541",30.95221077000,"3,495.80131579004","3,459.02131029121"
10/3/13,"3,460.98464403940",-42.45391200000,"3,505.21909667433","3,443.25041383853"
10/2/13,"3,503.43855604054",0.22556110000,"3,507.15587983346","3,476.71790243543"
10/1/13,"3,503.21299493560",37.51792375000,"3,504.59592737835","3,468.62949262784"
9/30/13,"3,464.82267360304",-13.03324823000,"3,476.93824269223","3,431.09054750322"
9/27/13,"3,477.45646455929",-4.01686972000,"3,482.82170146178","3,456.46159541750"
9/26/13,"3,481.33828106562",27.43394133000,"3,488.82629854954","3,467.48871344995"
9/25/13,"3,453.60814150143",-10.88119624000,"3,473.06190856607","3,447.36806902417"
9/24/13,"3,464.36895544613",-0.73516143000,"3,483.94067489974","3,454.38771764684"
9/23/13,"3,465.10411688046",-5.80307576000,"3,491.03133301138","3,450.20469344409"
9/20/13,"3,470.90719264353",-13.86070974000,"3,496.51364145758","3,470.90719264353"
9/19/13,"3,484.76790238116",6.78384156000,"3,492.85152367869","3,478.38048413692"
9/18/13,"3,477.98406082603",43.56686018000,"3,482.72989033835","3,433.53466357955"
9/17/13,"3,434.41720065074",23.83319116000,"3,439.06456746959","3,419.07541264916"
9/16/13,"3,410.52977409463",-10.31846986000,"3,449.16940693654","3,404.55006132224"
9/13/13,"3,420.84824395901",2.91526503000,"3,424.97233114446","3,402.95906319673"
9/12/13,"3,417.93297892531",-4.62450147000,"3,429.48921771115","3,412.09165397896"
9/11/13,"3,422.47295133315",-5.60239376000,"3,423.02073858378","3,400.35017839299"
9/10/13,"3,427.74870106925",16.29447132000,"3,432.24239379747","3,414.87766041675"
9/9/13,"3,411.45422975144",39.33461434000,"3,416.77464207846","3,385.72465313899"
9/6/13,"3,371.93820748475",3.69964534000,"3,388.74355150163","3,333.89437154853"
9/5/13,"3,368.23856214637",5.80874903000,"3,376.98012979533","3,363.33257812659"
9/4/13,"3,362.42981311952",35.27688688000,"3,367.01423644704","3,328.44818390878"
9/3/13,"3,327.06336247171",19.31184364000,"3,349.29640872369","3,311.32565767207"
8/30/13,"3,307.75151883604",-21.03180243000,"3,331.01728327036","3,296.19081755640"
8/29/13,"3,328.20452786281",22.79429281000,"3,345.10969331849","3,298.62315424093"
8/28/13,"3,305.41023505085",13.55205975000,"3,319.93537864645","3,292.89053885551"
8/27/13,"3,291.67829205136",-67.88113453000,"3,337.60569863149","3,284.87678040636"
8/26/13,"3,359.55942657768",-1.71489551000,"3,386.66344382631","3,355.09190125250"
8/23/13,"3,361.13776347181",24.14989995000,"3,364.13352545028","3,348.87339578883"
8/22/13,"3,336.98786352199",32.65215245000,"3,338.94310725350","3,319.34778473009"
8/21/13,"3,304.23571214006",-11.51351934000,"3,333.44470057850","3,293.43101100966"
8/20/13,"3,315.74923147658",13.34880383000,"3,331.07375238334","3,305.94421255956"
8/19/13,"3,302.06318509674",-4.46908828000,"3,335.68750765142","3,301.74650932752"
8/16/13,"3,306.46550342594",-2.49197892000,"3,324.51470225754","3,302.71840809255"
8/15/13,"3,308.95748234701",-57.24142650000,"3,326.20946338824","3,300.18508151260"
8/14/13,"3,366.19890884215",-12.49497306000,"3,382.30836120520","3,361.85740206437"
8/13/13,"3,378.15959225463",16.27364083000,"3,386.94725145133","3,340.76385163246"
8/12/13,"3,360.04954958141",7.90357361000,"3,365.08846446470","3,338.90295576842"
8/9/13,"3,352.14597597409",-12.41830616000,"3,371.63571477906","3,342.78020019675"
8/8/13,"3,364.56428213068",12.27584203000,"3,372.66211897858","3,344.41402615847"
8/7/13,"3,349.35901426652",-3.76319188000,"3,354.97010179986","3,325.43260845832"
8/6/13,"3,352.99298940267",-22.53864854000,"3,373.23607518566","3,341.50779547605"
8/5/13,"3,375.38145919155",-0.35804034000,"3,377.59594579934","3,365.00488597386"
8/2/13,"3,374.47848461571",18.48486260000,"3,374.47848461571","3,347.13105867858"
8/1/13,"3,355.99362201779",38.76880524000,"3,358.53543763879","3,339.87199503238"
7/31/13,"3,317.22481677848",5.21017991000,"3,338.50766904765","3,314.31520608966"
7/30/13,"3,312.01463686387",17.58128191000,"3,327.09851700419","3,302.42059161673"
7/29/13,"3,294.31175011968",-7.80841646000,"3,309.75278536006","3,287.82372059234"
7/26/13,"3,301.82367383358",15.62378938000,"3,301.82367383358","3,267.63662263283"
7/25/13,"3,286.19988445054",22.02101711000,"3,288.43829277153","3,263.20930838038"
7/24/13,"3,264.17886733952",10.47142186000,"3,285.08088369347","3,257.16308332517"
7/23/13,"3,253.63650394811",-25.57281810000,"3,283.66177655841","3,251.13136256497"
7/22/13,"3,279.20932205091",11.05504538000,"3,285.99590388345","3,267.98044174970"
7/19/13,"3,268.15427667285",-35.30220663000,"3,273.33268708798","3,258.56196420453"
7/18/13,"3,303.45648330096",-8.00758739000,"3,317.82791480433","3,297.10011899969"
7/17/13,"3,311.46407069419",8.38182449000,"3,317.48760858552","3,301.46086973756"
7/16/13,"3,303.08224620468",-2.55823905000,"3,311.38025057620","3,294.17367115880"
7/15/13,"3,305.64048525050",0.83424406000,"3,308.21633773021","3,292.94904339898"
7/12/13,"3,304.80624119468",21.05607972000,"3,304.80624119468","3,277.92326514709"
7/11/13,"3,283.75016147414",63.10943753000,"3,285.05758862782","3,252.55797676759"
7/10/13,"3,220.64072394823",17.52917649000,"3,224.52741248614","3,199.64687659263"
7/9/13,"3,202.59220264935",19.51843677000,"3,208.60966534829","3,183.65436400838"
7/8/13,"3,183.02396800739",3.12783533000,"3,196.63344197974","3,171.47282784808"
7/5/13,"3,179.84963664742",23.40341552000,"3,180.49860384542","3,148.73435273516"
7/3/13,"3,156.44622112536",12.63718176000,"3,169.79711312459","3,129.46952511705"
7/2/13,"3,143.80903936791",2.45488023000,"3,161.29310628847","3,126.47270473522"
7/1/13,"3,141.31994201445",19.03695133000,"3,166.68760193638","3,138.00578674124"
6/28/13,"3,121.06219528715",2.95951391000,"3,140.24913869829","3,101.72426937617"
6/27/13,"3,118.10268137856",13.92873197000,"3,136.86775250453","3,116.45569482430"
6/26/13,"3,103.83173789208",29.33855834000,"3,109.97684028264","3,093.21988127818"
6/25/13,"3,074.08363986013",19.62381326000,"3,089.55822413627","3,058.52960598105"
6/24/13,"3,054.45982659800",-31.90094630000,"3,077.75300371478","3,029.77144387990"
6/21/13,"3,086.36077289351",-13.28419174000,"3,108.29636834492","3,060.34853187401"
6/20/13,"3,099.64496463127",-74.18010202000,"3,150.86774446806","3,091.19445901297"
6/19/13,"3,173.82506665189",-39.23587769000,"3,217.49541501515","3,173.82506665189"
6/18/13,"3,213.06094433918",26.62951075000,"3,219.28401839727","3,190.03194866049"
6/17/13,"3,186.43143358723",29.37922958000,"3,205.01506487562","3,171.05615471017"
6/14/13,"3,156.95706147387",-20.41691863000,"3,180.83311972949","3,152.47004263646"
6/13/13,"3,177.29297779460",39.42312766000,"3,183.80866927247","3,125.07013787543"
6/12/13,"3,137.82225906324",-36.13052603000,"3,194.22696196680","3,133.25822467831"
6/11/13,"3,172.68600415526",-32.85094986000,"3,202.70356981403","3,164.34927142862"
6/10/13,"3,205.53695401801",-0.40544610000,"3,220.73025597565","3,200.18267537876"
6/7/13,"3,205.94240011826",43.48225322000,"3,208.36422583621","3,167.59878228392"
6/6/13,"3,162.42536978767",14.10900763000,"3,162.42536978767","3,121.30316173155"
6/5/13,"3,148.31636215345",-39.18089236000,"3,189.78546508621","3,144.11845962889"
6/4/13,"3,187.44529503726",-18.32221731000,"3,223.46360906458","3,175.14988711893"
6/3/13,"3,205.76751234643",9.67896774000,"3,205.78141314030","3,162.98467631492"
5/31/13,"3,195.53511309032",-32.23188293000,"3,239.85633162765","3,195.53511309032"
5/30/13,"3,227.76699602219",18.23089343000,"3,243.33560570448","3,213.77022571268"
5/29/13,"3,209.47909033715",-18.34462853000,"3,222.42134704808","3,193.48474828677"
5/28/13,"3,227.64392945637",22.41306792000,"3,254.49943114224","3,217.22521455738"
5/24/13,"3,205.21619600173",-0.45797880000,"3,205.46568803898","3,177.65085400816"
5/23/13,"3,205.67417480050",-8.22588974000,"3,217.56415742515","3,179.09717821348"
5/22/13,"3,213.90006453911",-29.28047374000,"3,272.17362308218","3,198.59189137794"
5/21/13,"3,243.18053828083",5.87076210000,"3,254.17212824718","3,227.17040000460"
5/20/13,"3,236.93723402095",-8.55535566000,"3,249.67334164172","3,227.26831528099"
5/17/13,"3,245.42800166403",31.72990523000,"3,245.42800166403","3,220.03109488544"
5/16/13,"3,213.63455314154",-3.51388345000,"3,234.74391808337","3,211.62945172664"
5/15/13,"3,217.14843659627",7.04472207000,"3,219.18139526248","3,195.87895413194"
5/14/13,"3,209.85879308871",14.94345850000,"3,219.47045729163","3,194.70165066972"
5/13/13,"3,192.82058145939",1.14589530000,"3,200.96822811133","3,181.72625032359"
5/10/13,"3,191.48919331716",21.30515623000,"3,191.48919331716","3,171.86654964224"
5/9/13,"3,170.18403708884",-7.61711608000,"3,190.76178885231","3,164.38788714682"
5/8/13,"3,175.10910796425",16.42753036000,"3,176.62292219743","3,152.16712846577"
5/7/13,"3,158.62929368850",-2.65288602000,"3,168.12185359623","3,147.25592718904"
5/6/13,"3,161.03510488910",11.52161245000,"3,165.60055668841","3,152.59152853537"
5/3/13,"3,149.51349244277",35.77244094000,"3,157.66780523570","3,141.65456497721"
5/2/13,"3,112.71921212488",40.40566561000,"3,118.24360660581","3,076.50073646077"
5/1/13,"3,072.31354651366",-15.07222619000,"3,092.53551312749","3,067.41043876346"
4/30/13,"3,087.38577270310",21.91529696000,"3,087.84052040725","3,057.97583317400"
4/29/13,"3,065.41600153763",28.22698219000,"3,076.25232913310","3,046.27088351661"
4/26/13,"3,037.18901934523",-8.66918362000,"3,045.72159518770","3,024.71078103425"
4/25/13,"3,045.57419242013",15.54225163000,"3,058.43618816915","3,037.41330520340"
4/24/13,"3,030.03194079093",-1.33575757000,"3,041.60902567097","3,016.86781309842"
4/23/13,"3,031.36769836343",27.04574841000,"3,042.08943868790","3,005.05605166847"
4/22/13,"3,004.32194995348",31.65296424000,"3,013.57984055308","2,973.05198262394"
4/19/13,"2,972.66898571608",41.17685844000,"2,978.21260346070","2,933.04536237916"
4/18/13,"2,931.49212727695",-42.79511196000,"2,980.93434249425","2,919.75060641843"
4/17/13,"2,974.28723923339",-60.33198064000,"3,006.87352992808","2,956.61982077625"
4/16/13,"3,034.61921987482",43.76384682000,"3,035.65540827723","3,004.27042206225"
4/15/13,"2,990.85537305609",-63.08597587000,"3,046.11742336395","2,989.69100511454"
4/12/13,"3,053.94134892824",-2.76699075000,"3,054.87274428156","3,030.39883606812"
4/11/13,"3,056.70833968276",-0.14949341000,"3,061.61653725410","3,044.90851723834"
4/10/13,"3,056.85783308853",58.31336340000,"3,060.18748133463","3,006.22571674293"
4/9/13,"2,998.51043879915",19.81733342000,"3,009.63874905716","2,972.34980705621"
4/8/13,"2,978.69310537507",15.37135646000,"2,978.69310537507","2,955.40192998479"
4/5/13,"2,963.27552819407",-24.77458631000,"2,966.26174683500","2,933.88306412536"
4/4/13,"2,988.05011450260",-0.11990111000,"2,994.10064774735","2,971.39231097742"
4/3/13,"2,987.33805617549",-27.34728200000,"3,019.66625407791","2,979.03543836551"
4/2/13,"3,014.68533817403",25.17716090000,"3,023.25542707749","3,001.96748498564"
4/1/13,"2,989.50817727725",-23.10676757000,"3,015.59524811876","2,981.69634512296"
3/28/13,"3,012.23515176632",9.30280441000,"3,014.35052747833","2,997.09948396974"
3/27/13,"3,002.93234735202",3.72720529000,"3,004.85948140498","2,975.01396736009"
3/26/13,"2,998.86538063852",18.21418878000,"2,999.59278312202","2,988.06639440628"
3/25/13,"2,980.24177889388",-12.13490013000,"3,009.19693540850","2,968.84661564549"
3/22/13,"2,992.37667902365",27.72993569000,"2,995.74299212763","2,974.09456563021"
3/21/13,"2,964.64674333558",-33.18263932000,"2,978.53288577750","2,958.16882673597"
3/20/13,"2,997.78645595918",19.91261714000,"3,003.73760301049","2,985.30440745733"
3/19/13,"2,977.87383881998",-5.36944912000,"2,998.94931018988","2,952.07200998492"
3/18/13,"2,983.24328794288",-7.59622289000,"2,995.15322508774","2,956.73506125770"
3/15/13,"2,990.64538308228",-8.43008272000,"3,002.22051225546","2,982.97476775933"
3/14/13,"2,999.07546580483",9.20671724000,"3,004.40506712584","2,992.72691147081"
3/13/13,"2,989.86874856016",-2.27218072000,"2,999.49947914393","2,978.15583487563"
3/12/13,"2,991.94547268572",-11.80196350000,"3,001.26557174172","2,978.49689069602"
3/11/13,"3,003.74743619063",8.27317253000,"3,003.95577216815","2,981.88191068432"
3/8/13,"2,995.35297987438",4.93920268000,"3,004.55525282820","2,982.55566065798"
3/7/13,"2,990.40386763355",7.40068699000,"2,995.25593119843","2,980.30908981268"
3/6/13,"2,982.98853483490",-7.14125151000,"2,999.66815225755","2,978.84371934116"
3/5/13,"2,989.54182354289",42.41232953000,"2,993.92859098927","2,964.84526846950"
3/4/13,"2,947.12949401526",12.58211851000,"2,947.45231954856","2,920.83947371721"
3/1/13,"2,934.54737550967",9.79182461000,"2,938.25537111833","2,897.95541698156"
2/28/13,"2,924.75555089947",-2.85398630000,"2,948.99610598416","2,924.36370370727"
2/27/13,"2,927.60953720016",30.15837851000,"2,945.07157000478","2,894.43123760971"
2/26/13,"2,897.27288680367",12.86673919000,"2,902.66332878155","2,872.51283594284"
2/25/13,"2,884.36290752512",-38.78189134000,"2,951.63714943690","2,884.36290752512"
2/22/13,"2,923.14479886034",27.52154775000,"2,923.14479886034","2,899.84922923909"
2/21/13,"2,895.62325111113",-30.41140784000,"2,916.70525340227","2,883.67071462792"
2/20/13,"2,926.03465895255",-45.77437615000,"2,971.37521776406","2,925.26164636466"
2/19/13,"2,971.65994244242",19.41012953000,"2,971.65994244242","2,954.59079139582"
2/15/13,"2,950.29576827860",-7.21666673000,"2,965.66031424878","2,941.50917348622"
2/14/13,"2,957.34523126885",-2.49521802000,"2,962.74575712648","2,944.87147786559"
2/13/13,"2,959.77904164265",11.89540771000,"2,969.82903039665","2,950.46531924892"
2/12/13,"2,947.76661890930",-12.82141089000,"2,962.80150055304","2,946.47825095144"
2/11/13,"2,960.49471178729",-0.98300461000,"2,963.15830897174","2,951.60840916452"
2/8/13,"2,961.14314253112",30.99902694000,"2,966.02085647196","2,944.96274574520"
2/7/13,"2,930.14411559197",0.16609066000,"2,932.95777954465","2,898.00981575223"
2/6/13,"2,927.63760763055",-9.21407312000,"2,940.33235283956","2,919.23945203355"
2/5/13,"2,936.74145649968",41.88103107000,"2,945.12559569513","2,900.29687592333"
2/4/13,"2,893.67839926514",-51.44080005000,"2,936.26609625928","2,893.49638315450"
2/1/13,"2,945.06601471600",34.55340699000,"2,950.03979111418","2,920.23145177972"
1/31/13,"2,910.51260772745",-7.65087700000,"2,931.36683095195","2,908.94818649092"
1/30/13,"2,918.16348472281",-5.18475466000,"2,937.74401269317","2,911.06073966687"
1/29/13,"2,923.32078503725",1.22101325000,"2,929.56571921000","2,900.88473411235"
1/28/13,"2,921.88171803061",6.07679417000,"2,932.64916982892","2,914.18462445457"
1/25/13,"2,915.80492386333",14.06247158000,"2,924.70699123255","2,905.14772687763"
1/24/13,"2,901.74245228364",-41.16588182000,"2,928.19499026654","2,897.79618500253"
1/23/13,"2,942.90833410085",17.02942812000,"2,950.51694656835","2,936.96837202303"
1/22/13,"2,925.87890597934",3.13920344000,"2,927.29739824172","2,905.29048207726"
1/18/13,"2,922.73970253645",-4.16340681000,"2,923.06007708163","2,906.57300962734"
1/17/13,"2,926.90310934384",13.23359061000,"2,937.06348313515","2,919.35910914851"
1/16/13,"2,913.66951873615",12.51123971000,"2,921.76710167846","2,899.70734915242"
1/15/13,"2,901.12390406497",-13.55240966000,"2,904.62749391555","2,888.14804148112"
1/14/13,"2,914.67631372099",-13.37974033000,"2,922.82674168027","2,902.28076497402"
1/11/13,"2,928.05605405274",4.34713561000,"2,929.22791287727","2,917.12505406410"
1/10/13,"2,923.70891844634",17.61223643000,"2,929.04257991143","2,897.60182562270"
1/9/13,"2,906.09668201518",9.51463328000,"2,914.37724222025","2,898.00185759417"
1/8/13,"2,896.58204873753",-5.85858026000,"2,908.76764421038","2,880.63464335175"
1/7/13,"2,902.39416767635",-0.29014359000,"2,906.07878758890","2,884.16130896854"
1/4/13,"2,902.68431126415",-8.27461913000,"2,910.85046239478","2,893.68502151553"
1/3/13,"2,910.95893039496",-15.14628033000,"2,930.73500802501","2,901.80862816965"
1/2/13,"2,926.10521072936",91.13832913000,"2,926.12970729847","2,893.95219103175"
12/31/12,"2,834.96688159891",58.14055790000,"2,840.07728460181","2,768.52431712530"
12/28/12,"2,776.82632369527",-28.31202469000,"2,803.82839208272","2,775.33768164815"
12/27/12,"2,804.69258956689",-4.52035570000,"2,813.39650030606","2,769.21526366030"
12/26/12,"2,808.99979264979",-22.22411265000,"2,837.09422819939","2,798.71169810836"
12/24/12,"2,831.21670301939",-7.05912049000,"2,835.46046850628","2,826.46052815516"
12/21/12,"2,838.27582351224",-30.75929933000,"2,841.49515226003","2,811.61725491048"
12/20/12,"2,869.03512284124",2.72808584000,"2,874.53391718498","2,854.11884364336"
12/19/12,"2,866.30703700228",-15.33360176000,"2,890.17088715190","2,866.30461755141"
12/18/12,"2,881.64063876075",43.80193810000,"2,884.93058934930","2,843.77446251334"
12/17/12,"2,837.61378923604",38.52235948000,"2,838.09845273367","2,798.32365112123"
12/14/12,"2,799.09142975997",-27.60953564000,"2,816.00262865436","2,790.55837301680"
12/13/12,"2,826.70096539918",-21.88884020000,"2,863.36792533895","2,815.12416770413"
12/12/12,"2,848.44143864745",-7.98516888000,"2,869.58243028073","2,841.99598176623"
12/11/12,"2,854.98797061434",36.72088949000,"2,870.77700899121","2,835.86114117789"
12/10/12,"2,818.23505651972",7.48537221000,"2,849.80139215889","2,818.23505651972"
12/7/12,"2,810.74968431293",-16.77742489000,"2,843.78474640449","2,801.09368776031"
12/6/12,"2,827.51692586746",19.59717379000,"2,834.66371751819","2,792.73526418697"
12/5/12,"2,807.91975208184",-31.92662088000,"2,835.11106534221","2,793.67772143347"
12/4/12,"2,839.44347215636",-4.20272045000,"2,845.97717428883","2,821.95546711158"
12/3/12,"2,843.64619261040",-6.43081628000,"2,872.59996734331","2,841.50859037929"
11/30/12,"2,850.04713077014",-2.29364974000,"2,854.82049373396","2,839.71061809311"
11/29/12,"2,852.34078051239",15.71238575000,"2,861.83217645107","2,838.79750578529"
11/28/12,"2,836.57262255173",25.37970683000,"2,837.67746382694","2,781.17398748507"
11/27/12,"2,811.11082565859",-10.90149244000,"2,830.18642500994","2,807.04715289389"
11/26/12,"2,821.29504820735",12.85083077000,"2,821.71743566586","2,794.04772095584"
11/23/12,"2,808.34426187180",41.61369800000,"2,809.19799420291","2,781.37369869867"
11/21/12,"2,766.73056387628",6.18481658000,"2,771.01972458438","2,753.30918008358"
11/20/12,"2,760.54574729569",-1.23846349000,"2,764.59961209038","2,735.01197312159"
11/19/12,"2,761.22579341840",65.59659080000,"2,762.20847427357","2,725.79547424647"
11/16/12,"2,695.39321578515",10.42283667000,"2,703.03378273461","2,653.09319314854"
11/15/12,"2,684.85951555748",-7.99142512000,"2,703.81125300574","2,674.75566791800"
11/14/12,"2,692.78796903832",-31.89267903000,"2,741.39040986978","2,689.05134806299"
11/13/12,"2,724.43188599582",-22.22437891000,"2,750.71511417504","2,716.63507202543"
11/12/12,"2,744.41915232319",-1.40622315000,"2,763.41084754327","2,736.80307442597"
11/9/12,"2,745.82537547804",12.25247360000,"2,773.53290600911","2,732.82610547018"
11/8/12,"2,733.45132106418",-42.62766787000,"2,790.67314406680","2,733.30817780283"
11/7/12,"2,776.04873190354",-72.57610275000,"2,817.00266780347","2,765.01551884931"
11/6/12,"2,846.27741093032",8.64242736000,"2,862.63747761086","2,832.90062393103"
11/5/12,"2,837.63498357070",17.65051349000,"2,844.03780864314","2,814.78005592763"
11/2/12,"2,818.81935306804",-33.15161856000,"2,867.24368226253","2,817.43606561168"
11/1/12,"2,851.97097162354",42.01933529000,"2,855.37335374093","2,828.38259181947"
10/31/12,"2,809.95163633277",-18.89610488238,0.00000000000,0.00000000000
10/29/12,0.00000000000,0.00000000000,0.00000000000,0.00000000000
10/26/12,"2,828.62219942411",8.67457034000,"2,839.32087019018","2,797.84366331748"
10/25/12,"2,819.94762908463",2.23165700000,"2,843.45129218338","2,811.00970061598"
10/24/12,"2,817.65726565644",-11.10463363000,"2,850.38144519624","2,815.40366285127"
10/23/12,"2,828.76189928333",-30.27881148000,"2,853.65922924442","2,821.07257557784"
10/22/12,"2,859.04071076290",17.23292881000,"2,863.84304657041","2,834.57386310312"
10/19/12,"2,841.80778195381",-69.87400722000,"2,908.72656352866","2,838.89559482324"
10/18/12,"2,911.68178917830",-33.37508210000,"2,945.27018804683","2,901.53693794348"
10/17/12,"2,945.05687127803",-2.92194936000,"2,954.79911540448","2,928.81478824482"
10/16/12,"2,947.97882064218",40.85313670000,"2,950.76849395548","2,910.91511979761"
10/15/12,"2,907.10568936642",20.93623802000,"2,910.10802532701","2,878.81967799022"
10/12/12,"2,886.16945134340",0.99378680000,"2,901.30100931710","2,879.83392509480"
10/11/12,"2,885.17566454565",-9.90709616000,"2,918.70443957516","2,884.46293639874"
10/10/12,"2,895.08276070475",-14.19117123000,"2,917.22836562485","2,890.68828030799"
10/9/12,"2,908.99742981732",-47.74674494000,"2,951.32362681626","2,903.75904971430"
10/8/12,"2,956.74417475383",-26.54449418000,"2,972.57747335482","2,950.88524520631"
10/5/12,"2,983.28866893458",-17.66936256000,"3,019.38398912724","2,977.45428740453"
10/4/12,"3,000.91091157683",10.35520441000,"3,008.05495998316","2,985.92720488793"
10/3/12,"2,990.55570717032",20.74073765000,"2,994.50000714666","2,967.68942605720"
10/2/12,"2,969.81496951537",5.31703862000,"2,983.51600634988","2,948.30705594005"
10/1/12,"2,963.79025577389",-5.21496388000,"2,999.12752696092","2,953.46015538140"
9/28/12,"2,968.68363929891",-23.75952397000,"2,991.13546875191","2,964.87172691143"
9/27/12,"2,992.44316326754",42.38338059000,"2,998.16555068394","2,953.23045780345"
9/26/12,"2,949.92993743189",-24.28169922000,"2,971.82783645665","2,936.14077725068"
9/25/12,"2,974.10991769737",-41.84248760000,"3,031.52707823170","2,973.80084497562"
9/24/12,"3,015.95240529391",-18.72032787000,"3,021.91341690959","3,003.80665703038"
9/21/12,"3,034.67273316113",-0.06311993000,"3,052.42348553940","3,032.45734075291"
9/20/12,"3,034.73585309425",-2.47743341000,"3,036.82558919483","3,014.49736934835"
9/19/12,"3,037.21328650280",7.05187973000,"3,044.70400398322","3,022.66944929515"
9/18/12,"3,030.16140677702",1.00100515000,"3,032.23352476169","3,021.17443311793"
9/17/12,"3,029.12398704454",1.27815170000,"3,030.26703526506","3,018.24383932611"
9/14/12,"3,027.36613128249",25.32770299000,"3,038.11276672746","3,010.66234279816"
9/13/12,"3,002.03842829491",42.05268937000,"3,012.98369579149","2,960.50834756769"
9/12/12,"2,959.98573892391",7.20011581000,"2,967.69460480644","2,942.80996909737"
9/11/12,"2,952.39587194825",-3.66675579000,"2,968.25016583042","2,947.46617895777"
9/10/12,"2,956.03055521243",-38.96372609000,"2,993.05791754289","2,954.94969484459"
9/7/12,"2,994.86560067622",-4.87762179000,"3,000.00276309381","2,986.78205513486"
9/6/12,"2,999.73285922840",66.52418603000,"2,999.73285922840","2,952.13435145322"
9/5/12,"2,933.20867319807",-5.37637517000,"2,947.62594175869","2,926.53278096606"
9/4/12,"2,938.13532556488",-0.22191928000,"2,947.70295802437","2,908.73966600145"
8/31/12,"2,938.35724484675",19.60386045000,"2,951.96824733697","2,911.28715433190"
8/30/12,"2,918.75338439580",-32.06926043000,"2,938.76476585013","2,916.41552087210"
8/29/12,"2,950.82264482191",1.38618585000,"2,957.36110974761","2,938.09729179558"
8/28/12,"2,949.33092430234",0.15133531000,"2,957.62323768245","2,938.30285732304"
8/27/12,"2,949.17958898790",4.76200900000,"2,961.60654342806","2,943.67888745958"
8/24/12,"2,944.31915567126",16.99080858000,"2,952.03754008232","2,915.26668675343"
8/23/12,"2,927.31449693637",-22.67566557000,"2,947.10516455162","2,920.02017145413"
8/22/12,"2,949.99016250521",11.88745034000,"2,957.28044787422","2,924.26298829151"
8/21/12,"2,938.10271216421",-12.85430205000,"2,970.64583015073","2,928.24096040230"
8/20/12,"2,950.84948226051",4.27351452000,"2,951.06721607397","2,933.26035151744"
8/17/12,"2,946.44725970274",12.93667244000,"2,946.88708417687","2,933.58181468271"
8/16/12,"2,933.51058726269",34.56969830000,"2,939.99145131010","2,906.72738297018"
8/15/12,"2,898.94088895896",8.13328911000,"2,902.83189414615","2,887.53446962993"
8/14/12,"2,890.68746085809",-0.93253200000,"2,906.61399068744","2,883.62061792164"
8/13/12,"2,889.79407257607",6.05746739000,"2,889.95416457906","2,868.30233142058"
8/10/12,"2,883.73660518413",3.54459583000,"2,883.73660518413","2,864.62592073193"
8/9/12,"2,879.95538740533",5.90754717000,"2,885.05498027692","2,867.92954934638"
8/8/12,"2,871.68027010576",-3.31840000000,"2,879.06810692998","2,862.62671921606"
8/7/12,"2,874.85781892461",24.40638173000,"2,885.59309097252","2,858.75053884740"
8/6/12,"2,850.45143719596",19.14350780000,"2,862.73882155231","2,837.36662169518"
8/3/12,"2,831.13397137392",53.38478191000,"2,840.20957406180","2,811.56688714390"
8/2/12,"2,776.69657588245",-10.16264414000,"2,803.61354721295","2,756.61918028168"
8/1/12,"2,786.85922002032",-7.82893135000,"2,815.11140606081","2,776.23469792501"
7/31/12,"2,794.68815136539",0.43701547000,"2,810.27721848201","2,792.28317686760"
7/30/12,"2,794.25113589805",-5.19632758000,"2,815.92663908480","2,786.19005629189"
7/27/12,"2,799.33958708287",65.75910068000,"2,802.45088664372","2,744.15251159482"
7/26/12,"2,733.35287965816",37.68661734000,"2,747.59905964548","2,715.95228073815"
7/25/12,"2,695.66626232218",-19.30431835000,"2,713.91313818428","2,680.70776366032"
7/24/12,"2,714.91827827123",-23.75840069000,"2,745.14600728386","2,697.88958280011"
7/23/12,"2,738.67667895747",-29.73089383000,"2,745.72830927844","2,696.41138435504"
7/20/12,"2,768.40757278928",-39.93557838000,"2,807.06332880497","2,768.40757278928"
7/19/12,"2,808.34315117349",31.65494581000,"2,816.06964998312","2,791.00517673639"
7/18/12,"2,776.68820536058",36.19260516000,"2,784.24580689579","2,733.97142776796"
7/17/12,"2,740.49560019624",15.43311518000,"2,747.70669746792","2,701.04281638331"
7/16/12,"2,725.06248501592",-8.36751498000,"2,738.29544009645","2,714.90772821418"
7/13/12,"2,733.43000000000",41.95000000000,"2,738.67000000000","2,692.20000000000"
7/12/12,"2,691.48000000000",-27.17000000000,"2,708.81000000000","2,667.79000000000"
7/11/12,"2,718.65000000000",-15.08000000000,"2,735.60000000000","2,695.45000000000"
7/10/12,"2,733.73000000000",-26.21000000000,"2,780.79000000000","2,721.82000000000"
7/9/12,"2,759.94000000000",-2.09000000000,"2,770.41000000000","2,746.15000000000"
7/6/12,"2,762.03000000000",-37.15000000000,"2,788.11000000000","2,744.91000000000"
7/5/12,"2,799.18000000000",1.72000000000,"2,812.71000000000","2,780.62000000000"
7/3/12,"2,797.46000000000",22.00000000000,"2,797.46000000000","2,772.01000000000"
7/2/12,"2,775.46000000000",10.25000000000,"2,775.70000000000","2,754.18000000000"
6/29/12,"2,765.21000000000",83.91000000000,"2,765.31000000000","2,713.54000000000"
6/28/12,"2,681.30000000000",-30.53000000000,"2,711.83000000000","2,653.52000000000"
6/27/12,"2,711.83000000000",16.62000000000,"2,722.99000000000","2,702.91000000000"
6/26/12,"2,695.21000000000",17.23000000000,"2,702.69000000000","2,675.93000000000"
6/25/12,"2,677.98000000000",-54.95000000000,"2,709.21000000000","2,671.07000000000"
6/22/12,"2,732.93000000000",30.20000000000,"2,734.48000000000","2,705.16000000000"
6/21/12,"2,702.73000000000",-70.15000000000,"2,772.28000000000","2,700.28000000000"
6/20/12,"2,772.88000000000",2.71000000000,"2,783.33000000000","2,751.73000000000"
6/19/12,"2,770.17000000000",29.96000000000,"2,780.77000000000","2,753.60000000000"
6/18/12,"2,740.21000000000",22.50000000000,"2,747.61000000000","2,700.38000000000"
6/15/12,"2,717.71000000000",33.04000000000,"2,719.41000000000","2,687.35000000000"
6/14/12,"2,684.67000000000",13.28000000000,"2,692.43000000000","2,658.46000000000"
6/13/12,"2,671.39000000000",-19.62000000000,"2,702.96000000000","2,663.20000000000"
6/12/12,"2,691.01000000000",30.67000000000,"2,691.68000000000","2,653.54000000000"
6/11/12,"2,660.34000000000",-44.42000000000,"2,725.92000000000","2,656.63000000000"
6/8/12,"2,704.76000000000",25.16000000000,"2,707.26000000000","2,665.85000000000"
6/7/12,"2,679.60000000000",-11.53000000000,"2,716.66000000000","2,675.94000000000"
6/6/12,"2,691.13000000000",63.17000000000,"2,691.13000000000","2,646.50000000000"
6/5/12,"2,627.96000000000",9.90000000000,"2,633.27000000000","2,607.00000000000"
6/4/12,"2,618.06000000000",20.39000000000,"2,621.06000000000","2,581.92000000000"
6/1/12,"2,597.67000000000",-69.74000000000,"2,652.60000000000","2,597.57000000000"
5/31/12,"2,667.41000000000",-13.24000000000,"2,683.82000000000","2,649.15000000000"
5/30/12,"2,680.65000000000",-22.20000000000,"2,689.75000000000","2,664.86000000000"
5/29/12,"2,702.85000000000",33.71000000000,"2,715.34000000000","2,679.25000000000"
5/25/12,"2,669.14000000000",-4.53000000000,"2,680.24000000000","2,661.87000000000"
5/24/12,"2,673.67000000000",-16.61000000000,"2,697.80000000000","2,653.60000000000"
5/23/12,"2,690.28000000000",8.44000000000,"2,696.73000000000","2,639.81000000000"
5/22/12,"2,681.84000000000",-6.44000000000,"2,706.43000000000","2,665.91000000000"
5/21/12,"2,688.28000000000",70.75000000000,"2,690.67000000000","2,617.45000000000"
5/18/12,"2,617.53000000000",-32.11000000000,"2,664.65000000000","2,613.48000000000"
5/17/12,"2,649.64000000000",-55.16000000000,"2,711.41000000000","2,649.64000000000"
5/16/12,"2,704.80000000000",-20.14000000000,"2,742.39000000000","2,701.77000000000"
5/15/12,"2,724.94000000000",-8.40000000000,"2,763.43000000000","2,720.74000000000"
5/14/12,"2,733.34000000000",-26.79000000000,"2,755.59000000000","2,730.70000000000"
5/11/12,"2,760.13000000000",-0.27000000000,"2,788.87000000000","2,748.53000000000"
5/10/12,"2,760.40000000000",-5.31000000000,"2,776.99000000000","2,750.42000000000"
5/9/12,"2,765.71000000000",-8.99000000000,"2,780.86000000000","2,731.55000000000"
5/8/12,"2,774.70000000000",-9.90000000000,"2,783.59000000000","2,730.03000000000"
5/7/12,"2,784.60000000000",1.56000000000,"2,797.74000000000","2,765.27000000000"
5/4/12,"2,783.04000000000",-70.23000000000,"2,830.87000000000","2,782.84000000000"
5/3/12,"2,853.27000000000",-30.83000000000,"2,887.59000000000","2,846.08000000000"
5/2/12,"2,884.10000000000",8.28000000000,"2,885.71000000000","2,855.48000000000"
5/1/12,"2,875.82000000000",3.42000000000,"2,907.34000000000","2,864.04000000000"
4/30/12,"2,872.40000000000",-18.47000000000,"2,887.02000000000","2,868.98000000000"
4/27/12,"2,890.87000000000",16.99000000000,"2,900.53000000000","2,871.70000000000"
4/26/12,"2,873.88000000000",16.64000000000,"2,880.74000000000","2,853.51000000000"
4/25/12,"2,857.24000000000",74.75000000000,"2,858.56000000000","2,837.73000000000"
4/24/12,"2,782.49000000000",-15.57000000000,"2,804.41000000000","2,772.18000000000"
4/23/12,"2,798.06000000000",-23.77000000000,"2,802.13000000000","2,772.97000000000"
4/20/12,"2,821.83000000000",-11.37000000000,"2,859.76000000000","2,820.38000000000"
4/19/12,"2,833.20000000000",-30.92000000000,"2,887.79000000000","2,821.89000000000"
4/18/12,"2,864.12000000000",-7.85000000000,"2,880.88000000000","2,855.45000000000"
4/17/12,"2,871.97000000000",56.39000000000,"2,880.20000000000","2,820.89000000000"
4/16/12,"2,815.58000000000",-30.46000000000,"2,861.75000000000","2,805.94000000000"
4/13/12,"2,846.04000000000",-43.52000000000,"2,880.16000000000","2,845.11000000000"
4/12/12,"2,889.56000000000",33.88000000000,"2,892.88000000000","2,858.75000000000"
4/11/12,"2,855.68000000000",13.72000000000,"2,875.51000000000","2,850.24000000000"
4/10/12,"2,841.96000000000",-47.30000000000,"2,899.31000000000","2,834.67000000000"
4/9/12,"2,889.26000000000",-23.45000000000,"2,901.34000000000","2,871.11000000000"
4/5/12,"2,912.71000000000",18.49000000000,"2,914.52000000000","2,888.04000000000"
4/4/12,"2,894.22000000000",-39.83000000000,"2,912.91000000000","2,877.57000000000"
4/3/12,"2,934.05000000000",-1.29000000000,"2,947.30000000000","2,917.47000000000"
4/2/12,"2,935.34000000000",31.06000000000,"2,938.32000000000","2,896.46000000000"
3/30/12,"2,904.28000000000",-7.15000000000,"2,924.57000000000","2,892.90000000000"
3/29/12,"2,911.43000000000",-9.40000000000,"2,919.63000000000","2,889.58000000000"
3/28/12,"2,920.83000000000",-11.75000000000,"2,945.11000000000","2,903.97000000000"
3/27/12,"2,932.58000000000",4.32000000000,"2,944.51000000000","2,929.20000000000"
3/26/12,"2,928.26000000000",52.15000000000,"2,928.26000000000","2,894.96000000000"
3/23/12,"2,876.11000000000",-3.11000000000,"2,882.57000000000","2,861.41000000000"
3/22/12,"2,879.22000000000",-5.67000000000,"2,885.89000000000","2,866.82000000000"
3/21/12,"2,884.89000000000",-0.72000000000,"2,901.32000000000","2,881.76000000000"
3/20/12,"2,885.61000000000",4.61000000000,"2,888.47000000000","2,857.64000000000"
3/19/12,"2,881.00000000000",21.78000000000,"2,886.23000000000","2,857.15000000000"
3/16/12,"2,859.22000000000",-2.12000000000,"2,866.42000000000","2,853.09000000000"
3/15/12,"2,861.34000000000",6.76000000000,"2,867.34000000000","2,847.49000000000"
3/14/12,"2,854.58000000000",11.57000000000,"2,864.54000000000","2,835.60000000000"
3/13/12,"2,843.01000000000",53.38000000000,"2,843.23000000000","2,801.55000000000"
3/12/12,"2,789.63000000000",0.14000000000,"2,794.68000000000","2,777.94000000000"
3/9/12,"2,789.49000000000",10.19000000000,"2,794.90000000000","2,781.85000000000"
3/8/12,"2,779.30000000000",30.93000000000,"2,786.37000000000","2,759.58000000000"
3/7/12,"2,748.37000000000",20.10000000000,"2,755.10000000000","2,737.18000000000"
3/6/12,"2,728.27000000000",-27.37000000000,"2,733.21000000000","2,713.71000000000"
3/5/12,"2,755.64000000000",-28.09000000000,"2,784.96000000000","2,745.80000000000"
3/2/12,"2,783.73000000000",-2.07000000000,"2,792.61000000000","2,774.99000000000"
3/1/12,"2,785.80000000000",21.54000000000,"2,788.30000000000","2,766.70000000000"
2/29/12,"2,764.26000000000",-10.51000000000,"2,787.55000000000","2,755.18000000000"
2/28/12,"2,774.77000000000",28.16000000000,"2,775.58000000000","2,747.41000000000"
2/27/12,"2,746.61000000000",2.69000000000,"2,757.25000000000","2,718.02000000000"
2/24/12,"2,743.92000000000",9.78000000000,"2,749.44000000000","2,738.08000000000"
2/23/12,"2,734.14000000000",16.14000000000,"2,737.48000000000","2,707.95000000000"
2/22/12,"2,718.00000000000",-11.02000000000,"2,731.98000000000","2,713.29000000000"
2/21/12,"2,729.02000000000",6.52000000000,"2,741.14000000000","2,712.25000000000"
2/17/12,"2,722.50000000000",-8.42000000000,"2,732.32000000000","2,710.47000000000"
2/16/12,"2,730.92000000000",38.34000000000,"2,733.47000000000","2,687.79000000000"
2/15/12,"2,692.58000000000",-20.06000000000,"2,739.93000000000","2,688.94000000000"
2/14/12,"2,712.64000000000",7.73000000000,"2,712.64000000000","2,690.22000000000"
2/13/12,"2,704.91000000000",23.75000000000,"2,708.22000000000","2,688.91000000000"
2/10/12,"2,681.16000000000",-17.36000000000,"2,687.24000000000","2,671.34000000000"
2/9/12,"2,698.52000000000",19.17000000000,"2,702.04000000000","2,674.59000000000"
2/8/12,"2,679.35000000000",14.50000000000,"2,679.48000000000","2,656.37000000000"
2/7/12,"2,664.85000000000",3.96000000000,"2,670.72000000000","2,646.79000000000"
2/6/12,"2,660.89000000000",-0.75000000000,"2,660.89000000000","2,645.33000000000"
2/3/12,"2,661.64000000000",36.10000000000,"2,664.89000000000","2,646.72000000000"
2/2/12,"2,625.54000000000",8.05000000000,"2,634.30000000000","2,616.41000000000"
2/1/12,"2,617.49000000000",21.28000000000,"2,627.10000000000","2,602.88000000000"
1/31/12,"2,596.21000000000",2.77000000000,"2,610.47000000000","2,580.53000000000"
1/30/12,"2,593.44000000000",3.89000000000,"2,596.86000000000","2,560.11000000000"
1/27/12,"2,589.55000000000",7.51000000000,"2,595.54000000000","2,576.99000000000"
1/26/12,"2,582.04000000000",-11.60000000000,"2,608.00000000000","2,571.73000000000"
1/25/12,"2,593.64000000000",33.35000000000,"2,598.81000000000","2,567.24000000000"
1/24/12,"2,560.29000000000",-3.43000000000,"2,566.85000000000","2,549.01000000000"
1/23/12,"2,563.72000000000",0.21000000000,"2,582.65000000000","2,550.12000000000"
1/20/12,"2,563.51000000000",-4.92000000000,"2,564.80000000000","2,554.39000000000"
1/19/12,"2,568.43000000000",16.56000000000,"2,572.52000000000","2,559.31000000000"
1/18/12,"2,551.87000000000",34.42000000000,"2,551.87000000000","2,519.75000000000"
1/17/12,"2,517.45000000000",22.36000000000,"2,528.86000000000","2,509.62000000000"
1/13/12,"2,495.09000000000",-10.53000000000,"2,496.69000000000","2,474.87000000000"
1/12/12,"2,505.62000000000",10.25000000000,"2,508.00000000000","2,482.40000000000"
1/11/12,"2,495.37000000000",5.15000000000,"2,499.92000000000","2,479.88000000000"
1/10/12,"2,490.22000000000",17.60000000000,"2,505.00000000000","2,483.49000000000"
1/9/12,"2,472.62000000000",-5.52000000000,"2,486.12000000000","2,463.88000000000"
1/6/12,"2,478.14000000000",7.60000000000,"2,484.89000000000","2,462.86000000000"
1/5/12,"2,470.54000000000",20.27000000000,"2,473.14000000000","2,437.45000000000"
1/4/12,"2,450.27000000000",8.15000000000,"2,454.04000000000","2,426.97000000000"
1/3/12,"2,442.12000000000",46.72000000000,"2,452.93000000000","2,435.09000000000"
12/30/11,"2,395.40000000000",-7.39000000000,"2,407.27000000000","2,395.34000000000"
12/29/11,"2,402.79000000000",18.92000000000,"2,403.47000000000","2,381.57000000000"
12/28/11,"2,383.87000000000",-27.37000000000,"2,413.40000000000","2,378.76000000000"
12/27/11,"2,411.24000000000",5.84000000000,"2,419.84000000000","2,399.40000000000"
12/23/11,"2,405.40000000000",21.87000000000,"2,405.81000000000","2,385.08000000000"
12/22/11,"2,383.53000000000",18.65000000000,"2,385.45000000000","2,367.28000000000"
12/21/11,"2,364.88000000000",-34.54000000000,"2,383.79000000000","2,337.18000000000"
12/20/11,"2,399.42000000000",70.10000000000,"2,401.01000000000","2,368.54000000000"
12/19/11,"2,329.32000000000",-24.09000000000,"2,366.12000000000","2,323.33000000000"
12/16/11,"2,353.41000000000",12.11000000000,"2,384.29000000000","2,349.33000000000"
12/15/11,"2,341.30000000000",-6.40000000000,"2,369.16000000000","2,337.95000000000"
12/14/11,"2,347.70000000000",-37.15000000000,"2,376.60000000000","2,333.66000000000"
12/13/11,"2,384.85000000000",-25.02000000000,"2,435.87000000000","2,374.69000000000"
12/12/11,"2,409.87000000000",-27.80000000000,"2,413.33000000000","2,390.85000000000"
12/9/11,"2,437.67000000000",37.94000000000,"2,444.99000000000","2,404.65000000000"
12/8/11,"2,399.73000000000",-39.89000000000,"2,443.31000000000","2,395.35000000000"
12/7/11,"2,439.62000000000",-0.81000000000,"2,451.38000000000","2,409.77000000000"
12/6/11,"2,440.43000000000",-5.74000000000,"2,455.46000000000","2,432.55000000000"
12/5/11,"2,446.17000000000",26.19000000000,"2,463.14000000000","2,433.79000000000"
12/2/11,"2,419.98000000000",-7.53000000000,"2,450.55000000000","2,419.15000000000"
12/1/11,"2,427.51000000000",14.73000000000,"2,433.51000000000","2,409.71000000000"
11/30/11,"2,412.78000000000",88.14000000000,"2,412.94000000000","2,380.74000000000"
11/29/11,"2,324.64000000000",-13.41000000000,"2,355.37000000000","2,318.73000000000"
11/28/11,"2,338.05000000000",77.17000000000,"2,341.82000000000","2,319.62000000000"
11/25/11,"2,260.88000000000",-16.44000000000,"2,293.89000000000","2,260.71000000000"
11/23/11,"2,277.32000000000",-52.34000000000,"2,315.80000000000","2,277.32000000000"
11/22/11,"2,329.66000000000",5.46000000000,"2,337.76000000000","2,303.94000000000"
11/21/11,"2,324.20000000000",-43.87000000000,"2,339.33000000000","2,300.03000000000"
11/18/11,"2,368.07000000000",-19.03000000000,"2,389.78000000000","2,364.90000000000"
11/17/11,"2,387.10000000000",-54.85000000000,"2,438.28000000000","2,372.21000000000"
11/16/11,"2,441.95000000000",-43.98000000000,0.00000000000,0.00000000000
11/15/11,"2,485.38000000000",28.12000000000,"2,494.68000000000","2,449.18000000000"
11/14/11,"2,457.26000000000",-15.18000000000,"2,479.45000000000","2,449.11000000000"
11/11/11,"2,472.44000000000",45.87000000000,"2,480.15000000000","2,446.05000000000"
11/10/11,"2,426.57000000000",-2.13000000000,"2,454.74000000000","2,403.96000000000"
11/9/11,"2,428.70000000000",-89.95000000000,"2,471.51000000000","2,422.06000000000"
11/8/11,"2,518.65000000000",30.53000000000,"2,521.27000000000","2,479.00000000000"
11/7/11,"2,488.12000000000",15.49000000000,"2,489.89000000000","2,444.72000000000"
11/4/11,"2,472.63000000000",-11.95000000000,"2,481.08000000000","2,446.54000000000"
11/3/11,"2,484.58000000000",52.86000000000,"2,486.74000000000","2,425.30000000000"
11/2/11,"2,431.72000000000",20.93000000000,"2,442.98000000000","2,411.15000000000"
11/1/11,"2,410.79000000000",-64.65000000000,"2,434.90000000000","2,399.64000000000"
10/31/11,"2,475.44000000000",-43.16000000000,"2,506.07000000000","2,475.20000000000"
10/28/11,"2,518.60000000000",1.64000000000,"2,522.28000000000","2,501.49000000000"
10/27/11,"2,516.96000000000",68.21000000000,"2,530.27000000000","2,481.39000000000"
10/26/11,"2,448.75000000000",-1.13000000000,"2,469.96000000000","2,403.64000000000"
10/25/11,"2,449.88000000000",-50.92000000000,"2,491.48000000000","2,446.01000000000"
10/24/11,"2,500.80000000000",50.90000000000,"2,506.55000000000","2,455.41000000000"
10/21/11,"2,449.90000000000",31.09000000000,"2,464.43000000000","2,427.70000000000"
10/20/11,"2,418.81000000000",-11.03000000000,"2,430.40000000000","2,385.46000000000"
10/19/11,"2,429.84000000000",-50.38000000000,"2,472.57000000000","2,423.38000000000"
10/18/11,"2,480.22000000000",31.98000000000,"2,491.11000000000","2,422.55000000000"
10/17/11,"2,448.24000000000",-39.39000000000,"2,482.67000000000","2,435.81000000000"
10/14/11,"2,487.63000000000",47.26000000000,"2,487.63000000000","2,459.10000000000"
10/13/11,"2,440.37000000000",20.66000000000,"2,444.31000000000","2,411.90000000000"
10/12/11,"2,419.71000000000",12.86000000000,"2,445.64000000000","2,417.75000000000"
10/11/11,"2,406.85000000000",17.06000000000,"2,412.92000000000","2,380.24000000000"
10/10/11,"2,389.79000000000",79.59000000000,"2,389.89000000000","2,346.61000000000"
10/7/11,"2,310.20000000000",-15.68000000000,"2,336.02000000000","2,297.09000000000"
10/6/11,"2,325.88000000000",36.93000000000,"2,326.21000000000","2,275.11000000000"
10/5/11,"2,288.95000000000",56.21000000000,"2,293.97000000000","2,209.10000000000"
10/4/11,"2,232.74000000000",46.63000000000,"2,234.94000000000","2,142.24000000000"
10/3/11,"2,186.11000000000",-56.53000000000,"2,258.35000000000","2,185.33000000000"
9/30/11,"2,242.64000000000",-61.33000000000,"2,291.32000000000","2,242.63000000000"
9/29/11,"2,303.97000000000",-24.28000000000,"2,368.21000000000","2,264.68000000000"
9/28/11,"2,328.25000000000",-34.29000000000,"2,391.41000000000","2,326.08000000000"
9/27/11,"2,362.54000000000",20.20000000000,"2,401.50000000000","2,350.17000000000"
9/26/11,"2,342.34000000000",28.75000000000,"2,345.32000000000","2,275.09000000000"
9/23/11,"2,313.59000000000",23.35000000000,"2,323.96000000000","2,270.36000000000"
9/22/11,"2,290.24000000000",-77.27000000000,"2,327.06000000000","2,255.52000000000"
9/21/11,"2,367.51000000000",-39.34000000000,"2,433.47000000000","2,366.72000000000"
9/20/11,"2,406.85000000000",-13.49000000000,"2,450.68000000000","2,403.88000000000"
9/19/11,"2,420.34000000000",2.80000000000,"2,431.84000000000","2,369.47000000000"
9/16/11,"2,417.54000000000",20.47000000000,"2,420.55000000000","2,393.79000000000"
9/15/11,"2,397.07000000000",35.46000000000,"2,400.35000000000","2,363.43000000000"
9/14/11,"2,361.61000000000",33.72000000000,"2,388.00000000000","2,317.46000000000"
9/13/11,"2,327.89000000000",30.21000000000,"2,332.94000000000","2,295.65000000000"
9/12/11,"2,297.68000000000",29.70000000000,"2,298.14000000000","2,242.90000000000"
9/9/11,"2,267.98000000000",-53.07000000000,"2,312.87000000000","2,255.08000000000"
9/8/11,"2,321.05000000000",-9.90000000000,"2,352.72000000000","2,313.18000000000"
9/7/11,"2,330.95000000000",59.02000000000,"2,331.01000000000","2,299.59000000000"
9/6/11,"2,271.93000000000",-0.24000000000,"2,275.90000000000","2,214.53000000000"
9/2/11,"2,272.17000000000",-53.69000000000,"2,295.16000000000","2,260.81000000000"
9/1/11,"2,325.86000000000",-23.02000000000,"2,372.91000000000","2,323.74000000000"
8/31/11,"2,348.88000000000",3.57000000000,"2,377.24000000000","2,329.46000000000"
8/30/11,"2,345.31000000000",14.41000000000,"2,358.32000000000","2,308.38000000000"
8/29/11,"2,330.90000000000",65.14000000000,"2,331.47000000000","2,292.92000000000"
8/26/11,"2,265.76000000000",56.34000000000,"2,273.56000000000","2,181.99000000000"
8/25/11,"2,209.42000000000",-38.60000000000,"2,257.11000000000","2,203.44000000000"
8/24/11,"2,248.02000000000",16.92000000000,"2,251.35000000000","2,206.39000000000"
8/23/11,"2,231.10000000000",88.58000000000,"2,231.10000000000","2,148.24000000000"
8/22/11,"2,142.52000000000",6.82000000000,"2,184.54000000000","2,135.62000000000"
8/19/11,"2,135.70000000000",-36.41000000000,"2,203.45000000000","2,132.64000000000"
8/18/11,"2,172.11000000000",-113.77000000000,"2,219.87000000000","2,153.41000000000"
8/17/11,"2,285.88000000000",-13.20000000000,"2,320.08000000000","2,262.12000000000"
8/16/11,"2,299.08000000000",-19.13000000000,"2,317.54000000000","2,268.47000000000"
8/15/11,"2,318.21000000000",33.58000000000,"2,318.21000000000","2,283.38000000000"
8/12/11,"2,284.63000000000",15.71000000000,"2,298.45000000000","2,256.16000000000"
8/11/11,"2,268.92000000000",98.45000000000,"2,290.29000000000","2,190.23000000000"
8/10/11,"2,170.47000000000",-91.82000000000,"2,242.94000000000","2,167.49000000000"
8/9/11,"2,262.29000000000",105.22000000000,"2,263.30000000000","2,130.51000000000"
8/8/11,"2,157.07000000000",-140.21000000000,"2,264.36000000000","2,157.07000000000"
8/5/11,"2,297.28000000000",-13.42000000000,"2,345.75000000000","2,231.47000000000"
8/4/11,"2,310.70000000000",-110.37000000000,"2,391.41000000000","2,310.55000000000"
8/3/11,"2,421.07000000000",22.08000000000,"2,425.20000000000","2,360.52000000000"
8/2/11,"2,398.99000000000",-64.03000000000,"2,461.38000000000","2,397.44000000000"
8/1/11,"2,463.02000000000",-9.17000000000,"2,507.44000000000","2,432.81000000000"
7/29/11,"2,472.19000000000",-9.37000000000,"2,498.79000000000","2,450.22000000000"
7/28/11,"2,481.56000000000",4.93000000000,"2,512.40000000000","2,469.11000000000"
7/27/11,"2,476.63000000000",-65.17000000000,"2,527.96000000000","2,471.36000000000"
7/26/11,"2,541.80000000000",5.60000000000,"2,551.21000000000","2,530.37000000000"
7/25/11,"2,536.20000000000",-5.60000000000,"2,550.09000000000","2,517.39000000000"
7/22/11,"2,541.80000000000",26.43000000000,"2,545.29000000000","2,513.09000000000"
7/21/11,"2,515.37000000000",17.24000000000,"2,528.85000000000","2,487.73000000000"
7/20/11,"2,498.13000000000",-10.85000000000,"2,523.86000000000","2,494.68000000000"
7/19/11,"2,508.98000000000",56.66000000000,"2,511.50000000000","2,477.22000000000"
7/18/11,"2,452.32000000000",-13.24000000000,"2,463.35000000000","2,429.94000000000"
7/15/11,"2,465.56000000000",33.07000000000,"2,466.28000000000","2,444.07000000000"
7/14/11,"2,432.49000000000",-28.63000000000,"2,480.26000000000","2,425.31000000000"
7/13/11,"2,461.12000000000",9.04000000000,"2,487.18000000000","2,454.18000000000"
7/12/11,"2,452.08000000000",-19.05000000000,"2,475.68000000000","2,450.34000000000"
7/11/11,"2,471.13000000000",-45.62000000000,"2,502.60000000000","2,462.88000000000"
7/8/11,"2,516.75000000000",-7.32000000000,"2,516.78000000000","2,488.76000000000"
7/7/11,"2,524.07000000000",35.89000000000,"2,530.45000000000","2,504.89000000000"
7/6/11,"2,488.18000000000",7.71000000000,"2,493.61000000000","2,470.28000000000"
7/5/11,"2,480.47000000000",10.58000000000,"2,483.82000000000","2,465.94000000000"
7/1/11,"2,469.89000000000",38.21000000000,"2,471.95000000000","2,427.20000000000"
6/30/11,"2,431.68000000000",32.04000000000,"2,434.08000000000","2,408.26000000000"
6/29/11,"2,399.64000000000",9.08000000000,"2,404.75000000000","2,383.34000000000"
6/28/11,"2,390.56000000000",35.05000000000,"2,391.79000000000","2,358.34000000000"
6/27/11,"2,355.51000000000",36.79000000000,"2,366.99000000000","2,316.71000000000"
6/24/11,"2,318.72000000000",-39.73000000000,"2,349.99000000000","2,314.58000000000"
6/23/11,"2,358.45000000000",20.18000000000,"2,360.18000000000","2,305.56000000000"
6/22/11,"2,338.27000000000",-16.72000000000,"2,358.02000000000","2,337.31000000000"
6/21/11,"2,354.99000000000",49.63000000000,"2,356.51000000000","2,304.68000000000"
6/20/11,"2,305.36000000000",11.92000000000,"2,311.93000000000","2,286.97000000000"
6/17/11,"2,293.44000000000",-7.29000000000,"2,324.34000000000","2,286.98000000000"
6/16/11,"2,300.73000000000",-9.50000000000,"2,318.31000000000","2,280.87000000000"
6/15/11,"2,310.23000000000",-43.22000000000,"2,346.00000000000","2,305.14000000000"
6/14/11,"2,353.45000000000",29.35000000000,"2,359.85000000000","2,343.04000000000"
6/13/11,"2,324.10000000000",1.40000000000,"2,336.59000000000","2,315.83000000000"
6/10/11,"2,322.70000000000",-37.19000000000,"2,353.87000000000","2,322.43000000000"
6/9/11,"2,359.89000000000",3.94000000000,"2,371.51000000000","2,349.27000000000"
6/8/11,"2,355.95000000000",-16.63000000000,"2,371.75000000000","2,349.39000000000"
6/7/11,"2,372.58000000000",-5.77000000000,"2,393.28000000000","2,371.64000000000"
6/6/11,"2,378.35000000000",-18.64000000000,"2,404.40000000000","2,377.05000000000"
6/3/11,"2,396.99000000000",-35.94000000000,"2,423.78000000000","2,393.96000000000"
6/2/11,"2,432.93000000000",4.43000000000,"2,442.30000000000","2,420.37000000000"
6/1/11,"2,428.50000000000",-51.50000000000,"2,482.16000000000","2,426.95000000000"
5/31/11,"2,480.00000000000",38.10000000000,"2,480.00000000000","2,453.54000000000"
5/27/11,"2,441.90000000000",10.79000000000,"2,445.05000000000","2,432.73000000000"
5/26/11,"2,431.11000000000",15.66000000000,"2,437.47000000000","2,410.39000000000"
5/25/11,"2,415.45000000000",8.13000000000,"2,426.48000000000","2,402.67000000000"
5/24/11,"2,407.32000000000",-13.83000000000,"2,427.26000000000","2,406.08000000000"
5/23/11,"2,421.15000000000",-36.13000000000,"2,430.63000000000","2,410.33000000000"
5/20/11,"2,457.28000000000",-19.00000000000,"2,475.63000000000","2,454.46000000000"
5/19/11,"2,476.28000000000",7.20000000000,"2,481.03000000000","2,461.37000000000"
5/18/11,"2,469.08000000000",20.41000000000,"2,472.69000000000","2,442.47000000000"
5/17/11,"2,448.67000000000",7.29000000000,"2,448.90000000000","2,424.46000000000"
5/16/11,"2,441.38000000000",-43.18000000000,"2,480.56000000000","2,436.15000000000"
5/13/11,"2,484.56000000000",-29.92000000000,"2,512.52000000000","2,484.06000000000"
5/12/11,"2,514.48000000000",15.50000000000,"2,517.16000000000","2,477.21000000000"
5/11/11,"2,498.98000000000",-18.98000000000,"2,522.81000000000","2,482.64000000000"
5/10/11,"2,517.96000000000",21.28000000000,"2,521.33000000000","2,500.72000000000"
5/9/11,"2,496.68000000000",8.23000000000,"2,505.77000000000","2,482.05000000000"
5/6/11,"2,488.45000000000",8.34000000000,"2,518.16000000000","2,481.11000000000"
5/5/11,"2,480.11000000000",-12.84000000000,"2,508.13000000000","2,471.25000000000"
5/4/11,"2,492.95000000000",-4.58000000000,"2,504.38000000000","2,472.25000000000"
5/3/11,"2,497.53000000000",-11.94000000000,"2,509.34000000000","2,481.38000000000"
5/2/11,"2,509.47000000000",0.17000000000,"2,523.65000000000","2,502.41000000000"
4/29/11,"2,509.30000000000",-6.00000000000,"2,521.28000000000","2,508.44000000000"
4/28/11,"2,515.30000000000",-3.64000000000,"2,517.47000000000","2,503.85000000000"
4/27/11,"2,518.94000000000",18.33000000000,"2,521.30000000000","2,494.80000000000"
4/26/11,"2,500.61000000000",12.85000000000,"2,510.21000000000","2,488.89000000000"
4/25/11,"2,487.76000000000",6.70000000000,"2,489.13000000000","2,478.78000000000"
4/21/11,"2,481.06000000000",20.39000000000,"2,485.13000000000","2,473.74000000000"
4/20/11,"2,460.67000000000",53.22000000000,"2,463.72000000000","2,446.52000000000"
4/19/11,"2,407.45000000000",15.06000000000,"2,407.45000000000","2,386.39000000000"
4/18/11,"2,392.39000000000",-15.91000000000,"2,393.17000000000","2,353.30000000000"
4/15/11,"2,408.30000000000",-3.83000000000,"2,417.94000000000","2,393.64000000000"
4/14/11,"2,412.13000000000",-5.61000000000,"2,416.27000000000","2,391.82000000000"
4/13/11,"2,417.74000000000",19.17000000000,"2,423.97000000000","2,399.15000000000"
4/12/11,"2,398.57000000000",-16.91000000000,"2,408.91000000000","2,388.53000000000"
4/11/11,"2,415.48000000000",-6.83000000000,"2,435.81000000000","2,406.12000000000"
4/8/11,"2,422.31000000000",-12.19000000000,"2,422.31000000000","2,422.31000000000"
4/7/11,"2,434.50000000000",0.56000000000,"2,449.09000000000","2,416.71000000000"
4/6/11,"2,433.94000000000",4.66000000000,"2,454.72000000000","2,421.40000000000"
4/5/11,"2,429.28000000000",-6.96000000000,"2,444.38000000000","2,424.63000000000"
4/4/11,"2,436.24000000000",-8.56000000000,"2,452.73000000000","2,425.26000000000"
4/1/11,"2,444.80000000000",4.10000000000,"2,461.75000000000","2,436.48000000000"
3/31/11,"2,440.70000000000",2.58000000000,"2,444.09000000000","2,430.92000000000"
3/30/11,"2,438.12000000000",11.46000000000,"2,442.16000000000","2,427.96000000000"
3/29/11,"2,426.66000000000",23.56000000000,"2,426.66000000000","2,391.43000000000"
3/28/11,"2,403.10000000000",-13.84000000000,"2,427.12000000000","2,403.06000000000"
3/25/11,"2,416.94000000000",4.46000000000,"2,432.87000000000","2,414.49000000000"
3/24/11,"2,412.48000000000",43.40000000000,"2,416.10000000000","2,374.45000000000"
3/23/11,"2,369.08000000000",13.14000000000,"2,375.46000000000","2,331.98000000000"
3/22/11,"2,355.94000000000",-4.95000000000,"2,364.43000000000","2,350.85000000000"
3/21/11,"2,360.89000000000",43.44000000000,"2,371.75000000000","2,347.07000000000"
3/18/11,"2,317.45000000000",-4.35000000000,"2,347.00000000000","2,314.19000000000"
3/17/11,"2,321.80000000000",23.24000000000,"2,345.47000000000","2,319.59000000000"
3/16/11,"2,298.56000000000",-59.11000000000,"2,349.85000000000","2,283.90000000000"
3/15/11,"2,357.67000000000",-32.45000000000,"2,370.15000000000","2,313.65000000000"
3/14/11,"2,390.12000000000",-8.59000000000,"2,402.85000000000","2,372.76000000000"
3/11/11,"2,398.71000000000",15.62000000000,"2,405.71000000000","2,373.47000000000"
3/10/11,"2,383.09000000000",-40.05000000000,"2,400.04000000000","2,374.57000000000"
3/9/11,"2,423.14000000000",-15.34000000000,"2,431.48000000000","2,409.15000000000"
3/8/11,"2,438.48000000000",9.89000000000,"2,448.87000000000","2,410.74000000000"
3/7/11,"2,428.59000000000",-33.27000000000,"2,473.28000000000","2,407.02000000000"
3/4/11,"2,461.86000000000",-12.31000000000,"2,473.62000000000","2,445.86000000000"
3/3/11,"2,474.17000000000",46.93000000000,"2,478.25000000000","2,451.66000000000"
3/2/11,"2,427.24000000000",12.08000000000,"2,441.88000000000","2,411.82000000000"
3/1/11,"2,415.16000000000",-37.27000000000,"2,461.81000000000","2,407.64000000000"
2/28/11,"2,452.43000000000",4.96000000000,"2,464.74000000000","2,439.10000000000"
2/25/11,"2,447.47000000000",34.43000000000,"2,450.82000000000","2,426.00000000000"
2/24/11,"2,413.04000000000",12.90000000000,"2,421.27000000000","2,383.97000000000"
2/23/11,"2,400.14000000000",-22.44000000000,"2,429.54000000000","2,383.15000000000"
2/22/11,"2,422.58000000000",-72.49000000000,"2,468.02000000000","2,417.93000000000"
2/18/11,"2,495.07000000000",-5.32000000000,"2,503.41000000000","2,484.56000000000"
2/17/11,"2,500.39000000000",-0.25000000000,"2,503.85000000000","2,486.47000000000"
2/16/11,"2,500.64000000000",16.86000000000,"2,506.46000000000","2,489.92000000000"
2/15/11,"2,483.78000000000",-3.25000000000,"2,486.79000000000","2,472.59000000000"
2/14/11,"2,487.03000000000",6.72000000000,"2,490.19000000000","2,479.28000000000"
2/11/11,"2,480.31000000000",15.51000000000,"2,482.65000000000","2,453.34000000000"
2/10/11,"2,464.80000000000",3.74000000000,"2,466.81000000000","2,441.31000000000"
2/9/11,"2,461.06000000000",-2.72000000000,"2,467.56000000000","2,452.21000000000"
2/8/11,"2,463.78000000000",15.05000000000,"2,463.94000000000","2,444.24000000000"
2/7/11,"2,448.73000000000",11.68000000000,"2,460.84000000000","2,437.96000000000"
2/4/11,"2,437.05000000000",15.77000000000,"2,437.53000000000","2,416.28000000000"
2/3/11,"2,421.28000000000",2.46000000000,"2,425.63000000000","2,394.94000000000"
2/2/11,"2,418.82000000000",-4.02000000000,"2,426.85000000000","2,413.74000000000"
2/1/11,"2,422.84000000000",44.85000000000,"2,427.42000000000","2,393.44000000000"
1/31/11,"2,377.99000000000",11.88000000000,"2,383.82000000000","2,353.13000000000"
1/28/11,"2,366.11000000000",-61.95000000000,"2,397.20000000000","2,355.79000000000"
1/27/11,"2,428.06000000000",16.55000000000,"2,434.28000000000","2,416.76000000000"
1/26/11,"2,411.51000000000",10.59000000000,"2,418.83000000000","2,396.84000000000"
1/25/11,"2,400.92000000000",3.79000000000,"2,400.93000000000","2,379.83000000000"
1/24/11,"2,397.13000000000",33.42000000000,"2,397.13000000000","2,364.13000000000"
1/21/11,"2,363.71000000000",-18.51000000000,"2,397.82000000000","2,362.51000000000"
1/20/11,"2,382.22000000000",-17.97000000000,"2,391.77000000000","2,364.00000000000"
1/19/11,"2,400.19000000000",-26.54000000000,"2,429.69000000000","2,391.40000000000"
1/18/11,"2,426.73000000000",5.59000000000,"2,429.36000000000","2,396.07000000000"
1/14/11,"2,421.14000000000",18.77000000000,"2,421.14000000000","2,396.99000000000"
1/13/11,"2,402.37000000000",0.68000000000,"2,407.88000000000","2,395.17000000000"
1/12/11,"2,401.69000000000",16.83000000000,"2,401.69000000000","2,385.19000000000"
1/11/11,"2,384.86000000000",4.53000000000,"2,392.59000000000","2,375.22000000000"
1/10/11,"2,380.33000000000",8.00000000000,"2,384.77000000000","2,360.14000000000"
1/7/11,"2,372.33000000000",-0.84000000000,"2,378.76000000000","2,348.90000000000"
1/6/11,"2,373.17000000000",7.43000000000,"2,375.19000000000","2,363.87000000000"
1/5/11,"2,365.74000000000",19.74000000000,"2,366.44000000000","2,338.10000000000"
1/4/11,"2,346.00000000000",-2.89000000000,"2,358.06000000000","2,331.70000000000"
1/3/11,"2,348.89000000000",38.05000000000,"2,363.55000000000","2,331.76000000000"
12/31/10,"2,310.84000000000",-8.19000000000,"2,318.28000000000","2,302.00000000000"
12/30/10,"2,319.03000000000",-6.17000000000,"2,325.97000000000","2,315.96000000000"
12/29/10,"2,325.20000000000",4.40000000000,"2,329.94000000000","2,323.35000000000"
12/28/10,"2,320.80000000000",-2.54000000000,"2,329.91000000000","2,315.94000000000"
12/27/10,"2,323.34000000000",-0.42000000000,"2,328.09000000000","2,301.40000000000"
12/23/10,"2,323.76000000000",-5.88000000000,"2,328.81000000000","2,318.57000000000"
12/22/10,"2,329.64000000000",1.40000000000,"2,332.77000000000","2,325.53000000000"
12/21/10,"2,328.24000000000",12.06000000000,"2,329.29000000000","2,319.57000000000"
12/20/10,"2,316.18000000000",4.95000000000,"2,324.00000000000","2,298.74000000000"
12/17/10,"2,311.23000000000",0.28000000000,"2,320.35000000000","2,310.00000000000"
12/16/10,"2,310.95000000000",16.28000000000,"2,315.07000000000","2,290.98000000000"
12/15/10,"2,294.67000000000",-10.42000000000,"2,316.77000000000","2,288.86000000000"
12/14/10,"2,305.09000000000",5.35000000000,"2,313.25000000000","2,297.41000000000"
12/13/10,"2,299.79000000000",-8.22000000000,"2,318.30000000000","2,299.34000000000"
12/10/10,"2,308.01000000000",14.40000000000,"2,310.24000000000","2,291.71000000000"
12/9/10,"2,293.61000000000",1.11000000000,"2,305.53000000000","2,285.64000000000"
12/8/10,"2,292.50000000000",11.86000000000,"2,293.27000000000","2,274.16000000000"
12/7/10,"2,280.64000000000",-0.48000000000,"2,307.65000000000","2,280.01000000000"
12/6/10,"2,281.12000000000",-1.42000000000,"2,285.34000000000","2,274.06000000000"
12/3/10,"2,282.54000000000",6.14000000000,"2,284.33000000000","2,267.03000000000"
12/2/10,"2,276.40000000000",23.43000000000,"2,279.02000000000","2,254.76000000000"
12/1/10,"2,252.97000000000",47.78000000000,"2,264.00000000000","2,240.27000000000"
11/30/10,"2,205.19000000000",-28.36000000000,"2,219.95000000000","2,197.81000000000"
11/29/10,"2,233.55000000000",-9.67000000000,"2,239.96000000000","2,206.87000000000"
11/26/10,"2,243.22000000000",-6.88000000000,"2,250.13000000000","2,231.53000000000"
11/24/10,"2,250.10000000000",45.73000000000,"2,254.92000000000","2,226.80000000000"
11/23/10,"2,204.37000000000",-35.63000000000,"2,221.11000000000","2,192.91000000000"
11/22/10,"2,240.00000000000",16.77000000000,"2,240.15000000000","2,209.68000000000"
11/19/10,"2,223.23000000000",1.82000000000,"2,226.98000000000","2,208.49000000000"
11/18/10,"2,221.41000000000",36.18000000000,"2,235.15000000000","2,207.98000000000"
11/17/10,"2,185.23000000000",7.06000000000,"2,196.73000000000","2,175.18000000000"
11/16/10,"2,178.17000000000",-38.59000000000,"2,212.00000000000","2,169.48000000000"
11/15/10,"2,216.76000000000",-6.73000000000,"2,239.03000000000","2,214.90000000000"
11/12/10,"2,223.49000000000",-36.57000000000,"2,258.10000000000","2,207.34000000000"
11/11/10,"2,260.06000000000",-15.22000000000,"2,264.33000000000","2,230.92000000000"
11/10/10,"2,275.28000000000",11.37000000000,"2,276.98000000000","2,249.16000000000"
11/9/10,"2,263.91000000000",-12.36000000000,"2,288.12000000000","2,253.59000000000"
11/8/10,"2,276.27000000000",2.57000000000,"2,278.92000000000","2,263.51000000000"
11/5/10,"2,273.70000000000",-1.13000000000,"2,278.41000000000","2,266.57000000000"
11/4/10,"2,274.83000000000",30.61000000000,"2,280.92000000000","2,265.74000000000"
11/3/10,"2,244.22000000000",7.25000000000,"2,245.59000000000","2,217.54000000000"
11/2/10,"2,236.97000000000",24.22000000000,"2,240.86000000000","2,226.47000000000"
11/1/10,"2,212.75000000000",4.13000000000,"2,233.18000000000","2,201.49000000000"
10/29/10,"2,208.62000000000",-5.49000000000,"2,222.01000000000","2,208.62000000000"
10/28/10,"2,214.11000000000",4.12000000000,"2,220.31000000000","2,195.78000000000"
10/27/10,"2,209.99000000000",7.15000000000,"2,211.38000000000","2,188.28000000000"
10/26/10,"2,202.84000000000",5.72000000000,"2,207.79000000000","2,177.67000000000"
10/25/10,"2,197.12000000000",9.71000000000,"2,211.37000000000","2,195.80000000000"
10/22/10,"2,187.41000000000",14.67000000000,"2,188.69000000000","2,169.40000000000"
10/21/10,"2,172.74000000000",4.52000000000,"2,189.52000000000","2,151.28000000000"
10/20/10,"2,168.22000000000",16.65000000000,"2,183.20000000000","2,154.49000000000"
10/19/10,"2,151.57000000000",-35.67000000000,"2,169.58000000000","2,135.86000000000"
10/18/10,"2,187.24000000000",6.67000000000,"2,188.20000000000","2,173.73000000000"
10/15/10,"2,180.57000000000",44.93000000000,"2,180.57000000000","2,144.30000000000"
10/14/10,"2,135.64000000000",-2.85000000000,"2,143.70000000000","2,124.40000000000"
10/13/10,"2,138.49000000000",16.32000000000,"2,148.69000000000","2,128.93000000000"
10/12/10,"2,122.17000000000",15.15000000000,"2,125.83000000000","2,086.39000000000"
10/11/10,"2,107.02000000000",-0.05000000000,"2,117.56000000000","2,101.25000000000"
10/8/10,"2,107.07000000000",16.01000000000,"2,111.08000000000","2,078.86000000000"
10/7/10,"2,091.06000000000",5.31000000000,"2,097.10000000000","2,075.07000000000"
10/6/10,"2,085.75000000000",-18.81000000000,"2,104.87000000000","2,071.33000000000"
10/5/10,"2,104.56000000000",51.25000000000,"2,106.46000000000","2,075.01000000000"
10/4/10,"2,053.31000000000",-21.83000000000,"2,076.53000000000","2,041.20000000000"
10/1/10,"2,075.14000000000",-1.50000000000,"2,096.58000000000","2,065.90000000000"
9/30/10,"2,076.64000000000",-11.47000000000,"2,109.49000000000","2,064.47000000000"
9/29/10,"2,088.11000000000",-3.48000000000,"2,096.59000000000","2,079.62000000000"
9/28/10,"2,091.59000000000",1.50000000000,"2,096.93000000000","2,057.61000000000"
9/27/10,"2,090.09000000000",-13.35000000000,"2,106.13000000000","2,089.61000000000"
9/24/10,"2,103.44000000000",43.33000000000,"2,103.45000000000","2,081.31000000000"
9/23/10,"2,060.11000000000",-0.63000000000,"2,081.21000000000","2,045.21000000000"
9/22/10,"2,060.74000000000",-6.55000000000,"2,074.97000000000","2,050.42000000000"
9/21/10,"2,067.29000000000",-0.33000000000,"2,081.51000000000","2,058.31000000000"
9/20/10,"2,067.62000000000",34.92000000000,"2,071.12000000000","2,037.48000000000"
9/17/10,"2,032.70000000000",8.02000000000,"2,038.09000000000","2,021.99000000000"
9/16/10,"2,024.68000000000",8.84000000000,"2,026.01000000000","2,007.65000000000"
9/15/10,"2,015.84000000000",11.44000000000,"2,018.69000000000","1,993.50000000000"
9/14/10,"2,004.40000000000",7.19000000000,"2,014.19000000000","1,988.94000000000"
9/13/10,"1,997.21000000000",30.48000000000,"2,000.27000000000","1,983.43000000000"
9/10/10,"1,966.73000000000",6.44000000000,"1,970.45000000000","1,953.61000000000"
9/9/10,"1,960.29000000000",6.40000000000,"1,972.54000000000","1,956.80000000000"
9/8/10,"1,953.89000000000",24.56000000000,"1,961.34000000000","1,936.77000000000"
9/7/10,"1,929.33000000000",-14.35000000000,"1,943.42000000000","1,927.18000000000"
9/3/10,"1,943.68000000000",31.02000000000,"1,943.68000000000","1,924.23000000000"
9/2/10,"1,912.66000000000",21.33000000000,"1,912.66000000000","1,889.19000000000"
9/1/10,"1,891.33000000000",54.75000000000,"1,896.12000000000","1,861.56000000000"
8/31/10,"1,836.58000000000",-4.80000000000,"1,851.17000000000","1,824.06000000000"
8/30/10,"1,841.38000000000",-20.31000000000,"1,868.81000000000","1,841.38000000000"
8/27/10,"1,861.69000000000",23.50000000000,"1,864.45000000000","1,815.64000000000"
8/26/10,"1,838.19000000000",-22.71000000000,"1,871.02000000000","1,836.97000000000"
8/25/10,"1,860.90000000000",16.68000000000,"1,868.69000000000","1,827.38000000000"
8/24/10,"1,844.22000000000",-34.30000000000,"1,863.08000000000","1,836.00000000000"
8/23/10,"1,878.52000000000",-18.06000000000,"1,914.34000000000","1,878.03000000000"
8/20/10,"1,896.58000000000",2.86000000000,"1,900.91000000000","1,880.86000000000"
8/19/10,"1,893.72000000000",-28.88000000000,"1,919.30000000000","1,881.85000000000"
8/18/10,"1,922.60000000000",5.78000000000,"1,934.62000000000","1,905.36000000000"
8/17/10,"1,916.82000000000",25.32000000000,"1,932.72000000000","1,902.18000000000"
8/16/10,"1,891.50000000000",2.81000000000,"1,904.53000000000","1,870.97000000000"
8/13/10,"1,888.69000000000",-13.88000000000,"1,902.87000000000","1,888.17000000000"
8/12/10,"1,902.57000000000",-13.66000000000,"1,909.91000000000","1,876.91000000000"
8/11/10,"1,916.23000000000",-55.85000000000,"1,937.64000000000","1,909.49000000000"
8/10/10,"1,972.08000000000",-16.50000000000,"1,981.93000000000","1,954.80000000000"
8/9/10,"1,988.58000000000",12.83000000000,"1,992.33000000000","1,975.92000000000"
8/6/10,"1,975.75000000000",-2.12000000000,"1,977.96000000000","1,945.18000000000"
8/5/10,"1,977.87000000000",-4.39000000000,"1,980.83000000000","1,964.94000000000"
8/4/10,"1,982.26000000000",18.45000000000,"1,984.14000000000","1,963.61000000000"
8/3/10,"1,963.81000000000",-7.45000000000,"1,970.89000000000","1,953.19000000000"
8/2/10,"1,971.26000000000",36.61000000000,"1,975.08000000000","1,951.31000000000"
7/30/10,"1,934.65000000000",3.84000000000,"1,945.69000000000","1,903.41000000000"
7/29/10,"1,930.81000000000",-12.67000000000,"1,958.95000000000","1,911.16000000000"
7/28/10,"1,943.48000000000",-16.79000000000,"1,966.39000000000","1,937.32000000000"
7/27/10,"1,960.27000000000",-1.65000000000,"1,972.04000000000","1,951.35000000000"
7/26/10,"1,961.92000000000",15.59000000000,"1,961.92000000000","1,938.50000000000"
7/23/10,"1,946.33000000000",12.74000000000,"1,946.33000000000","1,916.18000000000"
7/22/10,"1,933.59000000000",47.53000000000,"1,941.18000000000","1,912.09000000000"
7/21/10,"1,886.06000000000",-24.25000000000,"1,930.22000000000","1,881.88000000000"
7/20/10,"1,910.31000000000",22.20000000000,"1,910.82000000000","1,852.07000000000"
7/19/10,"1,888.11000000000",16.40000000000,"1,891.67000000000","1,862.45000000000"
7/16/10,"1,871.71000000000",-54.76000000000,"1,920.75000000000","1,870.74000000000"
7/15/10,"1,926.47000000000",2.94000000000,"1,930.73000000000","1,899.96000000000"
7/14/10,"1,923.53000000000",8.70000000000,"1,934.02000000000","1,910.25000000000"
7/13/10,"1,914.83000000000",24.91000000000,"1,921.28000000000","1,891.19000000000"
7/12/10,"1,889.92000000000",6.59000000000,"1,900.91000000000","1,877.13000000000"
7/9/10,"1,883.33000000000",17.10000000000,"1,883.80000000000","1,860.72000000000"
7/8/10,"1,866.23000000000",8.91000000000,"1,874.04000000000","1,844.58000000000"
7/7/10,"1,857.32000000000",57.13000000000,"1,857.80000000000","1,802.60000000000"
7/6/10,"1,800.19000000000",6.58000000000,"1,830.49000000000","1,784.12000000000"
7/2/10,"1,793.61000000000",-6.14000000000,"1,808.15000000000","1,777.60000000000"
7/1/10,"1,799.75000000000",-4.91000000000,"1,813.08000000000","1,764.09000000000"
6/30/10,"1,804.66000000000",-25.86000000000,"1,843.54000000000","1,800.26000000000"
6/29/10,"1,830.52000000000",-74.65000000000,"1,875.17000000000","1,818.59000000000"
6/28/10,"1,905.17000000000",-2.61000000000,"1,922.45000000000","1,892.20000000000"
6/25/10,"1,907.78000000000",-6.30000000000,"1,927.28000000000","1,898.21000000000"
6/24/10,"1,914.08000000000",-30.95000000000,"1,941.62000000000","1,908.61000000000"
6/23/10,"1,945.03000000000",-6.29000000000,"1,960.91000000000","1,929.08000000000"
6/22/10,"1,951.32000000000",-15.88000000000,"1,989.43000000000","1,948.66000000000"
6/21/10,"1,967.20000000000",-18.30000000000,"2,012.78000000000","1,956.16000000000"
6/18/10,"1,985.50000000000",2.94000000000,"1,997.66000000000","1,978.62000000000"
6/17/10,"1,982.56000000000",5.54000000000,"1,988.36000000000","1,965.56000000000"
6/16/10,"1,977.02000000000",8.12000000000,"1,985.22000000000","1,959.29000000000"
6/15/10,"1,968.90000000000",53.96000000000,"1,970.26000000000","1,925.53000000000"
6/14/10,"1,914.94000000000",-1.73000000000,"1,947.58000000000","1,913.57000000000"
6/11/10,"1,916.67000000000",17.70000000000,"1,918.20000000000","1,880.19000000000"
6/10/10,"1,898.97000000000",53.10000000000,"1,900.75000000000","1,863.92000000000"
6/9/10,"1,845.87000000000",-17.26000000000,"1,891.83000000000","1,840.82000000000"
6/8/10,"1,863.13000000000",-2.55000000000,"1,873.65000000000","1,836.94000000000"
6/7/10,"1,865.68000000000",-35.15000000000,"1,914.59000000000","1,862.96000000000"
6/4/10,"1,900.83000000000",-66.01000000000,"1,949.88000000000","1,893.23000000000"
6/3/10,"1,966.84000000000",16.70000000000,"1,970.23000000000","1,941.86000000000"
6/2/10,"1,950.14000000000",46.89000000000,"1,950.14000000000","1,901.38000000000"
6/1/10,"1,903.25000000000",-17.99000000000,"1,947.84000000000","1,901.09000000000"
5/28/10,"1,921.24000000000",-10.70000000000,"1,937.14000000000","1,904.48000000000"
5/27/10,"1,931.94000000000",68.77000000000,"1,933.14000000000","1,899.86000000000"
5/26/10,"1,863.17000000000",-19.25000000000,"1,919.49000000000","1,859.60000000000"
5/25/10,"1,882.42000000000",0.44000000000,"1,885.11000000000","1,821.20000000000"
5/24/10,"1,881.98000000000",-7.71000000000,"1,908.76000000000","1,880.83000000000"
5/21/10,"1,889.69000000000",23.48000000000,"1,902.05000000000","1,832.85000000000"
5/20/10,"1,866.21000000000",-75.99000000000,"1,907.54000000000","1,864.22000000000"
5/19/10,"1,942.20000000000",-14.07000000000,"1,963.96000000000","1,918.91000000000"
5/18/10,"1,956.27000000000",-28.98000000000,"2,004.14000000000","1,947.45000000000"
5/17/10,"1,985.25000000000",8.82000000000,"1,990.74000000000","1,941.17000000000"
5/14/10,"1,976.43000000000",-39.82000000000,"2,000.07000000000","1,954.06000000000"
5/13/10,"2,016.25000000000",-31.12000000000,"2,055.23000000000","2,010.99000000000"
5/12/10,"2,047.37000000000",36.47000000000,"2,049.28000000000","2,017.96000000000"
5/11/10,"2,010.90000000000",-2.21000000000,"2,037.85000000000","1,987.73000000000"
5/10/10,"2,013.11000000000",96.72000000000,"2,013.14000000000","1,993.33000000000"
5/7/10,"1,916.39000000000",-45.91000000000,"1,970.73000000000","1,873.52000000000"
5/6/10,"1,962.30000000000",-66.82000000000,"2,035.19000000000","1,815.74000000000"
5/5/10,"2,029.12000000000",-10.70000000000,"2,042.42000000000","2,006.64000000000"
5/4/10,"2,039.82000000000",-64.88000000000,"2,075.68000000000","2,025.75000000000"
5/3/10,"2,104.70000000000",32.08000000000,"2,112.91000000000","2,083.27000000000"
4/30/10,"2,072.62000000000",-43.78000000000,"2,117.95000000000","2,072.24000000000"
4/29/10,"2,116.40000000000",36.69000000000,"2,119.47000000000","2,091.98000000000"
4/28/10,"2,079.71000000000",1.39000000000,"2,090.41000000000","2,063.51000000000"
4/27/10,"2,078.32000000000",-44.38000000000,"2,123.54000000000","2,072.90000000000"
4/26/10,"2,122.70000000000",-6.46000000000,"2,133.40000000000","2,119.12000000000"
4/23/10,"2,129.16000000000",10.54000000000,"2,129.47000000000","2,110.16000000000"
4/22/10,"2,118.62000000000",11.01000000000,"2,120.64000000000","2,074.92000000000"
4/21/10,"2,107.61000000000",11.32000000000,"2,114.14000000000","2,094.34000000000"
4/20/10,"2,096.29000000000",10.43000000000,"2,100.27000000000","2,081.74000000000"
4/19/10,"2,085.86000000000",0.71000000000,"2,091.46000000000","2,059.80000000000"
4/16/10,"2,085.15000000000",-26.73000000000,"2,110.67000000000","2,072.65000000000"
4/15/10,"2,111.88000000000",10.17000000000,"2,113.80000000000","2,100.36000000000"
4/14/10,"2,101.71000000000",25.91000000000,"2,101.96000000000","2,085.30000000000"
4/13/10,"2,075.80000000000",8.77000000000,"2,078.59000000000","2,058.21000000000"
4/12/10,"2,067.03000000000",1.38000000000,"2,072.12000000000","2,061.99000000000"
4/9/10,"2,065.65000000000",14.19000000000,"2,065.70000000000","2,048.67000000000"
4/8/10,"2,051.46000000000",3.55000000000,"2,055.78000000000","2,032.11000000000"
4/7/10,"2,047.91000000000",-4.82000000000,"2,058.31000000000","2,037.39000000000"
4/6/10,"2,052.73000000000",4.27000000000,"2,059.03000000000","2,038.46000000000"
4/5/10,"2,048.46000000000",19.19000000000,"2,051.82000000000","2,027.94000000000"
4/1/10,"2,029.27000000000",1.26000000000,"2,049.91000000000","2,013.13000000000"
3/31/10,"2,028.01000000000",-9.96000000000,"2,039.98000000000","2,024.70000000000"
3/30/10,"2,037.97000000000",6.99000000000,"2,044.71000000000","2,024.78000000000"
3/29/10,"2,030.98000000000",8.90000000000,"2,038.44000000000","2,026.19000000000"
3/26/10,"2,022.08000000000",3.60000000000,"2,035.43000000000","2,011.29000000000"
3/25/10,"2,018.48000000000",-2.79000000000,"2,046.68000000000","2,017.81000000000"
3/24/10,"2,021.27000000000",-11.71000000000,"2,028.27000000000","2,018.18000000000"
3/23/10,"2,032.98000000000",14.09000000000,"2,033.96000000000","2,012.32000000000"
3/22/10,"2,018.89000000000",17.77000000000,"2,026.02000000000","1,990.02000000000"
3/19/10,"2,001.12000000000",-11.92000000000,"2,018.42000000000","1,993.14000000000"
3/18/10,"2,013.04000000000",7.99000000000,"2,014.43000000000","2,002.93000000000"
3/17/10,"2,005.05000000000",4.12000000000,"2,015.08000000000","1,999.55000000000"
3/16/10,"2,000.93000000000",12.58000000000,"2,002.71000000000","1,987.20000000000"
3/15/10,"1,988.35000000000",-4.49000000000,"1,992.90000000000","1,973.77000000000"
3/12/10,"1,992.84000000000",0.64000000000,"1,998.79000000000","1,984.54000000000"
3/11/10,"1,992.20000000000",6.69000000000,"1,992.20000000000","1,976.23000000000"
3/10/10,"1,985.51000000000",16.69000000000,"1,988.94000000000","1,968.69000000000"
3/9/10,"1,968.82000000000",10.88000000000,"1,979.18000000000","1,952.89000000000"
3/8/10,"1,957.94000000000",2.53000000000,"1,961.94000000000","1,954.60000000000"
3/5/10,"1,955.41000000000",29.86000000000,"1,956.57000000000","1,935.26000000000"
3/4/10,"1,925.55000000000",8.44000000000,"1,926.63000000000","1,910.22000000000"
3/3/10,"1,917.11000000000",0.44000000000,"1,927.03000000000","1,911.57000000000"
3/2/10,"1,916.67000000000",4.98000000000,"1,928.50000000000","1,912.34000000000"
3/1/10,"1,911.69000000000",28.70000000000,"1,913.45000000000","1,891.20000000000"
2/26/10,"1,882.99000000000",5.97000000000,"1,886.64000000000","1,867.89000000000"
2/25/10,"1,877.02000000000",0.44000000000,"1,880.15000000000","1,844.10000000000"
2/24/10,"1,876.58000000000",19.73000000000,"1,883.82000000000","1,864.71000000000"
2/23/10,"1,856.85000000000",-24.65000000000,"1,881.84000000000","1,849.23000000000"
2/22/10,"1,881.50000000000",-5.84000000000,"1,893.45000000000","1,875.17000000000"
2/19/10,"1,887.34000000000",0.07000000000,"1,894.64000000000","1,876.74000000000"
2/18/10,"1,887.27000000000",13.16000000000,"1,889.78000000000","1,870.06000000000"
2/17/10,"1,874.11000000000",9.27000000000,"1,874.47000000000","1,862.10000000000"
2/16/10,"1,864.84000000000",24.25000000000,"1,865.27000000000","1,844.84000000000"
2/12/10,"1,840.59000000000",3.49000000000,"1,845.34000000000","1,817.35000000000"
2/11/10,"1,837.10000000000",26.93000000000,"1,841.56000000000","1,799.12000000000"
2/10/10,"1,810.17000000000",-4.02000000000,"1,821.40000000000","1,798.49000000000"
2/9/10,"1,814.19000000000",19.61000000000,"1,829.44000000000","1,799.09000000000"
2/8/10,"1,794.58000000000",-11.44000000000,"1,816.07000000000","1,793.80000000000"
2/5/10,"1,806.02000000000",13.58000000000,"1,808.76000000000","1,771.65000000000"
2/4/10,"1,792.44000000000",-53.48000000000,"1,836.27000000000","1,792.44000000000"
2/3/10,"1,845.92000000000",8.39000000000,"1,849.22000000000","1,827.20000000000"
2/2/10,"1,837.53000000000",16.75000000000,"1,840.89000000000","1,810.10000000000"
2/1/10,"1,820.78000000000",20.35000000000,"1,820.78000000000","1,803.76000000000"
1/29/10,"1,800.43000000000",-31.09000000000,"1,850.99000000000","1,793.19000000000"
1/28/10,"1,831.52000000000",-49.31000000000,"1,867.46000000000","1,822.22000000000"
1/27/10,"1,880.83000000000",15.55000000000,"1,885.90000000000","1,851.05000000000"
1/26/10,"1,865.28000000000",1.52000000000,"1,888.12000000000","1,853.06000000000"
1/25/10,"1,863.76000000000",7.83000000000,"1,875.40000000000","1,855.79000000000"
1/22/10,"1,855.93000000000",-57.65000000000,"1,912.17000000000","1,852.40000000000"
1/21/10,"1,913.58000000000",-17.97000000000,"1,949.19000000000","1,905.61000000000"
1/20/10,"1,931.55000000000",-28.47000000000,"1,946.40000000000","1,911.02000000000"
1/19/10,"1,960.02000000000",32.01000000000,"1,961.12000000000","1,932.47000000000"
1/15/10,"1,928.01000000000",-22.75000000000,"1,957.96000000000","1,920.35000000000"
1/14/10,"1,950.76000000000",0.52000000000,"1,956.15000000000","1,944.38000000000"
1/13/10,"1,950.24000000000",25.17000000000,"1,955.08000000000","1,918.33000000000"
1/12/10,"1,925.07000000000",-25.28000000000,"1,940.14000000000","1,915.27000000000"
1/11/10,"1,950.35000000000",-6.57000000000,"1,961.99000000000","1,940.02000000000"
1/8/10,"1,956.92000000000",16.41000000000,"1,957.60000000000","1,932.06000000000"
1/7/10,"1,940.51000000000",-1.76000000000,"1,945.28000000000","1,931.10000000000"
1/6/10,"1,942.27000000000",-10.35000000000,"1,957.56000000000","1,937.60000000000"
1/5/10,"1,952.62000000000",1.79000000000,"1,955.62000000000","1,941.34000000000"
1/4/10,"1,950.83000000000",27.44000000000,"1,954.26000000000","1,945.59000000000"
12/31/09,"1,923.39000000000",-18.96000000000,"1,946.29000000000","1,923.39000000000"
12/30/09,"1,942.35000000000",6.85000000000,"1,944.94000000000","1,933.00000000000"
12/29/09,"1,935.50000000000",-6.37000000000,"1,944.85000000000","1,934.58000000000"
12/28/09,"1,941.87000000000",8.62000000000,"1,946.42000000000","1,931.49000000000"
12/24/09,"1,933.25000000000",18.46000000000,"1,933.32000000000","1,918.72000000000"
12/23/09,"1,914.79000000000",13.05000000000,"1,915.99000000000","1,901.48000000000"
12/22/09,"1,901.74000000000",11.08000000000,"1,903.94000000000","1,894.08000000000"
12/21/09,"1,890.66000000000",22.20000000000,"1,897.08000000000","1,879.91000000000"
12/18/09,"1,868.46000000000",30.07000000000,"1,869.39000000000","1,850.66000000000"
12/17/09,"1,838.39000000000",-23.31000000000,"1,855.47000000000","1,837.16000000000"
12/16/09,"1,861.70000000000",2.70000000000,"1,875.83000000000","1,859.32000000000"
12/15/09,"1,859.00000000000",-11.25000000000,"1,874.69000000000","1,854.24000000000"
12/14/09,"1,870.25000000000",17.61000000000,"1,871.96000000000","1,854.96000000000"
12/11/09,"1,852.64000000000",-7.54000000000,"1,871.51000000000","1,845.16000000000"
12/10/09,"1,860.18000000000",10.00000000000,"1,869.34000000000","1,857.76000000000"
12/9/09,"1,850.18000000000",17.68000000000,"1,851.66000000000","1,818.80000000000"
12/8/09,"1,832.50000000000",-11.29000000000,"1,846.26000000000","1,820.23000000000"
12/7/09,"1,843.79000000000",-8.54000000000,"1,858.24000000000","1,839.47000000000"
12/4/09,"1,852.33000000000",9.32000000000,"1,876.82000000000","1,833.10000000000"
12/3/09,"1,843.01000000000",-8.18000000000,"1,867.24000000000","1,841.82000000000"
12/2/09,"1,851.19000000000",3.28000000000,"1,866.85000000000","1,846.45000000000"
12/1/09,"1,847.91000000000",20.96000000000,"1,859.05000000000","1,842.89000000000"
11/30/09,"1,826.95000000000",2.04000000000,"1,830.50000000000","1,809.84000000000"
11/27/09,"1,824.91000000000",-28.93000000000,"1,839.17000000000","1,800.87000000000"
11/25/09,"1,853.84000000000",7.67000000000,"1,855.49000000000","1,846.81000000000"
11/24/09,"1,846.17000000000",-6.91000000000,"1,852.29000000000","1,835.68000000000"
11/23/09,"1,853.08000000000",29.89000000000,"1,861.64000000000","1,842.72000000000"
11/20/09,"1,823.19000000000",-9.09000000000,"1,827.28000000000","1,816.58000000000"
11/19/09,"1,832.28000000000",-29.50000000000,"1,848.62000000000","1,819.80000000000"
11/18/09,"1,861.78000000000",-10.75000000000,"1,867.76000000000","1,849.30000000000"
11/17/09,"1,872.53000000000",5.30000000000,"1,872.53000000000","1,857.58000000000"
11/16/09,"1,867.23000000000",19.63000000000,"1,874.14000000000","1,852.84000000000"
11/13/09,"1,847.60000000000",16.00000000000,"1,852.31000000000","1,831.78000000000"
11/12/09,"1,831.60000000000",-10.08000000000,"1,853.27000000000","1,827.98000000000"
11/11/09,"1,841.68000000000",10.10000000000,"1,852.60000000000","1,830.86000000000"
11/10/09,"1,831.58000000000",5.00000000000,"1,836.43000000000","1,822.00000000000"
11/9/09,"1,826.58000000000",38.92000000000,"1,826.60000000000","1,800.32000000000"
11/6/09,"1,787.66000000000",10.12000000000,"1,790.20000000000","1,765.64000000000"
11/5/09,"1,777.54000000000",41.75000000000,"1,779.44000000000","1,753.63000000000"
11/4/09,"1,735.79000000000",1.83000000000,"1,757.27000000000","1,733.21000000000"
11/3/09,"1,733.96000000000",6.50000000000,"1,734.18000000000","1,714.23000000000"
11/2/09,"1,727.46000000000",6.04000000000,"1,744.38000000000","1,706.32000000000"
10/30/09,"1,721.42000000000",-45.58000000000,"1,768.71000000000","1,718.13000000000"
10/29/09,"1,767.00000000000",30.28000000000,"1,770.19000000000","1,743.68000000000"
10/28/09,"1,736.72000000000",-41.71000000000,"1,775.70000000000","1,733.92000000000"
10/27/09,"1,778.43000000000",-25.08000000000,"1,808.57000000000","1,770.84000000000"
10/26/09,"1,803.51000000000",-7.10000000000,"1,836.27000000000","1,796.50000000000"
10/23/09,"1,810.61000000000",-9.83000000000,"1,835.33000000000","1,805.86000000000"
10/22/09,"1,820.44000000000",9.90000000000,"1,825.02000000000","1,796.12000000000"
10/21/09,"1,810.54000000000",-2.67000000000,"1,838.70000000000","1,807.81000000000"
10/20/09,"1,813.21000000000",-0.51000000000,"1,824.09000000000","1,802.50000000000"
10/19/09,"1,813.72000000000",17.92000000000,"1,815.60000000000","1,788.26000000000"
10/16/09,"1,795.80000000000",-14.50000000000,"1,804.22000000000","1,783.66000000000"
10/15/09,"1,810.30000000000",-0.93000000000,"1,810.30000000000","1,799.49000000000"
10/14/09,"1,811.23000000000",24.77000000000,"1,813.28000000000","1,798.83000000000"
10/13/09,"1,786.46000000000",0.69000000000,"1,793.81000000000","1,778.62000000000"
10/12/09,"1,785.77000000000",1.93000000000,"1,798.73000000000","1,774.82000000000"
10/9/09,"1,783.84000000000",10.41000000000,"1,785.35000000000","1,766.11000000000"
10/8/09,"1,773.43000000000",7.58000000000,"1,788.21000000000","1,769.10000000000"
10/7/09,"1,765.85000000000",5.37000000000,"1,765.85000000000","1,753.65000000000"
10/6/09,"1,760.48000000000",30.57000000000,"1,768.06000000000","1,738.62000000000"
10/5/09,"1,729.91000000000",13.69000000000,"1,737.27000000000","1,714.14000000000"
10/2/09,"1,716.22000000000",-4.05000000000,"1,730.40000000000","1,710.11000000000"
10/1/09,"1,720.27000000000",-54.28000000000,"1,767.02000000000","1,720.27000000000"
9/30/09,"1,774.55000000000",1.36000000000,"1,787.41000000000","1,746.44000000000"
9/29/09,"1,773.19000000000",-7.14000000000,"1,788.30000000000","1,764.53000000000"
9/28/09,"1,780.33000000000",31.44000000000,"1,789.83000000000","1,757.55000000000"
9/25/09,"1,748.89000000000",-16.11000000000,"1,765.55000000000","1,745.30000000000"
9/24/09,"1,765.00000000000",-14.98000000000,"1,790.97000000000","1,753.57000000000"
9/23/09,"1,779.98000000000",-10.08000000000,"1,811.22000000000","1,778.66000000000"
9/22/09,"1,790.06000000000",2.59000000000,"1,796.30000000000","1,783.26000000000"
9/21/09,"1,787.47000000000",6.54000000000,"1,791.34000000000","1,769.43000000000"
9/18/09,"1,780.94000000000",0.00000000000,0.00000000000,0.00000000000
9/17/09,"1,776.65000000000",0.00000000000,0.00000000000,0.00000000000
9/16/09,"1,779.37000000000",0.00000000000,0.00000000000,0.00000000000
9/15/09,"1,754.39000000000",0.00000000000,0.00000000000,0.00000000000
9/14/09,"1,748.44000000000",0.00000000000,0.00000000000,0.00000000000
9/11/09,"1,739.87000000000",0.00000000000,0.00000000000,0.00000000000
9/10/09,"1,740.57000000000",0.00000000000,0.00000000000,0.00000000000
9/9/09,"1,723.10000000000",0.00000000000,0.00000000000,0.00000000000
9/8/09,"1,708.08000000000",0.00000000000,0.00000000000,0.00000000000
9/4/09,"1,690.79000000000",0.00000000000,0.00000000000,0.00000000000
9/3/09,"1,657.58000000000",0.00000000000,0.00000000000,0.00000000000
9/2/09,"1,645.50000000000",0.00000000000,0.00000000000,0.00000000000
9/1/09,"1,647.05000000000",0.00000000000,0.00000000000,0.00000000000
8/31/09,"1,677.33000000000",0.00000000000,0.00000000000,0.00000000000
8/28/09,"1,695.95000000000",0.00000000000,0.00000000000,0.00000000000
8/27/09,"1,693.59000000000",0.00000000000,0.00000000000,0.00000000000
8/26/09,"1,689.49000000000",0.00000000000,0.00000000000,0.00000000000
8/25/09,"1,692.10000000000",0.00000000000,0.00000000000,0.00000000000
8/24/09,"1,686.81000000000",0.00000000000,0.00000000000,0.00000000000
8/21/09,"1,689.90000000000",0.00000000000,0.00000000000,0.00000000000
8/20/09,"1,665.59000000000",0.00000000000,0.00000000000,0.00000000000
8/19/09,"1,647.43000000000",0.00000000000,0.00000000000,0.00000000000
8/18/09,"1,636.93000000000",0.00000000000,0.00000000000,0.00000000000
8/17/09,"1,614.12000000000",0.00000000000,0.00000000000,0.00000000000
8/14/09,"1,662.28000000000",0.00000000000,0.00000000000,0.00000000000
8/13/09,"1,679.85000000000",0.00000000000,0.00000000000,0.00000000000
8/12/09,"1,670.41000000000",0.00000000000,0.00000000000,0.00000000000
8/11/09,"1,644.61000000000",0.00000000000,0.00000000000,0.00000000000
8/10/09,"1,660.79000000000",0.00000000000,0.00000000000,0.00000000000
8/7/09,"1,670.13000000000",0.00000000000,0.00000000000,0.00000000000
8/6/09,"1,650.33000000000",0.00000000000,0.00000000000,0.00000000000
8/5/09,"1,664.88000000000",0.00000000000,0.00000000000,0.00000000000
8/4/09,"1,679.05000000000",0.00000000000,0.00000000000,0.00000000000
8/3/09,"1,678.67000000000",0.00000000000,0.00000000000,0.00000000000
7/31/09,"1,652.98000000000",0.00000000000,0.00000000000,0.00000000000
7/30/09,"1,659.70000000000",0.00000000000,0.00000000000,0.00000000000
7/29/09,"1,649.00000000000",0.00000000000,0.00000000000,0.00000000000
7/28/09,"1,655.02000000000",0.00000000000,0.00000000000,0.00000000000
7/27/09,"1,648.67000000000",0.00000000000,0.00000000000,0.00000000000
7/24/09,"1,648.41000000000",0.00000000000,0.00000000000,0.00000000000
7/23/09,"1,650.95000000000",0.00000000000,0.00000000000,0.00000000000
7/22/09,"1,613.30000000000",0.00000000000,0.00000000000,0.00000000000
7/21/09,"1,600.94000000000",0.00000000000,0.00000000000,0.00000000000
7/20/09,"1,591.65000000000",0.00000000000,0.00000000000,0.00000000000
7/17/09,"1,574.40000000000",0.00000000000,0.00000000000,0.00000000000
7/16/09,"1,565.75000000000",0.00000000000,0.00000000000,0.00000000000
7/15/09,"1,547.31000000000",0.00000000000,0.00000000000,0.00000000000
7/14/09,"1,497.68000000000",0.00000000000,0.00000000000,0.00000000000
7/13/09,"1,492.38000000000",0.00000000000,0.00000000000,0.00000000000
7/10/09,"1,463.54000000000",0.00000000000,0.00000000000,0.00000000000
7/9/09,"1,458.53000000000",0.00000000000,0.00000000000,0.00000000000
7/8/09,"1,454.98000000000",0.00000000000,0.00000000000,0.00000000000
7/7/09,"1,448.03000000000",0.00000000000,0.00000000000,0.00000000000
7/6/09,"1,485.37000000000",0.00000000000,0.00000000000,0.00000000000
7/2/09,"1,490.69000000000",0.00000000000,0.00000000000,0.00000000000
7/1/09,"1,526.82000000000",0.00000000000,0.00000000000,0.00000000000
6/30/09,"1,522.61000000000",0.00000000000,0.00000000000,0.00000000000
6/29/09,"1,529.39000000000",0.00000000000,0.00000000000,0.00000000000
6/26/09,"1,525.65000000000",0.00000000000,0.00000000000,0.00000000000
6/25/09,"1,521.11000000000",0.00000000000,0.00000000000,0.00000000000
6/24/09,"1,491.48000000000",0.00000000000,0.00000000000,0.00000000000
6/23/09,"1,468.13000000000",0.00000000000,0.00000000000,0.00000000000
6/22/09,"1,470.35000000000",0.00000000000,0.00000000000,0.00000000000
6/19/09,"1,516.34000000000",0.00000000000,0.00000000000,0.00000000000
6/18/09,"1,498.36000000000",0.00000000000,0.00000000000,0.00000000000
6/17/09,"1,500.53000000000",0.00000000000,0.00000000000,0.00000000000
6/16/09,"1,487.50000000000",0.00000000000,0.00000000000,0.00000000000
6/15/09,"1,501.63000000000",0.00000000000,0.00000000000,0.00000000000
6/12/09,"1,535.65000000000",0.00000000000,0.00000000000,0.00000000000
6/11/09,"1,542.91000000000",0.00000000000,0.00000000000,0.00000000000
6/10/09,"1,541.09000000000",0.00000000000,0.00000000000,0.00000000000
6/9/09,"1,547.42000000000",0.00000000000,0.00000000000,0.00000000000
6/8/09,"1,533.97000000000",0.00000000000,0.00000000000,0.00000000000
6/5/09,"1,538.84000000000",0.00000000000,0.00000000000,0.00000000000
6/4/09,"1,538.34000000000",0.00000000000,0.00000000000,0.00000000000
6/3/09,"1,520.51000000000",0.00000000000,0.00000000000,0.00000000000
6/2/09,"1,525.42000000000",0.00000000000,0.00000000000,0.00000000000
6/1/09,"1,522.13000000000",0.00000000000,0.00000000000,0.00000000000
5/29/09,"1,479.32000000000",0.00000000000,0.00000000000,0.00000000000
5/28/09,"1,463.60000000000",0.00000000000,0.00000000000,0.00000000000
5/27/09,"1,444.54000000000",0.00000000000,0.00000000000,0.00000000000
5/26/09,"1,455.18000000000",0.00000000000,0.00000000000,0.00000000000
5/22/09,"1,404.25000000000",0.00000000000,0.00000000000,0.00000000000
5/21/09,"1,408.60000000000",0.00000000000,0.00000000000,0.00000000000
5/20/09,"1,435.72000000000",0.00000000000,0.00000000000,0.00000000000
5/19/09,"1,440.11000000000",0.00000000000,0.00000000000,0.00000000000
5/18/09,"1,434.12000000000",0.00000000000,0.00000000000,0.00000000000
5/15/09,"1,395.38000000000",0.00000000000,0.00000000000,0.00000000000
5/14/09,"1,399.99000000000",0.00000000000,0.00000000000,0.00000000000
5/13/09,"1,379.56000000000",0.00000000000,0.00000000000,0.00000000000
5/12/09,"1,418.07000000000",0.00000000000,0.00000000000,0.00000000000
5/11/09,"1,436.96000000000",0.00000000000,0.00000000000,0.00000000000
5/8/09,"1,435.22000000000",0.00000000000,0.00000000000,0.00000000000
5/7/09,"1,430.67000000000",0.00000000000,0.00000000000,0.00000000000
5/6/09,"1,465.66000000000",0.00000000000,0.00000000000,0.00000000000
5/5/09,"1,465.63000000000",0.00000000000,0.00000000000,0.00000000000
5/4/09,"1,469.58000000000",0.00000000000,0.00000000000,0.00000000000
5/1/09,"1,437.32000000000",0.00000000000,0.00000000000,0.00000000000
4/30/09,"1,434.97000000000",0.00000000000,0.00000000000,0.00000000000
4/29/09,"1,422.67000000000",0.00000000000,0.00000000000,0.00000000000
4/28/09,"1,401.49000000000",0.00000000000,0.00000000000,0.00000000000
4/27/09,"1,409.75000000000",0.00000000000,0.00000000000,0.00000000000
4/24/09,"1,413.18000000000",0.00000000000,0.00000000000,0.00000000000
4/23/09,"1,383.48000000000",0.00000000000,0.00000000000,0.00000000000
4/22/09,"1,374.53000000000",0.00000000000,0.00000000000,0.00000000000
4/21/09,"1,367.68000000000",0.00000000000,0.00000000000,0.00000000000
4/20/09,"1,347.42000000000",0.00000000000,0.00000000000,0.00000000000
4/17/09,"1,393.26000000000",0.00000000000,0.00000000000,0.00000000000
4/16/09,"1,392.30000000000",0.00000000000,0.00000000000,0.00000000000
4/15/09,"1,354.77000000000",0.00000000000,0.00000000000,0.00000000000
4/14/09,"1,360.73000000000",0.00000000000,0.00000000000,0.00000000000
4/13/09,"1,375.51000000000",0.00000000000,0.00000000000,0.00000000000
4/9/09,"1,379.23000000000",0.00000000000,0.00000000000,0.00000000000
4/8/09,"1,338.55000000000",0.00000000000,0.00000000000,0.00000000000
4/7/09,"1,312.48000000000",0.00000000000,0.00000000000,0.00000000000
4/6/09,"1,351.26000000000",0.00000000000,0.00000000000,0.00000000000
4/3/09,"1,354.18000000000",0.00000000000,0.00000000000,0.00000000000
4/2/09,"1,331.68000000000",0.00000000000,0.00000000000,0.00000000000
4/1/09,"1,288.69000000000",0.00000000000,0.00000000000,0.00000000000
3/31/09,"1,272.73000000000",0.00000000000,0.00000000000,0.00000000000
3/30/09,"1,256.07000000000",0.00000000000,0.00000000000,0.00000000000
3/27/09,"1,287.61000000000",0.00000000000,0.00000000000,0.00000000000
3/26/09,"1,318.28000000000",0.00000000000,0.00000000000,0.00000000000
3/25/09,"1,272.36000000000",0.00000000000,0.00000000000,0.00000000000
3/24/09,"1,269.93000000000",0.00000000000,0.00000000000,0.00000000000
3/23/09,"1,296.12000000000",0.00000000000,0.00000000000,0.00000000000
3/20/09,"1,221.40000000000",0.00000000000,0.00000000000,0.00000000000
3/19/09,"1,238.91000000000",0.00000000000,0.00000000000,0.00000000000
3/18/09,"1,241.74000000000",0.00000000000,0.00000000000,0.00000000000
3/17/09,"1,226.53000000000",0.00000000000,0.00000000000,0.00000000000
3/16/09,"1,178.47000000000",0.00000000000,0.00000000000,0.00000000000
3/13/09,"1,202.20000000000",0.00000000000,0.00000000000,0.00000000000
3/12/09,"1,198.28000000000",0.00000000000,0.00000000000,0.00000000000
3/11/09,"1,158.41000000000",0.00000000000,0.00000000000,0.00000000000
3/10/09,"1,144.35000000000",0.00000000000,0.00000000000,0.00000000000
3/9/09,"1,073.81000000000",0.00000000000,0.00000000000,0.00000000000
3/6/09,"1,095.14000000000",0.00000000000,0.00000000000,0.00000000000
3/5/09,"1,105.24000000000",0.00000000000,0.00000000000,0.00000000000
3/4/09,"1,142.04000000000",0.00000000000,0.00000000000,0.00000000000
3/3/09,"1,111.53000000000",0.00000000000,0.00000000000,0.00000000000
3/2/09,"1,107.39000000000",0.00000000000,0.00000000000,0.00000000000
2/27/09,"1,148.86000000000",0.00000000000,0.00000000000,0.00000000000
2/26/09,"1,159.27000000000",0.00000000000,0.00000000000,0.00000000000
2/25/09,"1,193.90000000000",0.00000000000,0.00000000000,0.00000000000
2/24/09,"1,204.45000000000",0.00000000000,0.00000000000,0.00000000000
2/23/09,"1,160.77000000000",0.00000000000,0.00000000000,0.00000000000
2/20/09,"1,205.65000000000",0.00000000000,0.00000000000,0.00000000000
2/19/09,"1,200.69000000000",0.00000000000,0.00000000000,0.00000000000
2/18/09,"1,222.16000000000",0.00000000000,0.00000000000,0.00000000000
2/17/09,"1,220.29000000000",0.00000000000,0.00000000000,0.00000000000
2/13/09,"1,270.94000000000",0.00000000000,0.00000000000,0.00000000000
2/12/09,"1,277.05000000000",0.00000000000,0.00000000000,0.00000000000
2/11/09,"1,260.84000000000",0.00000000000,0.00000000000,0.00000000000
2/10/09,"1,262.91000000000",0.00000000000,0.00000000000,0.00000000000
2/9/09,"1,316.64000000000",0.00000000000,0.00000000000,0.00000000000
2/6/09,"1,312.37000000000",0.00000000000,0.00000000000,0.00000000000
2/5/09,"1,279.08000000000",0.00000000000,0.00000000000,0.00000000000
2/4/09,"1,248.58000000000",0.00000000000,0.00000000000,0.00000000000
2/3/09,"1,248.50000000000",0.00000000000,0.00000000000,0.00000000000
2/2/09,"1,228.04000000000",0.00000000000,0.00000000000,0.00000000000
1/30/09,"1,211.97000000000",0.00000000000,0.00000000000,0.00000000000
1/29/09,"1,236.21000000000",0.00000000000,0.00000000000,0.00000000000
1/28/09,"1,269.13000000000",0.00000000000,0.00000000000,0.00000000000
1/27/09,"1,226.40000000000",0.00000000000,0.00000000000,0.00000000000
1/26/09,"1,216.29000000000",0.00000000000,0.00000000000,0.00000000000
1/23/09,"1,207.38000000000",0.00000000000,0.00000000000,0.00000000000
1/22/09,"1,199.36000000000",0.00000000000,0.00000000000,0.00000000000
1/21/09,"1,217.51000000000",0.00000000000,0.00000000000,0.00000000000
1/20/09,"1,167.05000000000",0.00000000000,0.00000000000,0.00000000000
1/16/09,"1,230.23000000000",0.00000000000,0.00000000000,0.00000000000
1/15/09,"1,215.22000000000",0.00000000000,0.00000000000,0.00000000000
1/14/09,"1,194.58000000000",0.00000000000,0.00000000000,0.00000000000
1/13/09,"1,234.85000000000",0.00000000000,0.00000000000,0.00000000000
1/12/09,"1,233.30000000000",0.00000000000,0.00000000000,0.00000000000
1/9/09,"1,255.77000000000",0.00000000000,0.00000000000,0.00000000000
1/8/09,"1,286.06000000000",0.00000000000,0.00000000000,0.00000000000
1/7/09,"1,271.78000000000",0.00000000000,0.00000000000,0.00000000000
1/6/09,"1,308.62000000000",0.00000000000,0.00000000000,0.00000000000
1/5/09,"1,296.33000000000",0.00000000000,0.00000000000,0.00000000000
1/2/09,"1,297.44000000000",0.00000000000,0.00000000000,0.00000000000
12/31/08,"1,244.00000000000",0.00000000000,0.00000000000,0.00000000000
12/30/08,"1,233.41000000000",0.00000000000,0.00000000000,0.00000000000
12/29/08,"1,204.47000000000",0.00000000000,0.00000000000,0.00000000000
12/26/08,"1,217.07000000000",0.00000000000,0.00000000000,0.00000000000
12/24/08,"1,215.89000000000",0.00000000000,0.00000000000,0.00000000000
12/23/08,"1,214.75000000000",0.00000000000,0.00000000000,0.00000000000
12/22/08,"1,220.87000000000",0.00000000000,0.00000000000,0.00000000000
12/19/08,"1,249.65000000000",0.00000000000,0.00000000000,0.00000000000
12/18/08,"1,236.83000000000",0.00000000000,0.00000000000,0.00000000000
12/17/08,"1,258.56000000000",0.00000000000,0.00000000000,0.00000000000
12/16/08,"1,276.61000000000",0.00000000000,0.00000000000,0.00000000000
12/15/08,"1,213.34000000000",0.00000000000,0.00000000000,0.00000000000
12/12/08,"1,238.79000000000",0.00000000000,0.00000000000,0.00000000000
12/11/08,"1,211.90000000000",0.00000000000,0.00000000000,0.00000000000
12/10/08,"1,254.93000000000",0.00000000000,0.00000000000,0.00000000000
12/9/08,"1,244.73000000000",0.00000000000,0.00000000000,0.00000000000
12/8/08,"1,257.29000000000",0.00000000000,0.00000000000,0.00000000000
12/5/08,"1,208.85000000000",0.00000000000,0.00000000000,0.00000000000
12/4/08,"1,157.41000000000",0.00000000000,0.00000000000,0.00000000000
12/3/08,"1,196.88000000000",0.00000000000,0.00000000000,0.00000000000
12/2/08,"1,159.66000000000",0.00000000000,0.00000000000,0.00000000000
12/1/08,"1,119.80000000000",0.00000000000,0.00000000000,0.00000000000
11/28/08,"1,216.88000000000",0.00000000000,0.00000000000,0.00000000000
11/26/08,"1,224.38000000000",0.00000000000,0.00000000000,0.00000000000
11/25/08,"1,172.32000000000",0.00000000000,0.00000000000,0.00000000000
11/24/08,"1,184.39000000000",0.00000000000,0.00000000000,0.00000000000
11/21/08,"1,113.83000000000",0.00000000000,0.00000000000,0.00000000000
11/20/08,"1,063.49000000000",0.00000000000,0.00000000000,0.00000000000
11/19/08,"1,115.88000000000",0.00000000000,0.00000000000,0.00000000000
11/18/08,"1,185.79000000000",0.00000000000,0.00000000000,0.00000000000
11/17/08,"1,181.42000000000",0.00000000000,0.00000000000,0.00000000000
11/14/08,"1,209.80000000000",0.00000000000,0.00000000000,0.00000000000
11/13/08,"1,272.58000000000",0.00000000000,0.00000000000,0.00000000000
11/12/08,"1,195.10000000000",0.00000000000,0.00000000000,0.00000000000
11/11/08,"1,256.65000000000",0.00000000000,0.00000000000,0.00000000000
11/10/08,"1,282.71000000000",0.00000000000,0.00000000000,0.00000000000
11/7/08,"1,303.80000000000",0.00000000000,0.00000000000,0.00000000000
11/6/08,"1,273.33000000000",0.00000000000,0.00000000000,0.00000000000
11/5/08,"1,332.78000000000",0.00000000000,0.00000000000,0.00000000000
11/4/08,"1,412.82000000000",0.00000000000,0.00000000000,0.00000000000
11/3/08,"1,368.08000000000",0.00000000000,0.00000000000,0.00000000000
10/31/08,"1,368.05000000000",0.00000000000,0.00000000000,0.00000000000
10/30/08,"1,367.19000000000",0.00000000000,0.00000000000,0.00000000000
10/29/08,"1,334.58000000000",0.00000000000,0.00000000000,0.00000000000
10/28/08,"1,329.79000000000",0.00000000000,0.00000000000,0.00000000000
10/27/08,"1,198.82000000000",0.00000000000,0.00000000000,0.00000000000
10/24/08,"1,232.12000000000",0.00000000000,0.00000000000,0.00000000000
10/23/08,"1,269.93000000000",0.00000000000,0.00000000000,0.00000000000
10/22/08,"1,267.80000000000",0.00000000000,0.00000000000,0.00000000000
10/21/08,"1,315.29000000000",0.00000000000,0.00000000000,0.00000000000
10/20/08,"1,386.34000000000",0.00000000000,0.00000000000,0.00000000000
10/17/08,"1,344.29000000000",0.00000000000,0.00000000000,0.00000000000
10/16/08,"1,345.56000000000",0.00000000000,0.00000000000,0.00000000000
10/15/08,"1,275.12000000000",0.00000000000,0.00000000000,0.00000000000
10/14/08,"1,398.47000000000",0.00000000000,0.00000000000,0.00000000000
10/13/08,"1,465.00000000000",0.00000000000,0.00000000000,0.00000000000
10/10/08,"1,301.30000000000",0.00000000000,0.00000000000,0.00000000000
10/9/08,"1,306.73000000000",0.00000000000,0.00000000000,0.00000000000
10/8/08,"1,363.62000000000",0.00000000000,0.00000000000,0.00000000000
10/7/08,"1,362.98000000000",0.00000000000,0.00000000000,0.00000000000
10/6/08,"1,446.29000000000",0.00000000000,0.00000000000,0.00000000000
10/3/08,"1,507.22000000000",0.00000000000,0.00000000000,0.00000000000
10/2/08,"1,527.99000000000",0.00000000000,0.00000000000,0.00000000000
10/1/08,"1,602.48000000000",0.00000000000,0.00000000000,0.00000000000
9/30/08,"1,634.07000000000",0.00000000000,0.00000000000,0.00000000000
9/29/08,"1,533.15000000000",0.00000000000,0.00000000000,0.00000000000
9/26/08,"1,713.40000000000",0.00000000000,0.00000000000,0.00000000000
9/25/08,"1,729.26000000000",0.00000000000,0.00000000000,0.00000000000
9/24/08,"1,702.40000000000",0.00000000000,0.00000000000,0.00000000000
9/23/08,"1,689.14000000000",0.00000000000,0.00000000000,0.00000000000
9/22/08,"1,707.11000000000",0.00000000000,0.00000000000,0.00000000000
9/19/08,"1,788.18000000000",0.00000000000,0.00000000000,0.00000000000
9/18/08,"1,739.37000000000",0.00000000000,0.00000000000,0.00000000000
9/17/08,"1,672.77000000000",0.00000000000,0.00000000000,0.00000000000
9/16/08,"1,766.67000000000",0.00000000000,0.00000000000,0.00000000000
9/15/08,"1,747.58000000000",0.00000000000,0.00000000000,0.00000000000
9/12/08,"1,810.77000000000",0.00000000000,0.00000000000,0.00000000000
9/11/08,"1,817.46000000000",0.00000000000,0.00000000000,0.00000000000
9/10/08,"1,781.00000000000",0.00000000000,0.00000000000,0.00000000000
9/9/08,"1,764.05000000000",0.00000000000,0.00000000000,0.00000000000
9/8/08,"1,806.48000000000",0.00000000000,0.00000000000,0.00000000000
9/5/08,"1,811.89000000000",0.00000000000,0.00000000000,0.00000000000
9/4/08,"1,818.60000000000",0.00000000000,0.00000000000,0.00000000000
9/3/08,"1,878.35000000000",0.00000000000,0.00000000000,0.00000000000
9/2/08,"1,895.75000000000",0.00000000000,0.00000000000,0.00000000000
8/29/08,"1,918.71000000000",0.00000000000,0.00000000000,0.00000000000
8/28/08,"1,962.33000000000",0.00000000000,0.00000000000,0.00000000000
8/27/08,"1,947.13000000000",0.00000000000,0.00000000000,0.00000000000
8/26/08,"1,932.43000000000",0.00000000000,0.00000000000,0.00000000000
8/25/08,"1,935.92000000000",0.00000000000,0.00000000000,0.00000000000
8/22/08,"1,978.69000000000",0.00000000000,0.00000000000,0.00000000000
8/21/08,"1,953.36000000000",0.00000000000,0.00000000000,0.00000000000
8/20/08,"1,959.79000000000",0.00000000000,0.00000000000,0.00000000000
8/19/08,"1,955.34000000000",0.00000000000,0.00000000000,0.00000000000
8/18/08,"1,979.52000000000",0.00000000000,0.00000000000,0.00000000000
8/15/08,"2,004.99000000000",0.00000000000,0.00000000000,0.00000000000
8/14/08,"2,011.97000000000",0.00000000000,0.00000000000,0.00000000000
8/13/08,"1,988.90000000000",0.00000000000,0.00000000000,0.00000000000
8/12/08,"1,987.86000000000",0.00000000000,0.00000000000,0.00000000000
8/11/08,"1,987.97000000000",0.00000000000,0.00000000000,0.00000000000
8/8/08,"1,972.61000000000",0.00000000000,0.00000000000,0.00000000000
8/7/08,"1,925.36000000000",0.00000000000,0.00000000000,0.00000000000
8/6/08,"1,940.81000000000",0.00000000000,0.00000000000,0.00000000000
8/5/08,"1,914.71000000000",0.00000000000,0.00000000000,0.00000000000
8/4/08,"1,847.85000000000",0.00000000000,0.00000000000,0.00000000000
8/1/08,"1,870.03000000000",0.00000000000,0.00000000000,0.00000000000
7/31/08,"1,893.07000000000",0.00000000000,0.00000000000,0.00000000000
7/30/08,"1,896.81000000000",0.00000000000,0.00000000000,0.00000000000
7/29/08,"1,889.25000000000",0.00000000000,0.00000000000,0.00000000000
7/28/08,"1,845.69000000000",0.00000000000,0.00000000000,0.00000000000
7/25/08,"1,890.27000000000",0.00000000000,0.00000000000,0.00000000000
7/24/08,"1,860.01000000000",0.00000000000,0.00000000000,0.00000000000
7/23/08,"1,889.26000000000",0.00000000000,0.00000000000,0.00000000000
7/22/08,"1,864.75000000000",0.00000000000,0.00000000000,0.00000000000
7/21/08,"1,862.85000000000",0.00000000000,0.00000000000,0.00000000000
7/18/08,"1,866.40000000000",0.00000000000,0.00000000000,0.00000000000
7/17/08,"1,897.36000000000",0.00000000000,0.00000000000,0.00000000000
7/16/08,"1,887.54000000000",0.00000000000,0.00000000000,0.00000000000
7/15/08,"1,840.94000000000",0.00000000000,0.00000000000,0.00000000000
7/14/08,"1,840.61000000000",0.00000000000,0.00000000000,0.00000000000
7/11/08,"1,853.76000000000",0.00000000000,0.00000000000,0.00000000000
7/10/08,"1,883.13000000000",0.00000000000,0.00000000000,0.00000000000
7/9/08,"1,862.25000000000",0.00000000000,0.00000000000,0.00000000000
7/8/08,"1,915.56000000000",0.00000000000,0.00000000000,0.00000000000
7/7/08,"1,870.16000000000",0.00000000000,0.00000000000,0.00000000000
7/3/08,"1,859.22000000000",0.00000000000,0.00000000000,0.00000000000
7/2/08,"1,859.02000000000",0.00000000000,0.00000000000,0.00000000000
7/1/08,"1,906.68000000000",0.00000000000,0.00000000000,0.00000000000
6/30/08,"1,880.46000000000",0.00000000000,0.00000000000,0.00000000000
6/27/08,"1,899.52000000000",0.00000000000,0.00000000000,0.00000000000
6/26/08,"1,899.18000000000",0.00000000000,0.00000000000,0.00000000000
6/25/08,"1,979.48000000000",0.00000000000,0.00000000000,0.00000000000
6/24/08,"1,948.64000000000",0.00000000000,0.00000000000,0.00000000000
6/23/08,"1,958.43000000000",0.00000000000,0.00000000000,0.00000000000
6/20/08,"1,973.87000000000",0.00000000000,0.00000000000,0.00000000000
6/19/08,"2,029.45000000000",0.00000000000,0.00000000000,0.00000000000
6/18/08,"1,997.12000000000",0.00000000000,0.00000000000,0.00000000000
6/17/08,"2,019.35000000000",0.00000000000,0.00000000000,0.00000000000
6/16/08,"2,031.57000000000",0.00000000000,0.00000000000,0.00000000000
6/13/08,"2,012.38000000000",0.00000000000,0.00000000000,0.00000000000
6/12/08,"1,969.62000000000",0.00000000000,0.00000000000,0.00000000000
6/11/08,"1,969.69000000000",0.00000000000,0.00000000000,0.00000000000
6/10/08,"2,019.04000000000",0.00000000000,0.00000000000,0.00000000000
6/9/08,"2,026.36000000000",0.00000000000,0.00000000000,0.00000000000
6/6/08,"2,037.29000000000",0.00000000000,0.00000000000,0.00000000000
6/5/08,"2,103.54000000000",0.00000000000,0.00000000000,0.00000000000
6/4/08,"2,069.09000000000",0.00000000000,0.00000000000,0.00000000000
6/3/08,"2,043.80000000000",0.00000000000,0.00000000000,0.00000000000
6/2/08,"2,054.07000000000",0.00000000000,0.00000000000,0.00000000000
5/30/08,"2,080.40000000000",0.00000000000,0.00000000000,0.00000000000
5/29/08,"2,066.53000000000",0.00000000000,0.00000000000,0.00000000000
5/28/08,"2,047.10000000000",0.00000000000,0.00000000000,0.00000000000
5/27/08,"2,041.88000000000",0.00000000000,0.00000000000,0.00000000000
5/23/08,"2,004.55000000000",0.00000000000,0.00000000000,0.00000000000
5/22/08,"2,010.65000000000",0.00000000000,0.00000000000,0.00000000000
5/21/08,"2,002.34000000000",0.00000000000,0.00000000000,0.00000000000
5/20/08,"2,047.23000000000",0.00000000000,0.00000000000,0.00000000000
5/19/08,"2,063.53000000000",0.00000000000,0.00000000000,0.00000000000
5/16/08,"2,078.54000000000",0.00000000000,0.00000000000,0.00000000000
5/15/08,"2,078.61000000000",0.00000000000,0.00000000000,0.00000000000
5/14/08,"2,043.66000000000",0.00000000000,0.00000000000,0.00000000000
5/13/08,"2,046.93000000000",0.00000000000,0.00000000000,0.00000000000
5/12/08,"2,042.70000000000",0.00000000000,0.00000000000,0.00000000000
5/9/08,"2,005.13000000000",0.00000000000,0.00000000000,0.00000000000
5/8/08,"2,011.84000000000",0.00000000000,0.00000000000,0.00000000000
5/7/08,"1,995.97000000000",0.00000000000,0.00000000000,0.00000000000
5/6/08,"2,036.05000000000",0.00000000000,0.00000000000,0.00000000000
5/5/08,"2,020.92000000000",0.00000000000,0.00000000000,0.00000000000
5/2/08,"2,026.70000000000",0.00000000000,0.00000000000,0.00000000000
5/1/08,"2,025.25000000000",0.00000000000,0.00000000000,0.00000000000
4/30/08,"1,961.08000000000",0.00000000000,0.00000000000,0.00000000000
4/29/08,"1,977.33000000000",0.00000000000,0.00000000000,0.00000000000
4/28/08,"1,966.64000000000",0.00000000000,0.00000000000,0.00000000000
4/25/08,"1,961.85000000000",0.00000000000,0.00000000000,0.00000000000
4/24/08,"1,967.98000000000",0.00000000000,0.00000000000,0.00000000000
4/23/08,"1,949.66000000000",0.00000000000,0.00000000000,0.00000000000
4/22/08,"1,924.09000000000",0.00000000000,0.00000000000,0.00000000000
4/21/08,"1,956.27000000000",0.00000000000,0.00000000000,0.00000000000
4/18/08,"1,943.14000000000",0.00000000000,0.00000000000,0.00000000000
4/17/08,"1,882.40000000000",0.00000000000,0.00000000000,0.00000000000
4/16/08,"1,888.55000000000",0.00000000000,0.00000000000,0.00000000000
4/15/08,"1,835.21000000000",0.00000000000,0.00000000000,0.00000000000
4/14/08,"1,831.32000000000",0.00000000000,0.00000000000,0.00000000000
4/11/08,"1,839.29000000000",0.00000000000,0.00000000000,0.00000000000
4/10/08,"1,894.76000000000",0.00000000000,0.00000000000,0.00000000000
4/9/08,"1,867.37000000000",0.00000000000,0.00000000000,0.00000000000
4/8/08,"1,887.74000000000",0.00000000000,0.00000000000,0.00000000000
4/7/08,"1,902.76000000000",0.00000000000,0.00000000000,0.00000000000
4/4/08,"1,907.92000000000",0.00000000000,0.00000000000,0.00000000000
4/3/08,"1,897.00000000000",0.00000000000,0.00000000000,0.00000000000
4/2/08,"1,890.47000000000",0.00000000000,0.00000000000,0.00000000000
4/1/08,"1,897.30000000000",0.00000000000,0.00000000000,0.00000000000
3/31/08,"1,822.09000000000",0.00000000000,0.00000000000,0.00000000000
3/28/08,"1,807.29000000000",0.00000000000,0.00000000000,0.00000000000
3/27/08,"1,817.84000000000",0.00000000000,0.00000000000,0.00000000000
3/26/08,"1,858.09000000000",0.00000000000,0.00000000000,0.00000000000
3/25/08,"1,865.34000000000",0.00000000000,0.00000000000,0.00000000000
3/24/08,"1,854.95000000000",0.00000000000,0.00000000000,0.00000000000
3/20/08,"1,791.15000000000",0.00000000000,0.00000000000,0.00000000000
3/19/08,"1,753.94000000000",0.00000000000,0.00000000000,0.00000000000
3/18/08,"1,800.41000000000",0.00000000000,0.00000000000,0.00000000000
3/17/08,"1,724.90000000000",0.00000000000,0.00000000000,0.00000000000
3/14/08,"1,752.14000000000",0.00000000000,0.00000000000,0.00000000000
3/13/08,"1,789.52000000000",0.00000000000,0.00000000000,0.00000000000
3/12/08,"1,773.97000000000",0.00000000000,0.00000000000,0.00000000000
3/11/08,"1,779.87000000000",0.00000000000,0.00000000000,0.00000000000
3/10/08,"1,710.42000000000",0.00000000000,0.00000000000,0.00000000000
3/7/08,"1,745.65000000000",0.00000000000,0.00000000000,0.00000000000
3/6/08,"1,750.76000000000",0.00000000000,0.00000000000,0.00000000000
3/5/08,"1,792.75000000000",0.00000000000,0.00000000000,0.00000000000
3/4/08,"1,782.61000000000",0.00000000000,0.00000000000,0.00000000000
3/3/08,"1,771.95000000000",0.00000000000,0.00000000000,0.00000000000
2/29/08,"1,784.20000000000",0.00000000000,0.00000000000,0.00000000000
2/28/08,"1,834.49000000000",0.00000000000,0.00000000000,0.00000000000
2/27/08,"1,840.09000000000",0.00000000000,0.00000000000,0.00000000000
2/26/08,"1,830.92000000000",0.00000000000,0.00000000000,0.00000000000
2/25/08,"1,824.94000000000",0.00000000000,0.00000000000,0.00000000000
2/22/08,"1,812.65000000000",0.00000000000,0.00000000000,0.00000000000
2/21/08,"1,805.35000000000",0.00000000000,0.00000000000,0.00000000000
2/20/08,"1,826.89000000000",0.00000000000,0.00000000000,0.00000000000
2/19/08,"1,803.75000000000",0.00000000000,0.00000000000,0.00000000000
2/15/08,"1,819.23000000000",0.00000000000,0.00000000000,0.00000000000
2/14/08,"1,826.51000000000",0.00000000000,0.00000000000,0.00000000000
2/13/08,"1,862.60000000000",0.00000000000,0.00000000000,0.00000000000
2/12/08,"1,819.11000000000",0.00000000000,0.00000000000,0.00000000000
2/11/08,"1,831.87000000000",0.00000000000,0.00000000000,0.00000000000
2/8/08,"1,812.11000000000",0.00000000000,0.00000000000,0.00000000000
2/7/08,"1,791.23000000000",0.00000000000,0.00000000000,0.00000000000
2/6/08,"1,778.59000000000",0.00000000000,0.00000000000,0.00000000000
2/5/08,"1,811.83000000000",0.00000000000,0.00000000000,0.00000000000
2/4/08,"1,867.94000000000",0.00000000000,0.00000000000,0.00000000000
2/1/08,"1,894.81000000000",0.00000000000,0.00000000000,0.00000000000
1/31/08,"1,880.67000000000",0.00000000000,0.00000000000,0.00000000000
1/30/08,"1,847.05000000000",0.00000000000,0.00000000000,0.00000000000
1/29/08,"1,846.06000000000",0.00000000000,0.00000000000,0.00000000000
1/28/08,"1,843.41000000000",0.00000000000,0.00000000000,0.00000000000
1/25/08,"1,827.17000000000",0.00000000000,0.00000000000,0.00000000000
1/24/08,"1,865.72000000000",0.00000000000,0.00000000000,0.00000000000
1/23/08,"1,827.54000000000",0.00000000000,0.00000000000,0.00000000000
1/22/08,"1,833.74000000000",0.00000000000,0.00000000000,0.00000000000
1/18/08,"1,883.26000000000",0.00000000000,0.00000000000,0.00000000000
1/17/08,"1,881.23000000000",0.00000000000,0.00000000000,0.00000000000
1/16/08,"1,912.05000000000",0.00000000000,0.00000000000,0.00000000000
1/15/08,"1,934.32000000000",0.00000000000,0.00000000000,0.00000000000
1/14/08,"1,990.55000000000",0.00000000000,0.00000000000,0.00000000000
1/11/08,"1,953.43000000000",0.00000000000,0.00000000000,0.00000000000
1/10/08,"1,995.13000000000",0.00000000000,0.00000000000,0.00000000000
1/9/08,"1,990.59000000000",0.00000000000,0.00000000000,0.00000000000
1/8/08,"1,950.87000000000",0.00000000000,0.00000000000,0.00000000000
1/7/08,"1,998.98000000000",0.00000000000,0.00000000000,0.00000000000
1/4/08,"2,005.19000000000",0.00000000000,0.00000000000,0.00000000000
1/3/08,"2,095.30000000000",0.00000000000,0.00000000000,0.00000000000
1/2/08,"2,093.21000000000",0.00000000000,0.00000000000,0.00000000000
12/31/07,"2,129.17000000000",0.00000000000,0.00000000000,0.00000000000
12/28/07,"2,151.76000000000",0.00000000000,0.00000000000,0.00000000000
12/27/07,"2,150.78000000000",0.00000000000,0.00000000000,0.00000000000
12/26/07,"2,182.27000000000",0.00000000000,0.00000000000,0.00000000000
12/24/07,"2,173.77000000000",0.00000000000,0.00000000000,0.00000000000
12/21/07,"2,156.56000000000",0.00000000000,0.00000000000,0.00000000000
12/20/07,"2,113.58000000000",0.00000000000,0.00000000000,0.00000000000
12/19/07,"2,074.07000000000",0.00000000000,0.00000000000,0.00000000000
12/18/07,"2,072.54000000000",0.00000000000,0.00000000000,0.00000000000
12/17/07,"2,063.66000000000",0.00000000000,0.00000000000,0.00000000000
12/14/07,"2,116.06000000000",0.00000000000,0.00000000000,0.00000000000
12/13/07,"2,138.59000000000",0.00000000000,0.00000000000,0.00000000000
12/12/07,"2,145.41000000000",0.00000000000,0.00000000000,0.00000000000
12/11/07,"2,127.40000000000",0.00000000000,0.00000000000,0.00000000000
12/10/07,"2,179.63000000000",0.00000000000,0.00000000000,0.00000000000
12/7/07,"2,174.60000000000",0.00000000000,0.00000000000,0.00000000000
12/6/07,"2,172.20000000000",0.00000000000,0.00000000000,0.00000000000
12/5/07,"2,143.26000000000",0.00000000000,0.00000000000,0.00000000000
12/4/07,"2,101.79000000000",0.00000000000,0.00000000000,0.00000000000
12/3/07,"2,110.35000000000",0.00000000000,0.00000000000,0.00000000000
11/30/07,"2,132.44000000000",0.00000000000,0.00000000000,0.00000000000
11/29/07,"2,146.03000000000",0.00000000000,0.00000000000,0.00000000000
11/28/07,"2,138.82000000000",0.00000000000,0.00000000000,0.00000000000
11/27/07,"2,075.01000000000",0.00000000000,0.00000000000,0.00000000000
11/26/07,"2,029.70000000000",0.00000000000,0.00000000000,0.00000000000
11/23/07,"2,070.05000000000",0.00000000000,0.00000000000,0.00000000000
11/21/07,"2,047.07000000000",0.00000000000,0.00000000000,0.00000000000
11/20/07,"2,071.11000000000",0.00000000000,0.00000000000,0.00000000000
11/19/07,"2,062.12000000000",0.00000000000,0.00000000000,0.00000000000
11/16/07,"2,090.17000000000",0.00000000000,0.00000000000,0.00000000000
11/15/07,"2,065.08000000000",0.00000000000,0.00000000000,0.00000000000
11/14/07,"2,079.24000000000",0.00000000000,0.00000000000,0.00000000000
11/13/07,"2,107.78000000000",0.00000000000,0.00000000000,0.00000000000
11/12/07,"2,021.70000000000",0.00000000000,0.00000000000,0.00000000000
11/9/07,"2,074.88000000000",0.00000000000,0.00000000000,0.00000000000
11/8/07,"2,148.11000000000",0.00000000000,0.00000000000,0.00000000000
11/7/07,"2,212.64000000000",0.00000000000,0.00000000000,0.00000000000
11/6/07,"2,268.25000000000",0.00000000000,0.00000000000,0.00000000000
11/5/07,"2,244.29000000000",0.00000000000,0.00000000000,0.00000000000
11/2/07,"2,257.65000000000",0.00000000000,0.00000000000,0.00000000000
11/1/07,"2,240.40000000000",0.00000000000,0.00000000000,0.00000000000
10/31/07,"2,283.14000000000",0.00000000000,0.00000000000,0.00000000000
10/30/07,"2,251.15000000000",0.00000000000,0.00000000000,0.00000000000
10/29/07,"2,246.74000000000",0.00000000000,0.00000000000,0.00000000000
10/26/07,"2,237.74000000000",0.00000000000,0.00000000000,0.00000000000
10/25/07,"2,204.02000000000",0.00000000000,0.00000000000,0.00000000000
10/24/07,"2,231.62000000000",0.00000000000,0.00000000000,0.00000000000
10/23/07,"2,248.53000000000",0.00000000000,0.00000000000,0.00000000000
10/22/07,"2,199.87000000000",0.00000000000,0.00000000000,0.00000000000
10/19/07,"2,172.97000000000",0.00000000000,0.00000000000,0.00000000000
10/18/07,"2,230.53000000000",0.00000000000,0.00000000000,0.00000000000
10/17/07,"2,221.98000000000",0.00000000000,0.00000000000,0.00000000000
10/16/07,"2,193.43000000000",0.00000000000,0.00000000000,0.00000000000
10/15/07,"2,201.34000000000",0.00000000000,0.00000000000,0.00000000000
10/12/07,"2,220.78000000000",0.00000000000,0.00000000000,0.00000000000
10/11/07,"2,182.99000000000",0.00000000000,0.00000000000,0.00000000000
10/10/07,"2,219.76000000000",0.00000000000,0.00000000000,0.00000000000
10/9/07,"2,213.85000000000",0.00000000000,0.00000000000,0.00000000000
10/8/07,"2,205.73000000000",0.00000000000,0.00000000000,0.00000000000
10/5/07,"2,191.88000000000",0.00000000000,0.00000000000,0.00000000000
10/4/07,"2,146.91000000000",0.00000000000,0.00000000000,0.00000000000
10/3/07,"2,144.31000000000",0.00000000000,0.00000000000,0.00000000000
10/2/07,"2,157.44000000000",0.00000000000,0.00000000000,0.00000000000
10/1/07,"2,158.54000000000",0.00000000000,0.00000000000,0.00000000000
9/28/07,"2,132.17000000000",0.00000000000,0.00000000000,0.00000000000
9/27/07,"2,137.55000000000",0.00000000000,0.00000000000,0.00000000000
9/26/07,"2,129.39000000000",0.00000000000,0.00000000000,0.00000000000
9/25/07,"2,117.62000000000",0.00000000000,0.00000000000,0.00000000000
9/24/07,"2,097.64000000000",0.00000000000,0.00000000000,0.00000000000
9/21/07,"2,089.72000000000",0.00000000000,0.00000000000,0.00000000000
9/20/07,"2,072.51000000000",0.00000000000,0.00000000000,0.00000000000
9/19/07,"2,081.44000000000",0.00000000000,0.00000000000,0.00000000000
9/18/07,"2,075.34000000000",0.00000000000,0.00000000000,0.00000000000
9/17/07,"2,022.01000000000",0.00000000000,0.00000000000,0.00000000000
9/14/07,"2,040.11000000000",0.00000000000,0.00000000000,0.00000000000
9/13/07,"2,037.86000000000",0.00000000000,0.00000000000,0.00000000000
9/12/07,"2,028.01000000000",0.00000000000,0.00000000000,0.00000000000
9/11/07,"2,028.03000000000",0.00000000000,0.00000000000,0.00000000000
9/10/07,"1,998.69000000000",0.00000000000,0.00000000000,0.00000000000
9/7/07,"1,996.75000000000",0.00000000000,0.00000000000,0.00000000000
9/6/07,"2,037.87000000000",0.00000000000,0.00000000000,0.00000000000
9/5/07,"2,033.50000000000",0.00000000000,0.00000000000,0.00000000000
9/4/07,"2,060.08000000000",0.00000000000,0.00000000000,0.00000000000
8/31/07,"2,027.68000000000",0.00000000000,0.00000000000,0.00000000000
8/30/07,"2,002.20000000000",0.00000000000,0.00000000000,0.00000000000
8/29/07,"1,993.13000000000",0.00000000000,0.00000000000,0.00000000000
8/28/07,"1,936.07000000000",0.00000000000,0.00000000000,0.00000000000
8/27/07,"1,985.27000000000",0.00000000000,0.00000000000,0.00000000000
8/24/07,"1,999.42000000000",0.00000000000,0.00000000000,0.00000000000
8/23/07,"1,969.35000000000",0.00000000000,0.00000000000,0.00000000000
8/22/07,"1,974.33000000000",0.00000000000,0.00000000000,0.00000000000
8/21/07,"1,948.06000000000",0.00000000000,0.00000000000,0.00000000000
8/20/07,"1,929.66000000000",0.00000000000,0.00000000000,0.00000000000
8/17/07,"1,925.31000000000",0.00000000000,0.00000000000,0.00000000000
8/16/07,"1,881.79000000000",0.00000000000,0.00000000000,0.00000000000
8/15/07,"1,900.90000000000",0.00000000000,0.00000000000,0.00000000000
8/14/07,"1,937.92000000000",0.00000000000,0.00000000000,0.00000000000
8/13/07,"1,971.19000000000",0.00000000000,0.00000000000,0.00000000000
8/10/07,"1,961.51000000000",0.00000000000,0.00000000000,0.00000000000
8/9/07,"1,973.29000000000",0.00000000000,0.00000000000,0.00000000000
8/8/07,"2,024.82000000000",0.00000000000,0.00000000000,0.00000000000
8/7/07,"1,998.54000000000",0.00000000000,0.00000000000,0.00000000000
8/6/07,"1,991.07000000000",0.00000000000,0.00000000000,0.00000000000
8/3/07,"1,954.58000000000",0.00000000000,0.00000000000,0.00000000000
8/2/07,"2,003.25000000000",0.00000000000,0.00000000000,0.00000000000
8/1/07,"1,981.33000000000",0.00000000000,0.00000000000,0.00000000000
7/31/07,"1,968.06000000000",0.00000000000,0.00000000000,0.00000000000
7/30/07,"2,010.71000000000",0.00000000000,0.00000000000,0.00000000000
7/27/07,"1,992.51000000000",0.00000000000,0.00000000000,0.00000000000
7/26/07,"2,023.49000000000",0.00000000000,0.00000000000,0.00000000000
7/25/07,"2,048.48000000000",0.00000000000,0.00000000000,0.00000000000
7/24/07,"2,037.65000000000",0.00000000000,0.00000000000,0.00000000000
7/23/07,"2,074.09000000000",0.00000000000,0.00000000000,0.00000000000
7/20/07,"2,073.63000000000",0.00000000000,0.00000000000,0.00000000000
7/19/07,"2,091.06000000000",0.00000000000,0.00000000000,0.00000000000
7/18/07,"2,075.77000000000",0.00000000000,0.00000000000,0.00000000000
7/17/07,"2,079.64000000000",0.00000000000,0.00000000000,0.00000000000
7/16/07,"2,065.63000000000",0.00000000000,0.00000000000,0.00000000000
7/13/07,"2,069.84000000000",0.00000000000,0.00000000000,0.00000000000
7/12/07,"2,058.51000000000",0.00000000000,0.00000000000,0.00000000000
7/11/07,"2,020.87000000000",0.00000000000,0.00000000000,0.00000000000
7/10/07,"2,008.42000000000",0.00000000000,0.00000000000,0.00000000000
7/9/07,"2,026.06000000000",0.00000000000,0.00000000000,0.00000000000
7/6/07,"2,025.15000000000",0.00000000000,0.00000000000,0.00000000000
7/5/07,"2,017.77000000000",0.00000000000,0.00000000000,0.00000000000
7/3/07,"2,001.62000000000",0.00000000000,0.00000000000,0.00000000000
7/2/07,"1,990.33000000000",0.00000000000,0.00000000000,0.00000000000
6/29/07,"1,969.94000000000",0.00000000000,0.00000000000,0.00000000000
6/28/07,"1,967.46000000000",0.00000000000,0.00000000000,0.00000000000
6/27/07,"1,968.88000000000",0.00000000000,0.00000000000,0.00000000000
6/26/07,"1,944.01000000000",0.00000000000,0.00000000000,0.00000000000
6/25/07,"1,948.33000000000",0.00000000000,0.00000000000,0.00000000000
6/22/07,"1,957.55000000000",0.00000000000,0.00000000000,0.00000000000
6/21/07,"1,977.28000000000",0.00000000000,0.00000000000,0.00000000000
6/20/07,"1,957.72000000000",0.00000000000,0.00000000000,0.00000000000
6/19/07,"1,977.73000000000",0.00000000000,0.00000000000,0.00000000000
6/18/07,"1,980.39000000000",0.00000000000,0.00000000000,0.00000000000
6/15/07,"1,978.40000000000",0.00000000000,0.00000000000,0.00000000000
6/14/07,"1,960.19000000000",0.00000000000,0.00000000000,0.00000000000
6/13/07,"1,949.32000000000",0.00000000000,0.00000000000,0.00000000000
6/12/07,"1,925.68000000000",0.00000000000,0.00000000000,0.00000000000
6/11/07,"1,937.17000000000",0.00000000000,0.00000000000,0.00000000000
6/8/07,"1,941.54000000000",0.00000000000,0.00000000000,0.00000000000
6/7/07,"1,916.99000000000",0.00000000000,0.00000000000,0.00000000000
6/6/07,"1,950.28000000000",0.00000000000,0.00000000000,0.00000000000
6/5/07,"1,968.06000000000",0.00000000000,0.00000000000,0.00000000000
6/4/07,"1,969.45000000000",0.00000000000,0.00000000000,0.00000000000
6/1/07,"1,963.88000000000",0.00000000000,0.00000000000,0.00000000000
5/31/07,"1,963.78000000000",0.00000000000,0.00000000000,0.00000000000
5/30/07,"1,953.49000000000",0.00000000000,0.00000000000,0.00000000000
5/29/07,"1,934.48000000000",0.00000000000,0.00000000000,0.00000000000
5/25/07,"1,923.75000000000",0.00000000000,0.00000000000,0.00000000000
5/24/07,"1,908.83000000000",0.00000000000,0.00000000000,0.00000000000
5/23/07,"1,939.18000000000",0.00000000000,0.00000000000,0.00000000000
5/22/07,"1,951.44000000000",0.00000000000,0.00000000000,0.00000000000
5/21/07,"1,946.06000000000",0.00000000000,0.00000000000,0.00000000000
5/18/07,"1,931.57000000000",0.00000000000,0.00000000000,0.00000000000
5/17/07,"1,919.09000000000",0.00000000000,0.00000000000,0.00000000000
5/16/07,"1,926.11000000000",0.00000000000,0.00000000000,0.00000000000
5/15/07,"1,905.89000000000",0.00000000000,0.00000000000,0.00000000000
5/14/07,"1,922.02000000000",0.00000000000,0.00000000000,0.00000000000
5/11/07,"1,932.92000000000",0.00000000000,0.00000000000,0.00000000000
5/10/07,"1,908.87000000000",0.00000000000,0.00000000000,0.00000000000
5/9/07,"1,939.81000000000",0.00000000000,0.00000000000,0.00000000000
5/8/07,"1,933.80000000000",0.00000000000,0.00000000000,0.00000000000
5/7/07,"1,929.78000000000",0.00000000000,0.00000000000,0.00000000000
5/4/07,"1,929.45000000000",0.00000000000,0.00000000000,0.00000000000
5/3/07,"1,929.39000000000",0.00000000000,0.00000000000,0.00000000000
5/2/07,"1,923.11000000000",0.00000000000,0.00000000000,0.00000000000
5/1/07,"1,906.51000000000",0.00000000000,0.00000000000,0.00000000000
4/30/07,"1,900.74000000000",0.00000000000,0.00000000000,0.00000000000
4/27/07,"1,924.46000000000",0.00000000000,0.00000000000,0.00000000000
4/26/07,"1,922.85000000000",0.00000000000,0.00000000000,0.00000000000
4/25/07,"1,914.47000000000",0.00000000000,0.00000000000,0.00000000000
4/24/07,"1,891.48000000000",0.00000000000,0.00000000000,0.00000000000
4/23/07,"1,882.64000000000",0.00000000000,0.00000000000,0.00000000000
4/20/07,"1,878.28000000000",0.00000000000,0.00000000000,0.00000000000
4/19/07,"1,864.62000000000",0.00000000000,0.00000000000,0.00000000000
4/18/07,"1,864.54000000000",0.00000000000,0.00000000000,0.00000000000
4/17/07,"1,867.11000000000",0.00000000000,0.00000000000,0.00000000000
4/16/07,"1,866.13000000000",0.00000000000,0.00000000000,0.00000000000
4/13/07,"1,848.73000000000",0.00000000000,0.00000000000,0.00000000000
4/12/07,"1,845.31000000000",0.00000000000,0.00000000000,0.00000000000
4/11/07,"1,829.56000000000",0.00000000000,0.00000000000,0.00000000000
4/10/07,"1,848.70000000000",0.00000000000,0.00000000000,0.00000000000
4/9/07,"1,839.81000000000",0.00000000000,0.00000000000,0.00000000000
4/5/07,"1,844.64000000000",0.00000000000,0.00000000000,0.00000000000
4/4/07,"1,833.25000000000",0.00000000000,0.00000000000,0.00000000000
4/3/07,"1,827.73000000000",0.00000000000,0.00000000000,0.00000000000
4/2/07,"1,804.35000000000",0.00000000000,0.00000000000,0.00000000000
3/30/07,"1,803.36000000000",0.00000000000,0.00000000000,0.00000000000
3/29/07,"1,802.70000000000",0.00000000000,0.00000000000,0.00000000000
3/28/07,"1,801.50000000000",0.00000000000,0.00000000000,0.00000000000
3/27/07,"1,821.07000000000",0.00000000000,0.00000000000,0.00000000000
3/26/07,"1,834.31000000000",0.00000000000,0.00000000000,0.00000000000
3/23/07,"1,825.25000000000",0.00000000000,0.00000000000,0.00000000000
3/22/07,"1,831.05000000000",0.00000000000,0.00000000000,0.00000000000
3/21/07,"1,837.77000000000",0.00000000000,0.00000000000,0.00000000000
3/20/07,"1,797.99000000000",0.00000000000,0.00000000000,0.00000000000
3/19/07,"1,788.81000000000",0.00000000000,0.00000000000,0.00000000000
3/16/07,"1,772.53000000000",0.00000000000,0.00000000000,0.00000000000
3/15/07,"1,775.22000000000",0.00000000000,0.00000000000,0.00000000000
3/14/07,"1,773.47000000000",0.00000000000,0.00000000000,0.00000000000
3/13/07,"1,752.43000000000",0.00000000000,0.00000000000,0.00000000000
3/12/07,"1,786.96000000000",0.00000000000,0.00000000000,0.00000000000
3/9/07,"1,775.07000000000",0.00000000000,0.00000000000,0.00000000000
3/8/07,"1,776.79000000000",0.00000000000,0.00000000000,0.00000000000
3/7/07,"1,766.27000000000",0.00000000000,0.00000000000,0.00000000000
3/6/07,"1,773.35000000000",0.00000000000,0.00000000000,0.00000000000
3/5/07,"1,742.68000000000",0.00000000000,0.00000000000,0.00000000000
3/2/07,"1,755.99000000000",0.00000000000,0.00000000000,0.00000000000
3/1/07,"1,783.88000000000",0.00000000000,0.00000000000,0.00000000000
2/28/07,"1,792.21000000000",0.00000000000,0.00000000000,0.00000000000
2/27/07,"1,786.45000000000",0.00000000000,0.00000000000,0.00000000000
2/26/07,"1,862.03000000000",0.00000000000,0.00000000000,0.00000000000
2/23/07,"1,871.37000000000",0.00000000000,0.00000000000,0.00000000000
2/22/07,"1,878.05000000000",0.00000000000,0.00000000000,0.00000000000
2/21/07,"1,870.68000000000",0.00000000000,0.00000000000,0.00000000000
2/20/07,"1,865.16000000000",0.00000000000,0.00000000000,0.00000000000
2/16/07,"1,852.72000000000",0.00000000000,0.00000000000,0.00000000000
2/15/07,"1,854.62000000000",0.00000000000,0.00000000000,0.00000000000
2/14/07,"1,846.04000000000",0.00000000000,0.00000000000,0.00000000000
2/13/07,"1,814.21000000000",0.00000000000,0.00000000000,0.00000000000
2/12/07,"1,808.24000000000",0.00000000000,0.00000000000,0.00000000000
2/9/07,"1,815.37000000000",0.00000000000,0.00000000000,0.00000000000
2/8/07,"1,840.80000000000",0.00000000000,0.00000000000,0.00000000000
2/7/07,"1,841.22000000000",0.00000000000,0.00000000000,0.00000000000
2/6/07,"1,823.03000000000",0.00000000000,0.00000000000,0.00000000000
2/5/07,"1,825.40000000000",0.00000000000,0.00000000000,0.00000000000
2/2/07,"1,827.87000000000",0.00000000000,0.00000000000,0.00000000000
2/1/07,"1,820.98000000000",0.00000000000,0.00000000000,0.00000000000
1/31/07,"1,821.83000000000",0.00000000000,0.00000000000,0.00000000000
1/30/07,"1,807.06000000000",0.00000000000,0.00000000000,0.00000000000
1/29/07,"1,804.26000000000",0.00000000000,0.00000000000,0.00000000000
1/26/07,"1,802.11000000000",0.00000000000,0.00000000000,0.00000000000
1/25/07,"1,806.97000000000",0.00000000000,0.00000000000,0.00000000000
1/24/07,"1,832.26000000000",0.00000000000,0.00000000000,0.00000000000
1/23/07,"1,802.46000000000",0.00000000000,0.00000000000,0.00000000000
1/22/07,"1,808.17000000000",0.00000000000,0.00000000000,0.00000000000
1/19/07,"1,826.25000000000",0.00000000000,0.00000000000,0.00000000000
1/18/07,"1,823.07000000000",0.00000000000,0.00000000000,0.00000000000
1/17/07,"1,857.63000000000",0.00000000000,0.00000000000,0.00000000000
1/16/07,"1,872.63000000000",0.00000000000,0.00000000000,0.00000000000
1/12/07,"1,875.03000000000",0.00000000000,0.00000000000,0.00000000000
1/11/07,"1,864.93000000000",0.00000000000,0.00000000000,0.00000000000
1/10/07,"1,845.91000000000",0.00000000000,0.00000000000,0.00000000000
1/9/07,"1,825.02000000000",0.00000000000,0.00000000000,0.00000000000
1/8/07,"1,816.39000000000",0.00000000000,0.00000000000,0.00000000000
1/5/07,"1,814.53000000000",0.00000000000,0.00000000000,0.00000000000
1/4/07,"1,822.26000000000",0.00000000000,0.00000000000,0.00000000000
1/3/07,"1,788.17000000000",0.00000000000,0.00000000000,0.00000000000
12/29/06,"1,785.66000000000",0.00000000000,0.00000000000,0.00000000000
12/28/06,"1,787.73000000000",0.00000000000,0.00000000000,0.00000000000
12/27/06,"1,792.27000000000",0.00000000000,0.00000000000,0.00000000000
12/26/06,"1,782.25000000000",0.00000000000,0.00000000000,0.00000000000
12/22/06,"1,777.23000000000",0.00000000000,0.00000000000,0.00000000000
12/21/06,"1,795.18000000000",0.00000000000,0.00000000000,0.00000000000
12/20/06,"1,807.01000000000",0.00000000000,0.00000000000,0.00000000000
12/19/06,"1,814.33000000000",0.00000000000,0.00000000000,0.00000000000
12/18/06,"1,820.28000000000",0.00000000000,0.00000000000,0.00000000000
12/15/06,"1,838.14000000000",0.00000000000,0.00000000000,0.00000000000
12/14/06,"1,832.90000000000",0.00000000000,0.00000000000,0.00000000000
12/13/06,"1,811.94000000000",0.00000000000,0.00000000000,0.00000000000
12/12/06,"1,810.45000000000",0.00000000000,0.00000000000,0.00000000000
12/11/06,"1,820.36000000000",0.00000000000,0.00000000000,0.00000000000
12/8/06,"1,814.74000000000",0.00000000000,0.00000000000,0.00000000000
12/7/06,"1,805.85000000000",0.00000000000,0.00000000000,0.00000000000
12/6/06,"1,827.87000000000",0.00000000000,0.00000000000,0.00000000000
12/5/06,"1,833.64000000000",0.00000000000,0.00000000000,0.00000000000
12/4/06,"1,828.35000000000",0.00000000000,0.00000000000,0.00000000000
12/1/06,"1,803.15000000000",0.00000000000,0.00000000000,0.00000000000
11/30/06,"1,819.51000000000",0.00000000000,0.00000000000,0.00000000000
11/29/06,"1,821.05000000000",0.00000000000,0.00000000000,0.00000000000
11/28/06,"1,808.26000000000",0.00000000000,0.00000000000,0.00000000000
11/27/06,"1,803.02000000000",0.00000000000,0.00000000000,0.00000000000
11/24/06,"1,844.01000000000",0.00000000000,0.00000000000,0.00000000000
11/22/06,"1,848.28000000000",0.00000000000,0.00000000000,0.00000000000
11/21/06,"1,837.23000000000",0.00000000000,0.00000000000,0.00000000000
11/20/06,"1,832.08000000000",0.00000000000,0.00000000000,0.00000000000
11/17/06,"1,828.89000000000",0.00000000000,0.00000000000,0.00000000000
11/16/06,"1,830.12000000000",0.00000000000,0.00000000000,0.00000000000
11/15/06,"1,821.85000000000",0.00000000000,0.00000000000,0.00000000000
11/14/06,"1,815.05000000000",0.00000000000,0.00000000000,0.00000000000
11/13/06,"1,795.07000000000",0.00000000000,0.00000000000,0.00000000000
11/10/06,"1,777.85000000000",0.00000000000,0.00000000000,0.00000000000
11/9/06,"1,766.66000000000",0.00000000000,0.00000000000,0.00000000000
11/8/06,"1,776.41000000000",0.00000000000,0.00000000000,0.00000000000
11/7/06,"1,768.07000000000",0.00000000000,0.00000000000,0.00000000000
11/6/06,"1,758.65000000000",0.00000000000,0.00000000000,0.00000000000
11/3/06,"1,729.89000000000",0.00000000000,0.00000000000,0.00000000000
11/2/06,"1,735.94000000000",0.00000000000,0.00000000000,0.00000000000
11/1/06,"1,733.38000000000",0.00000000000,0.00000000000,0.00000000000
10/31/06,"1,758.64000000000",0.00000000000,0.00000000000,0.00000000000
10/30/06,"1,753.83000000000",0.00000000000,0.00000000000,0.00000000000
10/27/06,"1,743.39000000000",0.00000000000,0.00000000000,0.00000000000
10/26/06,"1,770.25000000000",0.00000000000,0.00000000000,0.00000000000
10/25/06,"1,752.68000000000",0.00000000000,0.00000000000,0.00000000000
10/24/06,"1,739.53000000000",0.00000000000,0.00000000000,0.00000000000
10/23/06,"1,751.76000000000",0.00000000000,0.00000000000,0.00000000000
10/20/06,"1,735.17000000000",0.00000000000,0.00000000000,0.00000000000
10/19/06,"1,731.92000000000",0.00000000000,0.00000000000,0.00000000000
10/18/06,"1,726.21000000000",0.00000000000,0.00000000000,0.00000000000
10/17/06,"1,735.20000000000",0.00000000000,0.00000000000,0.00000000000
10/16/06,"1,753.47000000000",0.00000000000,0.00000000000,0.00000000000
10/13/06,"1,753.06000000000",0.00000000000,0.00000000000,0.00000000000
10/12/06,"1,744.26000000000",0.00000000000,0.00000000000,0.00000000000
10/11/06,"1,716.59000000000",0.00000000000,0.00000000000,0.00000000000
10/10/06,"1,718.61000000000",0.00000000000,0.00000000000,0.00000000000
10/9/06,"1,716.37000000000",0.00000000000,0.00000000000,0.00000000000
10/6/06,"1,710.08000000000",0.00000000000,0.00000000000,0.00000000000
10/5/06,"1,714.69000000000",0.00000000000,0.00000000000,0.00000000000
10/4/06,"1,706.28000000000",0.00000000000,0.00000000000,0.00000000000
10/3/06,"1,664.82000000000",0.00000000000,0.00000000000,0.00000000000
10/2/06,"1,657.23000000000",0.00000000000,0.00000000000,0.00000000000
9/29/06,"1,678.86000000000",0.00000000000,0.00000000000,0.00000000000
9/28/06,"1,686.44000000000",0.00000000000,0.00000000000,0.00000000000
9/27/06,"1,680.43000000000",0.00000000000,0.00000000000,0.00000000000
9/26/06,"1,684.01000000000",0.00000000000,0.00000000000,0.00000000000
9/25/06,"1,675.05000000000",0.00000000000,0.00000000000,0.00000000000
9/22/06,"1,646.63000000000",0.00000000000,0.00000000000,0.00000000000
9/21/06,"1,659.31000000000",0.00000000000,0.00000000000,0.00000000000
9/20/06,"1,669.95000000000",0.00000000000,0.00000000000,0.00000000000
9/19/06,"1,645.30000000000",0.00000000000,0.00000000000,0.00000000000
9/18/06,"1,656.57000000000",0.00000000000,0.00000000000,0.00000000000
9/15/06,"1,656.85000000000",0.00000000000,0.00000000000,0.00000000000
9/14/06,"1,650.28000000000",0.00000000000,0.00000000000,0.00000000000
9/13/06,"1,648.27000000000",0.00000000000,0.00000000000,0.00000000000
9/12/06,"1,639.90000000000",0.00000000000,0.00000000000,0.00000000000
9/11/06,"1,607.44000000000",0.00000000000,0.00000000000,0.00000000000
9/8/06,"1,598.24000000000",0.00000000000,0.00000000000,0.00000000000
9/7/06,"1,588.21000000000",0.00000000000,0.00000000000,0.00000000000
9/6/06,"1,595.68000000000",0.00000000000,0.00000000000,0.00000000000
9/5/06,"1,627.60000000000",0.00000000000,0.00000000000,0.00000000000
9/1/06,"1,613.16000000000",0.00000000000,0.00000000000,0.00000000000
8/31/06,"1,603.28000000000",0.00000000000,0.00000000000,0.00000000000
8/30/06,"1,605.53000000000",0.00000000000,0.00000000000,0.00000000000
8/29/06,"1,597.09000000000",0.00000000000,0.00000000000,0.00000000000
8/28/06,"1,593.67000000000",0.00000000000,0.00000000000,0.00000000000
8/25/06,"1,580.89000000000",0.00000000000,0.00000000000,0.00000000000
8/24/06,"1,578.34000000000",0.00000000000,0.00000000000,0.00000000000
8/23/06,"1,573.47000000000",0.00000000000,0.00000000000,0.00000000000
8/22/06,"1,586.40000000000",0.00000000000,0.00000000000,0.00000000000
8/21/06,"1,584.05000000000",0.00000000000,0.00000000000,0.00000000000
8/18/06,"1,599.62000000000",0.00000000000,0.00000000000,0.00000000000
8/17/06,"1,596.70000000000",0.00000000000,0.00000000000,0.00000000000
8/16/06,"1,593.00000000000",0.00000000000,0.00000000000,0.00000000000
8/15/06,"1,556.78000000000",0.00000000000,0.00000000000,0.00000000000
8/14/06,"1,515.69000000000",0.00000000000,0.00000000000,0.00000000000
8/11/06,"1,507.94000000000",0.00000000000,0.00000000000,0.00000000000
8/10/06,"1,517.54000000000",0.00000000000,0.00000000000,0.00000000000
8/9/06,"1,506.75000000000",0.00000000000,0.00000000000,0.00000000000
8/8/06,"1,505.90000000000",0.00000000000,0.00000000000,0.00000000000
8/7/06,"1,515.36000000000",0.00000000000,0.00000000000,0.00000000000
8/4/06,"1,525.20000000000",0.00000000000,0.00000000000,0.00000000000
8/3/06,"1,532.06000000000",0.00000000000,0.00000000000,0.00000000000
8/2/06,"1,521.56000000000",0.00000000000,0.00000000000,0.00000000000
8/1/06,"1,505.72000000000",0.00000000000,0.00000000000,0.00000000000
7/31/06,"1,530.51000000000",0.00000000000,0.00000000000,0.00000000000
7/28/06,"1,531.39000000000",0.00000000000,0.00000000000,0.00000000000
7/27/06,"1,499.07000000000",0.00000000000,0.00000000000,0.00000000000
7/26/06,"1,508.55000000000",0.00000000000,0.00000000000,0.00000000000
7/25/06,"1,510.20000000000",0.00000000000,0.00000000000,0.00000000000
7/24/06,"1,502.93000000000",0.00000000000,0.00000000000,0.00000000000
7/21/06,"1,472.05000000000",0.00000000000,0.00000000000,0.00000000000
7/20/06,"1,487.26000000000",0.00000000000,0.00000000000,0.00000000000
7/19/06,"1,511.30000000000",0.00000000000,0.00000000000,0.00000000000
7/18/06,"1,492.78000000000",0.00000000000,0.00000000000,0.00000000000
7/17/06,"1,488.90000000000",0.00000000000,0.00000000000,0.00000000000
7/14/06,"1,482.47000000000",0.00000000000,0.00000000000,0.00000000000
7/13/06,"1,498.69000000000",0.00000000000,0.00000000000,0.00000000000
7/12/06,"1,522.31000000000",0.00000000000,0.00000000000,0.00000000000
7/11/06,"1,554.21000000000",0.00000000000,0.00000000000,0.00000000000
7/10/06,"1,541.88000000000",0.00000000000,0.00000000000,0.00000000000
7/7/06,"1,554.86000000000",0.00000000000,0.00000000000,0.00000000000
7/6/06,"1,572.95000000000",0.00000000000,0.00000000000,0.00000000000
7/5/06,"1,575.39000000000",0.00000000000,0.00000000000,0.00000000000
7/3/06,"1,608.13000000000",0.00000000000,0.00000000000,0.00000000000
6/30/06,"1,596.95000000000",0.00000000000,0.00000000000,0.00000000000
6/29/06,"1,607.42000000000",0.00000000000,0.00000000000,0.00000000000
6/28/06,"1,559.46000000000",0.00000000000,0.00000000000,0.00000000000
6/27/06,"1,548.06000000000",0.00000000000,0.00000000000,0.00000000000
6/26/06,"1,577.63000000000",0.00000000000,0.00000000000,0.00000000000
6/23/06,"1,572.44000000000",0.00000000000,0.00000000000,0.00000000000
6/22/06,"1,575.93000000000",0.00000000000,0.00000000000,0.00000000000
6/21/06,"1,595.25000000000",0.00000000000,0.00000000000,0.00000000000
6/20/06,"1,569.67000000000",0.00000000000,0.00000000000,0.00000000000
6/19/06,"1,570.30000000000",0.00000000000,0.00000000000,0.00000000000
6/16/06,"1,584.39000000000",0.00000000000,0.00000000000,0.00000000000
6/15/06,"1,594.77000000000",0.00000000000,0.00000000000,0.00000000000
6/14/06,"1,551.36000000000",0.00000000000,0.00000000000,0.00000000000
6/13/06,"1,537.71000000000",0.00000000000,0.00000000000,0.00000000000
6/12/06,"1,541.20000000000",0.00000000000,0.00000000000,0.00000000000
6/9/06,"1,572.28000000000",0.00000000000,0.00000000000,0.00000000000
6/8/06,"1,583.01000000000",0.00000000000,0.00000000000,0.00000000000
6/7/06,"1,586.72000000000",0.00000000000,0.00000000000,0.00000000000
6/6/06,"1,596.98000000000",0.00000000000,0.00000000000,0.00000000000
6/5/06,"1,599.12000000000",0.00000000000,0.00000000000,0.00000000000
6/2/06,"1,635.01000000000",0.00000000000,0.00000000000,0.00000000000
6/1/06,"1,638.73000000000",0.00000000000,0.00000000000,0.00000000000
5/31/06,"1,601.24000000000",0.00000000000,0.00000000000,0.00000000000
5/30/06,"1,592.83000000000",0.00000000000,0.00000000000,0.00000000000
5/26/06,"1,628.35000000000",0.00000000000,0.00000000000,0.00000000000
5/25/06,"1,621.57000000000",0.00000000000,0.00000000000,0.00000000000
5/24/06,"1,601.80000000000",0.00000000000,0.00000000000,0.00000000000
5/23/06,"1,590.17000000000",0.00000000000,0.00000000000,0.00000000000
5/22/06,"1,605.94000000000",0.00000000000,0.00000000000,0.00000000000
5/19/06,"1,622.45000000000",0.00000000000,0.00000000000,0.00000000000
5/18/06,"1,608.51000000000",0.00000000000,0.00000000000,0.00000000000
5/17/06,"1,620.48000000000",0.00000000000,0.00000000000,0.00000000000
5/16/06,"1,645.58000000000",0.00000000000,0.00000000000,0.00000000000
5/15/06,"1,656.71000000000",0.00000000000,0.00000000000,0.00000000000
5/12/06,"1,657.37000000000",0.00000000000,0.00000000000,0.00000000000
5/11/06,"1,679.27000000000",0.00000000000,0.00000000000,0.00000000000
5/10/06,"1,717.01000000000",0.00000000000,0.00000000000,0.00000000000
5/9/06,"1,733.57000000000",0.00000000000,0.00000000000,0.00000000000
5/8/06,"1,737.68000000000",0.00000000000,0.00000000000,0.00000000000
5/5/06,"1,736.18000000000",0.00000000000,0.00000000000,0.00000000000
5/4/06,"1,723.17000000000",0.00000000000,0.00000000000,0.00000000000
5/3/06,"1,708.24000000000",0.00000000000,0.00000000000,0.00000000000
5/2/06,"1,711.67000000000",0.00000000000,0.00000000000,0.00000000000
5/1/06,"1,708.31000000000",0.00000000000,0.00000000000,0.00000000000
4/28/06,"1,722.59000000000",0.00000000000,0.00000000000,0.00000000000
4/27/06,"1,739.23000000000",0.00000000000,0.00000000000,0.00000000000
4/26/06,"1,724.03000000000",0.00000000000,0.00000000000,0.00000000000
4/25/06,"1,723.22000000000",0.00000000000,0.00000000000,0.00000000000
4/24/06,"1,728.25000000000",0.00000000000,0.00000000000,0.00000000000
4/21/06,"1,730.86000000000",0.00000000000,0.00000000000,0.00000000000
4/20/06,"1,750.99000000000",0.00000000000,0.00000000000,0.00000000000
4/19/06,"1,756.20000000000",0.00000000000,0.00000000000,0.00000000000
4/18/06,"1,748.70000000000",0.00000000000,0.00000000000,0.00000000000
4/17/06,"1,715.97000000000",0.00000000000,0.00000000000,0.00000000000
4/13/06,"1,733.95000000000",0.00000000000,0.00000000000,0.00000000000
4/12/06,"1,726.54000000000",0.00000000000,0.00000000000,0.00000000000
4/11/06,"1,726.19000000000",0.00000000000,0.00000000000,0.00000000000
4/10/06,"1,740.75000000000",0.00000000000,0.00000000000,0.00000000000
4/7/06,"1,744.97000000000",0.00000000000,0.00000000000,0.00000000000
4/6/06,"1,761.34000000000",0.00000000000,0.00000000000,0.00000000000
4/5/06,"1,754.80000000000",0.00000000000,0.00000000000,0.00000000000
4/4/06,"1,738.41000000000",0.00000000000,0.00000000000,0.00000000000
4/3/06,"1,728.50000000000",0.00000000000,0.00000000000,0.00000000000
3/31/06,"1,725.36000000000",0.00000000000,0.00000000000,0.00000000000
3/30/06,"1,730.44000000000",0.00000000000,0.00000000000,0.00000000000
3/29/06,"1,725.54000000000",0.00000000000,0.00000000000,0.00000000000
3/28/06,"1,694.21000000000",0.00000000000,0.00000000000,0.00000000000
3/27/06,"1,701.91000000000",0.00000000000,0.00000000000,0.00000000000
3/24/06,"1,701.08000000000",0.00000000000,0.00000000000,0.00000000000
3/23/06,"1,691.88000000000",0.00000000000,0.00000000000,0.00000000000
3/22/06,"1,697.53000000000",0.00000000000,0.00000000000,0.00000000000
3/21/06,"1,693.64000000000",0.00000000000,0.00000000000,0.00000000000
3/20/06,"1,710.35000000000",0.00000000000,0.00000000000,0.00000000000
3/17/06,"1,706.99000000000",0.00000000000,0.00000000000,0.00000000000
3/16/06,"1,700.29000000000",0.00000000000,0.00000000000,0.00000000000
3/15/06,"1,715.90000000000",0.00000000000,0.00000000000,0.00000000000
3/14/06,"1,702.42000000000",0.00000000000,0.00000000000,0.00000000000
3/13/06,"1,674.72000000000",0.00000000000,0.00000000000,0.00000000000
3/10/06,"1,669.08000000000",0.00000000000,0.00000000000,0.00000000000
3/9/06,"1,665.90000000000",0.00000000000,0.00000000000,0.00000000000
3/8/06,"1,681.35000000000",0.00000000000,0.00000000000,0.00000000000
3/7/06,"1,682.01000000000",0.00000000000,0.00000000000,0.00000000000
3/6/06,"1,691.02000000000",0.00000000000,0.00000000000,0.00000000000
3/3/06,"1,705.54000000000",0.00000000000,0.00000000000,0.00000000000
3/2/06,"1,715.13000000000",0.00000000000,0.00000000000,0.00000000000
3/1/06,"1,715.94000000000",0.00000000000,0.00000000000,0.00000000000
2/28/06,"1,691.63000000000",0.00000000000,0.00000000000,0.00000000000
2/27/06,"1,717.03000000000",0.00000000000,0.00000000000,0.00000000000
2/24/06,"1,697.61000000000",0.00000000000,0.00000000000,0.00000000000
2/23/06,"1,693.35000000000",0.00000000000,0.00000000000,0.00000000000
2/22/06,"1,698.65000000000",0.00000000000,0.00000000000,0.00000000000
2/21/06,"1,676.31000000000",0.00000000000,0.00000000000,0.00000000000
2/17/06,"1,696.09000000000",0.00000000000,0.00000000000,0.00000000000
2/16/06,"1,709.65000000000",0.00000000000,0.00000000000,0.00000000000
2/15/06,"1,694.00000000000",0.00000000000,0.00000000000,0.00000000000
2/14/06,"1,682.16000000000",0.00000000000,0.00000000000,0.00000000000
2/13/06,"1,665.81000000000",0.00000000000,0.00000000000,0.00000000000
2/10/06,"1,683.91000000000",0.00000000000,0.00000000000,0.00000000000
2/9/06,"1,674.13000000000",0.00000000000,0.00000000000,0.00000000000
2/8/06,"1,690.65000000000",0.00000000000,0.00000000000,0.00000000000
2/7/06,"1,671.79000000000",0.00000000000,0.00000000000,0.00000000000
2/6/06,"1,677.53000000000",0.00000000000,0.00000000000,0.00000000000
2/3/06,"1,684.56000000000",0.00000000000,0.00000000000,0.00000000000
2/2/06,"1,705.72000000000",0.00000000000,0.00000000000,0.00000000000
2/1/06,"1,733.29000000000",0.00000000000,0.00000000000,0.00000000000
1/31/06,"1,731.00000000000",0.00000000000,0.00000000000,0.00000000000
1/30/06,"1,733.69000000000",0.00000000000,0.00000000000,0.00000000000
1/27/06,"1,731.25000000000",0.00000000000,0.00000000000,0.00000000000
1/26/06,"1,710.40000000000",0.00000000000,0.00000000000,0.00000000000
1/25/06,"1,696.75000000000",0.00000000000,0.00000000000,0.00000000000
1/24/06,"1,706.00000000000",0.00000000000,0.00000000000,0.00000000000
1/23/06,"1,695.96000000000",0.00000000000,0.00000000000,0.00000000000
1/20/06,"1,696.04000000000",0.00000000000,0.00000000000,0.00000000000
1/19/06,"1,750.20000000000",0.00000000000,0.00000000000,0.00000000000
1/18/06,"1,736.75000000000",0.00000000000,0.00000000000,0.00000000000
1/17/06,"1,756.75000000000",0.00000000000,0.00000000000,0.00000000000
1/13/06,"1,767.26000000000",0.00000000000,0.00000000000,0.00000000000
1/12/06,"1,767.84000000000",0.00000000000,0.00000000000,0.00000000000
1/11/06,"1,778.86000000000",0.00000000000,0.00000000000,0.00000000000
1/10/06,"1,764.45000000000",0.00000000000,0.00000000000,0.00000000000
1/9/06,"1,762.31000000000",0.00000000000,0.00000000000,0.00000000000
1/6/06,"1,755.31000000000",0.00000000000,0.00000000000,0.00000000000
1/5/06,"1,725.26000000000",0.00000000000,0.00000000000,0.00000000000
1/4/06,"1,715.69000000000",0.00000000000,0.00000000000,0.00000000000
1/3/06,"1,699.61000000000",0.00000000000,0.00000000000,0.00000000000
12/30/05,"1,664.48000000000",0.00000000000,0.00000000000,0.00000000000
12/29/05,"1,674.75000000000",0.00000000000,0.00000000000,0.00000000000
12/28/05,"1,686.63000000000",0.00000000000,0.00000000000,0.00000000000
12/27/05,"1,687.91000000000",0.00000000000,0.00000000000,0.00000000000
12/23/05,"1,702.63000000000",0.00000000000,0.00000000000,0.00000000000
12/22/05,"1,703.07000000000",0.00000000000,0.00000000000,0.00000000000
12/21/05,"1,690.17000000000",0.00000000000,0.00000000000,0.00000000000
12/20/05,"1,684.57000000000",0.00000000000,0.00000000000,0.00000000000
12/19/05,"1,683.85000000000",0.00000000000,0.00000000000,0.00000000000
12/16/05,"1,708.45000000000",0.00000000000,0.00000000000,0.00000000000
12/15/05,"1,721.62000000000",0.00000000000,0.00000000000,0.00000000000
12/14/05,"1,718.40000000000",0.00000000000,0.00000000000,0.00000000000
12/13/05,"1,725.26000000000",0.00000000000,0.00000000000,0.00000000000
12/12/05,"1,717.76000000000",0.00000000000,0.00000000000,0.00000000000
12/9/05,"1,711.96000000000",0.00000000000,0.00000000000,0.00000000000
12/8/05,"1,704.85000000000",0.00000000000,0.00000000000,0.00000000000
12/7/05,"1,716.43000000000",0.00000000000,0.00000000000,0.00000000000
12/6/05,"1,720.76000000000",0.00000000000,0.00000000000,0.00000000000
12/5/05,"1,714.10000000000",0.00000000000,0.00000000000,0.00000000000
12/2/05,"1,728.37000000000",0.00000000000,0.00000000000,0.00000000000
12/1/05,"1,723.49000000000",0.00000000000,0.00000000000,0.00000000000
11/30/05,"1,691.42000000000",0.00000000000,0.00000000000,0.00000000000
11/29/05,"1,695.74000000000",0.00000000000,0.00000000000,0.00000000000
11/28/05,"1,703.28000000000",0.00000000000,0.00000000000,0.00000000000
11/25/05,"1,720.13000000000",0.00000000000,0.00000000000,0.00000000000
11/23/05,"1,715.80000000000",0.00000000000,0.00000000000,0.00000000000
11/22/05,"1,713.14000000000",0.00000000000,0.00000000000,0.00000000000
11/21/05,"1,705.14000000000",0.00000000000,0.00000000000,0.00000000000
11/18/05,"1,698.69000000000",0.00000000000,0.00000000000,0.00000000000
11/17/05,"1,695.19000000000",0.00000000000,0.00000000000,0.00000000000
11/16/05,"1,669.94000000000",0.00000000000,0.00000000000,0.00000000000
11/15/05,"1,662.69000000000",0.00000000000,0.00000000000,0.00000000000
11/14/05,"1,669.86000000000",0.00000000000,0.00000000000,0.00000000000
11/11/05,"1,671.34000000000",0.00000000000,0.00000000000,0.00000000000
11/10/05,"1,668.88000000000",0.00000000000,0.00000000000,0.00000000000
11/9/05,"1,647.87000000000",0.00000000000,0.00000000000,0.00000000000
11/8/05,"1,645.96000000000",0.00000000000,0.00000000000,0.00000000000
11/7/05,"1,646.84000000000",0.00000000000,0.00000000000,0.00000000000
11/4/05,"1,645.59000000000",0.00000000000,0.00000000000,0.00000000000
11/3/05,"1,637.13000000000",0.00000000000,0.00000000000,0.00000000000
11/2/05,"1,614.31000000000",0.00000000000,0.00000000000,0.00000000000
11/1/05,"1,593.31000000000",0.00000000000,0.00000000000,0.00000000000
10/31/05,"1,595.96000000000",0.00000000000,0.00000000000,0.00000000000
10/28/05,"1,573.66000000000",0.00000000000,0.00000000000,0.00000000000
10/27/05,"1,559.71000000000",0.00000000000,0.00000000000,0.00000000000
10/26/05,"1,591.81000000000",0.00000000000,0.00000000000,0.00000000000
10/25/05,"1,602.54000000000",0.00000000000,0.00000000000,0.00000000000
10/24/05,"1,607.43000000000",0.00000000000,0.00000000000,0.00000000000
10/21/05,"1,581.62000000000",0.00000000000,0.00000000000,0.00000000000
10/20/05,"1,571.99000000000",0.00000000000,0.00000000000,0.00000000000
10/19/05,"1,586.17000000000",0.00000000000,0.00000000000,0.00000000000
10/18/05,"1,554.66000000000",0.00000000000,0.00000000000,0.00000000000
10/17/05,"1,566.23000000000",0.00000000000,0.00000000000,0.00000000000
10/14/05,"1,560.58000000000",0.00000000000,0.00000000000,0.00000000000
10/13/05,"1,549.98000000000",0.00000000000,0.00000000000,0.00000000000
10/12/05,"1,537.24000000000",0.00000000000,0.00000000000,0.00000000000
10/11/05,"1,555.52000000000",0.00000000000,0.00000000000,0.00000000000
10/10/05,"1,563.28000000000",0.00000000000,0.00000000000,0.00000000000
10/7/05,"1,572.31000000000",0.00000000000,0.00000000000,0.00000000000
10/6/05,"1,569.30000000000",0.00000000000,0.00000000000,0.00000000000
10/5/05,"1,588.07000000000",0.00000000000,0.00000000000,0.00000000000
10/4/05,"1,612.35000000000",0.00000000000,0.00000000000,0.00000000000
10/3/05,"1,622.50000000000",0.00000000000,0.00000000000,0.00000000000
9/30/05,"1,618.53000000000",0.00000000000,0.00000000000,0.00000000000
9/29/05,"1,606.68000000000",0.00000000000,0.00000000000,0.00000000000
9/28/05,"1,585.33000000000",0.00000000000,0.00000000000,0.00000000000
9/27/05,"1,585.36000000000",0.00000000000,0.00000000000,0.00000000000
9/26/05,"1,589.42000000000",0.00000000000,0.00000000000,0.00000000000
9/23/05,"1,588.30000000000",0.00000000000,0.00000000000,0.00000000000
9/22/05,"1,583.86000000000",0.00000000000,0.00000000000,0.00000000000
9/21/05,"1,578.28000000000",0.00000000000,0.00000000000,0.00000000000
9/20/05,"1,594.81000000000",0.00000000000,0.00000000000,0.00000000000
9/19/05,"1,602.74000000000",0.00000000000,0.00000000000,0.00000000000
9/16/05,"1,616.27000000000",0.00000000000,0.00000000000,0.00000000000
9/15/05,"1,605.27000000000",0.00000000000,0.00000000000,0.00000000000
9/14/05,"1,606.36000000000",0.00000000000,0.00000000000,0.00000000000
9/13/05,"1,624.29000000000",0.00000000000,0.00000000000,0.00000000000
9/12/05,"1,629.17000000000",0.00000000000,0.00000000000,0.00000000000
9/9/05,"1,624.75000000000",0.00000000000,0.00000000000,0.00000000000
9/8/05,"1,614.49000000000",0.00000000000,0.00000000000,0.00000000000
9/7/05,"1,616.70000000000",0.00000000000,0.00000000000,0.00000000000
9/6/05,"1,614.07000000000",0.00000000000,0.00000000000,0.00000000000
9/2/05,"1,589.66000000000",0.00000000000,0.00000000000,0.00000000000
9/1/05,"1,593.83000000000",0.00000000000,0.00000000000,0.00000000000
8/31/05,"1,598.34000000000",0.00000000000,0.00000000000,0.00000000000
8/30/05,"1,582.19000000000",0.00000000000,0.00000000000,0.00000000000
8/29/05,"1,588.02000000000",0.00000000000,0.00000000000,0.00000000000
8/26/05,"1,575.20000000000",0.00000000000,0.00000000000,0.00000000000
8/25/05,"1,582.32000000000",0.00000000000,0.00000000000,0.00000000000
8/24/05,"1,578.11000000000",0.00000000000,0.00000000000,0.00000000000
8/23/05,"1,587.57000000000",0.00000000000,0.00000000000,0.00000000000
8/22/05,"1,591.91000000000",0.00000000000,0.00000000000,0.00000000000
8/19/05,"1,590.02000000000",0.00000000000,0.00000000000,0.00000000000
8/18/05,"1,592.06000000000",0.00000000000,0.00000000000,0.00000000000
8/17/05,"1,598.63000000000",0.00000000000,0.00000000000,0.00000000000
8/16/05,"1,590.26000000000",0.00000000000,0.00000000000,0.00000000000
8/15/05,"1,617.18000000000",0.00000000000,0.00000000000,0.00000000000
8/12/05,"1,607.69000000000",0.00000000000,0.00000000000,0.00000000000
8/11/05,"1,616.69000000000",0.00000000000,0.00000000000,0.00000000000
8/10/05,"1,601.48000000000",0.00000000000,0.00000000000,0.00000000000
8/9/05,"1,617.04000000000",0.00000000000,0.00000000000,0.00000000000
8/8/05,"1,605.74000000000",0.00000000000,0.00000000000,0.00000000000
8/5/05,"1,617.48000000000",0.00000000000,0.00000000000,0.00000000000
8/4/05,"1,624.71000000000",0.00000000000,0.00000000000,0.00000000000
8/3/05,"1,643.34000000000",0.00000000000,0.00000000000,0.00000000000
8/2/05,"1,642.86000000000",0.00000000000,0.00000000000,0.00000000000
8/1/05,"1,625.80000000000",0.00000000000,0.00000000000,0.00000000000
7/29/05,"1,620.78000000000",0.00000000000,0.00000000000,0.00000000000
7/28/05,"1,634.41000000000",0.00000000000,0.00000000000,0.00000000000
7/27/05,"1,627.60000000000",0.00000000000,0.00000000000,0.00000000000
7/26/05,"1,614.45000000000",0.00000000000,0.00000000000,0.00000000000
7/25/05,"1,609.03000000000",0.00000000000,0.00000000000,0.00000000000
7/22/05,"1,616.30000000000",0.00000000000,0.00000000000,0.00000000000
7/21/05,"1,617.44000000000",0.00000000000,0.00000000000,0.00000000000
7/20/05,"1,618.31000000000",0.00000000000,0.00000000000,0.00000000000
7/19/05,"1,605.93000000000",0.00000000000,0.00000000000,0.00000000000
7/18/05,"1,585.33000000000",0.00000000000,0.00000000000,0.00000000000
7/15/05,"1,593.14000000000",0.00000000000,0.00000000000,0.00000000000
7/14/05,"1,588.71000000000",0.00000000000,0.00000000000,0.00000000000
7/13/05,"1,572.74000000000",0.00000000000,0.00000000000,0.00000000000
7/12/05,"1,570.57000000000",0.00000000000,0.00000000000,0.00000000000
7/11/05,"1,562.56000000000",0.00000000000,0.00000000000,0.00000000000
7/8/05,"1,548.03000000000",0.00000000000,0.00000000000,0.00000000000
7/7/05,"1,518.26000000000",0.00000000000,0.00000000000,0.00000000000
7/6/05,"1,512.47000000000",0.00000000000,0.00000000000,0.00000000000
7/5/05,"1,520.86000000000",0.00000000000,0.00000000000,0.00000000000
7/1/05,"1,504.89000000000",0.00000000000,0.00000000000,0.00000000000
6/30/05,"1,507.90000000000",0.00000000000,0.00000000000,0.00000000000
6/29/05,"1,518.59000000000",0.00000000000,0.00000000000,0.00000000000
6/28/05,"1,523.14000000000",0.00000000000,0.00000000000,0.00000000000
6/27/05,"1,508.11000000000",0.00000000000,0.00000000000,0.00000000000
6/24/05,"1,514.60000000000",0.00000000000,0.00000000000,0.00000000000
6/23/05,"1,530.52000000000",0.00000000000,0.00000000000,0.00000000000
6/22/05,"1,549.11000000000",0.00000000000,0.00000000000,0.00000000000
6/21/05,"1,551.25000000000",0.00000000000,0.00000000000,0.00000000000
6/20/05,"1,552.09000000000",0.00000000000,0.00000000000,0.00000000000
6/17/05,"1,552.91000000000",0.00000000000,0.00000000000,0.00000000000
6/16/05,"1,552.19000000000",0.00000000000,0.00000000000,0.00000000000
6/15/05,"1,544.19000000000",0.00000000000,0.00000000000,0.00000000000
6/14/05,"1,539.07000000000",0.00000000000,0.00000000000,0.00000000000
6/13/05,"1,543.78000000000",0.00000000000,0.00000000000,0.00000000000
6/10/05,"1,535.59000000000",0.00000000000,0.00000000000,0.00000000000
6/9/05,"1,554.21000000000",0.00000000000,0.00000000000,0.00000000000
6/8/05,"1,542.31000000000",0.00000000000,0.00000000000,0.00000000000
6/7/05,"1,545.77000000000",0.00000000000,0.00000000000,0.00000000000
6/6/05,"1,560.05000000000",0.00000000000,0.00000000000,0.00000000000
6/3/05,"1,559.25000000000",0.00000000000,0.00000000000,0.00000000000
6/2/05,"1,583.97000000000",0.00000000000,0.00000000000,0.00000000000
6/1/05,"1,574.41000000000",0.00000000000,0.00000000000,0.00000000000
5/31/05,"1,557.39000000000",0.00000000000,0.00000000000,0.00000000000
5/27/05,"1,564.63000000000",0.00000000000,0.00000000000,0.00000000000
5/26/05,"1,563.58000000000",0.00000000000,0.00000000000,0.00000000000
5/25/05,"1,547.34000000000",0.00000000000,0.00000000000,0.00000000000
5/24/05,"1,554.95000000000",0.00000000000,0.00000000000,0.00000000000
5/23/05,"1,549.66000000000",0.00000000000,0.00000000000,0.00000000000
5/20/05,"1,542.43000000000",0.00000000000,0.00000000000,0.00000000000
5/19/05,"1,535.73000000000",0.00000000000,0.00000000000,0.00000000000
5/18/05,"1,523.42000000000",0.00000000000,0.00000000000,0.00000000000
5/17/05,"1,504.13000000000",0.00000000000,0.00000000000,0.00000000000
5/16/05,"1,494.53000000000",0.00000000000,0.00000000000,0.00000000000
5/13/05,"1,484.00000000000",0.00000000000,0.00000000000,0.00000000000
5/12/05,"1,468.01000000000",0.00000000000,0.00000000000,0.00000000000
5/11/05,"1,472.75000000000",0.00000000000,0.00000000000,0.00000000000
5/10/05,"1,463.46000000000",0.00000000000,0.00000000000,0.00000000000
5/9/05,"1,476.60000000000",0.00000000000,0.00000000000,0.00000000000
5/6/05,"1,469.12000000000",0.00000000000,0.00000000000,0.00000000000
5/5/05,"1,463.22000000000",0.00000000000,0.00000000000,0.00000000000
5/4/05,"1,465.25000000000",0.00000000000,0.00000000000,0.00000000000
5/3/05,"1,440.20000000000",0.00000000000,0.00000000000,0.00000000000
5/2/05,"1,436.26000000000",0.00000000000,0.00000000000,0.00000000000
4/29/05,"1,433.32000000000",0.00000000000,0.00000000000,0.00000000000
4/28/05,"1,421.71000000000",0.00000000000,0.00000000000,0.00000000000
4/27/05,"1,436.22000000000",0.00000000000,0.00000000000,0.00000000000
4/26/05,"1,432.82000000000",0.00000000000,0.00000000000,0.00000000000
4/25/05,"1,449.83000000000",0.00000000000,0.00000000000,0.00000000000
4/22/05,"1,433.60000000000",0.00000000000,0.00000000000,0.00000000000
4/21/05,"1,459.98000000000",0.00000000000,0.00000000000,0.00000000000
4/20/05,"1,419.11000000000",0.00000000000,0.00000000000,0.00000000000
4/19/05,"1,433.18000000000",0.00000000000,0.00000000000,0.00000000000
4/18/05,"1,422.27000000000",0.00000000000,0.00000000000,0.00000000000
4/15/05,"1,420.86000000000",0.00000000000,0.00000000000,0.00000000000
4/14/05,"1,453.69000000000",0.00000000000,0.00000000000,0.00000000000
4/13/05,"1,474.42000000000",0.00000000000,0.00000000000,0.00000000000
4/12/05,"1,502.12000000000",0.00000000000,0.00000000000,0.00000000000
4/11/05,"1,491.42000000000",0.00000000000,0.00000000000,0.00000000000
4/8/05,"1,498.53000000000",0.00000000000,0.00000000000,0.00000000000
4/7/05,"1,512.76000000000",0.00000000000,0.00000000000,0.00000000000
4/6/05,"1,493.50000000000",0.00000000000,0.00000000000,0.00000000000
4/5/05,"1,496.61000000000",0.00000000000,0.00000000000,0.00000000000
4/4/05,"1,489.52000000000",0.00000000000,0.00000000000,0.00000000000
4/1/05,"1,482.09000000000",0.00000000000,0.00000000000,0.00000000000
3/31/05,"1,495.38000000000",0.00000000000,0.00000000000,0.00000000000
3/30/05,"1,504.67000000000",0.00000000000,0.00000000000,0.00000000000
3/29/05,"1,477.03000000000",0.00000000000,0.00000000000,0.00000000000
3/28/05,"1,485.47000000000",0.00000000000,0.00000000000,0.00000000000
3/24/05,"1,482.68000000000",0.00000000000,0.00000000000,0.00000000000
3/23/05,"1,484.52000000000",0.00000000000,0.00000000000,0.00000000000
3/22/05,"1,477.68000000000",0.00000000000,0.00000000000,0.00000000000
3/21/05,"1,497.19000000000",0.00000000000,0.00000000000,0.00000000000
3/18/05,"1,497.14000000000",0.00000000000,0.00000000000,0.00000000000
3/17/05,"1,500.41000000000",0.00000000000,0.00000000000,0.00000000000
3/16/05,"1,498.99000000000",0.00000000000,0.00000000000,0.00000000000
3/15/05,"1,514.96000000000",0.00000000000,0.00000000000,0.00000000000
3/14/05,"1,528.10000000000",0.00000000000,0.00000000000,0.00000000000
3/11/05,"1,518.57000000000",0.00000000000,0.00000000000,0.00000000000
3/10/05,"1,537.47000000000",0.00000000000,0.00000000000,0.00000000000
3/9/05,"1,535.05000000000",0.00000000000,0.00000000000,0.00000000000
3/8/05,"1,541.76000000000",0.00000000000,0.00000000000,0.00000000000
3/7/05,"1,558.46000000000",0.00000000000,0.00000000000,0.00000000000
3/4/05,"1,533.62000000000",0.00000000000,0.00000000000,0.00000000000
3/3/05,"1,524.85000000000",0.00000000000,0.00000000000,0.00000000000
3/2/05,"1,538.36000000000",0.00000000000,0.00000000000,0.00000000000
3/1/05,"1,540.35000000000",0.00000000000,0.00000000000,0.00000000000
2/28/05,"1,523.98000000000",0.00000000000,0.00000000000,0.00000000000
2/25/05,"1,539.99000000000",0.00000000000,0.00000000000,0.00000000000
2/24/05,"1,530.54000000000",0.00000000000,0.00000000000,0.00000000000
2/23/05,"1,509.73000000000",0.00000000000,0.00000000000,0.00000000000
2/22/05,"1,506.51000000000",0.00000000000,0.00000000000,0.00000000000
2/18/05,"1,528.02000000000",0.00000000000,0.00000000000,0.00000000000
2/17/05,"1,531.94000000000",0.00000000000,0.00000000000,0.00000000000
2/16/05,"1,555.21000000000",0.00000000000,0.00000000000,0.00000000000
2/15/05,"1,560.07000000000",0.00000000000,0.00000000000,0.00000000000
2/14/05,"1,550.54000000000",0.00000000000,0.00000000000,0.00000000000
2/11/05,"1,542.76000000000",0.00000000000,0.00000000000,0.00000000000
2/10/05,"1,518.88000000000",0.00000000000,0.00000000000,0.00000000000
2/9/05,"1,518.80000000000",0.00000000000,0.00000000000,0.00000000000
2/8/05,"1,544.88000000000",0.00000000000,0.00000000000,0.00000000000
2/7/05,"1,541.20000000000",0.00000000000,0.00000000000,0.00000000000
2/4/05,"1,546.69000000000",0.00000000000,0.00000000000,0.00000000000
2/3/05,"1,520.12000000000",0.00000000000,0.00000000000,0.00000000000
2/2/05,"1,536.89000000000",0.00000000000,0.00000000000,0.00000000000
2/1/05,"1,535.45000000000",0.00000000000,0.00000000000,0.00000000000
1/31/05,"1,531.39000000000",0.00000000000,0.00000000000,0.00000000000
1/28/05,"1,511.06000000000",0.00000000000,0.00000000000,0.00000000000
1/27/05,"1,519.16000000000",0.00000000000,0.00000000000,0.00000000000
1/26/05,"1,520.63000000000",0.00000000000,0.00000000000,0.00000000000
1/25/05,"1,501.99000000000",0.00000000000,0.00000000000,0.00000000000
1/24/05,"1,492.01000000000",0.00000000000,0.00000000000,0.00000000000
1/21/05,"1,515.16000000000",0.00000000000,0.00000000000,0.00000000000
1/20/05,"1,526.16000000000",0.00000000000,0.00000000000,0.00000000000
1/19/05,"1,557.49000000000",0.00000000000,0.00000000000,0.00000000000
1/18/05,"1,585.55000000000",0.00000000000,0.00000000000,0.00000000000
1/14/05,"1,573.07000000000",0.00000000000,0.00000000000,0.00000000000
1/13/05,"1,557.02000000000",0.00000000000,0.00000000000,0.00000000000
1/12/05,"1,577.78000000000",0.00000000000,0.00000000000,0.00000000000
1/11/05,"1,565.31000000000",0.00000000000,0.00000000000,0.00000000000
1/10/05,"1,576.91000000000",0.00000000000,0.00000000000,0.00000000000
1/7/05,"1,576.80000000000",0.00000000000,0.00000000000,0.00000000000
1/6/05,"1,569.45000000000",0.00000000000,0.00000000000,0.00000000000
1/5/05,"1,575.74000000000",0.00000000000,0.00000000000,0.00000000000
1/4/05,"1,583.86000000000",0.00000000000,0.00000000000,0.00000000000
1/3/05,"1,615.78000000000",0.00000000000,0.00000000000,0.00000000000
12/31/04,"1,633.53000000000",0.00000000000,0.00000000000,0.00000000000
12/30/04,"1,636.18000000000",0.00000000000,0.00000000000,0.00000000000
12/29/04,"1,637.39000000000",0.00000000000,0.00000000000,0.00000000000
12/28/04,"1,636.62000000000",0.00000000000,0.00000000000,0.00000000000
12/27/04,"1,619.88000000000",0.00000000000,0.00000000000,0.00000000000
12/23/04,"1,626.11000000000",0.00000000000,0.00000000000,0.00000000000
12/22/04,"1,625.90000000000",0.00000000000,0.00000000000,0.00000000000
12/21/04,"1,621.55000000000",0.00000000000,0.00000000000,0.00000000000
12/20/04,"1,604.13000000000",0.00000000000,0.00000000000,0.00000000000
12/17/04,"1,608.81000000000",0.00000000000,0.00000000000,0.00000000000
12/16/04,"1,619.91000000000",0.00000000000,0.00000000000,0.00000000000
12/15/04,"1,635.55000000000",0.00000000000,0.00000000000,0.00000000000
12/14/04,"1,639.41000000000",0.00000000000,0.00000000000,0.00000000000
12/13/04,"1,633.06000000000",0.00000000000,0.00000000000,0.00000000000
12/10/04,"1,616.94000000000",0.00000000000,0.00000000000,0.00000000000
12/9/04,"1,621.60000000000",0.00000000000,0.00000000000,0.00000000000
12/8/04,"1,613.67000000000",0.00000000000,0.00000000000,0.00000000000
12/7/04,"1,600.99000000000",0.00000000000,0.00000000000,0.00000000000
12/6/04,"1,631.47000000000",0.00000000000,0.00000000000,0.00000000000
12/3/04,"1,626.07000000000",0.00000000000,0.00000000000,0.00000000000
12/2/04,"1,624.81000000000",0.00000000000,0.00000000000,0.00000000000
12/1/04,"1,618.77000000000",0.00000000000,0.00000000000,0.00000000000
11/30/04,"1,582.85000000000",0.00000000000,0.00000000000,0.00000000000
11/29/04,"1,591.85000000000",0.00000000000,0.00000000000,0.00000000000
11/26/04,"1,589.56000000000",0.00000000000,0.00000000000,0.00000000000
11/24/04,"1,593.88000000000",0.00000000000,0.00000000000,0.00000000000
11/23/04,"1,573.79000000000",0.00000000000,0.00000000000,0.00000000000
11/22/04,"1,579.51000000000",0.00000000000,0.00000000000,0.00000000000
11/19/04,"1,563.20000000000",0.00000000000,0.00000000000,0.00000000000
11/18/04,"1,592.10000000000",0.00000000000,0.00000000000,0.00000000000
11/17/04,"1,582.35000000000",0.00000000000,0.00000000000,0.00000000000
11/16/04,"1,559.59000000000",0.00000000000,0.00000000000,0.00000000000
11/15/04,"1,572.07000000000",0.00000000000,0.00000000000,0.00000000000
11/12/04,"1,569.09000000000",0.00000000000,0.00000000000,0.00000000000
11/11/04,"1,552.27000000000",0.00000000000,0.00000000000,0.00000000000
11/10/04,"1,527.46000000000",0.00000000000,0.00000000000,0.00000000000
11/9/04,"1,537.40000000000",0.00000000000,0.00000000000,0.00000000000
11/8/04,"1,537.51000000000",0.00000000000,0.00000000000,0.00000000000
11/5/04,"1,535.60000000000",0.00000000000,0.00000000000,0.00000000000
11/4/04,"1,526.50000000000",0.00000000000,0.00000000000,0.00000000000
11/3/04,"1,514.10000000000",0.00000000000,0.00000000000,0.00000000000
11/2/04,"1,504.84000000000",0.00000000000,0.00000000000,0.00000000000
11/1/04,"1,498.76000000000",0.00000000000,0.00000000000,0.00000000000
10/29/04,"1,496.68000000000",0.00000000000,0.00000000000,0.00000000000
10/28/04,"1,497.08000000000",0.00000000000,0.00000000000,0.00000000000
10/27/04,"1,489.89000000000",0.00000000000,0.00000000000,0.00000000000
10/26/04,"1,451.73000000000",0.00000000000,0.00000000000,0.00000000000
10/25/04,"1,442.10000000000",0.00000000000,0.00000000000,0.00000000000
10/22/04,"1,447.82000000000",0.00000000000,0.00000000000,0.00000000000
10/21/04,"1,484.60000000000",0.00000000000,0.00000000000,0.00000000000
10/20/04,"1,461.93000000000",0.00000000000,0.00000000000,0.00000000000
10/19/04,"1,453.37000000000",0.00000000000,0.00000000000,0.00000000000
10/18/04,"1,466.97000000000",0.00000000000,0.00000000000,0.00000000000
10/15/04,"1,440.46000000000",0.00000000000,0.00000000000,0.00000000000
10/14/04,"1,434.66000000000",0.00000000000,0.00000000000,0.00000000000
10/13/04,"1,443.97000000000",0.00000000000,0.00000000000,0.00000000000
10/12/04,"1,444.51000000000",0.00000000000,0.00000000000,0.00000000000
10/11/04,"1,447.25000000000",0.00000000000,0.00000000000,0.00000000000
10/8/04,"1,440.44000000000",0.00000000000,0.00000000000,0.00000000000
10/7/04,"1,465.42000000000",0.00000000000,0.00000000000,0.00000000000
10/6/04,"1,484.13000000000",0.00000000000,0.00000000000,0.00000000000
10/5/04,"1,471.43000000000",0.00000000000,0.00000000000,0.00000000000
10/4/04,"1,468.65000000000",0.00000000000,0.00000000000,0.00000000000
10/1/04,"1,462.54000000000",0.00000000000,0.00000000000,0.00000000000
9/30/04,"1,422.07000000000",0.00000000000,0.00000000000,0.00000000000
9/29/04,"1,420.18000000000",0.00000000000,0.00000000000,0.00000000000
9/28/04,"1,398.88000000000",0.00000000000,0.00000000000,0.00000000000
9/27/04,"1,394.70000000000",0.00000000000,0.00000000000,0.00000000000
9/24/04,"1,408.29000000000",0.00000000000,0.00000000000,0.00000000000
9/23/04,"1,415.05000000000",0.00000000000,0.00000000000,0.00000000000
9/22/04,"1,413.48000000000",0.00000000000,0.00000000000,0.00000000000
9/21/04,"1,445.39000000000",0.00000000000,0.00000000000,0.00000000000
9/20/04,"1,434.12000000000",0.00000000000,0.00000000000,0.00000000000
9/17/04,"1,435.71000000000",0.00000000000,0.00000000000,0.00000000000
9/16/04,"1,427.33000000000",0.00000000000,0.00000000000,0.00000000000
9/15/04,"1,424.64000000000",0.00000000000,0.00000000000,0.00000000000
9/14/04,"1,443.83000000000",0.00000000000,0.00000000000,0.00000000000
9/13/04,"1,436.76000000000",0.00000000000,0.00000000000,0.00000000000
9/10/04,"1,422.32000000000",0.00000000000,0.00000000000,0.00000000000
9/9/04,"1,400.71000000000",0.00000000000,0.00000000000,0.00000000000
9/8/04,"1,385.85000000000",0.00000000000,0.00000000000,0.00000000000
9/7/04,"1,390.95000000000",0.00000000000,0.00000000000,0.00000000000
9/3/04,"1,380.87000000000",0.00000000000,0.00000000000,0.00000000000
9/2/04,"1,407.57000000000",0.00000000000,0.00000000000,0.00000000000
9/1/04,"1,387.05000000000",0.00000000000,0.00000000000,0.00000000000
8/31/04,"1,377.70000000000",0.00000000000,0.00000000000,0.00000000000
8/30/04,"1,376.95000000000",0.00000000000,0.00000000000,0.00000000000
8/27/04,"1,397.69000000000",0.00000000000,0.00000000000,0.00000000000
8/26/04,"1,393.08000000000",0.00000000000,0.00000000000,0.00000000000
8/25/04,"1,398.30000000000",0.00000000000,0.00000000000,0.00000000000
8/24/04,"1,378.61000000000",0.00000000000,0.00000000000,0.00000000000
8/23/04,"1,379.72000000000",0.00000000000,0.00000000000,0.00000000000
8/20/04,"1,375.15000000000",0.00000000000,0.00000000000,0.00000000000
8/19/04,"1,361.58000000000",0.00000000000,0.00000000000,0.00000000000
8/18/04,"1,372.11000000000",0.00000000000,0.00000000000,0.00000000000
8/17/04,"1,343.93000000000",0.00000000000,0.00000000000,0.00000000000
8/16/04,"1,335.00000000000",0.00000000000,0.00000000000,0.00000000000
8/13/04,"1,315.78000000000",0.00000000000,0.00000000000,0.00000000000
8/12/04,"1,312.37000000000",0.00000000000,0.00000000000,0.00000000000
8/11/04,"1,332.66000000000",0.00000000000,0.00000000000,0.00000000000
8/10/04,"1,354.85000000000",0.00000000000,0.00000000000,0.00000000000
8/9/04,"1,326.80000000000",0.00000000000,0.00000000000,0.00000000000
8/6/04,"1,323.23000000000",0.00000000000,0.00000000000,0.00000000000
8/5/04,"1,361.59000000000",0.00000000000,0.00000000000,0.00000000000
8/4/04,"1,387.51000000000",0.00000000000,0.00000000000,0.00000000000
8/3/04,"1,387.33000000000",0.00000000000,0.00000000000,0.00000000000
8/2/04,"1,414.69000000000",0.00000000000,0.00000000000,0.00000000000
7/30/04,"1,408.71000000000",0.00000000000,0.00000000000,0.00000000000
7/29/04,"1,406.85000000000",0.00000000000,0.00000000000,0.00000000000
7/28/04,"1,391.92000000000",0.00000000000,0.00000000000,0.00000000000
7/27/04,"1,399.67000000000",0.00000000000,0.00000000000,0.00000000000
7/26/04,"1,376.43000000000",0.00000000000,0.00000000000,0.00000000000
7/23/04,"1,383.55000000000",0.00000000000,0.00000000000,0.00000000000
7/22/04,"1,416.78000000000",0.00000000000,0.00000000000,0.00000000000
7/21/04,"1,394.71000000000",0.00000000000,0.00000000000,0.00000000000
7/20/04,"1,429.37000000000",0.00000000000,0.00000000000,0.00000000000
7/19/04,"1,404.93000000000",0.00000000000,0.00000000000,0.00000000000
7/16/04,"1,400.31000000000",0.00000000000,0.00000000000,0.00000000000
7/15/04,"1,424.20000000000",0.00000000000,0.00000000000,0.00000000000
7/14/04,"1,424.33000000000",0.00000000000,0.00000000000,0.00000000000
7/13/04,"1,436.95000000000",0.00000000000,0.00000000000,0.00000000000
7/12/04,"1,440.40000000000",0.00000000000,0.00000000000,0.00000000000
7/9/04,"1,448.33000000000",0.00000000000,0.00000000000,0.00000000000
7/8/04,"1,439.41000000000",0.00000000000,0.00000000000,0.00000000000
7/7/04,"1,460.89000000000",0.00000000000,0.00000000000,0.00000000000
7/6/04,"1,454.07000000000",0.00000000000,0.00000000000,0.00000000000
7/2/04,"1,489.74000000000",0.00000000000,0.00000000000,0.00000000000
7/1/04,"1,498.16000000000",0.00000000000,0.00000000000,0.00000000000
6/30/04,"1,525.39000000000",0.00000000000,0.00000000000,0.00000000000
6/29/04,"1,514.34000000000",0.00000000000,0.00000000000,0.00000000000
6/28/04,"1,501.68000000000",0.00000000000,0.00000000000,0.00000000000
6/25/04,"1,507.02000000000",0.00000000000,0.00000000000,0.00000000000
6/24/04,"1,496.88000000000",0.00000000000,0.00000000000,0.00000000000
6/23/04,"1,502.13000000000",0.00000000000,0.00000000000,0.00000000000
6/22/04,"1,483.37000000000",0.00000000000,0.00000000000,0.00000000000
6/21/04,"1,461.60000000000",0.00000000000,0.00000000000,0.00000000000
6/18/04,"1,473.08000000000",0.00000000000,0.00000000000,0.00000000000
6/17/04,"1,472.47000000000",0.00000000000,0.00000000000,0.00000000000
6/16/04,"1,488.52000000000",0.00000000000,0.00000000000,0.00000000000
6/15/04,"1,487.72000000000",0.00000000000,0.00000000000,0.00000000000
6/14/04,"1,467.04000000000",0.00000000000,0.00000000000,0.00000000000
6/10/04,"1,489.77000000000",0.00000000000,0.00000000000,0.00000000000
6/9/04,"1,477.92000000000",0.00000000000,0.00000000000,0.00000000000
6/8/04,"1,504.55000000000",0.00000000000,0.00000000000,0.00000000000
6/7/04,"1,499.99000000000",0.00000000000,0.00000000000,0.00000000000
6/4/04,"1,463.38000000000",0.00000000000,0.00000000000,0.00000000000
6/3/04,"1,453.49000000000",0.00000000000,0.00000000000,0.00000000000
6/2/04,"1,472.61000000000",0.00000000000,0.00000000000,0.00000000000
6/1/04,"1,476.96000000000",0.00000000000,0.00000000000,0.00000000000
5/28/04,"1,474.61000000000",0.00000000000,0.00000000000,0.00000000000
5/27/04,"1,471.48000000000",0.00000000000,0.00000000000,0.00000000000
5/26/04,"1,462.16000000000",0.00000000000,0.00000000000,0.00000000000
5/25/04,"1,455.85000000000",0.00000000000,0.00000000000,0.00000000000
5/24/04,"1,421.92000000000",0.00000000000,0.00000000000,0.00000000000
5/21/04,"1,416.06000000000",0.00000000000,0.00000000000,0.00000000000
5/20/04,"1,404.69000000000",0.00000000000,0.00000000000,0.00000000000
5/19/04,"1,404.12000000000",0.00000000000,0.00000000000,0.00000000000
5/18/04,"1,405.30000000000",0.00000000000,0.00000000000,0.00000000000
5/17/04,"1,387.63000000000",0.00000000000,0.00000000000,0.00000000000
5/14/04,"1,407.64000000000",0.00000000000,0.00000000000,0.00000000000
5/13/04,"1,424.99000000000",0.00000000000,0.00000000000,0.00000000000
5/12/04,"1,422.70000000000",0.00000000000,0.00000000000,0.00000000000
5/11/04,"1,429.81000000000",0.00000000000,0.00000000000,0.00000000000
5/10/04,"1,404.87000000000",0.00000000000,0.00000000000,0.00000000000
5/7/04,"1,413.96000000000",0.00000000000,0.00000000000,0.00000000000
5/6/04,"1,423.42000000000",0.00000000000,0.00000000000,0.00000000000
5/5/04,"1,436.28000000000",0.00000000000,0.00000000000,0.00000000000
5/4/04,"1,429.78000000000",0.00000000000,0.00000000000,0.00000000000
5/3/04,"1,422.92000000000",0.00000000000,0.00000000000,0.00000000000
4/30/04,"1,408.91000000000",0.00000000000,0.00000000000,0.00000000000
4/29/04,"1,439.07000000000",0.00000000000,0.00000000000,0.00000000000
4/28/04,"1,460.81000000000",0.00000000000,0.00000000000,0.00000000000
4/27/04,"1,487.39000000000",0.00000000000,0.00000000000,0.00000000000
4/26/04,"1,488.45000000000",0.00000000000,0.00000000000,0.00000000000
4/23/04,"1,505.01000000000",0.00000000000,0.00000000000,0.00000000000
4/22/04,"1,493.44000000000",0.00000000000,0.00000000000,0.00000000000
4/21/04,"1,458.69000000000",0.00000000000,0.00000000000,0.00000000000
4/20/04,"1,444.46000000000",0.00000000000,0.00000000000,0.00000000000
4/19/04,"1,481.24000000000",0.00000000000,0.00000000000,0.00000000000
4/16/04,"1,456.68000000000",0.00000000000,0.00000000000,0.00000000000
4/15/04,"1,467.13000000000",0.00000000000,0.00000000000,0.00000000000
4/14/04,"1,483.42000000000",0.00000000000,0.00000000000,0.00000000000
4/13/04,"1,480.64000000000",0.00000000000,0.00000000000,0.00000000000
4/12/04,"1,503.80000000000",0.00000000000,0.00000000000,0.00000000000
4/8/04,"1,493.33000000000",0.00000000000,0.00000000000,0.00000000000
4/7/04,"1,489.76000000000",0.00000000000,0.00000000000,0.00000000000
4/6/04,"1,501.45000000000",0.00000000000,0.00000000000,0.00000000000
4/5/04,"1,516.30000000000",0.00000000000,0.00000000000,0.00000000000
4/2/04,"1,498.14000000000",0.00000000000,0.00000000000,0.00000000000
4/1/04,"1,460.86000000000",0.00000000000,0.00000000000,0.00000000000
3/31/04,"1,445.96000000000",0.00000000000,0.00000000000,0.00000000000
3/30/04,"1,452.84000000000",0.00000000000,0.00000000000,0.00000000000
3/29/04,"1,450.06000000000",0.00000000000,0.00000000000,0.00000000000
3/26/04,"1,422.81000000000",0.00000000000,0.00000000000,0.00000000000
3/25/04,"1,433.33000000000",0.00000000000,0.00000000000,0.00000000000
3/24/04,"1,389.09000000000",0.00000000000,0.00000000000,0.00000000000
3/23/04,"1,377.21000000000",0.00000000000,0.00000000000,0.00000000000
3/22/04,"1,388.62000000000",0.00000000000,0.00000000000,0.00000000000
3/19/04,"1,405.90000000000",0.00000000000,0.00000000000,0.00000000000
3/18/04,"1,425.20000000000",0.00000000000,0.00000000000,0.00000000000
3/17/04,"1,436.37000000000",0.00000000000,0.00000000000,0.00000000000
3/16/04,"1,414.44000000000",0.00000000000,0.00000000000,0.00000000000
3/15/04,"1,407.20000000000",0.00000000000,0.00000000000,0.00000000000
3/12/04,"1,438.90000000000",0.00000000000,0.00000000000,0.00000000000
3/11/04,"1,409.54000000000",0.00000000000,0.00000000000,0.00000000000
3/10/04,"1,424.91000000000",0.00000000000,0.00000000000,0.00000000000
3/9/04,"1,444.99000000000",0.00000000000,0.00000000000,0.00000000000
3/8/04,"1,448.66000000000",0.00000000000,0.00000000000,0.00000000000
3/5/04,"1,480.69000000000",0.00000000000,0.00000000000,0.00000000000
3/4/04,"1,489.10000000000",0.00000000000,0.00000000000,0.00000000000
3/3/04,"1,473.75000000000",0.00000000000,0.00000000000,0.00000000000
3/2/04,"1,480.93000000000",0.00000000000,0.00000000000,0.00000000000
3/1/04,"1,497.28000000000",0.00000000000,0.00000000000,0.00000000000
2/27/04,"1,478.07000000000",0.00000000000,0.00000000000,0.00000000000
2/26/04,"1,484.85000000000",0.00000000000,0.00000000000,0.00000000000
2/25/04,"1,477.90000000000",0.00000000000,0.00000000000,0.00000000000
2/24/04,"1,469.58000000000",0.00000000000,0.00000000000,0.00000000000
2/23/04,"1,471.30000000000",0.00000000000,0.00000000000,0.00000000000
2/20/04,"1,489.73000000000",0.00000000000,0.00000000000,0.00000000000
2/19/04,"1,492.42000000000",0.00000000000,0.00000000000,0.00000000000
2/18/04,"1,515.20000000000",0.00000000000,0.00000000000,0.00000000000
2/17/04,"1,514.28000000000",0.00000000000,0.00000000000,0.00000000000
2/13/04,"1,492.07000000000",0.00000000000,0.00000000000,0.00000000000
2/12/04,"1,508.99000000000",0.00000000000,0.00000000000,0.00000000000
2/11/04,"1,521.89000000000",0.00000000000,0.00000000000,0.00000000000
2/10/04,"1,507.88000000000",0.00000000000,0.00000000000,0.00000000000
2/9/04,"1,498.45000000000",0.00000000000,0.00000000000,0.00000000000
2/6/04,"1,506.53000000000",0.00000000000,0.00000000000,0.00000000000
2/5/04,"1,472.37000000000",0.00000000000,0.00000000000,0.00000000000
2/4/04,"1,469.94000000000",0.00000000000,0.00000000000,0.00000000000
2/3/04,"1,499.20000000000",0.00000000000,0.00000000000,0.00000000000
2/2/04,"1,495.18000000000",0.00000000000,0.00000000000,0.00000000000
1/30/04,"1,500.44000000000",0.00000000000,0.00000000000,0.00000000000
1/29/04,"1,503.77000000000",0.00000000000,0.00000000000,0.00000000000
1/28/04,"1,498.87000000000",0.00000000000,0.00000000000,0.00000000000
1/27/04,"1,526.66000000000",0.00000000000,0.00000000000,0.00000000000
1/26/04,"1,561.26000000000",0.00000000000,0.00000000000,0.00000000000
1/23/04,"1,538.70000000000",0.00000000000,0.00000000000,0.00000000000
1/22/04,"1,537.91000000000",0.00000000000,0.00000000000,0.00000000000
1/21/04,"1,554.16000000000",0.00000000000,0.00000000000,0.00000000000
1/20/04,"1,560.42000000000",0.00000000000,0.00000000000,0.00000000000
1/16/04,"1,561.18000000000",0.00000000000,0.00000000000,0.00000000000
1/15/04,"1,539.46000000000",0.00000000000,0.00000000000,0.00000000000
1/14/04,"1,541.54000000000",0.00000000000,0.00000000000,0.00000000000
1/13/04,"1,532.20000000000",0.00000000000,0.00000000000,0.00000000000
1/12/04,"1,547.26000000000",0.00000000000,0.00000000000,0.00000000000
1/9/04,"1,527.86000000000",0.00000000000,0.00000000000,0.00000000000
1/8/04,"1,538.09000000000",0.00000000000,0.00000000000,0.00000000000
1/7/04,"1,521.62000000000",0.00000000000,0.00000000000,0.00000000000
1/6/04,"1,508.56000000000",0.00000000000,0.00000000000,0.00000000000
1/5/04,"1,503.84000000000",0.00000000000,0.00000000000,0.00000000000
1/2/04,"1,470.67000000000",0.00000000000,0.00000000000,0.00000000000
12/31/03,"1,475.03000000000",0.00000000000,0.00000000000,0.00000000000
12/30/03,"1,477.13000000000",0.00000000000,0.00000000000,0.00000000000
12/29/03,"1,477.50000000000",0.00000000000,0.00000000000,0.00000000000
12/26/03,"1,450.85000000000",0.00000000000,0.00000000000,0.00000000000
12/24/03,"1,450.18000000000",0.00000000000,0.00000000000,0.00000000000
12/23/03,"1,455.17000000000",0.00000000000,0.00000000000,0.00000000000
12/22/03,"1,438.63000000000",0.00000000000,0.00000000000,0.00000000000
12/19/03,"1,433.07000000000",0.00000000000,0.00000000000,0.00000000000
12/18/03,"1,438.23000000000",0.00000000000,0.00000000000,0.00000000000
12/17/03,"1,406.77000000000",0.00000000000,0.00000000000,0.00000000000
12/16/03,"1,409.87000000000",0.00000000000,0.00000000000,0.00000000000
12/15/03,"1,403.38000000000",0.00000000000,0.00000000000,0.00000000000
12/12/03,"1,423.92000000000",0.00000000000,0.00000000000,0.00000000000
12/11/03,"1,423.61000000000",0.00000000000,0.00000000000,0.00000000000
12/10/03,"1,395.48000000000",0.00000000000,0.00000000000,0.00000000000
12/9/03,"1,390.16000000000",0.00000000000,0.00000000000,0.00000000000
12/8/03,"1,424.71000000000",0.00000000000,0.00000000000,0.00000000000
12/5/03,"1,413.51000000000",0.00000000000,0.00000000000,0.00000000000
12/4/03,"1,439.11000000000",0.00000000000,0.00000000000,0.00000000000
12/3/03,"1,426.43000000000",0.00000000000,0.00000000000,0.00000000000
12/2/03,"1,438.60000000000",0.00000000000,0.00000000000,0.00000000000
12/1/03,"1,453.86000000000",0.00000000000,0.00000000000,0.00000000000
11/28/03,"1,430.93000000000",0.00000000000,0.00000000000,0.00000000000
11/26/03,"1,426.76000000000",0.00000000000,0.00000000000,0.00000000000
11/25/03,"1,417.95000000000",0.00000000000,0.00000000000,0.00000000000
11/24/03,"1,425.85000000000",0.00000000000,0.00000000000,0.00000000000
11/21/03,"1,379.63000000000",0.00000000000,0.00000000000,0.00000000000
11/20/03,"1,369.75000000000",0.00000000000,0.00000000000,0.00000000000
11/19/03,"1,385.23000000000",0.00000000000,0.00000000000,0.00000000000
11/18/03,"1,370.96000000000",0.00000000000,0.00000000000,0.00000000000
11/17/03,"1,400.15000000000",0.00000000000,0.00000000000,0.00000000000
11/14/03,"1,413.98000000000",0.00000000000,0.00000000000,0.00000000000
11/13/03,"1,446.44000000000",0.00000000000,0.00000000000,0.00000000000
11/12/03,"1,450.09000000000",0.00000000000,0.00000000000,0.00000000000
11/11/03,"1,416.06000000000",0.00000000000,0.00000000000,0.00000000000
11/10/03,"1,421.06000000000",0.00000000000,0.00000000000,0.00000000000
11/7/03,"1,443.28000000000",0.00000000000,0.00000000000,0.00000000000
11/6/03,"1,446.65000000000",0.00000000000,0.00000000000,0.00000000000
11/5/03,"1,436.02000000000",0.00000000000,0.00000000000,0.00000000000
11/4/03,"1,435.78000000000",0.00000000000,0.00000000000,0.00000000000
11/3/03,"1,449.59000000000",0.00000000000,0.00000000000,0.00000000000
10/31/03,"1,422.73000000000",0.00000000000,0.00000000000,0.00000000000
10/30/03,"1,423.73000000000",0.00000000000,0.00000000000,0.00000000000
10/29/03,"1,426.23000000000",0.00000000000,0.00000000000,0.00000000000
10/28/03,"1,426.33000000000",0.00000000000,0.00000000000,0.00000000000
10/27/03,"1,383.53000000000",0.00000000000,0.00000000000,0.00000000000
10/24/03,"1,376.69000000000",0.00000000000,0.00000000000,0.00000000000
10/23/03,"1,384.23000000000",0.00000000000,0.00000000000,0.00000000000
10/22/03,"1,393.55000000000",0.00000000000,0.00000000000,0.00000000000
10/21/03,"1,428.41000000000",0.00000000000,0.00000000000,0.00000000000
10/20/03,"1,415.53000000000",0.00000000000,0.00000000000,0.00000000000
10/17/03,"1,400.18000000000",0.00000000000,0.00000000000,0.00000000000
10/16/03,"1,433.00000000000",0.00000000000,0.00000000000,0.00000000000
10/15/03,"1,423.85000000000",0.00000000000,0.00000000000,0.00000000000
10/14/03,"1,426.17000000000",0.00000000000,0.00000000000,0.00000000000
10/13/03,"1,420.21000000000",0.00000000000,0.00000000000,0.00000000000
10/10/03,"1,410.32000000000",0.00000000000,0.00000000000,0.00000000000
10/9/03,"1,402.37000000000",0.00000000000,0.00000000000,0.00000000000
10/8/03,"1,387.76000000000",0.00000000000,0.00000000000,0.00000000000
10/7/03,"1,397.97000000000",0.00000000000,0.00000000000,0.00000000000
10/6/03,"1,387.06000000000",0.00000000000,0.00000000000,0.00000000000
10/3/03,"1,380.66000000000",0.00000000000,0.00000000000,0.00000000000
10/2/03,"1,342.29000000000",0.00000000000,0.00000000000,0.00000000000
10/1/03,"1,340.52000000000",0.00000000000,0.00000000000,0.00000000000
9/30/03,"1,308.74000000000",0.00000000000,0.00000000000,0.00000000000
9/29/03,"1,340.67000000000",0.00000000000,0.00000000000,0.00000000000
9/26/03,"1,314.37000000000",0.00000000000,0.00000000000,0.00000000000
9/25/03,"1,330.88000000000",0.00000000000,0.00000000000,0.00000000000
9/24/03,"1,344.83000000000",0.00000000000,0.00000000000,0.00000000000
9/23/03,"1,393.52000000000",0.00000000000,0.00000000000,0.00000000000
9/22/03,"1,371.60000000000",0.00000000000,0.00000000000,0.00000000000
9/19/03,"1,397.65000000000",0.00000000000,0.00000000000,0.00000000000
9/18/03,"1,405.54000000000",0.00000000000,0.00000000000,0.00000000000
9/17/03,"1,382.12000000000",0.00000000000,0.00000000000,0.00000000000
9/16/03,"1,388.16000000000",0.00000000000,0.00000000000,0.00000000000
9/15/03,"1,352.97000000000",0.00000000000,0.00000000000,0.00000000000
9/12/03,"1,362.88000000000",0.00000000000,0.00000000000,0.00000000000
9/11/03,"1,356.02000000000",0.00000000000,0.00000000000,0.00000000000
9/10/03,"1,337.43000000000",0.00000000000,0.00000000000,0.00000000000
9/9/03,"1,375.82000000000",0.00000000000,0.00000000000,0.00000000000
9/8/03,"1,392.05000000000",0.00000000000,0.00000000000,0.00000000000
9/5/03,"1,367.13000000000",0.00000000000,0.00000000000,0.00000000000
9/4/03,"1,378.54000000000",0.00000000000,0.00000000000,0.00000000000
9/3/03,"1,365.41000000000",0.00000000000,0.00000000000,0.00000000000
9/2/03,"1,366.30000000000",0.00000000000,0.00000000000,0.00000000000
8/29/03,"1,346.34000000000",0.00000000000,0.00000000000,0.00000000000
8/28/03,"1,337.43000000000",0.00000000000,0.00000000000,0.00000000000
8/27/03,"1,323.97000000000",0.00000000000,0.00000000000,0.00000000000
8/26/03,"1,313.96000000000",0.00000000000,0.00000000000,0.00000000000
8/25/03,"1,311.55000000000",0.00000000000,0.00000000000,0.00000000000
8/22/03,"1,309.44000000000",0.00000000000,0.00000000000,0.00000000000
8/21/03,"1,319.59000000000",0.00000000000,0.00000000000,0.00000000000
8/20/03,"1,304.59000000000",0.00000000000,0.00000000000,0.00000000000
8/19/03,"1,304.50000000000",0.00000000000,0.00000000000,0.00000000000
8/18/03,"1,289.57000000000",0.00000000000,0.00000000000,0.00000000000
8/15/03,"1,258.27000000000",0.00000000000,0.00000000000,0.00000000000
8/14/03,"1,256.53000000000",0.00000000000,0.00000000000,0.00000000000
8/13/03,"1,244.92000000000",0.00000000000,0.00000000000,0.00000000000
8/12/03,"1,245.25000000000",0.00000000000,0.00000000000,0.00000000000
8/11/03,"1,227.64000000000",0.00000000000,0.00000000000,0.00000000000
8/8/03,"1,211.72000000000",0.00000000000,0.00000000000,0.00000000000
8/7/03,"1,221.63000000000",0.00000000000,0.00000000000,0.00000000000
8/6/03,"1,219.57000000000",0.00000000000,0.00000000000,0.00000000000
8/5/03,"1,234.22000000000",0.00000000000,0.00000000000,0.00000000000
8/4/03,"1,271.95000000000",0.00000000000,0.00000000000,0.00000000000
8/1/03,"1,268.90000000000",0.00000000000,0.00000000000,0.00000000000
7/31/03,"1,281.55000000000",0.00000000000,0.00000000000,0.00000000000
7/30/03,"1,268.34000000000",0.00000000000,0.00000000000,0.00000000000
7/29/03,"1,279.69000000000",0.00000000000,0.00000000000,0.00000000000
7/28/03,"1,285.07000000000",0.00000000000,0.00000000000,0.00000000000
7/25/03,"1,282.84000000000",0.00000000000,0.00000000000,0.00000000000
7/24/03,"1,258.21000000000",0.00000000000,0.00000000000,0.00000000000
7/23/03,"1,273.01000000000",0.00000000000,0.00000000000,0.00000000000
7/22/03,"1,262.08000000000",0.00000000000,0.00000000000,0.00000000000
7/21/03,"1,245.17000000000",0.00000000000,0.00000000000,0.00000000000
7/18/03,"1,264.37000000000",0.00000000000,0.00000000000,0.00000000000
7/17/03,"1,260.39000000000",0.00000000000,0.00000000000,0.00000000000
7/16/03,"1,296.57000000000",0.00000000000,0.00000000000,0.00000000000
7/15/03,"1,299.06000000000",0.00000000000,0.00000000000,0.00000000000
7/14/03,"1,300.33000000000",0.00000000000,0.00000000000,0.00000000000
7/11/03,"1,285.11000000000",0.00000000000,0.00000000000,0.00000000000
7/10/03,"1,273.15000000000",0.00000000000,0.00000000000,0.00000000000
7/9/03,"1,299.74000000000",0.00000000000,0.00000000000,0.00000000000
7/8/03,"1,302.90000000000",0.00000000000,0.00000000000,0.00000000000
7/7/03,"1,286.36000000000",0.00000000000,0.00000000000,0.00000000000
7/3/03,"1,235.63000000000",0.00000000000,0.00000000000,0.00000000000
7/2/03,"1,250.09000000000",0.00000000000,0.00000000000,0.00000000000
7/1/03,"1,221.62000000000",0.00000000000,0.00000000000,0.00000000000
6/30/03,"1,205.88000000000",0.00000000000,0.00000000000,0.00000000000
6/27/03,"1,209.46000000000",0.00000000000,0.00000000000,0.00000000000
6/26/03,"1,218.92000000000",0.00000000000,0.00000000000,0.00000000000
6/25/03,"1,192.56000000000",0.00000000000,0.00000000000,0.00000000000
6/24/03,"1,195.85000000000",0.00000000000,0.00000000000,0.00000000000
6/23/03,"1,204.35000000000",0.00000000000,0.00000000000,0.00000000000
6/20/03,"1,227.39000000000",0.00000000000,0.00000000000,0.00000000000
6/19/03,"1,230.16000000000",0.00000000000,0.00000000000,0.00000000000
6/18/03,"1,252.25000000000",0.00000000000,0.00000000000,0.00000000000
6/17/03,"1,243.90000000000",0.00000000000,0.00000000000,0.00000000000
6/16/03,"1,245.85000000000",0.00000000000,0.00000000000,0.00000000000
6/13/03,"1,208.05000000000",0.00000000000,0.00000000000,0.00000000000
6/12/03,"1,233.56000000000",0.00000000000,0.00000000000,0.00000000000
6/11/03,"1,232.46000000000",0.00000000000,0.00000000000,0.00000000000
6/10/03,"1,217.16000000000",0.00000000000,0.00000000000,0.00000000000
6/9/03,"1,199.66000000000",0.00000000000,0.00000000000,0.00000000000
6/6/03,"1,217.28000000000",0.00000000000,0.00000000000,0.00000000000
6/5/03,"1,235.96000000000",0.00000000000,0.00000000000,0.00000000000
6/4/03,"1,228.97000000000",0.00000000000,0.00000000000,0.00000000000
6/3/03,"1,202.68000000000",0.00000000000,0.00000000000,0.00000000000
6/2/03,"1,189.19000000000",0.00000000000,0.00000000000,0.00000000000
5/30/03,"1,201.99000000000",0.00000000000,0.00000000000,0.00000000000
5/29/03,"1,185.88000000000",0.00000000000,0.00000000000,0.00000000000
5/28/03,"1,177.33000000000",0.00000000000,0.00000000000,0.00000000000
5/27/03,"1,176.52000000000",0.00000000000,0.00000000000,0.00000000000
5/23/03,"1,133.85000000000",0.00000000000,0.00000000000,0.00000000000
5/22/03,"1,135.25000000000",0.00000000000,0.00000000000,0.00000000000
5/21/03,"1,117.43000000000",0.00000000000,0.00000000000,0.00000000000
5/20/03,"1,116.59000000000",0.00000000000,0.00000000000,0.00000000000
5/19/03,"1,116.23000000000",0.00000000000,0.00000000000,0.00000000000
5/16/03,"1,158.37000000000",0.00000000000,0.00000000000,0.00000000000
5/15/03,"1,166.84000000000",0.00000000000,0.00000000000,0.00000000000
5/14/03,"1,151.96000000000",0.00000000000,0.00000000000,0.00000000000
5/13/03,"1,159.82000000000",0.00000000000,0.00000000000,0.00000000000
5/12/03,"1,164.28000000000",0.00000000000,0.00000000000,0.00000000000
5/9/03,"1,147.36000000000",0.00000000000,0.00000000000,0.00000000000
5/8/03,"1,122.49000000000",0.00000000000,0.00000000000,0.00000000000
5/7/03,"1,139.60000000000",0.00000000000,0.00000000000,0.00000000000
5/6/03,"1,156.58000000000",0.00000000000,0.00000000000,0.00000000000
5/5/03,"1,140.00000000000",0.00000000000,0.00000000000,0.00000000000
5/2/03,"1,140.19000000000",0.00000000000,0.00000000000,0.00000000000
5/1/03,"1,116.81000000000",0.00000000000,0.00000000000,0.00000000000
4/30/03,"1,109.64000000000",0.00000000000,0.00000000000,0.00000000000
4/29/03,"1,120.41000000000",0.00000000000,0.00000000000,0.00000000000
4/28/03,"1,110.66000000000",0.00000000000,0.00000000000,0.00000000000
4/25/03,"1,086.65000000000",0.00000000000,0.00000000000,0.00000000000
4/24/03,"1,111.66000000000",0.00000000000,0.00000000000,0.00000000000
4/23/03,"1,116.48000000000",0.00000000000,0.00000000000,0.00000000000
4/22/03,"1,105.93000000000",0.00000000000,0.00000000000,0.00000000000
4/21/03,"1,084.46000000000",0.00000000000,0.00000000000,0.00000000000
4/17/03,"1,086.99000000000",0.00000000000,0.00000000000,0.00000000000
4/16/03,"1,058.23000000000",0.00000000000,0.00000000000,0.00000000000
4/15/03,"1,056.41000000000",0.00000000000,0.00000000000,0.00000000000
4/14/03,"1,051.63000000000",0.00000000000,0.00000000000,0.00000000000
4/11/03,"1,029.40000000000",0.00000000000,0.00000000000,0.00000000000
4/10/03,"1,036.41000000000",0.00000000000,0.00000000000,0.00000000000
4/9/03,"1,026.75000000000",0.00000000000,0.00000000000,0.00000000000
4/8/03,"1,049.61000000000",0.00000000000,0.00000000000,0.00000000000
4/7/03,"1,056.61000000000",0.00000000000,0.00000000000,0.00000000000
4/4/03,"1,054.04000000000",0.00000000000,0.00000000000,0.00000000000
4/3/03,"1,067.43000000000",0.00000000000,0.00000000000,0.00000000000
4/2/03,"1,066.82000000000",0.00000000000,0.00000000000,0.00000000000
4/1/03,"1,025.87000000000",0.00000000000,0.00000000000,0.00000000000
3/31/03,"1,021.89000000000",0.00000000000,0.00000000000,0.00000000000
3/28/03,"1,050.02000000000",0.00000000000,0.00000000000,0.00000000000
3/27/03,"1,065.29000000000",0.00000000000,0.00000000000,0.00000000000
3/26/03,"1,069.67000000000",0.00000000000,0.00000000000,0.00000000000
3/25/03,"1,069.94000000000",0.00000000000,0.00000000000,0.00000000000
3/24/03,"1,050.40000000000",0.00000000000,0.00000000000,0.00000000000
3/21/03,"1,096.57000000000",0.00000000000,0.00000000000,0.00000000000
3/20/03,"1,083.65000000000",0.00000000000,0.00000000000,0.00000000000
3/19/03,"1,078.36000000000",0.00000000000,0.00000000000,0.00000000000
3/18/03,"1,085.60000000000",0.00000000000,0.00000000000,0.00000000000
3/17/03,"1,080.40000000000",0.00000000000,0.00000000000,0.00000000000
3/14/03,"1,033.70000000000",0.00000000000,0.00000000000,0.00000000000
3/13/03,"1,033.03000000000",0.00000000000,0.00000000000,0.00000000000
3/12/03,973.60000000000,0.00000000000,0.00000000000,0.00000000000
3/11/03,961.78000000000,0.00000000000,0.00000000000,0.00000000000
3/10/03,967.27000000000,0.00000000000,0.00000000000,0.00000000000
3/7/03,989.87000000000,0.00000000000,0.00000000000,0.00000000000
3/6/03,987.00000000000,0.00000000000,0.00000000000,0.00000000000
3/5/03,993.29000000000,0.00000000000,0.00000000000,0.00000000000
3/4/03,986.01000000000,0.00000000000,0.00000000000,0.00000000000
3/3/03,994.12000000000,0.00000000000,0.00000000000,0.00000000000
2/28/03,"1,012.85000000000",0.00000000000,0.00000000000,0.00000000000
2/27/03,997.86000000000,0.00000000000,0.00000000000,0.00000000000
2/26/03,977.51000000000,0.00000000000,0.00000000000,0.00000000000
2/25/03,"1,002.34000000000",0.00000000000,0.00000000000,0.00000000000
2/24/03,997.74000000000,0.00000000000,0.00000000000,0.00000000000
2/21/03,"1,019.02000000000",0.00000000000,0.00000000000,0.00000000000
2/20/03,"1,004.52000000000",0.00000000000,0.00000000000,0.00000000000
2/19/03,"1,008.96000000000",0.00000000000,0.00000000000,0.00000000000
2/18/03,"1,017.62000000000",0.00000000000,0.00000000000,0.00000000000
2/14/03,984.71000000000,0.00000000000,0.00000000000,0.00000000000
2/13/03,954.44000000000,0.00000000000,0.00000000000,0.00000000000
2/12/03,959.29000000000,0.00000000000,0.00000000000,0.00000000000
2/11/03,974.17000000000,0.00000000000,0.00000000000,0.00000000000
2/10/03,972.51000000000,0.00000000000,0.00000000000,0.00000000000
2/7/03,959.57000000000,0.00000000000,0.00000000000,0.00000000000
2/6/03,973.11000000000,0.00000000000,0.00000000000,0.00000000000
2/5/03,971.51000000000,0.00000000000,0.00000000000,0.00000000000
2/4/03,974.14000000000,0.00000000000,0.00000000000,0.00000000000
2/3/03,989.52000000000,0.00000000000,0.00000000000,0.00000000000
1/31/03,985.48000000000,0.00000000000,0.00000000000,0.00000000000
1/30/03,987.95000000000,0.00000000000,0.00000000000,0.00000000000
1/29/03,"1,019.03000000000",0.00000000000,0.00000000000,0.00000000000
1/28/03,"1,003.84000000000",0.00000000000,0.00000000000,0.00000000000
1/27/03,988.80000000000,0.00000000000,0.00000000000,0.00000000000
1/24/03,998.60000000000,0.00000000000,0.00000000000,0.00000000000
1/23/03,"1,035.17000000000",0.00000000000,0.00000000000,0.00000000000
1/22/03,"1,008.95000000000",0.00000000000,0.00000000000,0.00000000000
1/21/03,"1,011.35000000000",0.00000000000,0.00000000000,0.00000000000
1/17/03,"1,020.03000000000",0.00000000000,0.00000000000,0.00000000000
1/16/03,"1,064.01000000000",0.00000000000,0.00000000000,0.00000000000
1/15/03,"1,076.16000000000",0.00000000000,0.00000000000,0.00000000000
1/14/03,"1,097.49000000000",0.00000000000,0.00000000000,0.00000000000
1/13/03,"1,085.60000000000",0.00000000000,0.00000000000,0.00000000000
1/10/03,"1,089.97000000000",0.00000000000,0.00000000000,0.00000000000
1/9/03,"1,078.64000000000",0.00000000000,0.00000000000,0.00000000000
1/8/03,"1,045.02000000000",0.00000000000,0.00000000000,0.00000000000
1/7/03,"1,074.42000000000",0.00000000000,0.00000000000,0.00000000000
1/6/03,"1,064.03000000000",0.00000000000,0.00000000000,0.00000000000
1/3/03,"1,034.10000000000",0.00000000000,0.00000000000,0.00000000000
1/2/03,"1,030.32000000000",0.00000000000,0.00000000000,0.00000000000
12/31/02,986.72000000000,0.00000000000,0.00000000000,0.00000000000
12/30/02,992.26000000000,0.00000000000,0.00000000000,0.00000000000
12/27/02,"1,000.24000000000",0.00000000000,0.00000000000,0.00000000000
12/26/02,"1,018.89000000000",0.00000000000,0.00000000000,0.00000000000
12/24/02,"1,025.74000000000",0.00000000000,0.00000000000,0.00000000000
12/23/02,"1,034.77000000000",0.00000000000,0.00000000000,0.00000000000
12/20/02,"1,015.84000000000",0.00000000000,0.00000000000,0.00000000000
12/19/02,"1,008.45000000000",0.00000000000,0.00000000000,0.00000000000
12/18/02,"1,016.14000000000",0.00000000000,0.00000000000,0.00000000000
12/17/02,"1,042.50000000000",0.00000000000,0.00000000000,0.00000000000
12/16/02,"1,044.93000000000",0.00000000000,0.00000000000,0.00000000000
12/13/02,"1,008.13000000000",0.00000000000,0.00000000000,0.00000000000
12/12/02,"1,042.31000000000",0.00000000000,0.00000000000,0.00000000000
12/11/02,"1,038.70000000000",0.00000000000,0.00000000000,0.00000000000
12/10/02,"1,035.41000000000",0.00000000000,0.00000000000,0.00000000000
12/9/02,"1,017.14000000000",0.00000000000,0.00000000000,0.00000000000
12/6/02,"1,068.38000000000",0.00000000000,0.00000000000,0.00000000000
12/5/02,"1,055.45000000000",0.00000000000,0.00000000000,0.00000000000
12/4/02,"1,071.91000000000",0.00000000000,0.00000000000,0.00000000000
12/3/02,"1,091.26000000000",0.00000000000,0.00000000000,0.00000000000
12/2/02,"1,123.02000000000",0.00000000000,0.00000000000,0.00000000000
11/29/02,"1,118.63000000000",0.00000000000,0.00000000000,0.00000000000
11/27/02,"1,128.21000000000",0.00000000000,0.00000000000,0.00000000000
11/26/02,"1,089.95000000000",0.00000000000,0.00000000000,0.00000000000
11/25/02,"1,129.61000000000",0.00000000000,0.00000000000,0.00000000000
11/22/02,"1,118.54000000000",0.00000000000,0.00000000000,0.00000000000
11/21/02,"1,120.67000000000",0.00000000000,0.00000000000,0.00000000000
11/20/02,"1,072.95000000000",0.00000000000,0.00000000000,0.00000000000
11/19/02,"1,028.28000000000",0.00000000000,0.00000000000,0.00000000000
11/18/02,"1,047.55000000000",0.00000000000,0.00000000000,0.00000000000
11/15/02,"1,063.65000000000",0.00000000000,0.00000000000,0.00000000000
11/14/02,"1,060.19000000000",0.00000000000,0.00000000000,0.00000000000
11/13/02,"1,014.19000000000",0.00000000000,0.00000000000,0.00000000000
11/12/02,"1,004.18000000000",0.00000000000,0.00000000000,0.00000000000
11/11/02,974.65000000000,0.00000000000,0.00000000000,0.00000000000
11/8/02,"1,010.69000000000",0.00000000000,0.00000000000,0.00000000000
11/7/02,"1,028.08000000000",0.00000000000,0.00000000000,0.00000000000
11/6/02,"1,068.23000000000",0.00000000000,0.00000000000,0.00000000000
11/5/02,"1,052.72000000000",0.00000000000,0.00000000000,0.00000000000
11/4/02,"1,049.24000000000",0.00000000000,0.00000000000,0.00000000000
11/1/02,"1,021.25000000000",0.00000000000,0.00000000000,0.00000000000
10/31/02,991.67000000000,0.00000000000,0.00000000000,0.00000000000
10/30/02,988.21000000000,0.00000000000,0.00000000000,0.00000000000
10/29/02,962.84000000000,0.00000000000,0.00000000000,0.00000000000
10/28/02,981.52000000000,0.00000000000,0.00000000000,0.00000000000
10/25/02,997.64000000000,0.00000000000,0.00000000000,0.00000000000
10/24/02,966.94000000000,0.00000000000,0.00000000000,0.00000000000
10/23/02,991.40000000000,0.00000000000,0.00000000000,0.00000000000
10/22/02,965.86000000000,0.00000000000,0.00000000000,0.00000000000
10/21/02,981.38000000000,0.00000000000,0.00000000000,0.00000000000
10/18/02,958.11000000000,0.00000000000,0.00000000000,0.00000000000
10/17/02,947.01000000000,0.00000000000,0.00000000000,0.00000000000
10/16/02,912.02000000000,0.00000000000,0.00000000000,0.00000000000
10/15/02,952.39000000000,0.00000000000,0.00000000000,0.00000000000
10/14/02,902.61000000000,0.00000000000,0.00000000000,0.00000000000
10/11/02,892.45000000000,0.00000000000,0.00000000000,0.00000000000
10/10/02,851.32000000000,0.00000000000,0.00000000000,0.00000000000
10/9/02,809.09000000000,0.00000000000,0.00000000000,0.00000000000
10/8/02,813.15000000000,0.00000000000,0.00000000000,0.00000000000
10/7/02,806.31000000000,0.00000000000,0.00000000000,0.00000000000
10/4/02,817.09000000000,0.00000000000,0.00000000000,0.00000000000
10/3/02,834.93000000000,0.00000000000,0.00000000000,0.00000000000
10/2/02,851.32000000000,0.00000000000,0.00000000000,0.00000000000
10/1/02,872.43000000000,0.00000000000,0.00000000000,0.00000000000
9/30/02,834.24000000000,0.00000000000,0.00000000000,0.00000000000
9/27/02,862.13000000000,0.00000000000,0.00000000000,0.00000000000
9/26/02,875.55000000000,0.00000000000,0.00000000000,0.00000000000
9/25/02,882.26000000000,0.00000000000,0.00000000000,0.00000000000
9/24/02,845.35000000000,0.00000000000,0.00000000000,0.00000000000
9/23/02,844.81000000000,0.00000000000,0.00000000000,0.00000000000
9/20/02,873.40000000000,0.00000000000,0.00000000000,0.00000000000
9/19/02,867.71000000000,0.00000000000,0.00000000000,0.00000000000
9/18/02,897.04000000000,0.00000000000,0.00000000000,0.00000000000
9/17/02,899.38000000000,0.00000000000,0.00000000000,0.00000000000
9/16/02,910.35000000000,0.00000000000,0.00000000000,0.00000000000
9/13/02,925.73000000000,0.00000000000,0.00000000000,0.00000000000
9/12/02,916.90000000000,0.00000000000,0.00000000000,0.00000000000
9/11/02,948.35000000000,0.00000000000,0.00000000000,0.00000000000
9/10/02,949.67000000000,0.00000000000,0.00000000000,0.00000000000
9/9/02,934.15000000000,0.00000000000,0.00000000000,0.00000000000
9/6/02,924.12000000000,0.00000000000,0.00000000000,0.00000000000
9/5/02,884.74000000000,0.00000000000,0.00000000000,0.00000000000
9/4/02,922.88000000000,0.00000000000,0.00000000000,0.00000000000
9/3/02,901.49000000000,0.00000000000,0.00000000000,0.00000000000
8/30/02,944.32000000000,0.00000000000,0.00000000000,0.00000000000
8/29/02,963.73000000000,0.00000000000,0.00000000000,0.00000000000
8/28/02,946.78000000000,0.00000000000,0.00000000000,0.00000000000
8/27/02,976.47000000000,0.00000000000,0.00000000000,0.00000000000
8/26/02,"1,018.87000000000",0.00000000000,0.00000000000,0.00000000000
8/23/02,"1,012.56000000000",0.00000000000,0.00000000000,0.00000000000
8/22/02,"1,051.18000000000",0.00000000000,0.00000000000,0.00000000000
8/21/02,"1,037.59000000000",0.00000000000,0.00000000000,0.00000000000
8/20/02,"1,010.08000000000",0.00000000000,0.00000000000,0.00000000000
8/19/02,"1,028.05000000000",0.00000000000,0.00000000000,0.00000000000
8/16/02,998.07000000000,0.00000000000,0.00000000000,0.00000000000
8/15/02,982.96000000000,0.00000000000,0.00000000000,0.00000000000
8/14/02,970.80000000000,0.00000000000,0.00000000000,0.00000000000
8/13/02,909.45000000000,0.00000000000,0.00000000000,0.00000000000
8/12/02,940.88000000000,0.00000000000,0.00000000000,0.00000000000
8/9/02,939.22000000000,0.00000000000,0.00000000000,0.00000000000
8/8/02,949.15000000000,0.00000000000,0.00000000000,0.00000000000
8/7/02,920.93000000000,0.00000000000,0.00000000000,0.00000000000
8/6/02,903.73000000000,0.00000000000,0.00000000000,0.00000000000
8/5/02,858.80000000000,0.00000000000,0.00000000000,0.00000000000
8/2/02,894.24000000000,0.00000000000,0.00000000000,0.00000000000
8/1/02,915.36000000000,0.00000000000,0.00000000000,0.00000000000
7/31/02,963.97000000000,0.00000000000,0.00000000000,0.00000000000
7/30/02,982.24000000000,0.00000000000,0.00000000000,0.00000000000
7/29/02,971.93000000000,0.00000000000,0.00000000000,0.00000000000
7/26/02,912.60000000000,0.00000000000,0.00000000000,0.00000000000
7/25/02,896.10000000000,0.00000000000,0.00000000000,0.00000000000
7/24/02,953.35000000000,0.00000000000,0.00000000000,0.00000000000
7/23/02,898.49000000000,0.00000000000,0.00000000000,0.00000000000
7/22/02,940.85000000000,0.00000000000,0.00000000000,0.00000000000
7/19/02,967.24000000000,0.00000000000,0.00000000000,0.00000000000
7/18/02,996.46000000000,0.00000000000,0.00000000000,0.00000000000
7/17/02,"1,030.64000000000",0.00000000000,0.00000000000,0.00000000000
7/16/02,"1,013.18000000000",0.00000000000,0.00000000000,0.00000000000
7/15/02,"1,022.91000000000",0.00000000000,0.00000000000,0.00000000000
7/12/02,"1,002.68000000000",0.00000000000,0.00000000000,0.00000000000
7/11/02,999.88000000000,0.00000000000,0.00000000000,0.00000000000
7/10/02,960.83000000000,0.00000000000,0.00000000000,0.00000000000
7/9/02,992.06000000000,0.00000000000,0.00000000000,0.00000000000
7/8/02,"1,016.21000000000",0.00000000000,0.00000000000,0.00000000000
7/5/02,"1,062.86000000000",0.00000000000,0.00000000000,0.00000000000
7/3/02,997.53000000000,0.00000000000,0.00000000000,0.00000000000
7/2/02,965.40000000000,0.00000000000,0.00000000000,0.00000000000
7/1/02,999.97000000000,0.00000000000,0.00000000000,0.00000000000
6/28/02,"1,053.31000000000",0.00000000000,0.00000000000,0.00000000000
6/27/02,"1,052.54000000000",0.00000000000,0.00000000000,0.00000000000
6/26/02,"1,029.08000000000",0.00000000000,0.00000000000,0.00000000000
6/25/02,"1,024.59000000000",0.00000000000,0.00000000000,0.00000000000
6/24/02,"1,059.59000000000",0.00000000000,0.00000000000,0.00000000000
6/21/02,"1,037.50000000000",0.00000000000,0.00000000000,0.00000000000
6/20/02,"1,064.37000000000",0.00000000000,0.00000000000,0.00000000000
6/19/02,"1,099.52000000000",0.00000000000,0.00000000000,0.00000000000
6/18/02,"1,140.52000000000",0.00000000000,0.00000000000,0.00000000000
6/17/02,"1,151.98000000000",0.00000000000,0.00000000000,0.00000000000
6/14/02,"1,111.60000000000",0.00000000000,0.00000000000,0.00000000000
6/13/02,"1,108.53000000000",0.00000000000,0.00000000000,0.00000000000
6/12/02,"1,125.36000000000",0.00000000000,0.00000000000,0.00000000000
6/11/02,"1,102.95000000000",0.00000000000,0.00000000000,0.00000000000
6/10/02,"1,137.67000000000",0.00000000000,0.00000000000,0.00000000000
6/7/02,"1,142.29000000000",0.00000000000,0.00000000000,0.00000000000
6/6/02,"1,159.70000000000",0.00000000000,0.00000000000,0.00000000000
6/5/02,"1,197.75000000000",0.00000000000,0.00000000000,0.00000000000
6/4/02,"1,180.92000000000",0.00000000000,0.00000000000,0.00000000000
6/3/02,"1,161.24000000000",0.00000000000,0.00000000000,0.00000000000
5/31/02,"1,210.53000000000",0.00000000000,0.00000000000,0.00000000000
5/30/02,"1,230.11000000000",0.00000000000,0.00000000000,0.00000000000
5/29/02,"1,220.83000000000",0.00000000000,0.00000000000,0.00000000000
5/28/02,"1,247.02000000000",0.00000000000,0.00000000000,0.00000000000
5/24/02,"1,255.25000000000",0.00000000000,0.00000000000,0.00000000000
5/23/02,"1,289.05000000000",0.00000000000,0.00000000000,0.00000000000
5/22/02,"1,266.75000000000",0.00000000000,0.00000000000,0.00000000000
5/21/02,"1,258.13000000000",0.00000000000,0.00000000000,0.00000000000
5/20/02,"1,294.49000000000",0.00000000000,0.00000000000,0.00000000000
5/17/02,"1,328.15000000000",0.00000000000,0.00000000000,0.00000000000
5/16/02,"1,318.18000000000",0.00000000000,0.00000000000,0.00000000000
5/15/02,"1,313.37000000000",0.00000000000,0.00000000000,0.00000000000
5/14/02,"1,307.86000000000",0.00000000000,0.00000000000,0.00000000000
5/13/02,"1,243.74000000000",0.00000000000,0.00000000000,0.00000000000
5/10/02,"1,190.88000000000",0.00000000000,0.00000000000,0.00000000000
5/9/02,"1,242.61000000000",0.00000000000,0.00000000000,0.00000000000
5/8/02,"1,284.68000000000",0.00000000000,0.00000000000,0.00000000000
5/7/02,"1,161.30000000000",0.00000000000,0.00000000000,0.00000000000
5/6/02,"1,163.21000000000",0.00000000000,0.00000000000,0.00000000000
5/3/02,"1,192.84000000000",0.00000000000,0.00000000000,0.00000000000
5/2/02,"1,227.47000000000",0.00000000000,0.00000000000,0.00000000000
5/1/02,"1,269.61000000000",0.00000000000,0.00000000000,0.00000000000
4/30/02,"1,279.26000000000",0.00000000000,0.00000000000,0.00000000000
4/29/02,"1,248.89000000000",0.00000000000,0.00000000000,0.00000000000
4/26/02,"1,252.98000000000",0.00000000000,0.00000000000,0.00000000000
4/25/02,"1,304.50000000000",0.00000000000,0.00000000000,0.00000000000
4/24/02,"1,304.50000000000",0.00000000000,0.00000000000,0.00000000000
4/23/02,"1,324.99000000000",0.00000000000,0.00000000000,0.00000000000
4/22/02,"1,352.06000000000",0.00000000000,0.00000000000,0.00000000000
4/19/02,"1,387.30000000000",0.00000000000,0.00000000000,0.00000000000
4/18/02,"1,398.21000000000",0.00000000000,0.00000000000,0.00000000000
4/17/02,"1,406.02000000000",0.00000000000,0.00000000000,0.00000000000
4/16/02,"1,416.26000000000",0.00000000000,0.00000000000,0.00000000000
4/15/02,"1,357.33000000000",0.00000000000,0.00000000000,0.00000000000
4/12/02,"1,354.08000000000",0.00000000000,0.00000000000,0.00000000000
4/11/02,"1,326.83000000000",0.00000000000,0.00000000000,0.00000000000
4/10/02,"1,365.53000000000",0.00000000000,0.00000000000,0.00000000000
4/9/02,"1,347.54000000000",0.00000000000,0.00000000000,0.00000000000
4/8/02,"1,395.26000000000",0.00000000000,0.00000000000,0.00000000000
4/5/02,"1,378.99000000000",0.00000000000,0.00000000000,0.00000000000
4/4/02,"1,399.27000000000",0.00000000000,0.00000000000,0.00000000000
4/3/02,"1,396.51000000000",0.00000000000,0.00000000000,0.00000000000
4/2/02,"1,412.73000000000",0.00000000000,0.00000000000,0.00000000000
4/1/02,"1,480.96000000000",0.00000000000,0.00000000000,0.00000000000
3/28/02,"1,455.20000000000",0.00000000000,0.00000000000,0.00000000000
3/27/02,"1,438.88000000000",0.00000000000,0.00000000000,0.00000000000
3/26/02,"1,441.93000000000",0.00000000000,0.00000000000,0.00000000000
3/25/02,"1,429.95000000000",0.00000000000,0.00000000000,0.00000000000
3/22/02,"1,472.52000000000",0.00000000000,0.00000000000,0.00000000000
3/21/02,"1,491.42000000000",0.00000000000,0.00000000000,0.00000000000
3/20/02,"1,453.41000000000",0.00000000000,0.00000000000,0.00000000000
3/19/02,"1,507.14000000000",0.00000000000,0.00000000000,0.00000000000
3/18/02,"1,508.37000000000",0.00000000000,0.00000000000,0.00000000000
3/15/02,"1,497.87000000000",0.00000000000,0.00000000000,0.00000000000
3/14/02,"1,479.62000000000",0.00000000000,0.00000000000,0.00000000000
3/13/02,"1,488.72000000000",0.00000000000,0.00000000000,0.00000000000
3/12/02,"1,523.04000000000",0.00000000000,0.00000000000,0.00000000000
3/11/02,"1,556.35000000000",0.00000000000,0.00000000000,0.00000000000
3/8/02,"1,557.66000000000",0.00000000000,0.00000000000,0.00000000000
3/7/02,"1,509.28000000000",0.00000000000,0.00000000000,0.00000000000
3/6/02,"1,522.45000000000",0.00000000000,0.00000000000,0.00000000000
3/5/02,"1,501.42000000000",0.00000000000,0.00000000000,0.00000000000
3/4/02,"1,497.16000000000",0.00000000000,0.00000000000,0.00000000000
3/1/02,"1,437.77000000000",0.00000000000,0.00000000000,0.00000000000
2/28/02,"1,361.46000000000",0.00000000000,0.00000000000,0.00000000000
2/27/02,"1,380.75000000000",0.00000000000,0.00000000000,0.00000000000
2/26/02,"1,403.49000000000",0.00000000000,0.00000000000,0.00000000000
2/25/02,"1,410.30000000000",0.00000000000,0.00000000000,0.00000000000
2/22/02,"1,358.39000000000",0.00000000000,0.00000000000,0.00000000000
2/21/02,"1,350.46000000000",0.00000000000,0.00000000000,0.00000000000
2/20/02,"1,410.58000000000",0.00000000000,0.00000000000,0.00000000000
2/19/02,"1,389.55000000000",0.00000000000,0.00000000000,0.00000000000
2/15/02,"1,439.06000000000",0.00000000000,0.00000000000,0.00000000000
2/14/02,"1,477.13000000000",0.00000000000,0.00000000000,0.00000000000
2/13/02,"1,489.16000000000",0.00000000000,0.00000000000,0.00000000000
2/12/02,"1,467.06000000000",0.00000000000,0.00000000000,0.00000000000
2/11/02,"1,479.97000000000",0.00000000000,0.00000000000,0.00000000000
2/8/02,"1,454.45000000000",0.00000000000,0.00000000000,0.00000000000
2/7/02,"1,416.09000000000",0.00000000000,0.00000000000,0.00000000000
2/6/02,"1,448.24000000000",0.00000000000,0.00000000000,0.00000000000
2/5/02,"1,465.16000000000",0.00000000000,0.00000000000,0.00000000000
2/4/02,"1,481.43000000000",0.00000000000,0.00000000000,0.00000000000
2/1/02,"1,530.48000000000",0.00000000000,0.00000000000,0.00000000000
1/31/02,"1,552.54000000000",0.00000000000,0.00000000000,0.00000000000
1/30/02,"1,541.29000000000",0.00000000000,0.00000000000,0.00000000000
1/29/02,"1,521.60000000000",0.00000000000,0.00000000000,0.00000000000
1/28/02,"1,567.19000000000",0.00000000000,0.00000000000,0.00000000000
1/25/02,"1,560.58000000000",0.00000000000,0.00000000000,0.00000000000
1/24/02,"1,567.46000000000",0.00000000000,0.00000000000,0.00000000000
1/23/02,"1,551.52000000000",0.00000000000,0.00000000000,0.00000000000
1/22/02,"1,504.00000000000",0.00000000000,0.00000000000,0.00000000000
1/18/02,"1,550.50000000000",0.00000000000,0.00000000000,0.00000000000
1/17/02,"1,604.69000000000",0.00000000000,0.00000000000,0.00000000000
1/16/02,"1,561.28000000000",0.00000000000,0.00000000000,0.00000000000
1/15/02,"1,614.84000000000",0.00000000000,0.00000000000,0.00000000000
1/14/02,"1,606.13000000000",0.00000000000,0.00000000000,0.00000000000
1/11/02,"1,636.58000000000",0.00000000000,0.00000000000,0.00000000000
1/10/02,"1,659.13000000000",0.00000000000,0.00000000000,0.00000000000
1/9/02,"1,656.20000000000",0.00000000000,0.00000000000,0.00000000000
1/8/02,"1,669.05000000000",0.00000000000,0.00000000000,0.00000000000
1/7/02,"1,652.27000000000",0.00000000000,0.00000000000,0.00000000000
1/4/02,"1,677.51000000000",0.00000000000,0.00000000000,0.00000000000
1/3/02,"1,669.11000000000",0.00000000000,0.00000000000,0.00000000000
1/2/02,"1,612.76000000000",0.00000000000,0.00000000000,0.00000000000
12/31/01,"1,579.37000000000",0.00000000000,0.00000000000,0.00000000000
12/28/01,"1,623.51000000000",0.00000000000,0.00000000000,0.00000000000
12/27/01,"1,608.84000000000",0.00000000000,0.00000000000,0.00000000000
12/26/01,"1,593.18000000000",0.00000000000,0.00000000000,0.00000000000
12/24/01,"1,579.63000000000",0.00000000000,0.00000000000,0.00000000000
12/21/01,"1,580.59000000000",0.00000000000,0.00000000000,0.00000000000
12/20/01,"1,559.65000000000",0.00000000000,0.00000000000,0.00000000000
12/19/01,"1,631.08000000000",0.00000000000,0.00000000000,0.00000000000
12/18/01,"1,660.11000000000",0.00000000000,0.00000000000,0.00000000000
12/17/01,"1,642.75000000000",0.00000000000,0.00000000000,0.00000000000
12/14/01,"1,607.99000000000",0.00000000000,0.00000000000,0.00000000000
12/13/01,"1,604.24000000000",0.00000000000,0.00000000000,0.00000000000
12/12/01,"1,672.37000000000",0.00000000000,0.00000000000,0.00000000000
12/11/01,"1,663.68000000000",0.00000000000,0.00000000000,0.00000000000
12/10/01,"1,647.75000000000",0.00000000000,0.00000000000,0.00000000000
12/7/01,"1,676.32000000000",0.00000000000,0.00000000000,0.00000000000
12/6/01,"1,720.46000000000",0.00000000000,0.00000000000,0.00000000000
12/5/01,"1,723.40000000000",0.00000000000,0.00000000000,0.00000000000
12/4/01,"1,636.64000000000",0.00000000000,0.00000000000,0.00000000000
12/3/01,"1,569.81000000000",0.00000000000,0.00000000000,0.00000000000
11/30/01,"1,598.36000000000",0.00000000000,0.00000000000,0.00000000000
11/29/01,"1,601.62000000000",0.00000000000,0.00000000000,0.00000000000
11/28/01,"1,559.29000000000",0.00000000000,0.00000000000,0.00000000000
11/27/01,"1,612.21000000000",0.00000000000,0.00000000000,0.00000000000
11/26/01,"1,622.00000000000",0.00000000000,0.00000000000,0.00000000000
11/23/01,"1,579.75000000000",0.00000000000,0.00000000000,0.00000000000
11/21/01,"1,554.26000000000",0.00000000000,0.00000000000,0.00000000000
11/20/01,"1,551.95000000000",0.00000000000,0.00000000000,0.00000000000
11/19/01,"1,619.92000000000",0.00000000000,0.00000000000,0.00000000000
11/16/01,"1,584.43000000000",0.00000000000,0.00000000000,0.00000000000
11/15/01,"1,584.83000000000",0.00000000000,0.00000000000,0.00000000000
11/14/01,"1,588.15000000000",0.00000000000,0.00000000000,0.00000000000
11/13/01,"1,583.02000000000",0.00000000000,0.00000000000,0.00000000000
11/12/01,"1,530.93000000000",0.00000000000,0.00000000000,0.00000000000
11/9/01,"1,517.12000000000",0.00000000000,0.00000000000,0.00000000000
11/8/01,"1,512.75000000000",0.00000000000,0.00000000000,0.00000000000
11/7/01,"1,526.85000000000",0.00000000000,0.00000000000,0.00000000000
11/6/01,"1,525.26000000000",0.00000000000,0.00000000000,0.00000000000
11/5/01,"1,482.32000000000",0.00000000000,0.00000000000,0.00000000000
11/2/01,"1,427.74000000000",0.00000000000,0.00000000000,0.00000000000
11/1/01,"1,426.12000000000",0.00000000000,0.00000000000,0.00000000000
10/31/01,"1,366.66000000000",0.00000000000,0.00000000000,0.00000000000
10/30/01,"1,344.11000000000",0.00000000000,0.00000000000,0.00000000000
10/29/01,"1,376.42000000000",0.00000000000,0.00000000000,0.00000000000
10/26/01,"1,456.84000000000",0.00000000000,0.00000000000,0.00000000000
10/25/01,"1,481.03000000000",0.00000000000,0.00000000000,0.00000000000
10/24/01,"1,426.60000000000",0.00000000000,0.00000000000,0.00000000000
10/23/01,"1,385.89000000000",0.00000000000,0.00000000000,0.00000000000
10/22/01,"1,384.90000000000",0.00000000000,0.00000000000,0.00000000000
10/19/01,"1,349.37000000000",0.00000000000,0.00000000000,0.00000000000
10/18/01,"1,332.08000000000",0.00000000000,0.00000000000,0.00000000000
10/17/01,"1,316.54000000000",0.00000000000,0.00000000000,0.00000000000
10/16/01,"1,406.66000000000",0.00000000000,0.00000000000,0.00000000000
10/15/01,"1,380.74000000000",0.00000000000,0.00000000000,0.00000000000
10/12/01,"1,395.68000000000",0.00000000000,0.00000000000,0.00000000000
10/11/01,"1,391.70000000000",0.00000000000,0.00000000000,0.00000000000
10/10/01,"1,306.40000000000",0.00000000000,0.00000000000,0.00000000000
10/9/01,"1,246.20000000000",0.00000000000,0.00000000000,0.00000000000
10/8/01,"1,281.32000000000",0.00000000000,0.00000000000,0.00000000000
10/5/01,"1,273.41000000000",0.00000000000,0.00000000000,0.00000000000
10/4/01,"1,262.32000000000",0.00000000000,0.00000000000,0.00000000000
10/3/01,"1,251.06000000000",0.00000000000,0.00000000000,0.00000000000
10/2/01,"1,160.90000000000",0.00000000000,0.00000000000,0.00000000000
10/1/01,"1,152.75000000000",0.00000000000,0.00000000000,0.00000000000
9/28/01,"1,169.91000000000",0.00000000000,0.00000000000,0.00000000000
9/27/01,"1,145.77000000000",0.00000000000,0.00000000000,0.00000000000
9/26/01,"1,144.98000000000",0.00000000000,0.00000000000,0.00000000000
9/25/01,"1,189.32000000000",0.00000000000,0.00000000000,0.00000000000
9/24/01,"1,192.58000000000",0.00000000000,0.00000000000,0.00000000000
9/21/01,"1,128.43000000000",0.00000000000,0.00000000000,0.00000000000
9/20/01,"1,167.80000000000",0.00000000000,0.00000000000,0.00000000000
9/19/01,"1,209.81000000000",0.00000000000,0.00000000000,0.00000000000
9/18/01,"1,226.24000000000",0.00000000000,0.00000000000,0.00000000000
9/17/01,"1,254.33000000000",0.00000000000,0.00000000000,0.00000000000
9/10/01,"1,367.17000000000",0.00000000000,0.00000000000,0.00000000000
9/7/01,"1,356.04000000000",0.00000000000,0.00000000000,0.00000000000
9/6/01,"1,363.47000000000",0.00000000000,0.00000000000,0.00000000000
9/5/01,"1,417.15000000000",0.00000000000,0.00000000000,0.00000000000
9/4/01,"1,425.98000000000",0.00000000000,0.00000000000,0.00000000000
8/31/01,"1,471.62000000000",0.00000000000,0.00000000000,0.00000000000
8/30/01,"1,455.80000000000",0.00000000000,0.00000000000,0.00000000000
8/29/01,"1,501.72000000000",0.00000000000,0.00000000000,0.00000000000
8/28/01,"1,528.29000000000",0.00000000000,0.00000000000,0.00000000000
8/27/01,"1,580.39000000000",0.00000000000,0.00000000000,0.00000000000
8/24/01,"1,581.68000000000",0.00000000000,0.00000000000,0.00000000000
8/23/01,"1,498.93000000000",0.00000000000,0.00000000000,0.00000000000
8/22/01,"1,517.39000000000",0.00000000000,0.00000000000,0.00000000000
8/21/01,"1,482.67000000000",0.00000000000,0.00000000000,0.00000000000
8/20/01,"1,538.00000000000",0.00000000000,0.00000000000,0.00000000000
8/17/01,"1,518.56000000000",0.00000000000,0.00000000000,0.00000000000
8/16/01,"1,584.01000000000",0.00000000000,0.00000000000,0.00000000000
8/15/01,"1,574.04000000000",0.00000000000,0.00000000000,0.00000000000
8/14/01,"1,632.04000000000",0.00000000000,0.00000000000,0.00000000000
8/13/01,"1,655.38000000000",0.00000000000,0.00000000000,0.00000000000
8/10/01,"1,619.52000000000",0.00000000000,0.00000000000,0.00000000000
8/9/01,"1,631.01000000000",0.00000000000,0.00000000000,0.00000000000
8/8/01,"1,628.28000000000",0.00000000000,0.00000000000,0.00000000000
8/7/01,"1,698.55000000000",0.00000000000,0.00000000000,0.00000000000
8/6/01,"1,705.02000000000",0.00000000000,0.00000000000,0.00000000000
8/3/01,"1,728.11000000000",0.00000000000,0.00000000000,0.00000000000
8/2/01,"1,753.63000000000",0.00000000000,0.00000000000,0.00000000000
8/1/01,"1,731.68000000000",0.00000000000,0.00000000000,0.00000000000
7/31/01,"1,685.68000000000",0.00000000000,0.00000000000,0.00000000000
7/30/01,"1,672.08000000000",0.00000000000,0.00000000000,0.00000000000
7/27/01,"1,685.19000000000",0.00000000000,0.00000000000,0.00000000000
7/26/01,"1,675.39000000000",0.00000000000,0.00000000000,0.00000000000
7/25/01,"1,629.81000000000",0.00000000000,0.00000000000,0.00000000000
7/24/01,"1,606.79000000000",0.00000000000,0.00000000000,0.00000000000
7/23/01,"1,631.88000000000",0.00000000000,0.00000000000,0.00000000000
7/20/01,"1,678.47000000000",0.00000000000,0.00000000000,0.00000000000
7/19/01,"1,697.92000000000",0.00000000000,0.00000000000,0.00000000000
7/18/01,"1,668.87000000000",0.00000000000,0.00000000000,0.00000000000
7/17/01,"1,731.57000000000",0.00000000000,0.00000000000,0.00000000000
7/16/01,"1,687.71000000000",0.00000000000,0.00000000000,0.00000000000
7/13/01,"1,753.16000000000",0.00000000000,0.00000000000,0.00000000000
7/12/01,"1,752.17000000000",0.00000000000,0.00000000000,0.00000000000
7/11/01,"1,643.48000000000",0.00000000000,0.00000000000,0.00000000000
7/10/01,"1,626.85000000000",0.00000000000,0.00000000000,0.00000000000
7/9/01,"1,699.03000000000",0.00000000000,0.00000000000,0.00000000000
7/6/01,"1,670.54000000000",0.00000000000,0.00000000000,0.00000000000
7/5/01,"1,753.05000000000",0.00000000000,0.00000000000,0.00000000000
7/3/01,"1,824.29000000000",0.00000000000,0.00000000000,0.00000000000
7/2/01,"1,829.20000000000",0.00000000000,0.00000000000,0.00000000000
6/29/01,"1,832.33000000000",0.00000000000,0.00000000000,0.00000000000
6/28/01,"1,811.05000000000",0.00000000000,0.00000000000,0.00000000000
6/27/01,"1,758.08000000000",0.00000000000,0.00000000000,0.00000000000
6/26/01,"1,753.66000000000",0.00000000000,0.00000000000,0.00000000000
6/25/01,"1,745.94000000000",0.00000000000,0.00000000000,0.00000000000
6/22/01,"1,729.48000000000",0.00000000000,0.00000000000,0.00000000000
6/21/01,"1,753.29000000000",0.00000000000,0.00000000000,0.00000000000
6/20/01,"1,723.57000000000",0.00000000000,0.00000000000,0.00000000000
6/19/01,"1,677.85000000000",0.00000000000,0.00000000000,0.00000000000
6/18/01,"1,668.43000000000",0.00000000000,0.00000000000,0.00000000000
6/15/01,"1,703.51000000000",0.00000000000,0.00000000000,0.00000000000
6/14/01,"1,713.38000000000",0.00000000000,0.00000000000,0.00000000000
6/13/01,"1,792.29000000000",0.00000000000,0.00000000000,0.00000000000
6/12/01,"1,854.19000000000",0.00000000000,0.00000000000,0.00000000000
6/11/01,"1,848.64000000000",0.00000000000,0.00000000000,0.00000000000
6/8/01,"1,898.43000000000",0.00000000000,0.00000000000,0.00000000000
6/7/01,"1,965.60000000000",0.00000000000,0.00000000000,0.00000000000
6/6/01,"1,906.06000000000",0.00000000000,0.00000000000,0.00000000000
6/5/01,"1,926.14000000000",0.00000000000,0.00000000000,0.00000000000
6/4/01,"1,840.98000000000",0.00000000000,0.00000000000,0.00000000000
6/1/01,"1,842.98000000000",0.00000000000,0.00000000000,0.00000000000
5/31/01,"1,801.99000000000",0.00000000000,0.00000000000,0.00000000000
5/30/01,"1,781.07000000000",0.00000000000,0.00000000000,0.00000000000
5/29/01,"1,875.71000000000",0.00000000000,0.00000000000,0.00000000000
5/25/01,"1,963.02000000000",0.00000000000,0.00000000000,0.00000000000
5/24/01,"2,005.70000000000",0.00000000000,0.00000000000,0.00000000000
5/23/01,"1,959.84000000000",0.00000000000,0.00000000000,0.00000000000
5/22/01,"2,045.31000000000",0.00000000000,0.00000000000,0.00000000000
5/21/01,"2,054.96000000000",0.00000000000,0.00000000000,0.00000000000
5/18/01,"1,929.94000000000",0.00000000000,0.00000000000,0.00000000000
5/17/01,"1,927.38000000000",0.00000000000,0.00000000000,0.00000000000
5/16/01,"1,901.64000000000",0.00000000000,0.00000000000,0.00000000000
5/15/01,"1,798.87000000000",0.00000000000,0.00000000000,0.00000000000
5/14/01,"1,797.12000000000",0.00000000000,0.00000000000,0.00000000000
5/11/01,"1,823.28000000000",0.00000000000,0.00000000000,0.00000000000
5/10/01,"1,840.42000000000",0.00000000000,0.00000000000,0.00000000000
5/9/01,"1,879.02000000000",0.00000000000,0.00000000000,0.00000000000
5/8/01,"1,931.45000000000",0.00000000000,0.00000000000,0.00000000000
5/7/01,"1,897.58000000000",0.00000000000,0.00000000000,0.00000000000
5/4/01,"1,926.02000000000",0.00000000000,0.00000000000,0.00000000000
5/3/01,"1,879.95000000000",0.00000000000,0.00000000000,0.00000000000
5/2/01,"1,964.59000000000",0.00000000000,0.00000000000,0.00000000000
5/1/01,"1,921.13000000000",0.00000000000,0.00000000000,0.00000000000
4/30/01,"1,857.20000000000",0.00000000000,0.00000000000,0.00000000000
4/27/01,"1,812.47000000000",0.00000000000,0.00000000000,0.00000000000
4/26/01,"1,765.24000000000",0.00000000000,0.00000000000,0.00000000000
4/25/01,"1,816.29000000000",0.00000000000,0.00000000000,0.00000000000
4/24/01,"1,764.09000000000",0.00000000000,0.00000000000,0.00000000000
4/23/01,"1,813.83000000000",0.00000000000,0.00000000000,0.00000000000
4/20/01,"1,935.64000000000",0.00000000000,0.00000000000,0.00000000000
4/19/01,"1,955.37000000000",0.00000000000,0.00000000000,0.00000000000
4/18/01,"1,832.75000000000",0.00000000000,0.00000000000,0.00000000000
4/17/01,"1,673.29000000000",0.00000000000,0.00000000000,0.00000000000
4/16/01,"1,651.97000000000",0.00000000000,0.00000000000,0.00000000000
4/12/01,"1,716.12000000000",0.00000000000,0.00000000000,0.00000000000
4/11/01,"1,649.12000000000",0.00000000000,0.00000000000,0.00000000000
4/10/01,"1,599.57000000000",0.00000000000,0.00000000000,0.00000000000
4/9/01,"1,482.80000000000",0.00000000000,0.00000000000,0.00000000000
4/6/01,"1,449.71000000000",0.00000000000,0.00000000000,0.00000000000
4/5/01,"1,520.67000000000",0.00000000000,0.00000000000,0.00000000000
4/4/01,"1,372.21000000000",0.00000000000,0.00000000000,0.00000000000
4/3/01,"1,400.54000000000",0.00000000000,0.00000000000,0.00000000000
4/2/01,"1,518.19000000000",0.00000000000,0.00000000000,0.00000000000
3/30/01,"1,574.93000000000",0.00000000000,0.00000000000,0.00000000000
3/29/01,"1,564.81000000000",0.00000000000,0.00000000000,0.00000000000
3/28/01,"1,603.86000000000",0.00000000000,0.00000000000,0.00000000000
3/27/01,"1,737.47000000000",0.00000000000,0.00000000000,0.00000000000
3/26/01,"1,678.61000000000",0.00000000000,0.00000000000,0.00000000000
3/23/01,"1,706.76000000000",0.00000000000,0.00000000000,0.00000000000
3/22/01,"1,703.63000000000",0.00000000000,0.00000000000,0.00000000000
3/21/01,"1,606.67000000000",0.00000000000,0.00000000000,0.00000000000
3/20/01,"1,616.12000000000",0.00000000000,0.00000000000,0.00000000000
3/19/01,"1,732.22000000000",0.00000000000,0.00000000000,0.00000000000
3/16/01,"1,649.19000000000",0.00000000000,0.00000000000,0.00000000000
3/15/01,"1,699.65000000000",0.00000000000,0.00000000000,0.00000000000
3/14/01,"1,746.86000000000",0.00000000000,0.00000000000,0.00000000000
3/13/01,"1,791.52000000000",0.00000000000,0.00000000000,0.00000000000
3/12/01,"1,682.35000000000",0.00000000000,0.00000000000,0.00000000000
3/9/01,"1,814.87000000000",0.00000000000,0.00000000000,0.00000000000
3/8/01,"1,940.12000000000",0.00000000000,0.00000000000,0.00000000000
3/7/01,"1,998.26000000000",0.00000000000,0.00000000000,0.00000000000
3/6/01,"1,978.32000000000",0.00000000000,0.00000000000,0.00000000000
3/5/01,"1,918.63000000000",0.00000000000,0.00000000000,0.00000000000
3/2/01,"1,883.26000000000",0.00000000000,0.00000000000,0.00000000000
3/1/01,"1,970.02000000000",0.00000000000,0.00000000000,0.00000000000
2/28/01,"1,910.26000000000",0.00000000000,0.00000000000,0.00000000000
2/27/01,"1,966.52000000000",0.00000000000,0.00000000000,0.00000000000
2/26/01,"2,099.77000000000",0.00000000000,0.00000000000,0.00000000000
2/23/01,"2,058.15000000000",0.00000000000,0.00000000000,0.00000000000
2/22/01,"2,034.49000000000",0.00000000000,0.00000000000,0.00000000000
2/21/01,"2,060.63000000000",0.00000000000,0.00000000000,0.00000000000
2/20/01,"2,097.24000000000",0.00000000000,0.00000000000,0.00000000000
2/16/01,"2,214.76000000000",0.00000000000,0.00000000000,0.00000000000
2/15/01,"2,373.45000000000",0.00000000000,0.00000000000,0.00000000000
2/14/01,"2,308.17000000000",0.00000000000,0.00000000000,0.00000000000
2/13/01,"2,210.61000000000",0.00000000000,0.00000000000,0.00000000000
2/12/01,"2,289.14000000000",0.00000000000,0.00000000000,0.00000000000
2/9/01,"2,264.03000000000",0.00000000000,0.00000000000,0.00000000000
2/8/01,"2,358.03000000000",0.00000000000,0.00000000000,0.00000000000
2/7/01,"2,412.08000000000",0.00000000000,0.00000000000,0.00000000000
2/6/01,"2,475.72000000000",0.00000000000,0.00000000000,0.00000000000
2/5/01,"2,469.77000000000",0.00000000000,0.00000000000,0.00000000000
2/2/01,"2,474.58000000000",0.00000000000,0.00000000000,0.00000000000
2/1/01,"2,609.69000000000",0.00000000000,0.00000000000,0.00000000000
1/31/01,"2,595.52000000000",0.00000000000,0.00000000000,0.00000000000
1/30/01,"2,688.68000000000",0.00000000000,0.00000000000,0.00000000000
1/29/01,"2,697.03000000000",0.00000000000,0.00000000000,0.00000000000
1/26/01,"2,634.23000000000",0.00000000000,0.00000000000,0.00000000000
1/25/01,"2,598.26000000000",0.00000000000,0.00000000000,0.00000000000
1/24/01,"2,728.98000000000",0.00000000000,0.00000000000,0.00000000000
1/23/01,"2,732.56000000000",0.00000000000,0.00000000000,0.00000000000
1/22/01,"2,645.56000000000",0.00000000000,0.00000000000,0.00000000000
1/19/01,"2,658.12000000000",0.00000000000,0.00000000000,0.00000000000
1/18/01,"2,672.93000000000",0.00000000000,0.00000000000,0.00000000000
1/17/01,"2,561.03000000000",0.00000000000,0.00000000000,0.00000000000
1/16/01,"2,472.99000000000",0.00000000000,0.00000000000,0.00000000000
1/12/01,"2,508.36000000000",0.00000000000,0.00000000000,0.00000000000
1/11/01,"2,526.62000000000",0.00000000000,0.00000000000,0.00000000000
1/10/01,"2,415.94000000000",0.00000000000,0.00000000000,0.00000000000
1/9/01,"2,313.53000000000",0.00000000000,0.00000000000,0.00000000000
1/8/01,"2,283.64000000000",0.00000000000,0.00000000000,0.00000000000
1/5/01,"2,269.94000000000",0.00000000000,0.00000000000,0.00000000000
1/4/01,"2,462.31000000000",0.00000000000,0.00000000000,0.00000000000
1/3/01,"2,530.71000000000",0.00000000000,0.00000000000,0.00000000000
1/2/01,"2,130.74000000000",0.00000000000,0.00000000000,0.00000000000
12/29/00,"2,343.85000000000",0.00000000000,0.00000000000,0.00000000000
12/28/00,"2,466.89000000000",0.00000000000,0.00000000000,0.00000000000
12/27/00,"2,462.47000000000",0.00000000000,0.00000000000,0.00000000000
12/26/00,"2,406.81000000000",0.00000000000,0.00000000000,0.00000000000
12/22/00,"2,438.49000000000",0.00000000000,0.00000000000,0.00000000000
12/21/00,"2,226.89000000000",0.00000000000,0.00000000000,0.00000000000
12/20/00,"2,212.35000000000",0.00000000000,0.00000000000,0.00000000000
12/19/00,"2,401.83000000000",0.00000000000,0.00000000000,0.00000000000
12/18/00,"2,545.28000000000",0.00000000000,0.00000000000,0.00000000000
12/15/00,"2,551.68000000000",0.00000000000,0.00000000000,0.00000000000
12/14/00,"2,641.54000000000",0.00000000000,0.00000000000,0.00000000000
12/13/00,"2,751.25000000000",0.00000000000,0.00000000000,0.00000000000
12/12/00,"2,865.67000000000",0.00000000000,0.00000000000,0.00000000000
12/11/00,"2,975.46000000000",0.00000000000,0.00000000000,0.00000000000
12/8/00,"2,897.87000000000",0.00000000000,0.00000000000,0.00000000000
12/7/00,"2,722.25000000000",0.00000000000,0.00000000000,0.00000000000
12/6/00,"2,746.06000000000",0.00000000000,0.00000000000,0.00000000000
12/5/00,"2,855.33000000000",0.00000000000,0.00000000000,0.00000000000
12/4/00,"2,556.59000000000",0.00000000000,0.00000000000,0.00000000000
12/1/00,"2,551.93000000000",0.00000000000,0.00000000000,0.00000000000
11/30/00,"2,508.69000000000",0.00000000000,0.00000000000,0.00000000000
11/29/00,"2,605.08000000000",0.00000000000,0.00000000000,0.00000000000
11/28/00,"2,623.35000000000",0.00000000000,0.00000000000,0.00000000000
11/27/00,"2,771.69000000000",0.00000000000,0.00000000000,0.00000000000
11/24/00,"2,832.51000000000",0.00000000000,0.00000000000,0.00000000000
11/22/00,"2,670.54000000000",0.00000000000,0.00000000000,0.00000000000
11/21/00,"2,788.92000000000",0.00000000000,0.00000000000,0.00000000000
11/20/00,"2,794.80000000000",0.00000000000,0.00000000000,0.00000000000
11/17/00,"2,937.33000000000",0.00000000000,0.00000000000,0.00000000000
11/16/00,"2,927.67000000000",0.00000000000,0.00000000000,0.00000000000
11/15/00,"3,079.29000000000",0.00000000000,0.00000000000,0.00000000000
11/14/00,"3,042.07000000000",0.00000000000,0.00000000000,0.00000000000
11/13/00,"2,839.01000000000",0.00000000000,0.00000000000,0.00000000000
11/10/00,"2,892.70000000000",0.00000000000,0.00000000000,0.00000000000
11/9/00,"3,059.64000000000",0.00000000000,0.00000000000,0.00000000000
11/8/00,"3,061.67000000000",0.00000000000,0.00000000000,0.00000000000
11/7/00,"3,282.33000000000",0.00000000000,0.00000000000,0.00000000000
11/6/00,"3,293.24000000000",0.00000000000,0.00000000000,0.00000000000
11/3/00,"3,324.71000000000",0.00000000000,0.00000000000,0.00000000000
11/2/00,"3,311.19000000000",0.00000000000,0.00000000000,0.00000000000
11/1/00,"3,227.91000000000",0.00000000000,0.00000000000,0.00000000000
10/31/00,"3,284.99000000000",0.00000000000,0.00000000000,0.00000000000
10/30/00,"3,083.60000000000",0.00000000000,0.00000000000,0.00000000000
10/27/00,"3,177.80000000000",0.00000000000,0.00000000000,0.00000000000
10/26/00,"3,169.68000000000",0.00000000000,0.00000000000,0.00000000000
10/25/00,"3,110.11000000000",0.00000000000,0.00000000000,0.00000000000
10/24/00,"3,355.93000000000",0.00000000000,0.00000000000,0.00000000000
10/23/00,"3,424.73000000000",0.00000000000,0.00000000000,0.00000000000
10/20/00,"3,459.37000000000",0.00000000000,0.00000000000,0.00000000000
10/19/00,"3,405.65000000000",0.00000000000,0.00000000000,0.00000000000
10/18/00,"3,141.81000000000",0.00000000000,0.00000000000,0.00000000000
10/17/00,"3,174.71000000000",0.00000000000,0.00000000000,0.00000000000
10/16/00,"3,252.04000000000",0.00000000000,0.00000000000,0.00000000000
10/13/00,"3,280.38000000000",0.00000000000,0.00000000000,0.00000000000
10/12/00,"3,006.84000000000",0.00000000000,0.00000000000,0.00000000000
10/11/00,"3,103.00000000000",0.00000000000,0.00000000000,0.00000000000
10/10/00,"3,190.82000000000",0.00000000000,0.00000000000,0.00000000000
10/9/00,"3,321.54000000000",0.00000000000,0.00000000000,0.00000000000
10/6/00,"3,314.58000000000",0.00000000000,0.00000000000,0.00000000000
10/5/00,"3,427.04000000000",0.00000000000,0.00000000000,0.00000000000
10/4/00,"3,456.11000000000",0.00000000000,0.00000000000,0.00000000000
10/3/00,"3,356.01000000000",0.00000000000,0.00000000000,0.00000000000
10/2/00,"3,460.72000000000",0.00000000000,0.00000000000,0.00000000000
9/29/00,"3,573.46000000000",0.00000000000,0.00000000000,0.00000000000
9/28/00,"3,728.12000000000",0.00000000000,0.00000000000,0.00000000000
9/27/00,"3,574.73000000000",0.00000000000,0.00000000000,0.00000000000
9/26/00,"3,585.43000000000",0.00000000000,0.00000000000,0.00000000000
9/25/00,"3,624.97000000000",0.00000000000,0.00000000000,0.00000000000
9/22/00,"3,704.11000000000",0.00000000000,0.00000000000,0.00000000000
9/21/00,"3,721.10000000000",0.00000000000,0.00000000000,0.00000000000
9/20/00,"3,793.45000000000",0.00000000000,0.00000000000,0.00000000000
9/19/00,"3,759.38000000000",0.00000000000,0.00000000000,0.00000000000
9/18/00,"3,588.36000000000",0.00000000000,0.00000000000,0.00000000000
9/15/00,"3,679.25000000000",0.00000000000,0.00000000000,0.00000000000
9/14/00,"3,740.39000000000",0.00000000000,0.00000000000,0.00000000000
9/13/00,"3,744.72000000000",0.00000000000,0.00000000000,0.00000000000
9/12/00,"3,669.78000000000",0.00000000000,0.00000000000,0.00000000000
9/11/00,"3,709.68000000000",0.00000000000,0.00000000000,0.00000000000
9/8/00,"3,816.46000000000",0.00000000000,0.00000000000,0.00000000000
9/7/00,"3,956.49000000000",0.00000000000,0.00000000000,0.00000000000
9/6/00,"3,840.67000000000",0.00000000000,0.00000000000,0.00000000000
9/5/00,"3,990.19000000000",0.00000000000,0.00000000000,0.00000000000
9/1/00,"4,102.55000000000",0.00000000000,0.00000000000,0.00000000000
8/31/00,"4,080.83000000000",0.00000000000,0.00000000000,0.00000000000
8/30/00,"3,971.88000000000",0.00000000000,0.00000000000,0.00000000000
8/29/00,"3,955.06000000000",0.00000000000,0.00000000000,0.00000000000
8/28/00,"3,957.36000000000",0.00000000000,0.00000000000,0.00000000000
8/25/00,"3,934.35000000000",0.00000000000,0.00000000000,0.00000000000
8/24/00,"3,952.69000000000",0.00000000000,0.00000000000,0.00000000000
8/23/00,"3,900.00000000000",0.00000000000,0.00000000000,0.00000000000
8/22/00,"3,830.91000000000",0.00000000000,0.00000000000,0.00000000000
8/21/00,"3,830.64000000000",0.00000000000,0.00000000000,0.00000000000
8/18/00,"3,810.52000000000",0.00000000000,0.00000000000,0.00000000000
8/17/00,"3,833.62000000000",0.00000000000,0.00000000000,0.00000000000
8/16/00,"3,724.19000000000",0.00000000000,0.00000000000,0.00000000000
8/15/00,"3,725.52000000000",0.00000000000,0.00000000000,0.00000000000
8/14/00,"3,722.50000000000",0.00000000000,0.00000000000,0.00000000000
8/11/00,"3,647.44000000000",0.00000000000,0.00000000000,0.00000000000
8/10/00,"3,597.98000000000",0.00000000000,0.00000000000,0.00000000000
8/9/00,"3,695.91000000000",0.00000000000,0.00000000000,0.00000000000
8/8/00,"3,689.23000000000",0.00000000000,0.00000000000,0.00000000000
8/7/00,"3,713.28000000000",0.00000000000,0.00000000000,0.00000000000
8/4/00,"3,621.44000000000",0.00000000000,0.00000000000,0.00000000000
8/3/00,"3,626.32000000000",0.00000000000,0.00000000000,0.00000000000
8/2/00,"3,493.00000000000",0.00000000000,0.00000000000,0.00000000000
8/1/00,"3,523.80000000000",0.00000000000,0.00000000000,0.00000000000
7/31/00,"3,612.07000000000",0.00000000000,0.00000000000,0.00000000000
7/28/00,"3,479.93000000000",0.00000000000,0.00000000000,0.00000000000
7/27/00,"3,684.36000000000",0.00000000000,0.00000000000,0.00000000000
7/26/00,"3,821.11000000000",0.00000000000,0.00000000000,0.00000000000
7/25/00,"3,868.26000000000",0.00000000000,0.00000000000,0.00000000000
7/24/00,"3,793.44000000000",0.00000000000,0.00000000000,0.00000000000
7/21/00,"3,911.66000000000",0.00000000000,0.00000000000,0.00000000000
7/20/00,"3,998.43000000000",0.00000000000,0.00000000000,0.00000000000
7/19/00,"3,846.84000000000",0.00000000000,0.00000000000,0.00000000000
7/18/00,"3,963.90000000000",0.00000000000,0.00000000000,0.00000000000
7/17/00,"4,064.90000000000",0.00000000000,0.00000000000,0.00000000000
7/14/00,"4,044.15000000000",0.00000000000,0.00000000000,0.00000000000
7/13/00,"3,959.60000000000",0.00000000000,0.00000000000,0.00000000000
7/12/00,"3,904.01000000000",0.00000000000,0.00000000000,0.00000000000
7/11/00,"3,747.31000000000",0.00000000000,0.00000000000,0.00000000000
7/10/00,"3,775.00000000000",0.00000000000,0.00000000000,0.00000000000
7/7/00,"3,844.13000000000",0.00000000000,0.00000000000,0.00000000000
7/6/00,"3,796.30000000000",0.00000000000,0.00000000000,0.00000000000
7/5/00,"3,652.46000000000",0.00000000000,0.00000000000,0.00000000000
7/3/00,"3,807.56000000000",0.00000000000,0.00000000000,0.00000000000
6/30/00,"3,766.54000000000",0.00000000000,0.00000000000,0.00000000000
6/29/00,"3,668.51000000000",0.00000000000,0.00000000000,0.00000000000
6/28/00,"3,773.81000000000",0.00000000000,0.00000000000,0.00000000000
6/27/00,"3,701.69000000000",0.00000000000,0.00000000000,0.00000000000
6/26/00,"3,774.20000000000",0.00000000000,0.00000000000,0.00000000000
6/23/00,"3,687.98000000000",0.00000000000,0.00000000000,0.00000000000
6/22/00,"3,806.88000000000",0.00000000000,0.00000000000,0.00000000000
6/21/00,"3,972.89000000000",0.00000000000,0.00000000000,0.00000000000
6/20/00,"3,936.70000000000",0.00000000000,0.00000000000,0.00000000000
6/19/00,"3,936.56000000000",0.00000000000,0.00000000000,0.00000000000
6/16/00,"3,790.12000000000",0.00000000000,0.00000000000,0.00000000000
6/15/00,"3,754.74000000000",0.00000000000,0.00000000000,0.00000000000
6/14/00,"3,680.17000000000",0.00000000000,0.00000000000,0.00000000000
6/13/00,"3,768.55000000000",0.00000000000,0.00000000000,0.00000000000
6/12/00,"3,641.07000000000",0.00000000000,0.00000000000,0.00000000000
6/9/00,"3,762.99000000000",0.00000000000,0.00000000000,0.00000000000
6/8/00,"3,710.01000000000",0.00000000000,0.00000000000,0.00000000000
6/7/00,"3,738.74000000000",0.00000000000,0.00000000000,0.00000000000
6/6/00,"3,648.98000000000",0.00000000000,0.00000000000,0.00000000000
6/5/00,"3,733.03000000000",0.00000000000,0.00000000000,0.00000000000
6/2/00,"3,758.41000000000",0.00000000000,0.00000000000,0.00000000000
6/1/00,"3,521.55000000000",0.00000000000,0.00000000000,0.00000000000
5/31/00,"3,326.50000000000",0.00000000000,0.00000000000,0.00000000000
5/30/00,"3,416.52000000000",0.00000000000,0.00000000000,0.00000000000
5/26/00,"3,103.68000000000",0.00000000000,0.00000000000,0.00000000000
5/25/00,"3,101.52000000000",0.00000000000,0.00000000000,0.00000000000
5/24/00,"3,182.61000000000",0.00000000000,0.00000000000,0.00000000000
5/23/00,"3,025.60000000000",0.00000000000,0.00000000000,0.00000000000
5/22/00,"3,267.07000000000",0.00000000000,0.00000000000,0.00000000000
5/19/00,"3,263.00000000000",0.00000000000,0.00000000000,0.00000000000
5/18/00,"3,428.83000000000",0.00000000000,0.00000000000,0.00000000000
5/17/00,"3,553.07000000000",0.00000000000,0.00000000000,0.00000000000
5/16/00,"3,649.53000000000",0.00000000000,0.00000000000,0.00000000000
5/15/00,"3,514.60000000000",0.00000000000,0.00000000000,0.00000000000
5/12/00,"3,408.66000000000",0.00000000000,0.00000000000,0.00000000000
5/11/00,"3,383.98000000000",0.00000000000,0.00000000000,0.00000000000
5/10/00,"3,247.03000000000",0.00000000000,0.00000000000,0.00000000000
5/9/00,"3,447.08000000000",0.00000000000,0.00000000000,0.00000000000
5/8/00,"3,524.10000000000",0.00000000000,0.00000000000,0.00000000000
5/5/00,"3,690.97000000000",0.00000000000,0.00000000000,0.00000000000
5/4/00,"3,573.26000000000",0.00000000000,0.00000000000,0.00000000000
5/3/00,"3,564.69000000000",0.00000000000,0.00000000000,0.00000000000
5/2/00,"3,629.82000000000",0.00000000000,0.00000000000,0.00000000000
5/1/00,"3,832.49000000000",0.00000000000,0.00000000000,0.00000000000
4/28/00,"3,775.79000000000",0.00000000000,0.00000000000,0.00000000000
4/27/00,"3,695.13000000000",0.00000000000,0.00000000000,0.00000000000
4/26/00,"3,508.10000000000",0.00000000000,0.00000000000,0.00000000000
4/25/00,"3,624.00000000000",0.00000000000,0.00000000000,0.00000000000
4/24/00,"3,355.80000000000",0.00000000000,0.00000000000,0.00000000000
4/20/00,"3,507.66000000000",0.00000000000,0.00000000000,0.00000000000
4/19/00,"3,585.49000000000",0.00000000000,0.00000000000,0.00000000000
4/18/00,"3,718.32000000000",0.00000000000,0.00000000000,0.00000000000
4/17/00,"3,531.83000000000",0.00000000000,0.00000000000,0.00000000000
4/14/00,"3,210.12000000000",0.00000000000,0.00000000000,0.00000000000
4/13/00,"3,556.21000000000",0.00000000000,0.00000000000,0.00000000000
4/12/00,"3,636.08000000000",0.00000000000,0.00000000000,0.00000000000
4/11/00,"3,911.85000000000",0.00000000000,0.00000000000,0.00000000000
4/10/00,"4,000.96000000000",0.00000000000,0.00000000000,0.00000000000
4/7/00,"4,294.43000000000",0.00000000000,0.00000000000,0.00000000000
4/6/00,"4,089.49000000000",0.00000000000,0.00000000000,0.00000000000
4/5/00,"4,032.98000000000",0.00000000000,0.00000000000,0.00000000000
4/4/00,"4,036.89000000000",0.00000000000,0.00000000000,0.00000000000
4/3/00,"4,079.77000000000",0.00000000000,0.00000000000,0.00000000000
3/31/00,"4,400.69000000000",0.00000000000,0.00000000000,0.00000000000
3/30/00,"4,252.95000000000",0.00000000000,0.00000000000,0.00000000000
3/29/00,"4,416.78000000000",0.00000000000,0.00000000000,0.00000000000
3/28/00,"4,586.35000000000",0.00000000000,0.00000000000,0.00000000000
3/27/00,"4,707.78000000000",0.00000000000,0.00000000000,0.00000000000
3/24/00,"4,694.65000000000",0.00000000000,0.00000000000,0.00000000000
3/23/00,"4,663.63000000000",0.00000000000,0.00000000000,0.00000000000
3/22/00,"4,599.78000000000",0.00000000000,0.00000000000,0.00000000000
3/21/00,"4,452.20000000000",0.00000000000,0.00000000000,0.00000000000
3/20/00,"4,263.90000000000",0.00000000000,0.00000000000,0.00000000000
3/17/00,"4,443.32000000000",0.00000000000,0.00000000000,0.00000000000
3/16/00,"4,356.14000000000",0.00000000000,0.00000000000,0.00000000000
3/15/00,"4,132.68000000000",0.00000000000,0.00000000000,0.00000000000
3/14/00,"4,229.72000000000",0.00000000000,0.00000000000,0.00000000000
3/13/00,"4,429.66000000000",0.00000000000,0.00000000000,0.00000000000
3/10/00,"4,590.12000000000",0.00000000000,0.00000000000,0.00000000000
3/9/00,"4,589.22000000000",0.00000000000,0.00000000000,0.00000000000
3/8/00,"4,448.55000000000",0.00000000000,0.00000000000,0.00000000000
3/7/00,"4,393.66000000000",0.00000000000,0.00000000000,0.00000000000
3/6/00,"4,460.06000000000",0.00000000000,0.00000000000,0.00000000000
3/3/00,"4,445.74000000000",0.00000000000,0.00000000000,0.00000000000
3/2/00,"4,236.99000000000",0.00000000000,0.00000000000,0.00000000000
3/1/00,"4,311.79000000000",0.00000000000,0.00000000000,0.00000000000
2/29/00,"4,269.69000000000",0.00000000000,0.00000000000,0.00000000000
2/28/00,"4,164.81000000000",0.00000000000,0.00000000000,0.00000000000
2/25/00,"4,181.26000000000",0.00000000000,0.00000000000,0.00000000000
2/24/00,"4,255.78000000000",0.00000000000,0.00000000000,0.00000000000
2/23/00,"4,172.76000000000",0.00000000000,0.00000000000,0.00000000000
2/22/00,"3,971.68000000000",0.00000000000,0.00000000000,0.00000000000
2/18/00,"3,968.30000000000",0.00000000000,0.00000000000,0.00000000000
2/17/00,"4,128.02000000000",0.00000000000,0.00000000000,0.00000000000
2/16/00,"4,000.53000000000",0.00000000000,0.00000000000,0.00000000000
2/15/00,"3,999.54000000000",0.00000000000,0.00000000000,0.00000000000
2/14/00,"3,988.64000000000",0.00000000000,0.00000000000,0.00000000000
2/11/00,"3,971.39000000000",0.00000000000,0.00000000000,0.00000000000
2/10/00,"4,092.57000000000",0.00000000000,0.00000000000,0.00000000000
2/9/00,"3,970.96000000000",0.00000000000,0.00000000000,0.00000000000
2/8/00,"4,065.32000000000",0.00000000000,0.00000000000,0.00000000000
2/7/00,"3,935.81000000000",0.00000000000,0.00000000000,0.00000000000
2/4/00,"3,876.80000000000",0.00000000000,0.00000000000,0.00000000000
2/3/00,"3,853.59000000000",0.00000000000,0.00000000000,0.00000000000
2/2/00,"3,726.74000000000",0.00000000000,0.00000000000,0.00000000000
2/1/00,"3,703.98000000000",0.00000000000,0.00000000000,0.00000000000
1/31/00,"3,572.17000000000",0.00000000000,0.00000000000,0.00000000000
1/28/00,"3,448.15000000000",0.00000000000,0.00000000000,0.00000000000
1/27/00,"3,595.23000000000",0.00000000000,0.00000000000,0.00000000000
1/26/00,"3,623.31000000000",0.00000000000,0.00000000000,0.00000000000
1/25/00,"3,761.28000000000",0.00000000000,0.00000000000,0.00000000000
1/24/00,"3,663.06000000000",0.00000000000,0.00000000000,0.00000000000
1/21/00,"3,852.18000000000",0.00000000000,0.00000000000,0.00000000000
1/20/00,"3,843.95000000000",0.00000000000,0.00000000000,0.00000000000
1/19/00,"3,793.07000000000",0.00000000000,0.00000000000,0.00000000000
1/18/00,"3,759.95000000000",0.00000000000,0.00000000000,0.00000000000
1/14/00,"3,706.87000000000",0.00000000000,0.00000000000,0.00000000000
1/13/00,"3,614.16000000000",0.00000000000,0.00000000000,0.00000000000
1/12/00,"3,480.15000000000",0.00000000000,0.00000000000,0.00000000000
1/11/00,"3,546.39000000000",0.00000000000,0.00000000000,0.00000000000
1/10/00,"3,719.55000000000",0.00000000000,0.00000000000,0.00000000000
1/7/00,"3,531.63000000000",0.00000000000,0.00000000000,0.00000000000
1/6/00,"3,342.73000000000",0.00000000000,0.00000000000,0.00000000000
1/5/00,"3,509.33000000000",0.00000000000,0.00000000000,0.00000000000
1/4/00,"3,548.24000000000",0.00000000000,0.00000000000,0.00000000000
1/3/00,"3,792.73000000000",0.00000000000,0.00000000000,0.00000000000
12/31/99,"3,709.96000000000",0.00000000000,0.00000000000,0.00000000000
12/30/99,"3,685.79000000000",0.00000000000,0.00000000000,0.00000000000
12/29/99,"3,691.80000000000",0.00000000000,0.00000000000,0.00000000000
12/28/99,"3,582.02000000000",0.00000000000,0.00000000000,0.00000000000
12/27/99,"3,600.58000000000",0.00000000000,0.00000000000,0.00000000000
12/23/99,"3,592.34000000000",0.00000000000,0.00000000000,0.00000000000
12/22/99,"3,564.34000000000",0.00000000000,0.00000000000,0.00000000000
12/21/99,"3,530.56000000000",0.00000000000,0.00000000000,0.00000000000
12/20/99,"3,391.96000000000",0.00000000000,0.00000000000,0.00000000000
12/17/99,"3,361.79000000000",0.00000000000,0.00000000000,0.00000000000
12/16/99,"3,333.94000000000",0.00000000000,0.00000000000,0.00000000000
12/15/99,"3,240.76000000000",0.00000000000,0.00000000000,0.00000000000
12/14/99,"3,168.83000000000",0.00000000000,0.00000000000,0.00000000000
12/13/99,"3,243.96000000000",0.00000000000,0.00000000000,0.00000000000
12/10/99,"3,204.81000000000",0.00000000000,0.00000000000,0.00000000000
12/9/99,"3,169.03000000000",0.00000000000,0.00000000000,0.00000000000
12/8/99,"3,165.59000000000",0.00000000000,0.00000000000,0.00000000000
12/7/99,"3,206.61000000000",0.00000000000,0.00000000000,0.00000000000
12/6/99,"3,192.61000000000",0.00000000000,0.00000000000,0.00000000000
12/3/99,"3,173.89000000000",0.00000000000,0.00000000000,0.00000000000
12/2/99,"3,109.95000000000",0.00000000000,0.00000000000,0.00000000000
12/1/99,"2,998.71000000000",0.00000000000,0.00000000000,0.00000000000
11/30/99,"2,968.11000000000",0.00000000000,0.00000000000,0.00000000000
11/29/99,"3,064.68000000000",0.00000000000,0.00000000000,0.00000000000
11/26/99,"3,118.09000000000",0.00000000000,0.00000000000,0.00000000000
11/24/99,"3,109.99000000000",0.00000000000,0.00000000000,0.00000000000
11/23/99,"3,001.20000000000",0.00000000000,0.00000000000,0.00000000000
11/22/99,"3,051.05000000000",0.00000000000,0.00000000000,0.00000000000
11/19/99,"3,030.29000000000",0.00000000000,0.00000000000,0.00000000000
11/18/99,"3,004.91000000000",0.00000000000,0.00000000000,0.00000000000
11/17/99,"2,913.07000000000",0.00000000000,0.00000000000,0.00000000000
11/16/99,"2,941.65000000000",0.00000000000,0.00000000000,0.00000000000
11/15/99,"2,877.19000000000",0.00000000000,0.00000000000,0.00000000000
11/12/99,"2,890.24000000000",0.00000000000,0.00000000000,0.00000000000
11/11/99,"2,851.12000000000",0.00000000000,0.00000000000,0.00000000000
11/10/99,"2,798.90000000000",0.00000000000,0.00000000000,0.00000000000
11/9/99,"2,764.85000000000",0.00000000000,0.00000000000,0.00000000000
11/8/99,"2,787.55000000000",0.00000000000,0.00000000000,0.00000000000
11/5/99,"2,756.97000000000",0.00000000000,0.00000000000,0.00000000000
11/4/99,"2,704.36000000000",0.00000000000,0.00000000000,0.00000000000
11/3/99,"2,673.95000000000",0.00000000000,0.00000000000,0.00000000000
11/2/99,"2,628.13000000000",0.00000000000,0.00000000000,0.00000000000
11/1/99,"2,617.50000000000",0.00000000000,0.00000000000,0.00000000000
10/29/99,"2,638.59000000000",0.00000000000,0.00000000000,0.00000000000
10/28/99,"2,541.03000000000",0.00000000000,0.00000000000,0.00000000000
10/27/99,"2,458.48000000000",0.00000000000,0.00000000000,0.00000000000
10/26/99,"2,467.43000000000",0.00000000000,0.00000000000,0.00000000000
10/25/99,"2,485.22000000000",0.00000000000,0.00000000000,0.00000000000
10/22/99,"2,486.93000000000",0.00000000000,0.00000000000,0.00000000000
10/21/99,"2,478.17000000000",0.00000000000,0.00000000000,0.00000000000
10/20/99,"2,467.31000000000",0.00000000000,0.00000000000,0.00000000000
10/19/99,"2,363.22000000000",0.00000000000,0.00000000000,0.00000000000
10/18/99,"2,363.08000000000",0.00000000000,0.00000000000,0.00000000000
10/15/99,"2,404.79000000000",0.00000000000,0.00000000000,0.00000000000
10/14/99,"2,472.00000000000",0.00000000000,0.00000000000,0.00000000000
10/13/99,"2,455.50000000000",0.00000000000,0.00000000000,0.00000000000
10/12/99,"2,527.85000000000",0.00000000000,0.00000000000,0.00000000000
10/11/99,"2,579.93000000000",0.00000000000,0.00000000000,0.00000000000
10/8/99,"2,556.41000000000",0.00000000000,0.00000000000,0.00000000000
10/7/99,"2,533.03000000000",0.00000000000,0.00000000000,0.00000000000
10/6/99,"2,533.43000000000",0.00000000000,0.00000000000,0.00000000000
10/5/99,"2,472.50000000000",0.00000000000,0.00000000000,0.00000000000
10/4/99,"2,468.92000000000",0.00000000000,0.00000000000,0.00000000000
10/1/99,"2,405.42000000000",0.00000000000,0.00000000000,0.00000000000
9/30/99,"2,408.88000000000",0.00000000000,0.00000000000,0.00000000000
9/29/99,"2,399.76000000000",0.00000000000,0.00000000000,0.00000000000
9/28/99,"2,429.10000000000",0.00000000000,0.00000000000,0.00000000000
9/27/99,"2,427.49000000000",0.00000000000,0.00000000000,0.00000000000
9/24/99,"2,400.54000000000",0.00000000000,0.00000000000,0.00000000000
9/23/99,"2,404.04000000000",0.00000000000,0.00000000000,0.00000000000
9/22/99,"2,514.95000000000",0.00000000000,0.00000000000,0.00000000000
9/21/99,"2,474.73000000000",0.00000000000,0.00000000000,0.00000000000
9/20/99,"2,546.43000000000",0.00000000000,0.00000000000,0.00000000000
9/17/99,"2,537.93000000000",0.00000000000,0.00000000000,0.00000000000
9/16/99,"2,467.87000000000",0.00000000000,0.00000000000,0.00000000000
9/15/99,"2,464.08000000000",0.00000000000,0.00000000000,0.00000000000
9/14/99,"2,523.47000000000",0.00000000000,0.00000000000,0.00000000000
9/13/99,"2,484.10000000000",0.00000000000,0.00000000000,0.00000000000
9/10/99,"2,535.63000000000",0.00000000000,0.00000000000,0.00000000000
9/9/99,"2,506.51000000000",0.00000000000,0.00000000000,0.00000000000
9/8/99,"2,455.65000000000",0.00000000000,0.00000000000,0.00000000000
9/7/99,"2,492.82000000000",0.00000000000,0.00000000000,0.00000000000
9/3/99,"2,507.68000000000",0.00000000000,0.00000000000,0.00000000000
9/2/99,"2,393.53000000000",0.00000000000,0.00000000000,0.00000000000
9/1/99,"2,405.88000000000",0.00000000000,0.00000000000,0.00000000000
8/31/99,"2,397.80000000000",0.00000000000,0.00000000000,0.00000000000
8/30/99,"2,367.80000000000",0.00000000000,0.00000000000,0.00000000000
8/27/99,"2,403.48000000000",0.00000000000,0.00000000000,0.00000000000
8/26/99,"2,418.22000000000",0.00000000000,0.00000000000,0.00000000000
8/25/99,"2,461.86000000000",0.00000000000,0.00000000000,0.00000000000
8/24/99,"2,405.74000000000",0.00000000000,0.00000000000,0.00000000000
8/23/99,"2,386.78000000000",0.00000000000,0.00000000000,0.00000000000
8/20/99,"2,315.95000000000",0.00000000000,0.00000000000,0.00000000000
8/19/99,"2,279.66000000000",0.00000000000,0.00000000000,0.00000000000
8/18/99,"2,318.27000000000",0.00000000000,0.00000000000,0.00000000000
8/17/99,"2,338.22000000000",0.00000000000,0.00000000000,0.00000000000
8/16/99,"2,313.92000000000",0.00000000000,0.00000000000,0.00000000000
8/13/99,"2,307.90000000000",0.00000000000,0.00000000000,0.00000000000
8/12/99,"2,215.14000000000",0.00000000000,0.00000000000,0.00000000000
8/11/99,"2,242.61000000000",0.00000000000,0.00000000000,0.00000000000
8/10/99,"2,164.56000000000",0.00000000000,0.00000000000,0.00000000000
8/9/99,"2,188.40000000000",0.00000000000,0.00000000000,0.00000000000
8/6/99,"2,212.95000000000",0.00000000000,0.00000000000,0.00000000000
8/5/99,"2,233.04000000000",0.00000000000,0.00000000000,0.00000000000
8/4/99,"2,205.13000000000",0.00000000000,0.00000000000,0.00000000000
8/3/99,"2,239.90000000000",0.00000000000,0.00000000000,0.00000000000
8/2/99,"2,265.54000000000",0.00000000000,0.00000000000,0.00000000000
7/30/99,"2,271.66000000000",0.00000000000,0.00000000000,0.00000000000
7/29/99,"2,263.78000000000",0.00000000000,0.00000000000,0.00000000000
7/28/99,"2,334.50000000000",0.00000000000,0.00000000000,0.00000000000
7/27/99,"2,309.46000000000",0.00000000000,0.00000000000,0.00000000000
7/26/99,"2,234.17000000000",0.00000000000,0.00000000000,0.00000000000
7/23/99,"2,302.70000000000",0.00000000000,0.00000000000,0.00000000000
7/22/99,"2,282.60000000000",0.00000000000,0.00000000000,0.00000000000
7/21/99,"2,364.33000000000",0.00000000000,0.00000000000,0.00000000000
7/20/99,"2,330.02000000000",0.00000000000,0.00000000000,0.00000000000
7/19/99,"2,425.34000000000",0.00000000000,0.00000000000,0.00000000000
7/16/99,"2,460.22000000000",0.00000000000,0.00000000000,0.00000000000
7/15/99,"2,429.99000000000",0.00000000000,0.00000000000,0.00000000000
7/14/99,"2,417.75000000000",0.00000000000,0.00000000000,0.00000000000
7/13/99,"2,374.35000000000",0.00000000000,0.00000000000,0.00000000000
7/12/99,"2,384.93000000000",0.00000000000,0.00000000000,0.00000000000
7/9/99,"2,393.72000000000",0.00000000000,0.00000000000,0.00000000000
7/8/99,"2,375.27000000000",0.00000000000,0.00000000000,0.00000000000
7/7/99,"2,341.35000000000",0.00000000000,0.00000000000,0.00000000000
7/6/99,"2,331.35000000000",0.00000000000,0.00000000000,0.00000000000
7/2/99,"2,348.51000000000",0.00000000000,0.00000000000,0.00000000000
7/1/99,"2,322.94000000000",0.00000000000,0.00000000000,0.00000000000
6/30/99,"2,297.38000000000",0.00000000000,0.00000000000,0.00000000000
6/29/99,"2,280.67000000000",0.00000000000,0.00000000000,0.00000000000
6/28/99,"2,244.53000000000",0.00000000000,0.00000000000,0.00000000000
6/25/99,"2,186.33000000000",0.00000000000,0.00000000000,0.00000000000
6/24/99,"2,185.44000000000",0.00000000000,0.00000000000,0.00000000000
6/23/99,"2,239.92000000000",0.00000000000,0.00000000000,0.00000000000
6/22/99,"2,210.47000000000",0.00000000000,0.00000000000,0.00000000000
6/21/99,"2,269.26000000000",0.00000000000,0.00000000000,0.00000000000
6/18/99,"2,206.03000000000",0.00000000000,0.00000000000,0.00000000000
6/17/99,"2,191.40000000000",0.00000000000,0.00000000000,0.00000000000
6/16/99,"2,168.06000000000",0.00000000000,0.00000000000,0.00000000000
6/15/99,"2,058.71000000000",0.00000000000,0.00000000000,0.00000000000
6/14/99,"2,029.45000000000",0.00000000000,0.00000000000,0.00000000000
6/11/99,"2,062.83000000000",0.00000000000,0.00000000000,0.00000000000
6/10/99,"2,098.35000000000",0.00000000000,0.00000000000,0.00000000000
6/9/99,"2,136.05000000000",0.00000000000,0.00000000000,0.00000000000
6/8/99,"2,087.29000000000",0.00000000000,0.00000000000,0.00000000000
6/7/99,"2,153.23000000000",0.00000000000,0.00000000000,0.00000000000
6/4/99,"2,109.94000000000",0.00000000000,0.00000000000,0.00000000000
6/3/99,"2,030.91000000000",0.00000000000,0.00000000000,0.00000000000
6/2/99,"2,075.06000000000",0.00000000000,0.00000000000,0.00000000000
6/1/99,"2,026.30000000000",0.00000000000,0.00000000000,0.00000000000
5/28/99,"2,090.22000000000",0.00000000000,0.00000000000,0.00000000000
5/27/99,"2,050.60000000000",0.00000000000,0.00000000000,0.00000000000
5/26/99,"2,053.54000000000",0.00000000000,0.00000000000,0.00000000000
5/25/99,"1,999.49000000000",0.00000000000,0.00000000000,0.00000000000
5/24/99,"2,061.04000000000",0.00000000000,0.00000000000,0.00000000000
5/21/99,"2,114.86000000000",0.00000000000,0.00000000000,0.00000000000
5/20/99,"2,140.44000000000",0.00000000000,0.00000000000,0.00000000000
5/19/99,"2,186.68000000000",0.00000000000,0.00000000000,0.00000000000
5/18/99,"2,159.73000000000",0.00000000000,0.00000000000,0.00000000000
5/17/99,"2,176.18000000000",0.00000000000,0.00000000000,0.00000000000
5/14/99,"2,125.58000000000",0.00000000000,0.00000000000,0.00000000000
5/13/99,"2,179.50000000000",0.00000000000,0.00000000000,0.00000000000
5/12/99,"2,218.13000000000",0.00000000000,0.00000000000,0.00000000000
5/11/99,"2,176.30000000000",0.00000000000,0.00000000000,0.00000000000
5/10/99,"2,135.19000000000",0.00000000000,0.00000000000,0.00000000000
5/7/99,"2,118.16000000000",0.00000000000,0.00000000000,0.00000000000
5/6/99,"2,079.06000000000",0.00000000000,0.00000000000,0.00000000000
5/5/99,"2,156.20000000000",0.00000000000,0.00000000000,0.00000000000
5/4/99,"2,097.90000000000",0.00000000000,0.00000000000,0.00000000000
5/3/99,"2,138.30000000000",0.00000000000,0.00000000000,0.00000000000
4/30/99,"2,136.74000000000",0.00000000000,0.00000000000,0.00000000000
4/29/99,"2,119.64000000000",0.00000000000,0.00000000000,0.00000000000
4/28/99,"2,150.76000000000",0.00000000000,0.00000000000,0.00000000000
4/27/99,"2,207.36000000000",0.00000000000,0.00000000000,0.00000000000
4/26/99,"2,261.00000000000",0.00000000000,0.00000000000,0.00000000000
4/23/99,"2,210.78000000000",0.00000000000,0.00000000000,0.00000000000
4/22/99,"2,183.77000000000",0.00000000000,0.00000000000,0.00000000000
4/21/99,"2,106.12000000000",0.00000000000,0.00000000000,0.00000000000
4/20/99,"2,030.55000000000",0.00000000000,0.00000000000,0.00000000000
4/19/99,"1,967.84000000000",0.00000000000,0.00000000000,0.00000000000
4/16/99,"2,086.74000000000",0.00000000000,0.00000000000,0.00000000000
4/15/99,"2,136.09000000000",0.00000000000,0.00000000000,0.00000000000
4/14/99,"2,103.91000000000",0.00000000000,0.00000000000,0.00000000000
4/13/99,"2,175.47000000000",0.00000000000,0.00000000000,0.00000000000
4/12/99,"2,219.51000000000",0.00000000000,0.00000000000,0.00000000000
4/9/99,"2,232.77000000000",0.00000000000,0.00000000000,0.00000000000
4/8/99,"2,225.05000000000",0.00000000000,0.00000000000,0.00000000000
4/7/99,"2,192.58000000000",0.00000000000,0.00000000000,0.00000000000
4/6/99,"2,219.12000000000",0.00000000000,0.00000000000,0.00000000000
4/5/99,"2,219.93000000000",0.00000000000,0.00000000000,0.00000000000
4/1/99,"2,146.41000000000",0.00000000000,0.00000000000,0.00000000000
3/31/99,"2,106.66000000000",0.00000000000,0.00000000000,0.00000000000
3/30/99,"2,125.96000000000",0.00000000000,0.00000000000,0.00000000000
3/29/99,"2,144.93000000000",0.00000000000,0.00000000000,0.00000000000
3/26/99,"2,067.53000000000",0.00000000000,0.00000000000,0.00000000000
3/25/99,"2,083.59000000000",0.00000000000,0.00000000000,0.00000000000
3/24/99,"2,013.78000000000",0.00000000000,0.00000000000,0.00000000000
3/23/99,"1,961.40000000000",0.00000000000,0.00000000000,0.00000000000
3/22/99,"2,027.22000000000",0.00000000000,0.00000000000,0.00000000000
3/19/99,"2,053.78000000000",0.00000000000,0.00000000000,0.00000000000
3/18/99,"2,102.86000000000",0.00000000000,0.00000000000,0.00000000000
3/17/99,"2,064.59000000000",0.00000000000,0.00000000000,0.00000000000
3/16/99,"2,073.33000000000",0.00000000000,0.00000000000,0.00000000000
3/15/99,"2,060.36000000000",0.00000000000,0.00000000000,0.00000000000
3/12/99,"2,008.98000000000",0.00000000000,0.00000000000,0.00000000000
3/11/99,"2,043.78000000000",0.00000000000,0.00000000000,0.00000000000
3/10/99,"2,038.54000000000",0.00000000000,0.00000000000,0.00000000000
3/9/99,"2,028.57000000000",0.00000000000,0.00000000000,0.00000000000
3/8/99,"2,034.05000000000",0.00000000000,0.00000000000,0.00000000000
3/5/99,"1,969.87000000000",0.00000000000,0.00000000000,0.00000000000
3/4/99,"1,933.03000000000",0.00000000000,0.00000000000,0.00000000000
,,,,