date,value
2003-04-14,11.222222328186035
2003-04-15,11.355555534362793
2003-04-16,11.486666679382324
2003-04-17,11.568888664245605
2003-04-21,11.564443588256836
2003-04-22,11.603333473205566
2003-04-23,11.657777786254883
2003-04-24,11.427778244018555
2003-04-25,11.23888874053955
2003-04-28,11.424444198608398
2003-04-29,11.75
2003-04-30,11.716667175292969
2003-05-01,11.671111106872559
2003-05-02,11.850000381469727
2003-05-05,11.977778434753418
2003-05-06,12.038888931274414
2003-05-07,12.016667366027832
2003-05-08,11.911110877990723
2003-05-09,12.051111221313477
2003-05-12,12.218889236450195
2003-05-13,12.149999618530273
2003-05-14,12.088889122009277
2003-05-15,12.113332748413086
2003-05-16,12.122221946716309
2003-05-19,11.833333015441895
2003-05-20,11.89222240447998
2003-05-21,11.9022216796875
2003-05-22,12.010000228881836
2003-05-23,12.133333206176758
2003-05-27,12.567777633666992
2003-05-28,12.622221946716309
2003-05-29,12.63888931274414
2003-05-30,12.785555839538574
2003-06-02,12.877778053283691
2003-06-03,12.779999732971191
2003-06-04,12.944443702697754
2003-06-05,12.957777976989746
2003-06-06,13.078888893127441
2003-06-09,12.966667175292969
2003-06-10,13.100000381469727
2003-06-11,13.11111068725586
2003-06-12,13.210000038146973
2003-06-13,13.20555591583252
2003-06-16,13.3477783203125
2003-06-17,13.622221946716309
2003-06-18,13.572221755981445
2003-06-19,13.572221755981445
2003-06-20,13.572221755981445
2003-06-23,13.23888874053955
2003-06-24,13.141111373901367
2003-06-25,13.25
2003-06-26,13.393333435058594
2003-06-27,13.331110954284668
2003-06-30,13.322221755981445
2003-07-01,13.466667175292969
2003-07-02,13.783332824707031
2003-07-03,13.822221755981445
2003-07-07,14.164443969726562
2003-07-08,14.20444393157959
2003-07-09,14.171111106872559
2003-07-10,13.922222137451172
2003-07-11,14.038888931274414
2003-07-14,14.285555839538574
2003-07-15,14.105555534362793
2003-07-16,14.116666793823242
2003-07-17,13.747777938842773
2003-07-18,13.931111335754395
2003-07-21,13.74666690826416
2003-07-22,13.911110877990723
2003-07-23,13.822221755981445
2003-07-24,13.88888931274414
2003-07-25,14.116666793823242
2003-07-28,14.194443702697754
2003-07-29,14.1144437789917
2003-07-30,14.01111125946045
2003-07-31,14.077777862548828
2003-08-01,14.108888626098633
2003-08-04,14.046667098999023
2003-08-05,13.895556449890137
2003-08-06,13.833333015441895
2003-08-07,13.934444427490234
2003-08-08,14.027777671813965
2003-08-11,14.088889122009277
2003-08-12,14.144444465637207
2003-08-13,14.344444274902344
2003-08-14,14.533332824707031
2003-08-15,14.38888931274414
2003-08-18,14.695555686950684
2003-08-19,14.767778396606445
2003-08-20,14.770000457763672
2003-08-21,15.04111099243164
2003-08-22,15.117777824401855
2003-08-25,15
2003-08-26,14.816666603088379
2003-08-27,14.98888874053955
2003-08-28,15.09333324432373
2003-08-29,15.202221870422363
2003-09-02,15.427778244018555
2003-09-03,15.550000190734863
2003-09-04,15.605555534362793
2003-09-05,15.591111183166504
2003-09-08,15.886667251586914
2003-09-09,15.61111068725586
2003-09-10,15.35111141204834
2003-09-11,15.333333015441895
2003-09-12,15.442221641540527
2003-09-15,15.214444160461426
2003-09-16,15.527777671813965
2003-09-17,15.461111068725586
2003-09-18,15.63888931274414
2003-09-19,15.566666603088379
2003-09-22,15.31222152709961
2003-09-23,15.350000381469727
2003-09-24,15.377778053283691
2003-09-25,15.149999618530273
2003-09-26,15.04444408416748
2003-09-29,15.151110649108887
2003-09-30,15.103333473205566
2003-10-01,15.5
2003-10-02,15.722222328186035
2003-10-03,15.877778053283691
2003-10-06,15.938888549804688
2003-10-07,15.922222137451172
2003-10-08,16.04111099243164
2003-10-09,16.311111450195312
2003-10-10,16.511110305786133
2003-10-13,16.761110305786133
2003-10-14,16.441110610961914
2003-10-15,16.639999389648438
2003-10-16,16.635555267333984
2003-10-17,16.53444480895996
2003-10-20,16.626667022705078
2003-10-21,16.709999084472656
2003-10-22,16.46444320678711
2003-10-23,16.22222137451172
2003-10-24,16.136667251586914
2003-10-27,16.322221755981445
2003-10-28,16.545555114746094
2003-10-29,16.683332443237305
2003-10-30,16.623332977294922
2003-10-31,16.489999771118164
2003-11-03,16.883333206176758
2003-11-04,16.93000030517578
2003-11-05,16.95222282409668
2003-11-06,16.831111907958984
2003-11-07,16.848888397216797
2003-11-10,16.616666793823242
2003-11-11,16.40333366394043
2003-11-12,16.695556640625
2003-11-13,16.824443817138672
2003-11-14,16.738889694213867
2003-11-17,16.412221908569336
2003-11-18,16.44444465637207
2003-11-19,16.337778091430664
2003-11-20,16.126667022705078
2003-11-21,16.266666412353516
2003-11-24,16.44333267211914
2003-11-25,16.5
2003-11-26,16.651111602783203
2003-11-28,16.799999237060547
2003-12-01,17.281110763549805
2003-12-02,17.204444885253906
2003-12-03,17.14444351196289
2003-12-04,17.02666664123535
2003-12-05,16.994443893432617
2003-12-08,17.02777862548828
2003-12-09,16.956666946411133
2003-12-10,16.88888931274414
2003-12-11,17.196666717529297
2003-12-12,17.275556564331055
2003-12-15,17.288888931274414
2003-12-16,17.21666717529297
2003-12-17,17.016666412353516
2003-12-18,17.29111099243164
2003-12-19,17.333332061767578
2003-12-22,17.577
2003-12-23,17.624987395477298
2003-12-24,17.681904059600832
2003-12-26,17.726544655609132
2003-12-29,17.994384400177005
2003-12-30,18.080314961242678
2003-12-31,18.308089910496975
2004-01-02,18.715732653918757
2004-01-05,19.37242341329418
2004-01-06,19.15352649350237
2004-01-07,19.198200038537216
2004-01-08,19.270793111352617
2004-01-09,19.23617120980836
2004-01-12,19.219419109709037
2004-01-13,19.109970649813132
2004-01-14,19.14012366312993
2004-01-15,18.74923685411741
2004-01-16,18.829648084887154
2004-01-20,19.37689230152164
2004-01-21,19.402578343765946
2004-01-22,19.353437827658606
2004-01-23,19.321049411650595
2004-01-26,19.449485374337037
2004-01-27,19.35120434212236
2004-01-28,19.07758223380512
2004-01-29,18.77715638189796
2004-01-30,18.75147033965365
2004-02-02,18.755937310726143
2004-02-03,18.65095582190273
2004-02-04,18.483432903754505
2004-02-05,18.47784823133641
2004-02-06,18.898889970820697
2004-02-09,19.171396294947304
2004-02-10,19.15464419484798
2004-02-11,19.45171885987328
2004-02-12,19.441667216382694
2004-02-13,19.455070046755136
2004-02-17,19.84595685576766
2004-02-18,19.57568593433227
2004-02-19,19.404811829302194
2004-02-20,19.187030693701026
2004-02-23,19.0195077755528
2004-02-24,18.91899325780188
2004-02-25,19.125606965721822
2004-02-26,19.220536811054643
2004-02-27,19.493041218026278
2004-03-01,19.937537431373595
2004-03-02,19.778948455370355
2004-03-03,19.65609716510201
2004-03-04,19.790115883051584
2004-03-05,19.862708955866985
2004-03-08,19.67284926520134
2004-03-09,19.544415219669865
2004-03-10,19.097685520786303
2004-03-11,18.68446002210139
2004-03-12,18.840815512568387
2004-03-15,18.489015659017646
2004-03-16,18.717966139455008
2004-03-17,18.97483423051796
2004-03-18,19.086518093105074
2004-03-19,18.835232757305253
2004-03-22,18.53368920405249
2004-03-23,18.720197707836288
2004-03-24,18.734718239554333
2004-03-25,18.917877473611245
2004-03-26,18.88325557206699
2004-03-29,19.125606965721826
2004-03-30,19.360138284267354
2004-03-31,19.600256192385945
2004-04-01,19.759962869734792
2004-04-02,19.95764071835478
2004-04-05,20.097242191567485
2004-04-06,20.208926054154603
2004-04-07,20.136331064184233
2004-04-08,20.15308316428356
2004-04-12,20.30832287055992
2004-04-13,20.07155614932318
2004-04-14,19.77559726848851
2004-04-15,19.61142362006717
2004-04-16,19.756611682852938
2004-04-19,19.79011588305159
2004-04-20,19.61700829248527
2004-04-21,19.471822146854468
2004-04-22,19.46623747443637
2004-04-23,19.61142362006717
2004-04-26,19.332218756486796
2004-04-27,19.229470753199628
2004-04-28,18.678875349683288
2004-04-29,18.063506948460862
2004-04-30,17.67931867890211
2004-05-03,17.856895157695888
2004-05-04,18.206459608555416
2004-05-05,18.251133153590263
2004-05-06,17.872529556449607
2004-05-07,17.470473402600888
2004-05-10,16.627270305131738
2004-05-11,17.120907034586395
2004-05-12,17.126491707004494
2004-05-13,17.081818161969647
2004-05-14,16.6317391933592
2004-05-17,15.96611161610634
2004-05-18,16.440761801347943
2004-05-19,16.89530965818585
2004-05-20,16.791445870708046
2004-05-21,17.067299547406567
2004-05-24,17.333103497769468
2004-05-25,17.715056364637007
2004-05-26,17.64581447870346
2004-05-27,17.925019342283832
2004-05-28,17.885930469667084
2004-06-01,17.7619633952081
2004-06-02,17.7619633952081
2004-06-03,17.367725399313723
2004-06-04,17.623477706186037
2004-06-07,18.232147567954694
2004-06-08,17.97862874661863
2004-06-09,17.572103704542453
2004-06-10,17.592206991523632
2004-06-14,16.914295243821424
2004-06-15,17.241524839318497
2004-06-16,17.010340873344887
2004-06-17,17.09522099234209
2004-06-18,16.99805766147302
2004-06-21,17.07623540670652
2004-06-22,17.257159238072216
2004-06-23,17.564285546588113
2004-06-24,17.634645133867267
2004-06-25,17.813337396851686
2004-06-28,17.66145079461215
2004-06-29,17.79658721390733
2004-06-30,18.051221819434033
2004-07-01,17.825622525878522
2004-07-02,17.82450674168788
2004-07-06,17.63352934967663
2004-07-07,17.863595614304632
2004-07-08,17.60895909162296
2004-07-09,17.702773152765143
2004-07-12,17.656983823539655
2004-07-13,17.737395054309395
2004-07-14,17.567636733469957
2004-07-15,17.476058075018987
2004-07-16,17.66815125122088
2004-07-19,17.641347507630964
2004-07-20,17.71617598313758
2004-07-21,17.51179576075388
2004-07-22,17.51179576075388
2004-07-23,17.210254124656085
2004-07-26,17.05054744730724
2004-07-27,17.375543557268063
2004-07-28,17.369958884849964
2004-07-29,17.478291560555228
2004-07-30,17.394529142903632
2004-08-02,17.30741745552515
2004-08-03,17.32752074250633
2004-08-04,17.344272842605655
2004-08-05,17.232588980018537
2004-08-06,17.107506121368914
2004-08-09,17.25045878146347
2004-08-10,17.444787360356575
2004-08-11,17.28284719747148
2004-08-12,17.08963631992398
2004-08-13,17.116440063513895
2004-08-16,17.349855597868785
2004-08-17,17.466006431528395
2004-08-18,17.67261822229337
2004-08-19,17.69160380792894
2004-08-20,17.779833196653026
2004-08-23,17.875880743331454
2004-08-24,17.82450674168787
2004-08-25,18.03670320487094
2004-08-26,18.06127346292461
2004-08-27,18.027769262725958
2004-08-30,17.93060401470192
2004-08-31,18.008783677090385
2004-09-01,18.15731909244807
2004-09-02,18.38291838600358
2004-09-03,18.187474022919837
2004-09-07,18.327077413287505
2004-09-08,18.31590806845131
2004-09-09,18.37175095832235
2004-09-10,18.545974333079315
2004-09-13,18.715732653918753
2004-09-14,18.70903028015505
2004-09-15,18.626385563849063
2004-09-16,18.859801098203953
2004-09-17,18.986003575354147
2004-09-20,19.004989160989716
2004-09-21,19.20378471095531
2004-09-22,18.913410502538742
2004-09-23,18.997171003035373
2004-09-24,18.943563515855544
2004-09-27,18.83076386907779
2004-09-28,19.064181320587643
2004-09-29,19.164695838338563
2004-09-30,19.265210356089487
2004-10-01,19.633760392584588
2004-10-04,19.968808146036
2004-10-05,19.82138659771399
2004-10-06,20.05033707815135
2004-10-07,19.879462973121274
2004-10-08,19.734274910335508
2004-10-11,19.837022913622675
2004-10-12,19.524311932688683
2004-10-13,19.259625683671388
2004-10-14,18.997171003035373
2004-10-15,19.250689824371438
2004-10-18,19.455070046755132
2004-10-19,19.36125598561295
2004-10-20,19.239522396690212
2004-10-21,19.516495691889308
2004-10-22,19.37689230152164
2004-10-25,19.429382087355865
2004-10-26,19.49974167463502
2004-10-27,19.83478942808643
2004-10-28,19.736508395871756
2004-10-29,19.81356843975965
2004-11-01,19.960989988081664
2004-11-02,20.00677931730715
2004-11-03,20.298271227069325
2004-11-04,20.60539753558522
2004-11-05,20.683575280818715
2004-11-08,20.45015974646383
2004-11-09,20.581944978877157
2004-11-10,20.60539753558522
2004-11-11,20.839930771285715
2004-11-12,21.191728707681488
2004-11-15,21.211831994662663
2004-11-16,20.969482518162792
2004-11-17,21.443014043481305
2004-11-18,21.482104833253022
2004-11-19,21.174978524737128
2004-11-22,21.257623241043117
2004-11-23,21.29447862812362
2004-11-24,21.52119370586977
2004-11-26,21.87857631468364
2004-11-29,21.74455759673407
2004-11-30,21.78476225354146
2004-12-01,21.951169387499043
2004-12-02,21.918782888645996
2004-12-03,22.018179705051313
2004-12-06,21.98690707323394
2004-12-07,21.649627751401244
2004-12-08,21.53571232043285
2004-12-09,21.185030168227716
2004-12-10,21.163809179900934
2004-12-13,21.485456020134876
2004-12-14,21.6831319515999
2004-12-15,21.983557803507058
2004-12-16,21.872991642265546
2004-12-17,21.82273534196757
2004-12-20,22.10752487796604
2004-12-21,22.319723258304077
2004-12-22,22.314138585885978
2004-12-23,22.464127933165987
2004-12-27,22.447170487011068
2004-12-28,22.56360036276201
2004-12-29,22.6879433252986
2004-12-30,22.630293053498317
2004-12-31,22.816807497303202
2005-01-03,22.5794265363333
2005-01-04,21.88423915914527
2005-01-05,21.616339064049658
2005-01-06,21.60164416306199
2005-01-07,21.64346826129098
2005-01-10,21.670597458532306
2005-01-11,21.629902692453694
2005-01-12,21.895544123248545
2005-01-13,21.805112172155297
2005-01-14,22.19509656548674
2005-01-18,22.15553307199176
2005-01-19,21.850328147701923
2005-01-20,21.579036175288678
2005-01-21,21.872936135475232
2005-01-24,21.83902512403189
2005-01-25,22.036842591506804
2005-01-26,22.35900108108506
2005-01-27,22.380479736707994
2005-01-28,22.40082517931405
2005-01-31,22.695856412084236
2005-02-01,22.89028200224152
2005-02-02,22.962627175029468
2005-02-03,22.93888791467253
2005-02-04,23.297219960861387
2005-02-07,23.370694465799712
2005-02-08,23.415910441346337
2005-02-09,23.340175331674004
2005-02-10,23.453213330107317
2005-02-11,23.681551872141192
2005-02-14,23.851108869791155
2005-02-15,23.90762786900781
2005-02-16,23.834153364069486
2005-02-17,23.794589870574505
2005-02-18,24.087358558177435
2005-02-22,23.999189152251443
2005-02-23,24.109966545950744
2005-02-24,24.484124765710895
2005-02-25,24.93514742729376
2005-02-28,24.89332332906477
2005-03-01,24.963407897118714
2005-03-02,24.551946788597586
2005-03-03,24.61977075191752
2005-03-04,24.91367071210408
2005-03-07,25.077575227702404
2005-03-08,24.886539574429506
2005-03-09,24.744111774020862
2005-03-10,24.50673081305096
2005-03-11,24.36882422211033
2005-03-14,24.182311718738696
2005-03-15,23.57981689737792
2005-03-16,23.379738825168996
2005-03-17,23.80589289424454
2005-03-18,23.69850543742962
2005-03-21,23.356001505245306
2005-03-22,22.92419301368487
2005-03-23,22.63368493081595
2005-03-24,22.608816338308632
2005-03-28,22.76480970755456
2005-03-29,22.17587851459782
2005-03-30,22.68115957066333
2005-03-31,22.92419301368487
2005-04-01,23.05984094032474
2005-04-04,23.110707457489756
2005-04-05,23.10505497543812
2005-04-06,23.421562923397985
2005-04-07,23.657812611784262
2005-04-08,23.54590394550133
2005-04-11,23.319827948634707
2005-04-12,23.613727908821264
2005-04-13,23.143489136782723
2005-04-14,22.551168006941595
2005-04-15,22.076406085001793
2005-04-18,22.337524365895383
2005-04-19,22.711680645222284
2005-04-20,22.175878514597812
2005-04-21,22.814546892569187
2005-04-22,22.562471030611622
2005-04-25,22.989756372270794
2005-04-26,22.754636016034897
2005-04-27,22.548905461774332
2005-04-28,22.189444083435095
2005-04-29,22.638206140283952
2005-05-02,22.788547027478238
2005-05-03,22.767070312288553
2005-05-04,23.387651911954627
2005-05-05,23.51086360190759
2005-05-06,23.574164415326265
2005-05-09,23.59564113051595
2005-05-10,23.06549148194312
2005-05-11,23.17287893875804
2005-05-12,22.777244003808207
2005-05-13,22.543254920155942
2005-05-16,22.811155015251554
2005-05-17,22.816807497303195
2005-05-18,23.271220095770442
2005-05-19,23.356001505245295
2005-05-20,23.297219960861387
2005-05-23,23.374086343117344
2005-05-24,23.306264320230657
2005-05-25,23.138965986881452
2005-05-26,23.398954935624662
2005-05-27,23.557208909604597
2005-05-31,23.35374090051129
2005-06-01,23.629554082392545
2005-06-02,23.80928477156216
2005-06-03,23.686073081609198
2005-06-06,23.92458337472948
2005-06-07,23.805892894244533
2005-06-08,23.715462883584536
2005-06-09,23.83980390568788
2005-06-10,23.907627869007815
2005-06-13,24.002579089135825
2005-06-14,24.100924127014714
2005-06-15,24.28065481618433
2005-06-16,24.497688394114924
2005-06-17,24.79271962688511
2005-06-20,24.568902294319248
2005-06-21,24.4502118138343
2005-06-22,24.680810960602184
2005-06-23,24.246741864307744
2005-06-24,24.161964335699388
2005-06-27,24.314565827627682
2005-06-28,24.497688394114935
2005-06-29,24.35526059370629
2005-06-30,24.280654816184335
2005-07-01,24.368824222110327
2005-07-05,24.477341011075627
2005-07-06,24.35865053059068
2005-07-07,24.429864430795
2005-07-08,24.68420089748657
2005-07-11,25.060619721980725
2005-07-12,25.359040891635292
2005-07-13,25.34208538591362
2005-07-14,25.487905063639893
2005-07-15,25.348869140548885
2005-07-18,25.2708714857093
2005-07-19,25.559118963844217
2005-07-20,25.56251084116185
2005-07-21,25.840584627777112
2005-07-22,25.779544419092446
2005-07-25,25.55572902695983
2005-07-26,25.701546764252857
2005-07-27,25.840584627777112
2005-07-28,26.16274505778862
2005-07-29,26.145789552066947
2005-08-01,26.57307489372612
2005-08-02,27.044442997915038
2005-08-03,26.976620975028354
2005-08-04,26.739240014058453
2005-08-05,26.24752258639698
2005-08-08,26.427255215999846
2005-08-09,26.95966546930668
2005-08-10,27.247912947441595
2005-08-11,27.0953114555133
2005-08-12,26.807063977378384
2005-08-15,26.993576480750022
2005-08-16,26.52559831344549
2005-08-17,26.54255381916716
2005-08-18,26.05422826882332
2005-08-19,25.95249329406004
2005-08-22,26.274653724071552
2005-08-23,26.02709713114875
2005-08-24,25.687983135848818
2005-08-25,25.976230613983734
2005-08-26,25.94231960254039
2005-08-29,26.22717714379092
2005-08-30,25.952493294060044
2005-08-31,26.49168730200215
2005-09-01,26.857930494543407
2005-09-02,27.095311455513308
2005-09-06,27.434427391246487
2005-09-07,27.46833840268983
2005-09-08,27.424253699726837
2005-09-09,27.82779978102907
2005-09-12,27.78710695538371
2005-09-13,27.475120216891852
2005-09-14,27.376777119446206
2005-09-15,27.53616236600977
2005-09-16,27.96005583035131
2005-09-19,27.919361064272696
2005-09-20,27.993966841794652
2005-09-21,28.25847700000588
2005-09-22,27.977011336072984
2005-09-23,27.95327401614929
2005-09-26,28.200826728205595
2005-09-27,28.01431422483396
2005-09-28,28.33308277752783
2005-09-29,28.831582019391327
2005-09-30,28.784105439110697
2005-10-03,28.967228005597946
2005-10-04,28.6959360331847
2005-10-05,27.824409844144686
2005-10-06,26.851148680341392
2005-10-07,27.515814982970465
2005-10-10,27.424253699726837
2005-10-11,27.542944180211787
2005-10-12,26.698547188413094
2005-10-13,26.532380127647514
2005-10-14,26.430645152884235
2005-10-17,26.722284508336784
2005-10-18,26.044054577303676
2005-10-19,26.55272751068682
2005-10-20,25.484513186322268
2005-10-21,26.162745057788623
2005-10-24,26.86810418606306
2005-10-25,26.339083869640607
2005-10-26,26.434037030201868
2005-10-27,25.806673616333775
2005-10-28,26.484903547366887
2005-10-31,26.95966546930669
2005-11-01,27.43442739124649
2005-11-02,27.85832085558803
2005-11-03,27.888841930146988
2005-11-04,27.831191658346704
2005-11-07,27.851539041386008
2005-11-08,27.590420760492417
2005-11-09,28.004140533314303
2005-11-10,28.048225236277297
2005-11-11,28.109265444961963
2005-11-14,28.034661607873254
2005-11-15,27.875276361309695
2005-11-16,28.112657322279592
2005-11-17,28.526379035534724
2005-11-18,28.604374749941066
2005-11-21,28.621330255662734
2005-11-22,28.607766627258695
2005-11-23,28.909579674230898
2005-11-25,28.889232291191593
2005-11-28,28.706109724704344
2005-11-29,28.45177325801277
2005-11-30,28.519595280899456
2005-12-01,29.2656491752525
2005-12-02,29.231738163809155
2005-12-05,29.469119124779056
2005-12-06,29.7404110971923
2005-12-07,29.458945433259405
2005-12-08,29.238519978011176
2005-12-09,29.536941147665743
2005-12-12,29.706500085748957
2005-12-13,30.0964805982139
2005-12-14,29.896404466438227
2005-12-15,29.774322108635644
2005-12-16,29.672589074305616
2005-12-19,29.60476511098568
2005-12-20,29.859101577677254
2005-12-21,30.344037191136707
2005-12-22,30.350817064905478
2005-12-23,30.529871202432542
2005-12-27,30.190421907824497
2005-12-28,30.272712586457825
2005-12-29,30.276140138506374
2005-12-30,30.258998454334535
2006-01-03,31.39049479505165
2006-01-04,31.675083637237474
2006-01-05,31.836237442455577
2006-01-06,32.50141993758384
2006-01-09,32.82029803400695
2006-01-10,32.425986325012154
2006-01-11,32.806581939919134
2006-01-12,32.35055467440501
2006-01-13,32.38484196667776
2006-01-17,31.819091834354666
2006-01-18,31.80195015018283
2006-01-19,32.830584614081694
2006-01-20,31.85338108859196
2006-01-23,32.77915171370803
2006-01-24,33.293470907622
2006-01-25,33.310610629829306
2006-01-26,34.0992340478189
2006-01-27,34.49011231887154
2006-01-30,34.328960475617976
2006-01-31,34.555261313333034
2006-02-01,34.53811766719666
2006-02-02,33.65006188640189
2006-02-03,33.19060510687468
2006-02-06,33.979224600935204
2006-02-07,33.087743230056425
2006-02-08,33.190605106874685
2006-02-09,33.27632333755656
2006-02-10,33.224892399147436
2006-02-13,32.405413164862715
2006-02-14,33.224892399147436
2006-02-15,33.0534520138546
2006-02-16,33.9106500163897
2006-02-17,33.86607418207768
2006-02-21,33.56776924580404
2006-02-22,33.749498173136146
2006-02-23,33.73920963109688
2006-02-24,33.804358625558365
2006-02-27,34.11294817994221
2006-02-28,33.22489239914744
2006-03-01,34.14380595820187
2006-03-02,34.17123814637751
2006-03-03,33.60206046200586
2006-03-06,33.087743230056425
2006-03-07,31.92195567313748
2006-03-08,32.11053970456669
2006-03-09,31.784804542081933
2006-03-10,32.453416551223285
2006-03-13,32.419129258950534
2006-03-14,33.43062007671302
2006-03-15,33.81807275768164
2006-03-16,33.5163383073949
2006-03-17,33.75292376322015
2006-03-20,33.94493730866246
2006-03-21,33.259179691420194
2006-03-22,33.62605921223935
2006-03-23,33.31404014384241
2006-03-24,33.602060462005866
2006-03-27,33.80778813957146
2006-03-28,33.1906051068747
2006-03-29,33.82492786177876
2006-03-30,33.996368247071594
2006-03-31,33.94493730866247
2006-04-03,34.90499718801583
2006-04-04,35.11072094165234
2006-04-05,35.47074535837439
2006-04-06,35.289020354971356
2006-04-07,34.75070044885936
2006-04-10,34.63069492590473
2006-04-11,34.33581950364417
2006-04-12,34.53468815318357
2006-04-13,34.69926951045023
2006-04-17,35.11072094165233
2006-04-18,36.27650849857128
2006-04-19,36.49937982227325
2006-04-20,36.36908575727934
2006-04-21,36.65367263750063
2006-04-24,36.17364662175302
2006-04-25,35.67647303593997
2006-04-26,36.37937429931861
2006-04-27,35.80676710093387
2006-04-28,36.15650297561665
2006-05-01,36.14621443357737
2006-05-02,36.783966702494524
2006-05-03,36.82511302279346
2006-05-04,37.18513743951551
2006-05-05,37.78517290214682
2006-05-08,38.05947516425791
2006-05-09,38.09376245653066
2006-05-10,37.68230710139949
2006-05-11,36.72225114597521
2006-05-12,35.76219126662185
2006-05-15,34.90499718801583
2006-05-16,35.07986316339267
2006-05-17,33.87636272411696
2006-05-18,33.22489239914744
2006-05-19,33.94150779464937
2006-05-22,32.343695646378855
2006-05-23,31.990532219647527
2006-05-24,31.76766089594556
2006-05-25,33.11860100831609
2006-05-26,33.01916472158185
2006-05-30,31.596222472617267
2006-05-31,32.12768335070307
2006-06-01,32.786008779769695
2006-06-02,33.12203052232918
2006-06-05,31.716227995571895
2006-06-06,31.483072053759738
2006-06-07,30.790457370455826
2006-06-08,30.241852846233645
2006-06-09,29.847543099203385
2006-06-12,28.736617956671196
2006-06-13,28.098865687754046
2006-06-14,28.904628827950944
2006-06-15,30.588161168867874
2006-06-16,30.413293231526485
2006-06-19,29.28179492884483
2006-06-20,29.641817383602337
2006-06-21,30.601875300991157
2006-06-22,30.053270776768976
2006-06-23,30.00183983835985
2006-06-26,30.00183983835985
2006-06-27,29.436089706036753
2006-06-28,30.35843081713973
2006-06-29,32.16197064297583
2006-06-30,32.19625793524858
2006-07-03,32.909445778701965
2006-07-05,31.887668380864746
2006-07-06,32.539136743869726
2006-07-07,31.9219556731375
2006-07-10,32.17911428911221
2006-07-11,32.333409066304135
2006-07-12,31.613366118753653
2006-07-13,30.361860331152826
2006-07-14,30.516157070309287
2006-07-17,30.036127130632607
2006-07-18,30.454437589860888
2006-07-19,32.333409066304135
2006-07-20,31.404210889139513
2006-07-21,30.79388688446893
2006-07-24,32.17911428911221
2006-07-25,32.26483448175863
2006-07-26,32.12768335070309
2006-07-27,32.56999648409393
2006-07-28,33.26946823345948
2006-07-31,32.95059013703636
2006-08-01,32.419129258950555
2006-08-02,32.84772629825357
2006-08-03,32.81343900598082
2006-08-04,32.88201555249086
2006-08-07,32.67628787492527
2006-08-08,32.67628787492527
2006-08-09,32.799724873857535
2006-08-10,33.13574465445249
2006-08-11,32.73457784136058
2006-08-14,32.86487190635449
2006-08-15,33.67063504655139
2006-08-16,33.9997977610847
2006-08-17,34.04779918548074
2006-08-18,33.725495498973615
2006-08-21,33.55062952359676
2006-08-22,33.54034098155749
2006-08-23,32.933446490899996
2006-08-24,32.84429874620503
2006-08-25,32.93687600491308
2006-08-28,33.31061062982934
2006-08-29,33.42376104868687
2006-08-30,33.56776924580406
2006-08-31,33.47176639701198
2006-09-01,33.84550102192824
2006-09-05,34.03065553934436
2006-09-06,33.053452013854624
2006-09-07,32.67628787492527
2006-09-08,32.94373503293926
2006-09-11,32.23397474153443
2006-09-12,32.78600877976971
2006-09-13,33.27632333755659
2006-09-14,33.0020210754455
2006-09-15,33.19746413490089
2006-09-18,33.57119875981715
2006-09-19,33.05345201385463
2006-09-20,33.73235060307072
2006-09-21,32.909445778701986
2006-09-22,32.49113335750916
2006-09-25,32.868299458403044
2006-09-26,33.2557541013362
2006-09-27,33.180320488764515
2006-09-28,33.44776372284943
2006-09-29,33.180320488764515
2006-10-02,33.1254600363423
2006-10-03,32.67628787492527
2006-10-04,33.550629523596754
2006-10-05,33.99636824707161
2006-10-06,33.91065001638973
2006-10-09,33.78378546540892
2006-10-10,34.08894550577967
2006-10-11,33.90722050237664
2006-10-12,34.733556802723
2006-10-13,34.93928448028859
2006-10-16,35.035291253009746
2006-10-17,34.57583447348253
2006-10-18,34.91528180612603
2006-10-19,35.069578545282496
2006-10-20,34.90499718801584
2006-10-23,34.8741354858271
2006-10-24,35.07300805929558
2006-10-25,35.48102997648459
2006-10-26,35.566752131095555
2006-10-27,34.97357177256135
2006-10-30,34.853562325677636
2006-10-31,35.52217629678353
2006-11-01,35.16558531800364
2006-11-02,35.275302298919
2006-11-03,35.38502712769252
2006-11-06,36.22507756016216
2006-11-07,36.070780821005705
2006-11-08,36.16335807971377
2006-11-09,36.286797040610566
2006-11-10,36.3382279790197
2006-11-13,36.46166301598742
2006-11-14,37.03084070035907
2006-11-15,37.09941528490457
2006-11-16,36.72568065998831
2006-11-17,36.68453433968938
2006-11-20,36.54052614257219
2006-11-21,37.123417959067126
2006-11-22,37.384006089054935
2006-11-24,37.37714706102875
2006-11-27,36.670820207566095
2006-11-28,36.88340298922879
2006-11-29,37.48001286177609
2006-11-30,37.64801980912676
2006-12-01,37.49372699389937
2006-12-04,38.275487459933714
2006-12-05,38.944101431039606
2006-12-06,38.67665427302562
2006-12-07,38.539505103934616
2006-12-08,38.368064718641776
2006-12-11,38.38520836477815
2006-12-12,37.92232599516692
2006-12-13,38.128049748803434
2006-12-14,38.77952007377295
2006-12-15,38.95096045906578
2006-12-18,38.680083787038704
2006-12-19,38.436643227116356
2006-12-20,38.855980774592126
2006-12-21,38.7864409305127
2006-12-22,38.92552061867155
2006-12-26,39.287134970377075
2006-12-27,39.846939469373964
2006-12-28,39.770444049221595
2006-12-29,39.6974264171057
2007-01-03,40.034700231718425
2007-01-04,39.48184732963197
2007-01-05,38.32746840959849
2007-01-08,38.6056317650787
2007-01-09,37.743327352671315
2007-01-10,37.65639856840952
2007-01-11,38.1327560503436
2007-01-12,38.908135657651705
2007-01-16,39.047219324973064
2007-01-17,38.883799099721415
2007-01-18,38.47350367383029
2007-01-19,39.16543626407558
2007-01-22,39.12023695708896
2007-01-23,40.01035969462562
2007-01-24,40.358062894185245
2007-01-25,39.116759169052486
2007-01-26,39.356674814456504
2007-01-29,38.835118025535806
2007-01-30,39.43664802264535
2007-01-31,39.74262572409232
2007-02-01,40.22941259097331
2007-02-02,40.107717863834324
2007-02-05,40.14596557391051
2007-02-06,40.54234984765574
2007-02-07,40.38588121931453
2007-02-08,40.1703021318408
2007-02-09,39.69047084103276
2007-02-12,39.41926306162551
2007-02-13,40.04512961666534
2007-02-14,40.90743800823523
2007-02-15,40.93177854532804
2007-02-16,41.02565892650026
2007-02-20,41.13344648065587
2007-02-21,41.255141207794864
2007-02-22,41.15083144167573
2007-02-23,40.85528312517567
2007-02-26,40.83789816415581
2007-02-27,37.517318880250684
2007-02-28,38.45612269197295
2007-03-01,37.903269789886494
2007-03-02,37.55208880229039
2007-03-05,36.588948432637835
2007-03-06,38.1953442975126
2007-03-07,37.96238024901901
2007-03-08,38.94290557969143
2007-03-09,39.01244940293336
2007-03-12,39.20368397415178
2007-03-13,38.063216206264194
2007-03-14,38.37614948378411
2007-03-15,38.68908276130403
2007-03-16,38.358764522764254
2007-03-19,39.20021016527782
2007-03-20,39.45751077170169
2007-03-21,40.63970403770194
2007-03-22,40.465850448340866
2007-03-23,40.65361121068532
2007-03-26,40.62927465275503
2007-03-27,40.44846946648352
2007-03-28,39.72524076307248
2007-03-29,40.514531522526475
2007-03-30,40.50757594645353
2007-04-02,40.78573930193373
2007-04-03,41.45333533424874
2007-04-04,41.71411372870909
2007-04-05,41.75236143878527
2007-04-09,41.99227708418929
2007-04-10,42.19046723148065
2007-04-11,41.80103853380837
2007-04-12,42.49992272096409
2007-04-13,42.708546232364874
2007-04-16,43.21619584830219
2007-04-17,42.98323577897112
2007-04-18,42.66334692537826
2007-04-19,42.31911753469259
2007-04-20,42.82328936259343
2007-04-23,42.65291356126883
2007-04-24,42.645957985195885
2007-04-25,43.17447035018954
2007-04-26,43.05972721996098
2007-04-27,42.84415211164976
2007-04-30,42.01661364211958
2007-05-01,42.183511655407706
2007-05-02,43.0214795098848
2007-05-03,43.383093861590325
2007-05-04,43.369186688606945
2007-05-07,43.650827832123625
2007-05-08,43.084067757053795
2007-05-09,43.779478135335566
2007-05-10,42.70854623236489
2007-05-11,43.79338530831895
2007-05-14,43.358753324497535
2007-05-15,43.410912186719614
2007-05-16,44.040256529795926
2007-05-17,43.88031011341824
2007-05-18,44.10631858583888
2007-05-21,44.186291794027724
2007-05-22,44.19324737010067
2007-05-23,44.123703546858735
2007-05-24,43.063205007997475
2007-05-25,43.72384546423953
2007-05-29,43.57433241197126
2007-05-30,44.01939378073959
2007-05-31,44.144566295915055
2007-06-01,45.24679033288897
2007-06-04,45.04512239756113
2007-06-05,44.888653769219914
2007-06-06,43.75861538627923
2007-06-07,43.08406775705379
2007-06-08,43.845540191378504
2007-06-11,44.22106171606741
2007-06-12,43.45263370566974
2007-06-13,44.321897673312584
2007-06-14,45.01730407243184
2007-06-15,46.04303268925339
2007-06-18,46.08475818736605
2007-06-19,46.13691307042562
2007-06-20,45.74400658471686
2007-06-21,46.314244447823164
2007-06-22,45.7022810866042
2007-06-25,45.35457788704458
2007-06-26,44.95819361329934
2007-06-27,45.59797132048507
2007-06-28,45.60840070543198
2007-06-29,45.76834712180967
2007-07-02,46.69671756942251
2007-07-03,47.06876130607494
2007-07-05,47.27738481747572
2007-07-06,48.08753434682354
2007-07-09,48.553458464648195
2007-07-10,47.597273671068585
2007-07-11,47.99018015677734
2007-07-12,49.04372311956565
2007-07-13,49.652204713585625
2007-07-16,49.165417846704635
2007-07-17,49.127174115790964
2007-07-18,48.52564411868142
2007-07-19,49.00895319752593
2007-07-20,48.67167938291321
2007-07-23,50.07988112133409
2007-07-24,48.36570168146624
2007-07-25,48.64386105778393
2007-07-26,46.16473139555489
2007-07-27,45.566679186481814
2007-07-30,47.058331921128016
2007-07-31,46.095187572312945
2007-08-01,45.91438238604144
2007-08-02,46.42203200197876
2007-08-03,44.41925186335876
2007-08-06,45.21202041084923
2007-08-07,45.54929422546195
2007-08-08,47.07919069102183
2007-08-09,45.13204720266039
2007-08-10,44.34971201927934
2007-08-13,44.78782179113723
2007-08-14,43.629965083067276
2007-08-15,41.915781664036906
2007-08-16,41.20298632473528
2007-08-17,42.50687829703703
2007-08-20,42.593803102136306
2007-08-21,42.437338452957604
2007-08-22,44.26278721418005
2007-08-23,44.48879568660069
2007-08-24,45.54929422546194
2007-08-27,45.75791773686272
2007-08-28,43.89769507443805
2007-08-29,45.636219030561215
2007-08-30,45.403258961230144
2007-08-31,46.57502284228348
2007-09-04,47.36083183453849
2007-09-05,46.644562686362896
2007-09-06,47.009650846942385
2007-09-07,45.94915230808113
2007-09-10,45.98392223012084
2007-09-11,46.91229267773368
2007-09-12,47.07919069102181
2007-09-13,47.60074747994251
2007-09-14,47.69462786111474
2007-09-17,47.392127947704246
2007-09-18,49.68697463562531
2007-09-19,49.91298310804595
2007-09-20,49.75651845886725
2007-09-21,50.4171549359468
2007-09-24,51.043025470149146
2007-09-25,50.85178691976822
2007-09-26,51.52981233703014
2007-09-27,52.29475858022882
2007-09-28,51.96444034168905
2007-10-01,53.598650552530565
2007-10-02,53.96374269227256
2007-10-03,52.32953248143104
2007-10-04,52.851089270351736
2007-10-05,54.61394978440519
2007-10-08,54.03328253635198
2007-10-09,54.87472817886555
2007-10-10,54.94774581098145
2007-10-11,54.46443673213694
2007-10-12,55.45887321495525
2007-10-15,54.78084779769333
2007-10-16,53.7655485658187
2007-10-17,55.00685627011397
2007-10-18,55.285019625594174
2007-10-19,52.920629114431165
2007-10-22,53.30310223603051
2007-10-23,54.78084779769333
2007-10-24,54.422711234024284
2007-10-25,55.11464382426958
2007-10-26,56.6758364029952
2007-10-29,57.97972837529695
2007-10-30,56.88445991439598
2007-10-31,58.13271921560169
2007-11-01,55.78571366545854
2007-11-02,56.102124731014925
2007-11-05,54.151503454617014
2007-11-06,56.20643449713406
2007-11-07,54.41575963711384
2007-11-08,54.69392299259405
2007-11-09,53.407415981312155
2007-11-12,50.451928837149026
2007-11-13,54.01589757533213
2007-11-14,54.0680524583917
2007-11-15,52.82327094522246
2007-11-16,53.47695582539158
2007-11-19,51.011729356983395
2007-11-20,52.41297949849385
2007-11-21,49.773903419887105
2007-11-23,51.24469340547698
2007-11-26,49.210621132853746
2007-11-27,51.095180353208704
2007-11-28,53.89420284819313
2007-11-29,53.23356239195107
2007-11-30,53.68557933679235
2007-12-03,53.219655218967695
2007-12-04,53.08057155164633
2007-12-05,55.4380104658989
2007-12-06,56.3107482424157
2007-12-07,55.64315618926321
2007-12-10,55.660541150283066
2007-12-11,53.3031022360305
2007-12-12,54.902542524832306
2007-12-13,53.39350880832876
2007-12-14,52.12090897003026
2007-12-17,49.89907593506258
2007-12-18,51.269033942569784
2007-12-19,51.60282996914603
2007-12-20,51.88447111266271
2007-12-21,53.44914147942481
2007-12-24,54.3416972997551
2007-12-26,54.62336968758326
2007-12-27,53.36288524838225
2007-12-28,53.56357556553492
2007-12-31,52.91924871920308
2008-01-02,52.0460663316156
2008-01-03,52.51434642454495
2008-01-04,50.93697702334753
2008-01-07,51.310196462909566
2008-01-08,50.91233345959734
2008-01-09,52.58124185380928
2008-01-10,53.20092513639092
2008-01-11,51.704537805869
2008-01-14,52.46505123832522
2008-01-15,50.09195985986303
2008-01-16,48.00758418993458
2008-01-17,46.609783202492444
2008-01-18,47.673094955533905
2008-01-22,46.47598831460411
2008-01-23,46.77174331448377
2008-01-24,47.6801382762395
2008-01-25,46.95483338859184
2008-01-28,48.11673148471307
2008-01-29,47.88083262275184
2008-01-30,47.25058838847149
2008-01-31,48.19771355538856
2008-02-01,49.15892133435712
2008-02-04,49.310320494649744
2008-02-05,46.655552698999706
2008-02-06,45.891517606190696
2008-02-07,46.66963934041087
2008-02-08,46.581613949029794
2008-02-11,47.159045366097295
2008-02-12,47.91956282791319
2008-02-13,48.99695719300614
2008-02-14,48.36671698808547
2008-02-15,48.71176717418486
2008-02-19,49.34905069981111
2008-02-20,49.76099631517482
2008-02-21,49.06385665163015
2008-02-22,49.72226611001347
2008-02-25,50.64826534417347
2008-02-26,51.317235754255485
2008-02-27,51.75030730237627
2008-02-28,51.194005847425515
2008-02-29,49.158921334357125
2008-03-03,49.42650708077413
2008-03-04,48.278695626064064
2008-03-05,49.29271622224547
2008-03-06,47.60267786591678
2008-03-07,46.94426840753346
2008-03-10,46.120377176806024
2008-03-11,49.222295103268664
2008-03-12,48.31038251051983
2008-03-13,47.87026764169346
2008-03-14,46.17318999401887
2008-03-17,45.032413801295036
2008-03-18,47.373818295301454
2008-03-19,44.528925163557126
2008-03-20,45.27888167367431
2008-03-24,47.01468549715059
2008-03-25,47.73647275380512
2008-03-26,47.349174731551265
2008-03-27,47.12031516093594
2008-03-28,47.03581142990765
2008-03-31,47.31396215738303
2008-04-01,49.130752080894474
2008-04-02,49.165960625703036
2008-04-03,49.7645179755276
2008-04-04,49.56382362901526
2008-04-07,50.222233087398585
2008-04-08,49.947604020276
2008-04-09,49.16948228605583
2008-04-10,49.87366527030609
2008-04-11,49.06033499127736
2008-04-14,48.94414437579331
2008-04-15,49.51805413250801
2008-04-16,50.98275054921448
2008-04-17,50.613056799364905
2008-04-18,51.377091892173915
2008-04-21,51.63763834724501
2008-04-22,51.15879730261696
2008-04-23,51.894667171322986
2008-04-24,51.22921439223408
2008-04-25,51.605951462789236
2008-04-28,51.507365119709455
2008-04-29,50.59545252696062
2008-04-30,51.637638347245
2008-05-01,52.186900510849846
2008-05-02,52.68687151759464
2008-05-05,52.64814131243329
2008-05-06,53.23613368119948
2008-05-07,51.65172498865616
2008-05-08,52.18337885049706
2008-05-09,51.757350623081855
2008-05-12,52.42280340217076
2008-05-13,52.67278890554315
2008-05-14,52.799540472725916
2008-05-15,53.92270836368579
2008-05-16,54.60928707553177
2008-05-19,54.61984802723047
2008-05-20,53.6727228603134
2008-05-21,53.126982357061344
2008-05-22,53.28190317770675
2008-05-23,52.35238228319397
2008-05-27,52.267882581525356
2008-05-28,52.972065565775615
2008-05-29,53.0882521519
2008-05-30,53.27134222600806
2008-06-02,52.63757633137492
2008-06-03,51.68693353346473
2008-06-04,51.23625771293966
2008-06-05,52.86643590199024
2008-06-06,50.9510636647587
2008-06-09,50.82079043722315
2008-06-10,49.648327360043545
2008-06-11,48.905414170631936
2008-06-12,49.19060821881289
2008-06-13,49.72226611001346
2008-06-16,49.891269542710354
2008-06-17,50.1025248409214
2008-06-18,49.85958265825459
2008-06-19,49.93704306857729
2008-06-20,48.306860850167034
2008-06-23,48.44769905876096
2008-06-24,48.23292210019713
2008-06-25,49.1877906566344
2008-06-26,47.50013348065032
2008-06-27,47.959433488113795
2008-06-30,48.32260084111687
2008-07-01,47.460968174217335
2008-07-02,46.107992639909554
2008-07-03,45.97625182763414
2008-07-07,45.8124722300401
2008-07-08,46.37502733845221
2008-07-09,45.43862528193081
2008-07-10,46.261092642397365
2008-07-11,45.9513314141776
2008-07-14,45.89436406615018
2008-07-15,45.12886405371105
2008-07-16,46.43199468647964
2008-07-17,46.649180408856985
2008-07-18,46.24684774942092
2008-07-21,46.820082452939246
2008-07-22,46.84856816426603
2008-07-23,46.91621510739966
2008-07-24,45.18227017849437
2008-07-25,45.49203140671414
2008-07-28,44.722970171030894
2008-07-29,47.20105184753677
2008-07-30,46.709708980128525
2008-07-31,45.662933450796395
2008-08-01,45.353172222576625
2008-08-04,43.96459260507997
2008-08-05,44.53070486211006
2008-08-06,45.41726201709227
2008-08-07,43.857780355513356
2008-08-08,43.964592605079964
2008-08-11,43.50529259761648
2008-08-12,43.1421252446134
2008-08-13,43.1314456495072
2008-08-14,43.69755790653729
2008-08-15,43.01394973020824
2008-08-18,42.28761502420209
2008-08-19,41.935127266305216
2008-08-20,43.003266060475895
2008-08-21,42.93918034058638
2008-08-22,42.90713340601549
2008-08-25,42.02058032565942
2008-08-26,42.09534971528127
2008-08-27,42.99258646536968
2008-08-28,43.29166402385711
2008-08-29,42.77895789161032
2008-09-02,41.48651092857408
2008-09-03,40.802902752245025
2008-09-04,38.922976192713996
2008-09-05,39.478408854637884
2008-09-08,39.96975172204612
2008-09-09,37.72666188413816
2008-09-10,38.335500670845356
2008-09-11,37.769388413815264
2008-09-12,39.02979251690675
2008-09-15,35.9642312439061
2008-09-16,36.27399247212587
2008-09-17,33.699778141159584
2008-09-18,36.541027170668535
2008-09-19,41.09130071562625
2008-09-22,38.41027006046721
2008-09-23,37.213955751891376
2008-09-24,37.6412128994101
2008-09-25,39.574541509098296
2008-09-26,38.22868842127875
2008-09-29,33.76386793567523
2008-09-30,36.49830064099143
2008-10-01,36.9362414582425
2008-10-02,33.699778141159584
2008-10-03,32.813223023490444
2008-10-06,30.34582297940384
2008-10-07,27.985237222196925
2008-10-08,27.985237222196922
2008-10-09,25.923729023477428
2008-10-10,26.22280658196485
2008-10-13,32.19370260436397
2008-10-14,30.591494413107956
2008-10-15,25.646012692515477
2008-10-16,26.906416795606965
2008-10-17,26.06258617030186
2008-10-20,27.88910456773651
2008-10-21,25.66737595735403
2008-10-22,22.964984074669516
2008-10-23,23.605867758634535
2008-10-24,21.17051057449269
2008-10-27,20.6150779125688
2008-10-28,24.930359618928602
2008-10-29,24.13993715571987
2008-10-30,27.3977596630152
2008-10-31,27.162769861730357
2008-11-03,26.917098428026236
2008-11-04,29.37381683969356
2008-11-05,25.6353310600962
2008-11-06,24.342884097059954
2008-11-07,26.318939236425248
2008-11-10,26.56461270744244
2008-11-11,24.908996354090053
2008-11-12,23.06111672912992
2008-11-13,26.25485147922267
2008-11-14,23.734043273039692
2008-11-17,23.338833060091858
2008-11-18,22.99702897192733
2008-11-19,21.010290162829694
2008-11-20,19.504214626034088
2008-11-21,22.31341875828521
2008-11-24,23.669955515837103
2008-11-25,23.221337140792897
2008-11-26,24.99444737613117
2008-11-28,24.513786141142205
2008-12-01,22.15319834662222
2008-12-02,23.552459596538142
2008-12-03,23.744724905458956
2008-12-04,22.729994273384655
2008-12-05,24.075849398517274
2008-12-08,25.61396779525764
2008-12-09,25.261482074673843
2008-12-10,26.76755761146945
2008-12-11,26.0839494351404
2008-12-12,26.447116788143475
2008-12-15,26.094631067559675
2008-12-16,28.17750049380465
2008-12-17,27.686157626396415
2008-12-18,27.077318839689223
2008-12-19,27.17345149414963
2008-12-22,26.158718824762264
2008-12-23,25.945092125330927
2008-12-24,26.129253607596297
2008-12-26,26.042589502191134
2008-12-29,25.999256416370926
2008-12-30,26.692569259612203
2008-12-31,27.05005895268789
2009-01-02,28.339189328545487
2009-01-05,28.707512293076228
2009-01-06,29.357494116732553
2009-01-07,27.667543028214315
2009-01-08,27.548379108444
2009-01-09,26.95256157582768
2009-01-12,25.815094934105556
2009-01-13,25.890925768055663
2009-01-14,24.63429520656322
2009-01-15,24.915954065688805
2009-01-16,25.186779653359334
2009-01-20,23.31266708257572
2009-01-21,24.580130915523217
2009-01-22,23.767654152511625
2009-01-23,24.070977488312053
2009-01-26,24.352636347437635
2009-01-27,24.785956874463434
2009-01-28,26.04258950219113
2009-01-29,24.72095931196838
2009-01-30,24.53679782970301
2009-02-02,24.28763878494258
2009-02-03,25.01345144254901
2009-02-04,25.19761292481438
2009-02-05,25.72843082870039
2009-02-06,27.017561204557985
2009-02-09,26.876730741877566
2009-02-10,25.251777215854382
2009-02-11,26.010089687825968
2009-02-12,25.8475947484707
2009-02-13,25.97758987346081
2009-02-17,24.320138599307732
2009-02-18,24.146810388497414
2009-02-19,23.919315820411835
2009-02-20,23.312667082575718
2009-02-23,22.738516092869503
2009-02-24,23.984313382906894
2009-02-25,23.572659398791203
2009-02-26,23.366831373615728
2009-02-27,22.998508409084987
2009-03-02,21.601049451147386
2009-03-03,21.904372786947814
2009-03-04,23.442662207565835
2009-03-05,22.47852377665403
2009-03-06,22.857680012639822
2009-03-09,22.413526214158974
2009-03-10,24.23347449390258
2009-03-11,24.23347449390258
2009-03-12,25.165113110449234
2009-03-13,25.305943573129653
2009-03-16,25.3276080498045
2009-03-17,25.880092496600614
2009-03-18,26.421743671941673
2009-03-19,26.248415461131355
2009-03-20,25.890925768055666
2009-03-23,28.28502503750549
2009-03-24,27.407548645763587
2009-03-25,27.819204696114536
2009-03-26,28.577515101850867
2009-03-27,27.732540590709377
2009-03-30,26.302581818406615
2009-03-31,26.876730741877576
2009-04-01,27.765038338839275
2009-04-02,29.270830011327398
2009-04-03,29.628319704403086
2009-04-06,29.259996739872346
2009-04-07,28.58834837330592
2009-04-08,29.01083769511192
2009-04-09,30.278301528059416
2009-04-13,30.462463010324786
2009-04-14,29.974976126023726
2009-04-15,30.408296653049522
2009-04-16,30.668288969265
2009-04-17,30.45162973886973
2009-04-20,28.967504609291712
2009-04-21,29.58498661858288
2009-04-22,29.335827573822456
2009-04-23,29.79081464375836
2009-04-24,30.354132362009526
2009-04-27,29.335827573822456
2009-04-28,29.23833019696224
2009-04-29,30.776619617580266
2009-04-30,31.058278476705848
2009-05-01,31.513265546641748
2009-05-04,33.690703519461046
2009-05-05,33.38737811742536
2009-05-06,33.961529107131575
2009-05-07,33.11655252975483
2009-05-08,34.22152142334705
2009-05-11,33.41987793179051
2009-05-12,33.658203705095886
2009-05-13,32.42323968651355
2009-05-14,32.8890600279045
2009-05-15,32.58573462586881
2009-05-18,34.39484963415736
2009-05-19,34.784839141598205
2009-05-20,34.89316772367821
2009-05-21,34.243187966257146
2009-05-22,34.39484963415736
2009-05-26,34.80650568450831
2009-05-27,34.40568290561241
2009-05-28,35.46732077961968
2009-05-29,36.00897195496075
2009-06-01,37.52559276643341
2009-06-02,36.98394159109235
2009-06-03,35.673146738559915
2009-06-04,36.33396183367129
2009-06-05,36.409792667621396
2009-06-08,35.846474949370226
2009-06-09,35.91147457810054
2009-06-10,36.36645958180118
2009-06-11,37.14643859668287
2009-06-12,36.55062313030181
2009-06-15,35.239824145298854
2009-06-16,34.709008307648105
2009-06-17,34.31901880020726
2009-06-18,34.22152142334705
2009-06-19,34.39484963415737
2009-06-22,33.14905234411998
2009-06-23,33.3624616674632
2009-06-24,34.094142597767046
2009-06-25,35.10976171203407
2009-06-26,35.2954100765714
2009-06-29,35.557506541315725
2009-06-30,35.19712442302753
2009-07-01,35.84144055939693
2009-07-02,34.85858610689918
2009-07-06,34.78214217257417
2009-07-07,33.963096448335875
2009-07-08,33.56995383416038
2009-07-09,34.17058861503305
2009-07-10,33.76652514124812
2009-07-13,34.0067778038326
2009-07-14,34.37807869878923
2009-07-15,36.22366023102199
2009-07-16,36.28918538867857
2009-07-17,36.66048628363521
2009-07-20,37.970960275592866
2009-07-21,37.861751679498575
2009-07-22,37.77438896850512
2009-07-23,38.84460821493732
2009-07-24,38.65895985039999
2009-07-27,38.99749608358735
2009-07-28,38.82276649571846
2009-07-29,37.94911855637402
2009-07-30,38.88829165337504
2009-07-31,39.07394001791237
2009-08-03,40.537301878520054
2009-08-04,40.16600098356342
2009-08-05,39.82746475037606
2009-08-06,39.49984312797516
2009-08-07,39.89298574215066
2009-08-10,39.445240912869004
2009-08-11,38.70263912295573
2009-08-12,39.05209829869351
2009-08-13,39.72917909683218
2009-08-14,39.008419026137766
2009-08-17,37.4795320078735
2009-08-18,38.298577732111795
2009-08-19,38.39686338565567
2009-08-20,39.06302124124392
2009-08-21,39.65273516250716
2009-08-24,39.82746475037605
2009-08-25,39.74009787350062
2009-08-26,39.619970500737885
2009-08-27,39.54352656641287
2009-08-28,39.33603648265668
2009-08-31,38.56067419685611
2009-09-01,37.82899118361128
2009-09-02,38.233052574455215
2009-09-03,38.99749608358735
2009-09-04,39.75102081605104
2009-09-08,40.570066540289325
2009-09-09,40.78847540071395
2009-09-10,41.32358710687104
2009-09-11,41.34542882608989
2009-09-14,41.19254095743987
2009-09-15,41.683965059277256
2009-09-16,42.73234675237257
2009-09-17,42.50301078351554
2009-09-18,42.62313815627828
2009-09-21,42.25183726132165
2009-09-22,42.89615339769105
2009-09-23,42.251837261321654
2009-09-24,41.42187276041493
2009-09-25,41.59660234828382
2009-09-28,42.1317140544409
2009-09-29,42.22999554210279
2009-09-30,42.492092006847116
2009-10-01,41.33450588353949
2009-10-02,41.345428826089915
2009-10-05,42.306443642309794
2009-10-06,43.00536199378535
2009-10-07,42.96167855534763
2009-10-08,43.4858673189543
2009-10-09,43.518627814841594
2009-10-12,43.879009933129794
2009-10-13,43.95545386745481
2009-10-14,45.37513228962478
2009-10-15,45.12395876743088
2009-10-16,44.501484350280336
2009-10-19,45.353290570405925
2009-10-20,44.752657872474245
2009-10-21,44.51240312694878
2009-10-22,44.883704021905416
2009-10-23,44.51240312694878
2009-10-26,43.95545386745482
2009-10-27,43.19101035832269
2009-10-28,41.21438267665876
2009-10-29,43.038122489672666
2009-10-30,41.028730146239454
2009-11-02,41.640285786721556
2009-11-03,41.705806778496154
2009-11-04,42.481173230178705
2009-11-05,43.35482116952315
2009-11-06,43.30021895441699
2009-11-09,44.89462696445585
2009-11-10,44.687132714817686
2009-11-11,45.06935655232474
2009-11-12,44.064658297667144
2009-11-13,44.81818303013084
2009-11-16,45.94300449166919
2009-11-17,45.779193680468744
2009-11-18,45.418815728062526
2009-11-19,44.57792828460538
2009-11-20,44.39227992006805
2009-11-23,45.32053007451865
2009-11-24,45.06935655232475
2009-11-25,45.593545315931415
2009-11-27,43.824407718023664
2009-11-30,44.25031082808646
2009-12-01,45.5171013816064
2009-12-02,45.70274974614373
2009-12-03,45.27684663608094
2009-12-04,45.6918309694753
2009-12-07,45.2986883552998
2009-12-08,44.457800911842654
2009-12-09,44.73081615325542
2009-12-10,44.99291261799974
2009-12-11,45.15671926331821
2009-12-14,45.46249916650025
2009-12-15,44.99291261799974
2009-12-16,45.25500491686209
2009-12-17,43.95545386745485
2009-12-18,44.07558124021758
2009-12-21,44.02097902511142
2009-12-22,44.461077428010164
2009-12-23,44.9013967912727
2009-12-24,45.3527222489783
2009-12-28,45.50683276636119
2009-12-29,45.34391539140302
2009-12-30,45.54211642461893
2009-12-31,45.69627185036013
2010-01-04,47.028619973317944
2010-01-05,47.36996713061653
2010-01-06,47.469067647224485
2010-01-07,47.19378890113798
2010-01-08,47.56816816383244
2010-01-11,47.469067647224485
2010-01-12,46.709295619756716
2010-01-13,46.852441743839385
2010-01-14,46.73131842349407
2010-01-15,46.1917744333999
2010-01-19,47.12772048992589
2010-01-20,45.99357340018398
2010-01-21,44.60616616767261
2010-01-22,43.61516520201338
2010-01-25,43.9344895555746
2010-01-26,43.020562102365645
2010-01-27,42.91045228409917
2010-01-28,42.6131507342753
2010-01-29,42.150680256631404
2010-02-01,43.284831546793626
2010-02-02,43.63718800575073
2010-02-03,43.38393206340158
2010-02-04,41.42394453497984
2010-02-05,40.96147825775626
2010-02-08,40.55406688966592
2010-02-09,41.8754015105449
2010-02-10,41.765291692278424
2010-02-11,42.86640667662445
2010-02-12,42.326858486109955
2010-02-16,43.41696416879746
2010-02-17,43.57111959453866
2010-02-18,43.736288522358684
2010-02-19,43.36190925966422
2010-02-22,43.41696416879746
2010-02-23,42.41494970105939
2010-02-24,42.82236106914973
2010-02-25,42.470004610192625
2010-02-26,42.89943878202032
2010-03-01,43.62617450367188
2010-03-02,44.12167708671166
2010-03-03,44.17673199584489
2010-03-04,43.9454988572331
2010-03-05,45.090659449053845
2010-03-08,45.12369155444972
2010-03-09,45.37694749679887
2010-03-10,45.6962718503601
2010-03-11,45.707281152018616
2010-03-12,45.55312572627742
2010-03-15,45.22279207105768
2010-03-16,45.80638166862658
2010-03-17,46.30188425166636
2010-03-18,45.949527792709254
2010-03-19,45.35492469306152
2010-03-22,45.52009362088155
2010-03-23,45.83941797444278
2010-03-24,45.15672365984562
2010-03-25,45.03560453992063
2010-03-26,45.25582417645357
2010-03-29,46.07065111305457
2010-03-30,46.246829342533125
2010-03-31,46.378961964536956
2010-04-01,47.590190967569775
2010-04-05,48.01962513939747
2010-04-06,48.16277126348014
2010-04-07,47.74434639331096
2010-04-08,47.909511120710675
2010-04-09,48.20681267053454
2010-04-12,47.82142410618156
2010-04-13,47.7223235895736
2010-04-14,48.4270365074878
2010-04-15,48.16277126348013
2010-04-16,46.753341227231395
2010-04-19,46.566153696094325
2010-04-20,47.11671118826734
2010-04-21,46.962555762526144
2010-04-22,47.16075679574205
2010-04-23,47.4140127380912
2010-04-26,47.4140127380912
2010-04-27,45.71829465409745
2010-04-28,46.10368321845043
2010-04-29,46.86345524591819
2010-04-30,46.30188425166634
2010-05-03,46.555140194015486
2010-05-04,44.41897863653551
2010-05-05,43.61516520201335
2010-05-06,41.83136010349048
2010-05-07,42.051579740023435
2010-05-10,45.079645946975006
2010-05-11,44.264823210794326
2010-05-12,44.81538070296734
2010-05-13,44.396955832798156
2010-05-14,43.48303258000952
2010-05-17,43.21876313558153
2010-05-18,42.315849184451416
2010-05-19,41.90843781636107
2010-05-20,39.82732696759402
2010-05-21,41.115633683497435
2010-05-24,40.68619951166974
2010-05-25,40.2457518377632
2010-05-26,40.22372903402584
2010-05-27,42.657196341749994
2010-05-28,41.95247922341547
2010-06-01,41.181702094709514
2010-06-02,42.624160035933805
2010-06-03,42.47000461019261
2010-06-04,40.96147825775625
2010-06-07,40.3228295506338
2010-06-08,41.24776630550127
2010-06-09,41.027542468548006
2010-06-10,42.4589953085341
2010-06-11,42.67921494506705
2010-06-14,42.69022844714589
2010-06-15,43.97853096262899
2010-06-16,43.97853096262899
2010-06-17,43.758311326096035
2010-06-18,43.95650815889163
2010-06-21,44.71628018635939
2010-06-22,43.85741184270399
2010-06-23,43.96972153870378
2010-06-24,43.19385382222262
2010-06-25,43.703710958242226
2010-06-28,43.40444588410151
2010-06-29,41.642109932936414
2010-06-30,41.36501311186116
2010-07-01,41.66427818600187
2010-07-02,41.84161998236356
2010-07-06,42.61749192700666
2010-07-07,43.559619427397756
2010-07-08,43.770215717438596
2010-07-09,44.30224110652365
2010-07-12,43.947557513800284
2010-07-13,44.45741464981988
2010-07-14,44.36874163755807
2010-07-15,44.158149575679175
2010-07-16,42.83917022949926
2010-07-19,43.40444588410153
2010-07-20,44.42416438430268
2010-07-21,43.969721538703794
2010-07-22,45.29978712549741
2010-07-23,45.610138440251816
2010-07-26,45.92048552684428
2010-07-27,45.84289875519617
2010-07-28,45.587970187186365
2010-07-29,45.665556958834486
2010-07-30,45.88723526132708
2010-08-02,47.073209317276216
2010-08-03,46.851531014783625
2010-08-04,46.91803577397999
2010-08-05,46.70743948393915
2010-08-06,46.640938952904726
2010-08-09,46.884781280300835
2010-08-10,46.24191885405045
2010-08-11,44.76776173641237
2010-08-12,44.84534850806048
2010-08-13,45.089195063618526
2010-08-16,45.51038341553826
2010-08-17,45.98699028604065
2010-08-18,45.9537357923615
2010-08-19,45.59905219963813
2010-08-20,45.46604690940735
2010-08-23,45.05594479810132
2010-08-24,44.479582902885355
2010-08-25,44.1913998411964
2010-08-26,43.914303020121146
2010-08-27,44.878603001739634
2010-08-30,44.135981322613745
2010-08-31,44.40199613123725
2010-09-01,45.96482203297521
2010-09-02,46.04240880462333
2010-09-03,46.58551620616014
2010-09-07,45.90939928623061
2010-09-08,46.408174409798455
2010-09-09,46.67418921842196
2010-09-10,46.840444774169946
2010-09-13,47.95991829908466
2010-09-14,47.937750046019204
2010-09-15,48.00425480521557
2010-09-16,47.76040824965752
2010-09-17,47.68282147800941
2010-09-20,48.436525169587064
2010-09-21,48.29243363874259
2010-09-22,48.32568390425979
2010-09-23,48.01533681766732
2010-09-24,48.90204579947575
2010-09-27,48.81337701537588
2010-09-28,49.168060608099246
2010-09-29,49.334316163847234
2010-09-30,49.62249922553619
2010-10-01,50.354034664048385
2010-10-04,50.19886112075215
2010-10-05,51.107738355626026
2010-10-06,51.085570102560574
2010-10-07,50.63113148512364
2010-10-08,51.24074364585682
2010-10-11,51.20749338033961
2010-10-12,50.99689709029878
2010-10-13,51.93902881885182
2010-10-14,51.85035580659
2010-10-15,51.78385527555558
2010-10-18,51.80602352862103
2010-10-19,50.16560662707301
2010-10-20,50.96364682478156
2010-10-21,50.96364682478156
2010-10-22,51.019065343364225
2010-10-25,51.573258985514734
2010-10-26,51.528926707545764
2010-10-27,50.65329973818909
2010-10-28,50.974733065395256
2010-10-29,51.118820368077785
2010-11-01,51.68410025084199
2010-11-02,52.326962677092375
2010-11-03,52.64839600429853
2010-11-04,53.845456300861365
2010-11-05,53.7457012761478
2010-11-08,53.52402297365521
2010-11-09,52.84790605372567
2010-11-10,53.23583991196625
2010-11-11,52.71490076349489
2010-11-12,51.440253695283936
2010-11-15,51.41808544221848
2010-11-16,50.06585160235941
2010-11-17,50.320784398531146
2010-11-18,51.51784046693204
2010-11-19,51.55109073244925
2010-11-22,51.395917189153025
2010-11-23,49.766590756380644
2010-11-24,50.91931031865063
2010-11-26,49.65574949105337
2010-11-29,50.04368757745589
2010-11-30,49.63358123798792
2010-12-01,51.05231983704335
2010-12-02,52.0609520966308
2010-12-03,52.24937590544424
2010-12-06,52.160707121344366
2010-12-07,51.91686056578632
2010-12-08,51.584345226128406
2010-12-09,51.407003429766725
2010-12-10,51.639763744711075
2010-12-13,51.97227908436899
2010-12-14,52.04986585601711
2010-12-15,51.207493380339585
2010-12-16,51.35158491118406
2010-12-17,51.42917168283218
2010-12-20,51.19640713972588
2010-12-21,51.937919755061564
2010-12-22,52.11663070636721
2010-12-23,52.06078433298517
2010-12-27,51.89324095203388
2010-12-28,51.937919755061586
2010-12-29,52.60250139815978
2010-12-30,52.87071233312816
2010-12-31,53.239497572757976
2011-01-03,53.75356391312351
2011-01-04,53.99942358158884
2011-01-05,53.86532024563875
2011-01-06,53.29537360748151
2011-01-07,52.80365853361902
2011-01-10,52.25606316196482
2011-01-11,52.814832035336444
2011-01-12,53.87649374735618
2011-01-13,53.407129939996736
2011-01-14,53.56358454244988
2011-01-18,53.485357241223305
2011-01-19,53.07186946858739
2011-01-20,52.4907493287127
2011-01-21,51.943153957058506
2011-01-24,52.345468227976994
2011-01-25,52.032559023070704
2011-01-26,52.49074932871272
2011-01-27,52.31194345975652
2011-01-28,50.65798810614468
2011-01-31,51.19440571301326
2011-02-01,52.434869030921
2011-02-02,52.04373252478813
2011-02-03,51.976678725278994
2011-02-04,51.965505223561564
2011-02-07,52.032559023070704
2011-02-08,52.05491028957375
2011-02-09,50.859140978535734
2011-02-10,50.37860366945886
2011-02-11,50.99324857755401
2011-02-14,50.73621540737125
2011-02-15,50.83679397510087
2011-02-16,51.261455249454215
2011-02-17,51.44026111841041
2011-02-18,51.75317458638489
2011-02-22,50.099219232773045
2011-02-23,50.14391750271095
2011-02-24,50.26684733694362
2011-02-25,50.87031874332135
2011-02-28,51.17205444651021
2011-03-01,50.64681034135906
2011-03-02,51.33968255068079
2011-03-03,52.35664172969443
2011-03-04,52.41252202748614
2011-03-07,51.67494728515832
2011-03-08,52.367819494480045
2011-03-09,52.468398062209666
2011-03-10,50.915021276327444
2011-03-11,51.44026111841041
2011-03-14,51.74199682159927
2011-03-15,50.88149224503878
2011-03-16,49.842181799522095
2011-03-17,50.45683097068543
2011-03-18,50.54623177362944
2011-03-21,51.51848841963698
2011-03-22,51.67494728515832
2011-03-23,52.356641729694424
2011-03-24,52.960113136072145
2011-03-25,52.90423710134862
2011-03-28,52.63602616638023
2011-03-29,53.239497572757955
2011-03-30,53.92119628036225
2011-03-31,54.39056008772169
2011-04-01,55.26224242906779
2011-04-04,55.731606236427226
2011-04-05,55.619854166980176
2011-04-06,55.921589870169036
2011-04-07,55.86571383544551
2011-04-08,55.921589870169036
2011-04-11,55.26224242906779
2011-04-12,54.222931983551106
2011-04-13,54.6699445244075
2011-04-14,54.837576891646265
2011-04-15,54.904630691155404
2011-04-18,53.53005977422938
2011-04-19,54.30115928477768
2011-04-20,55.5863293987597
2011-04-21,56.07804447262219
2011-04-25,55.61985416698018
2011-04-26,56.10039573912523
2011-04-27,55.99981717139561
2011-04-28,55.54162686575361
2011-04-29,55.87688733716295
2011-05-02,55.888060838880385
2011-05-03,54.647597520972646
2011-05-04,53.742390411406056
2011-05-05,53.228324071040525
2011-05-06,53.92119628036225
2011-05-09,54.02177484809187
2011-05-10,54.658771022690075
2011-05-11,53.45183247300281
2011-05-12,53.608287075455955
2011-05-13,52.43486903092098
2011-05-16,52.3566417296944
2011-05-17,52.52427409693316
2011-05-18,53.37360090870804
2011-05-19,53.02716693558127
2011-05-20,52.60250139815974
2011-05-23,51.50731491791952
2011-05-24,52.02138125828506
2011-05-25,52.133137590800295
2011-05-26,52.80365853361897
2011-05-27,53.3624274069906
2011-05-31,54.23410548526852
2011-06-01,53.26184883926098
2011-06-02,53.764741677909086
2011-06-03,53.4965307429407
2011-06-06,52.63602616638021
2011-06-07,53.049518202084315
2011-06-08,52.66955519766888
2011-06-09,53.08304297030479
2011-06-10,51.93198045534105
2011-06-13,51.842575389328864
2011-06-14,52.62485266466278
2011-06-15,51.496141416202086
2011-06-16,51.105000647001035
2011-06-17,51.172054446510174
2011-06-20,51.0938271452836
2011-06-21,52.03255902307066
2011-06-22,51.519606980520045
2011-06-23,51.45188019086452
2011-06-24,51.361572063152444
2011-06-27,51.959848337795066
2011-06-28,52.67100977207779
2011-06-29,53.156405193208855
2011-06-30,53.73210443592345
2011-07-01,54.36424841152237
2011-07-05,54.341671379594345
2011-07-06,53.98044748100312
2011-07-07,54.725472310113595
2011-07-08,54.10461900354296
2011-07-11,52.59199231339398
2011-07-12,52.06144282840688
2011-07-13,52.908062148129176
2011-07-14,52.343649268314316
2011-07-15,52.67100977207779
2011-07-18,52.06144282840689
2011-07-19,52.81775832654565
2011-07-20,52.97579324391325
2011-07-21,53.822412563635545
2011-07-22,53.78854916880778
2011-07-25,53.67566400916768
2011-07-26,53.85627595846329
2011-07-27,52.90806214812919
2011-07-28,52.95321621198523
2011-07-29,53.178982225136885
2011-08-01,53.133828161280846
2011-08-02,51.497029948592036
2011-08-03,51.316417999296426
2011-08-04,48.38147274671055
2011-08-05,48.06540291197536
2011-08-08,44.05806802038701
2011-08-09,46.64308004340993
2011-08-10,44.17095318002711
2011-08-11,46.609216648582176
2011-08-12,46.58663961665416
2011-08-15,47.67031131242785
2011-08-16,47.26393334998058
2011-08-17,47.602580216643794
2011-08-18,45.356219366412624
2011-08-19,44.791806486597764
2011-08-22,44.746652422741725
2011-08-23,46.31571953964647
2011-08-24,45.864191819471706
2011-08-25,44.972418435893374
2011-08-26,45.740020296931874
2011-08-29,47.21878359225309
2011-08-30,47.28651038190861
2011-08-31,48.257301224170746
2011-09-01,47.997671816191335
2011-09-02,46.91400012041765
2011-09-06,46.42860469928659
2011-09-07,47.80576919786745
2011-09-08,46.744674534021776
2011-09-09,45.16431674808875
2011-09-12,45.07401292650521
2011-09-13,45.14174402228927
2011-09-14,45.017572499749434
2011-09-15,45.672289201147834
2011-09-16,45.75130665983163
2011-09-19,44.39671919317879
2011-09-20,44.06935868941532
2011-09-21,42.43256047672651
2011-09-22,39.4524611602846
2011-09-23,40.502269461230526
2011-09-26,41.111832098772894
2011-09-27,42.421274113826776
2011-09-28,41.145699799729194
2011-09-29,41.71011267954406
2011-09-30,39.62178244055195
2011-10-03,38.78645378985794
2011-10-04,39.38473006450056
2011-10-05,40.299080480006914
2011-10-06,41.631095220860274
2011-10-07,41.13440913070093
2011-10-10,42.97439632461337
2011-10-11,42.996973356541396
2011-10-12,44.20481657485492
2011-10-13,43.80972928143593
2011-10-14,44.69021199598598
2011-10-17,43.17758530583701
2011-10-18,44.328988097394756
2011-10-19,43.48236877767246
2011-10-20,42.64703582084991
2011-10-21,43.86616970819171
2011-10-24,45.58198537956432
2011-10-25,44.67892563308625
2011-10-26,45.50296792088053
2011-10-27,48.26858758707053
2011-10-28,47.8622139307518
2011-10-31,46.067380800695396
2011-11-01,44.949841403965415
2011-11-02,46.327010208674814
2011-11-03,46.801114960777596
2011-11-04,46.49633148894215
2011-11-07,46.891423088489674
2011-11-08,47.44454529927626
2011-11-09,44.66763496405798
2011-11-10,44.96113207299369
2011-11-11,46.04480376876738
2011-11-14,45.41265979316846
2011-11-15,45.69486623307589
2011-11-16,44.46444598283435
2011-11-17,43.33562022320462
2011-11-18,43.50494580960049
2011-11-21,42.10519997296307
2011-11-22,42.251948527430926
2011-11-23,40.88607039174981
2011-11-25,40.750608200181695
2011-11-28,42.70348055373424
2011-11-29,42.511577935410344
2011-11-30,45.16431674808878
2011-12-01,45.0288588626492
2011-12-02,44.89340097720962
2011-12-05,45.62713513729182
2011-12-06,45.00628183072118
2011-12-07,45.18689378001679
2011-12-08,43.561386236356256
2011-12-09,44.44186895090631
2011-12-12,42.77120734338974
2011-12-13,42.37612004997075
2011-12-14,41.76655310629985
2011-12-15,42.03747318330754
2011-12-16,42.35354301804273
2011-12-19,41.25858065324076
2011-12-20,42.9710115697859
2011-12-21,43.10771558154378
2011-12-22,43.677320700567485
2011-12-23,43.84820397457147
2011-12-27,43.426693057559554
2011-12-28,42.69759920052796
2011-12-29,43.187459950547726
2011-12-30,43.22163486705165
2012-01-03,44.54311856935696
2012-01-04,44.292495272091216
2012-01-05,44.09882727183722
2012-01-06,43.540616688809614
2012-01-09,43.996298176583274
2012-01-10,44.95323495037279
2012-01-11,44.987414212618894
2012-01-12,45.16968767687679
2012-01-13,44.75957129586097
2012-01-17,45.61397897439653
2012-01-18,46.764579402697855
2012-01-19,47.17469578371367
2012-01-20,47.140520867209744
2012-01-23,47.5962023549834
2012-01-24,47.664556533733425
2012-01-25,48.19998673625321
2012-01-26,48.006318735999216
2012-01-27,48.25694637900715
2012-01-30,47.562027438479475
2012-01-31,47.972143819495294
2012-02-01,49.03160968853876
2012-02-02,49.168313700296636
2012-02-03,49.98854646232827
2012-02-06,49.56703554531636
2012-02-07,49.669564640570314
2012-02-08,50.0227213788322
2012-02-09,49.99993665258219
2012-02-10,48.8949013310387
2012-02-13,49.69234936682033
2012-02-14,49.28223298580452
2012-02-15,49.418941343304574
2012-02-16,49.954367200082174
2012-02-17,50.04550610508222
2012-02-21,49.84044791457431
2012-02-22,49.93158681957435
2012-02-23,49.840447914574305
2012-02-24,50.34169885484798
2012-02-27,49.840447914574305
2012-02-28,50.53536685510198
2012-02-29,50.501191938598055
2012-03-01,50.979658152621724
2012-03-02,50.85434433111775
2012-03-05,49.977151926332176
2012-03-06,48.302515831507165
2012-03-07,48.88351114078478
2012-03-08,49.908802093324326
2012-03-09,49.88601736707432
2012-03-12,49.33919697430062
2012-03-13,50.683465402855944
2012-03-14,49.88601736707432
2012-03-15,50.28473921209404
2012-03-16,50.2277795693401
2012-03-19,50.03411156908611
2012-03-20,49.168313700296636
2012-03-21,49.25945260529667
2012-03-22,48.50757402201507
2012-03-23,48.87212095053087
2012-03-26,49.72652862906643
2012-03-27,49.46450645006241
2012-03-28,48.63288349777686
2012-03-29,48.57592385502293
2012-03-30,48.929080593284816
2012-04-02,49.60121480756248
2012-04-03,49.31641224805062
2012-04-04,48.427825307268954
2012-04-05,48.689847486272974
2012-04-09,47.9721438194953
2012-04-10,47.037991771955795
2012-04-11,47.55063724822557
2012-04-12,48.76959185527693
2012-04-13,48.029103462249246
2012-04-16,47.78987035523741
2012-04-17,48.33669074801111
2012-04-18,48.108847831253186
2012-04-19,47.89239945049136
2012-04-20,48.22277146250323
2012-04-23,47.300009605217646
2012-04-24,47.4025387004716
2012-04-25,47.83543980773743
2012-04-26,48.131632557503195
2012-04-27,48.19998673625322
2012-04-30,48.09745764099927
2012-05-01,48.41643511701504
2012-05-02,48.325296212015
2012-05-03,47.9607492834992
2012-05-04,47.117736140959735
2012-05-07,47.288615069221535
2012-05-08,46.53673648593993
2012-05-09,45.932956450412306
2012-05-10,46.1266244506663
2012-05-11,45.534234605392584
2012-05-14,44.49755346259913
2012-05-15,44.11022180783332
2012-05-16,43.4836527003135
2012-05-17,42.89126720078196
2012-05-18,42.48115081976614
2012-05-21,43.49504723630959
2012-05-22,43.03936140279375
2012-05-23,42.74316865302798
2012-05-24,42.526720272266154
2012-05-25,42.32166208175825
2012-05-29,43.5178319625596
2012-05-30,42.76595337927799
2012-05-31,42.94822684353589
2012-06-01,41.797622069492384
2012-06-04,41.97989553375028
2012-06-05,42.093819165000326
2012-06-06,43.3241639623056
2012-06-07,43.58618179556744
2012-06-08,43.21024467679773
2012-06-11,42.58367991502009
2012-06-12,43.47226251005957
2012-06-13,43.312773772051685
2012-06-14,43.62036105781355
2012-06-15,44.417809093595174
2012-06-18,44.508943652853034
2012-06-19,45.226647319630715
2012-06-20,45.07854877187674
2012-06-21,43.447197972695974
2012-06-22,43.58560475107259
2012-06-25,42.77824947613815
2012-06-26,43.14732541901121
2012-06-27,43.42413457603216
2012-06-28,43.21652880819953
2012-06-29,45.13111191175316
2012-07-02,45.13111191175316
2012-07-03,46.03073397253972
2012-07-05,45.54632344741844
2012-07-06,44.715900376087895
2012-07-09,44.55443020104747
2012-07-10,44.058483577861985
2012-07-11,44.28915714209072
2012-07-12,43.551000856612305
2012-07-13,44.392960026007046
2012-07-16,44.28915714209073
2012-07-17,44.87737055112834
2012-07-18,44.76203596888011
2012-07-19,45.177243104813094
2012-07-20,44.50829460825528
2012-07-23,43.34339948851196
2012-07-24,43.15885711734314
2012-07-25,43.36646288517577
2012-07-26,44.346824433214834
2012-07-27,45.59245464047835
2012-07-30,45.3271815815216
2012-07-31,45.11957581368896
2012-08-01,45.20031090120918
2012-08-02,44.66976478329568
2012-08-03,46.05380176893582
2012-08-06,46.34214262428867
2012-08-07,46.469013304601084
2012-08-08,46.56128009045321
2012-08-09,46.75735415995394
2012-08-10,46.97649162611848
2012-08-13,46.56128009045321
2012-08-14,46.5497483921213
2012-08-15,46.48054500293299
2012-08-16,46.90728823693017
2012-08-17,46.67661907243372
2012-08-20,46.65355127603762
2012-08-21,46.58434788684931
2012-08-22,46.60741568324541
2012-08-23,46.180672449248235
2012-08-24,46.19220414758014
2012-08-27,45.71932532079076
2012-08-28,45.62705853493864
2012-08-29,45.40791666904181
2012-08-30,44.877370551128315
2012-08-31,45.304113785125494
2012-09-04,45.05037682423294
2012-09-05,44.819703260004204
2012-09-06,45.811596506375174
2012-09-07,46.872688742202165
2012-09-10,46.27293923510036
2012-09-11,46.82655314940996
2012-09-12,47.03415891724259
2012-09-13,48.302861320634506
2012-09-14,48.86800693327601
2012-09-17,48.337460815362505
2012-09-18,48.3605286117586
2012-09-19,48.3605286117586
2012-09-20,48.072187756405754
2012-09-21,48.18752233865398
2012-09-24,48.14139114559406
2012-09-25,47.426302656511744
2012-09-26,47.207165190347204
2012-09-27,47.95685317415753
2012-09-28,47.66851231880468
2012-10-01,48.14139114559406
2012-10-02,48.21059013505008
2012-10-03,47.88764978496923
2012-10-04,48.38359640815471
2012-10-05,48.38359640815471
2012-10-08,47.95685317415753
2012-10-09,47.59930892961637
2012-10-10,47.31096807426352
2012-10-11,47.7492474063249
2012-10-12,47.59930892961638
2012-10-15,47.876113686905036
2012-10-16,48.372060310090525
2012-10-17,48.75267235102778
2012-10-18,48.614269972383454
2012-10-19,47.86458198857313
2012-10-22,48.325929117030604
2012-10-23,47.33403587065963
2012-10-24,47.38017146345184
2012-10-25,47.899181483301135
2012-10-26,47.53010554042807
2012-10-31,47.46090655097205
2012-11-01,48.23365793144619
2012-11-02,47.97991657082135
2012-11-05,48.21059013505009
2012-11-06,48.59120217598735
2012-11-07,47.79537859938481
2012-11-08,47.195629092283006
2012-11-09,47.287900277867415
2012-11-12,47.46090655097204
2012-11-13,47.03415891724257
2012-11-14,46.307543129560635
2012-11-15,46.46901330460106
2012-11-16,46.607415683245385
2012-11-19,47.42630265651173
2012-11-20,47.334035870659605
2012-11-21,47.241764685075196
2012-11-23,48.01452046528163
2012-11-26,48.01452046528163
2012-11-27,47.610840627948264
2012-11-28,47.876113686905015
2012-11-29,48.22212623311427
2012-11-30,48.19905843671817
2012-12-03,48.17599064032207
2012-12-04,48.3143930189664
2012-12-05,48.83340743854799
2012-12-06,49.202483381421054
2012-12-07,49.35242185812958
2012-12-10,49.62922661541824
2012-12-11,49.88296797604308
2012-12-12,50.032906452751604
2012-12-13,49.81376458685477
2012-12-14,50.0329064527516
2012-12-17,50.15977713306402
2012-12-18,50.508089542533725
2012-12-19,50.484882904813816
2012-12-20,50.78656476895906
2012-12-21,50.20641210460204
2012-12-24,50.10198444796924
2012-12-26,50.25282538004186
2012-12-27,50.535939349102456
2012-12-28,50.721647718754795
2012-12-31,51.47608603337633
2013-01-02,52.485879444270424
2013-01-03,52.114462704965746
2013-01-04,52.218923939622485
2013-01-07,51.82429310065666
2013-01-08,51.36001996270742
2013-01-09,51.58054726803307
2013-01-10,52.03321556997014
2013-01-11,51.61537063134317
2013-01-14,51.83589793666883
2013-01-15,51.61537063134317
2013-01-16,51.56894243202089
2013-01-17,51.85911203632997
2013-01-18,51.97517810699888
2013-01-22,51.89393097200328
2013-01-23,51.61537063134316
2013-01-24,51.42966226169082
2013-01-25,51.25555872805066
2013-01-28,50.895746824758156
2013-01-29,51.46448119736414
2013-01-30,51.22073979237734
2013-01-31,51.325201027034076
2013-02-01,51.66179440302866
2013-02-04,50.976993959753756
2013-02-05,51.035031422725
2013-02-06,50.97699395975375
2013-02-07,50.524330085453464
2013-02-08,50.89574682475815
2013-02-11,50.87253715273379
2013-02-12,51.01181732306385
2013-02-13,51.267163564062834
2013-02-14,51.243953892038476
2013-02-15,51.05824552238613
2013-02-19,51.162706757042876
2013-02-20,50.71003845510581
2013-02-21,50.01363317581873
2013-02-22,50.23416048114439
2013-02-25,49.560969301518455
2013-02-26,49.83952964217857
2013-02-27,50.38504991512341
2013-02-28,50.152913346148786
2013-03-01,50.268983844454496
2013-03-04,49.79310587049307
2013-03-05,50.39665475113559
2013-03-06,50.64040058375918
2013-03-07,50.77968075408924
2013-03-08,51.220739792377344
2013-03-11,50.94217502408044
2013-03-12,50.361835815462285
2013-03-13,49.88595784150086
2013-03-14,50.09488031081435
2013-03-15,49.64221643651407
2013-03-18,49.085091327557045
2013-03-19,48.7368886879135
2013-03-20,49.01544902857361
2013-03-21,48.51635695495106
2013-03-22,48.702065324603396
2013-03-25,48.65563712528112
2013-03-26,49.35204683220498
2013-03-27,49.537755201857316
2013-03-28,49.642216436514055
2013-04-01,49.10830542721817
2013-04-02,49.13151952687931
2013-04-03,48.55118031826115
2013-04-04,48.41189572029431
2013-04-05,48.29582964962539
2013-04-08,48.37707678462099
2013-04-09,48.852954758582406
2013-04-10,49.31722789653165
2013-04-11,49.363651668217145
2013-04-12,48.60921335359561
2013-04-15,47.42532083669814
2013-04-16,48.40029088428213
2013-04-17,47.63424330601162
2013-04-18,47.63424330601162
2013-04-19,48.3306485852987
2013-04-22,48.56278515427332
2013-04-23,48.794921723247946
2013-04-24,49.08509132755702
2013-04-25,49.52614593820834
2013-04-26,49.027058292222556
2013-04-29,49.537755201857294
2013-04-30,50.24576974479334
2013-05-01,49.700249471848494
2013-05-02,50.09488031081432
2013-05-03,50.51272524944128
2013-05-06,50.5823675484247
2013-05-07,50.94217502408042
2013-05-08,51.336805863046244
2013-05-09,50.965389123741566
2013-05-10,50.57075828477574
2013-05-13,50.1064851468265
2013-05-14,50.338621715801125
2013-05-15,50.35023097945009
2013-05-16,50.176127445809925
2013-05-17,50.396654751135586
2013-05-20,50.524330085453464
2013-05-21,50.419868850796725
2013-05-22,49.8627437418397
2013-05-23,49.49132700253502
2013-05-24,49.061877227895884
2013-05-28,49.32883273254382
2013-05-29,48.70206532460338
2013-05-30,48.70206532460338
2013-05-31,47.81995167566396
2013-06-03,48.52796621860001
2013-06-04,47.93601774633288
2013-06-05,47.0771181970546
2013-06-06,47.47174903602043
2013-06-07,47.22800320339684
2013-06-10,46.589630959444214
2013-06-11,45.70751731050479
2013-06-12,45.394133606534574
2013-06-13,46.3574943904696
2013-06-14,45.6262701755092
2013-06-17,46.04411068649938
2013-06-18,46.24142831980068
2013-06-19,44.81379439791642
2013-06-20,42.80582126741399
2013-06-21,43.420979411705474
2013-06-24,42.53886576276605
2013-06-25,43.44419351136661
2013-06-26,44.128993954641516
2013-06-27,45.00298285466028
2013-06-28,45.26162213049698
2013-07-01,45.402696060653646
2013-07-02,44.591515356428616
2013-07-03,44.180047858196936
2013-07-05,43.89789551322423
2013-07-08,43.95667594373456
2013-07-09,44.532734925918284
2013-07-10,44.10950865078891
2013-07-11,46.27266168004839
2013-07-12,45.778896197510996
2013-07-15,46.24914861091238
2013-07-16,46.43724867934105
2013-07-17,46.86047495447042
2013-07-18,46.3079290414227
2013-07-19,46.17860940350435
2013-07-22,46.63710304000804
2013-07-23,47.14262281478375
2013-07-24,46.66061610914405
2013-07-25,46.93100967721906
2013-07-26,46.825207593096096
2013-07-29,46.237394318674056
2013-07-30,46.131587749891715
2013-07-31,45.86118969715732
2013-08-01,46.695887955177746
2013-08-02,46.684129178280045
2013-08-05,46.39022254106902
2013-08-06,45.80240926664698
2013-08-07,45.30864826876897
2013-08-08,46.17860940350433
2013-08-09,46.272661680048365
2013-08-12,46.70764224741605
2013-08-13,46.989794592388755
2013-08-14,47.14262281478373
2013-08-15,46.601835678633705
2013-08-16,46.20212247264035
2013-08-19,45.332161337904985
2013-08-20,45.24986783825865
2013-08-21,44.19180215043523
2013-08-22,44.90893506277561
2013-08-23,45.43796790668732
2013-08-26,44.94420242414993
2013-08-27,43.909649805462514
2013-08-28,44.00370208200654
2013-08-29,44.35638914972789
2013-08-30,44.69732192521092
2013-09-03,44.97946978552425
2013-09-04,45.778896197510974
2013-09-05,46.319687818320375
2013-09-06,47.00154888462706
2013-09-09,48.23595586398147
2013-09-10,48.60040170860051
2013-09-11,48.635669069974824
2013-09-12,48.07136886468879
2013-09-13,48.388788571035825
2013-09-16,48.92957570718585
2013-09-17,48.823769138403506
2013-09-18,50.869361306642325
2013-09-19,50.59896773856731
2013-09-20,49.470367327995255
2013-09-23,49.646708619526244
2013-09-24,49.22348234439688
2013-09-25,48.84728220753952
2013-09-26,49.04714105286589
2013-09-27,48.471082070682165
2013-09-30,47.91853615763444
2013-10-01,48.87079527667552
2013-10-02,49.0588953451042
2013-10-03,48.87079527667552
2013-10-04,49.50563468936958
2013-10-07,49.082408414240206
2013-10-08,48.61215600083882
2013-10-09,48.976601845457864
2013-10-10,50.128715325165935
2013-10-11,50.35208723962831
2013-10-14,50.64599387683933
2013-10-15,50.152228394301936
2013-10-16,50.5519416002953
2013-10-17,50.86936130664233
2013-10-18,50.91638744491434
2013-10-21,50.83409394526801
2013-10-22,51.32785494314602
2013-10-23,50.12871532516594
2013-10-24,50.0229087563836
2013-10-25,50.2580349630843
2013-10-28,50.55194160029532
2013-10-29,50.71652859958799
2013-10-30,50.434380739274665
2013-10-31,49.917102187601266
2013-11-01,49.94061525673728
2013-11-04,50.246280670846
2013-11-05,49.23524112129459
2013-11-06,49.388069343689565
2013-11-07,48.494595139818195
2013-11-08,48.38878857103585
2013-11-11,48.14190807209685
2013-11-12,47.88326879626015
2013-11-13,47.96556229590649
2013-11-14,48.7414756387572
2013-11-15,49.670221688662274
2013-11-18,50.11696103292765
2013-11-19,49.81129561881893
2013-11-20,49.12943455251224
2013-11-21,49.08240841424022
2013-11-22,49.43509548196157
2013-11-25,48.80025606926752
2013-11-26,48.96484755321957
2013-11-27,49.28226277490722
2013-11-29,49.78778254968292
2013-12-02,48.74147563875719
2013-12-03,48.57688863946452
2013-12-04,48.51810820895419
2013-12-05,48.23595586398149
2013-12-06,49.305775844043225
2013-12-09,49.37631505145125
2013-12-10,49.39982812058726
2013-12-11,48.30649507138952
2013-12-12,48.02434272641681
2013-12-13,48.14190807209685
2013-12-16,48.45932777844388
2013-12-17,48.03610150331451
2013-12-18,48.98365488720546
2013-12-19,48.08226272777337
2013-12-20,48.011098402922535
2013-12-23,48.36691097837198
2013-12-24,48.65156375337297
2013-12-26,48.23644531167997
2013-12-27,48.98365488720547
2013-12-30,49.19714333735561
2013-12-31,49.576677354422
2014-01-02,47.66714428608038
2014-01-03,47.58412150262225
2014-01-06,47.13342768510739
2014-01-07,47.33505315224788
2014-01-08,47.18086604393891
2014-01-09,46.93179769356454
2014-01-10,47.76203005254817
2014-01-13,47.19272902694858
2014-01-14,47.702728710706985
2014-01-15,47.69086572769733
2014-01-16,47.42993891871566
2014-01-17,47.19272902694858
2014-01-21,47.121564702097736
2014-01-22,47.750167069538506
2014-01-23,46.575985118115085
2014-01-24,45.35436028345778
2014-01-27,45.17645173353187
2014-01-28,45.46110450853285
2014-01-29,44.808776175072765
2014-01-30,45.22389461676576
2014-01-31,45.29505441721423
2014-02-03,44.01412824071574
2014-02-04,44.90366194154055
2014-02-05,44.7376163746243
2014-02-06,45.67458843428063
2014-02-07,45.935519767664665
2014-02-10,45.42552008390626
2014-02-11,46.409939551198846
2014-02-12,46.42179800980613
2014-02-13,46.46924089304002
2014-02-14,47.038541918639616
2014-02-18,46.59970655973204
2014-02-19,46.27947388450683
2014-02-20,46.44551945142308
2014-02-21,46.765752126648295
2014-02-24,46.765752126648295
2014-02-25,46.23203100127294
2014-02-26,46.26761090149717
2014-02-27,47.145286143714685
2014-02-28,46.82505346848947
2014-03-03,45.99482110950584
2014-03-04,46.77761058525557
2014-03-05,46.81319500988218
2014-03-06,47.477377277547184
2014-03-07,46.87249635172336
2014-03-10,46.55226367649815
2014-03-11,46.03040553413245
2014-03-12,46.12528677619786
2014-03-13,45.29505441721423
2014-03-14,45.544127291990975
2014-03-17,46.101565334580904
2014-03-18,46.74203068503133
2014-03-19,45.745752759131456
2014-03-20,45.947382750674315
2014-03-21,46.23203100127293
2014-03-24,46.68272934319016
2014-03-25,47.21645046856552
2014-03-26,47.323194693640595
2014-03-27,47.93993407807171
2014-03-28,48.31947261954047
2014-03-31,48.63970077036332
2014-04-01,49.20900632036528
2014-04-02,49.3038875624307
2014-04-03,49.1141205538975
2014-04-04,48.98365488720548
2014-04-07,49.19714333735563
2014-04-08,49.76644436295522
2014-04-09,50.14597838002162
2014-04-10,49.61226177904862
2014-04-11,49.61226177904862
2014-04-14,49.505517553973554
2014-04-15,48.75830797844805
2014-04-16,49.375051887281536
2014-04-17,49.8257457047964
2014-04-21,49.51737601258084
2014-04-22,49.38691034588882
2014-04-23,49.031097770439374
2014-04-24,49.078540653673265
2014-04-25,48.41435386160589
2014-04-28,48.651563753372976
2014-04-29,49.11412055389749
2014-04-30,49.01923931183208
2014-05-01,49.07854065367326
2014-05-02,49.35133044566458
2014-05-05,49.07854065367326
2014-05-06,49.30388756243069
2014-05-07,49.56481889581472
2014-05-08,49.44621168772999
2014-05-09,49.363188904271865
2014-05-12,50.193421263255495
2014-05-13,50.38318827178869
2014-05-14,50.739000847238145
2014-05-15,50.26458558810634
2014-05-16,50.92876785577135
2014-05-19,50.92876785577134
2014-05-20,50.513653938480715
2014-05-21,50.9050464141544
2014-05-22,51.26086351400621
2014-05-23,51.16597774753843
2014-05-27,50.72714238863085
2014-05-28,51.023653622239124
2014-05-29,51.165977747538435
2014-05-30,50.46621105524683
2014-06-02,50.6203981635558
2014-06-03,50.905046414154405
2014-06-04,50.6203981635558
2014-06-05,51.15411928893115
2014-06-06,51.66411897268956
2014-06-09,51.85388598122276
2014-06-10,52.12667577321408
2014-06-11,51.94876722328817
2014-06-12,51.69969887291379
2014-06-13,51.72342031453074
2014-06-16,51.48621042276365
2014-06-17,51.49806888137093
2014-06-18,52.0673744313729
2014-06-19,51.77086319776463
2014-06-20,51.664118972689565
2014-06-23,51.557374747614496
2014-06-24,51.533653305997554
2014-06-25,51.64158339503097
2014-06-26,51.70135283310388
2014-06-27,51.8208917092497
2014-06-30,51.67744414585155
2014-07-01,52.16756083423473
2014-07-02,52.478369208399165
2014-07-03,52.789173022447784
2014-07-07,52.7533122716272
2014-07-08,52.51422995921975
2014-07-09,52.81308170970012
2014-07-10,52.52618202278801
2014-07-11,52.466412584715094
2014-07-14,52.872851147773034
2014-07-15,52.83699039695245
2014-07-16,52.96848589678235
2014-07-17,51.97629589633193
2014-07-18,52.789173022447805
2014-07-21,52.968485896782354
2014-07-22,53.45860258516553
2014-07-23,53.50641539955436
2014-07-24,53.74549771196182
2014-07-25,53.530324086806694
2014-07-28,53.90090189904405
2014-07-29,53.578141461311354
2014-07-30,53.31515046165157
2014-07-31,52.38273445938989
2014-08-01,52.66963414630201
2014-08-04,53.159750834685184
2014-08-05,52.34687370856932
2014-08-06,51.98825252001604
2014-08-07,51.78503095842916
2014-08-08,52.251238959560006
2014-08-11,52.92066852227772
2014-08-12,52.980437960350635
2014-08-13,53.26733764726275
2014-08-14,53.351015772587985
2014-08-15,53.20756364907402
2014-08-18,53.72158902470952
2014-08-19,53.97262796080106
2014-08-20,53.8650411482235
2014-08-21,53.63791089938429
2014-08-22,53.49446333598614
2014-08-25,53.88894983547582
2014-08-26,54.21170571309269
2014-08-27,54.486653336436554
2014-08-28,53.94871927354872
2014-08-29,53.86504114822348
2014-09-02,53.78136302289825
2014-09-03,54.486653336436554
2014-09-04,54.34320121292259
2014-09-05,54.80940921405343
2014-09-08,54.16389289870386
2014-09-09,53.49446333598613
2014-09-10,53.26733764726274
2014-09-11,52.908711898593644
2014-09-12,52.346873708569305
2014-09-15,52.08388270890952
2014-09-16,52.765264335195496
2014-09-17,52.27514764681232
2014-09-18,52.34687370856931
2014-09-19,51.952387209079625
2014-09-22,51.16341877021608
2014-09-23,50.87652364341979
2014-09-24,51.6057180840946
2014-09-25,50.4820371439301
2014-09-26,50.70916283265348
2014-09-29,49.681116641498306
2014-09-30,49.68111664149831
2014-10-01,48.66501795379556
2014-10-02,48.92800895345535
2014-10-03,49.34639958008154
2014-10-06,49.99192045554693
2014-10-07,49.54962114166842
2014-10-08,50.290772206027306
2014-10-09,49.50180376716376
2014-10-10,48.425935641388094
2014-10-13,48.91605232977127
2014-10-14,49.20295201668338
2014-10-15,48.58133982847031
2014-10-16,48.1390405145918
2014-10-17,48.676974577479626
2014-10-20,48.820422140877774
2014-10-21,49.02363914234883
2014-10-22,48.70088326473195
2014-10-23,48.68892664104787
2014-10-24,49.0355957660329
2014-10-27,48.65306589022729
2014-10-28,49.63329926699363
2014-10-29,49.705025328750615
2014-10-30,50.17123332988146
2014-10-31,50.38640695503659
2014-11-03,49.96801176829458
2014-11-04,50.01582914279924
2014-11-05,49.57352982892073
2014-11-06,48.963869704275915
2014-11-07,49.27467807844036
2014-11-10,49.406173578270256
2014-11-11,49.3583562037656
2014-11-12,49.26272145475629
2014-11-13,49.13122595492639
2014-11-14,49.537664517984325
2014-11-17,49.01168707878057
2014-11-18,49.27467807844036
2014-11-19,49.25076939118803
2014-11-20,49.167091265862794
2014-11-21,50.7330715199058
2014-11-24,50.314680893279615
2014-11-25,49.99192045554692
2014-11-26,50.62548470732823
2014-11-28,49.6093905797413
2014-12-01,48.76065270280485
2014-12-02,48.748696079120776
2014-12-03,48.88019157895067
2014-12-04,48.96386970427591
2014-12-05,48.86823951538242
2014-12-08,48.150992578160036
2014-12-09,47.69674120071327
2014-12-10,46.99145088717496
2014-12-11,46.59696438768528
2014-12-12,45.83190463607407
2014-12-15,45.17443169704042
2014-12-16,45.10270563528343
2014-12-17,46.12477825711702
2014-12-18,46.75513059059585
2014-12-19,47.08242918437715
2014-12-22,47.73702637193975
2014-12-23,47.300628246898015
2014-12-24,47.40972777815845
2014-12-26,47.78551145587421
2014-12-29,47.494582455335106
2014-12-30,47.59155724743711
2014-12-31,47.627926840679315
2015-01-02,46.99757450720049
2015-01-05,46.16114785035923
2015-01-06,45.967189017689044
2015-01-07,46.96120953819137
2015-01-08,47.76127122602352
2015-01-09,47.60368198659554
2015-01-12,47.21577356972135
2015-01-13,47.627926840679315
2015-01-14,47.361238069990904
2015-01-15,47.47033760125134
2015-01-16,47.87037075728396
2015-01-20,47.797636195032645
2015-01-21,48.852261914394774
2015-01-22,49.78566798757113
2015-01-23,49.409879685622286
2015-01-26,49.43412453970606
2015-01-27,49.167440393250736
2015-01-28,48.63406285187391
2015-01-29,48.63406285187391
2015-01-30,47.30062824689802
2015-02-02,48.149179642897714
2015-02-03,49.058340861990295
2015-02-04,48.81589694538566
2015-02-05,49.106825945924754
2015-02-06,48.27039928908349
2015-02-09,48.19766472683217
2015-02-10,48.0764450806464
2015-02-11,47.724901632781325
2015-02-12,48.74316238313434
2015-02-13,49.300780154361846
2015-02-17,49.1916852473345
2015-02-18,49.17956050817607
2015-02-19,48.97348618481363
2015-02-20,49.30078015436184
2015-02-23,48.803772206227215
2015-02-24,49.50685910195736
2015-02-25,49.409879685622265
2015-02-26,49.422004424780695
2015-02-27,49.38563945577158
2015-03-02,49.31290489352026
2015-03-03,48.93711659157142
2015-03-04,48.40374367442768
2015-03-05,48.33100911217637
2015-03-06,47.59155724743711
2015-03-09,47.40972777815845
2015-03-10,46.35510205879632
2015-03-11,46.7066408824283
2015-03-12,46.99757450720049
2015-03-13,46.427831996814554
2015-03-16,46.98544976804206
2015-03-17,47.53094742434423
2015-03-18,48.69467267496679
2015-03-19,47.87037075728396
2015-03-20,48.58557776793945
2015-03-23,48.731042268208995
2015-03-24,48.924996476646086
2015-03-25,48.14917964289771
2015-03-26,47.70065677869754
2015-03-27,47.83400116404175
2015-03-30,48.75528712229276
2015-03-31,48.64618759103233
2015-04-01,49.25229507042738
2015-04-02,49.991746935166645
2015-04-06,50.63421938357082
2015-04-07,50.37965535204084
2015-04-08,51.43428107140297
2015-04-09,51.94340913446294
2015-04-10,51.979778727705146
2015-04-13,51.676724988007614
2015-04-14,51.90704416545382
2015-04-15,52.27070772824423
2015-04-16,52.68286099920219
2015-04-17,51.761579665184264
2015-04-20,51.71308995701672
2015-04-21,52.016143696714245
2015-04-22,52.57376146794175
2015-04-23,52.96166988481594
2015-04-24,53.15562409325304
2015-04-27,53.36170304084857
2015-04-28,53.44655771802523
2015-04-29,52.77984041553729
2015-04-30,51.979778727705146
2015-05-01,52.294952582328015
2015-05-04,52.59800632202554
2015-05-05,52.0282638116396
2015-05-06,51.38579136323543
2015-05-07,51.31306142521719
2015-05-08,51.9676539885467
2015-05-11,51.47064604041208
2015-05-12,51.300936686058755
2015-05-13,51.39791610239385
2015-05-14,51.90704416545382
2015-05-15,52.30707732148643
2015-05-18,51.7736997801096
2015-05-19,51.85855445728626
2015-05-20,51.82218948827715
2015-05-21,51.64035539476539
2015-05-22,51.8100693733518
2015-05-26,50.98576283143588
2015-05-27,50.99788294636122
2015-05-28,50.331165643873284
2015-05-29,49.846277810664006
2015-06-01,49.652323602226915
2015-06-02,49.846277810664006
2015-06-03,49.591713779134025
2015-06-04,48.84014179946942
2015-06-05,48.621942736948554
2015-06-08,48.609817997790124
2015-06-09,48.31888899725102
2015-06-10,49.02197126874808
2015-06-11,48.77953197637653
2015-06-12,48.77953197637653
2015-06-15,48.234034320074365
2015-06-16,48.24615443499971
2015-06-17,48.53708805977189
2015-06-18,48.98560629973897
2015-06-19,48.561332913855665
2015-06-22,49.264415185352725
2015-06-23,49.749303018562
2015-06-24,49.39775957069693
2015-06-25,49.22926335614901
2015-06-26,48.76518069624968
2015-06-29,47.678254056528814
2015-06-30,48.38658633438933
2015-07-01,48.34994982344772
2015-07-02,48.58198882401597
2015-07-06,47.226382014022406
2015-07-07,46.51804973616189
2015-07-08,44.91818864944432
2015-07-09,45.7852915647527
2015-07-10,46.945491226356786
2015-07-13,47.26302318372685
2015-07-14,47.348511481765826
2015-07-15,46.81115579998327
2015-07-16,47.39736326886319
2015-07-17,47.336296205610054
2015-07-20,47.030979524395754
2015-07-21,47.04319480055151
2015-07-22,46.37149903363261
2015-07-23,45.9196269911262
2015-07-24,45.260146500363064
2015-07-27,44.40525886121044
2015-07-28,44.85712624495402
2015-07-29,45.29678301130467
2015-07-30,44.84491562756109
2015-07-31,45.333419522246274
2015-08-03,44.57623545728839
2015-08-04,44.73500143597342
2015-08-05,44.74721205336635
2015-08-06,44.356407074113065
2015-08-07,44.33198118056438
2015-08-10,45.076954628129336
2015-08-11,44.08772690384037
2015-08-12,43.403820519528544
2015-08-13,43.330542838882494
2015-08-14,43.39160524337279
2015-08-17,42.91531196608052
2015-08-18,42.45122930618118
2015-08-19,41.92608890055439
2015-08-20,41.26660375102841
2015-08-21,39.99648523907383
2015-08-24,38.250073449826985
2015-08-25,38.73857967389359
2015-08-26,40.020911132622516
2015-08-27,41.791748815418046
2015-08-28,41.254388474872655
2015-08-31,41.327666155518706
2015-09-01,39.72780506880113
2015-09-02,40.301801920288135
2015-09-03,40.46056789897317
2015-09-04,39.251511791508875
2015-09-08,40.49720440991478
2015-09-09,40.28959130289521
2015-09-10,40.704822175697174
2015-09-11,40.86358349561937
2015-09-14,40.80252109112908
2015-09-15,41.19332607038236
2015-09-16,42.19476441206425
2015-09-17,42.09706549663235
2015-09-18,41.31545553812578
2015-09-21,41.24217785747973
2015-09-22,40.47277851636609
2015-09-23,39.82550864299588
2015-09-24,39.65453204691792
2015-09-25,39.56904374887894
2015-09-28,38.72636672711925
2015-09-29,38.90955859935296
2015-09-30,40.03312175001544
2015-10-01,40.252950133190765
2015-10-02,41.32766615551871
2015-10-05,42.21919030561294
2015-10-06,42.14591262496688
2015-10-07,43.26948043439219
2015-10-08,43.73356309429153
2015-10-09,43.89232441421373
2015-10-12,43.56258183945074
2015-10-13,42.85424956159023
2015-10-14,43.18399213635322
2015-10-15,44.23428226513248
2015-10-16,44.27091877607409
2015-10-19,43.819051392330515
2015-10-20,43.80683611617476
2015-10-21,43.17177686019746
2015-10-22,44.06330566905453
2015-10-23,44.31977056317146
2015-10-26,43.91675030776241
2015-10-27,43.41603113692147
2015-10-28,42.91531196608052
2015-10-29,42.51229636943432
2015-10-30,42.585569391317534
2015-11-02,43.428246413077225
2015-11-03,44.00223860580139
2015-11-04,43.648074796252544
2015-11-05,43.72134781813576
2015-11-06,43.11071445570715
2015-11-09,42.035998433379206
2015-11-10,41.852811219908325
2015-11-11,41.93829951794731
2015-11-12,41.53527926253827
2015-11-13,40.961287069814105
2015-11-16,41.7551076457136
2015-11-17,41.632982836733014
2015-11-18,42.08485022047659
2015-11-19,42.46344458233695
2015-11-20,42.89088607253184
2015-11-23,42.487870475885636
2015-11-24,42.70769885906096
2015-11-25,42.37795628429797
2015-11-27,41.4497909644993
2015-11-30,41.510858027752434
2015-12-01,41.828385326359665
2015-12-02,41.32766615551872
2015-12-03,41.09562715495047
2015-12-04,41.37651794261609
2015-12-07,40.69260689954143
2015-12-08,40.240739515797856
2015-12-09,39.91099694103487
2015-12-10,39.64231677076217
2015-12-11,38.53096423749262
2015-12-14,39.153812876076984
2015-12-15,39.752230962349834
2015-12-16,40.533840920856406
2015-12-17,40.00869585646677
2015-12-18,39.874360430093255
2015-12-21,40.18089837803241
2015-12-22,40.5033355892665
2015-12-23,41.073803971881254
2015-12-24,40.9249871613733
2015-12-28,40.63975297006592
2015-12-29,40.676955989992635
2015-12-30,40.044480997232995
2015-12-31,39.9204630461421
2016-01-04,38.82913109594839
2016-01-05,38.91594129631146
2016-01-06,38.17185251297057
2016-01-07,36.99370799701323
2016-01-08,36.59686001512461
2016-01-11,36.58445822001552
2016-01-12,36.658866625269496
2016-01-13,36.27442043848996
2016-01-14,36.745676825632565
2016-01-15,35.29469991347695
2016-01-19,35.815563481055904
2016-01-20,35.03426931238775
2016-01-21,35.17068669318717
2016-01-22,36.37363243396213
2016-01-25,35.75355687091102
2016-01-26,36.274420438489976
2016-01-27,36.150404852799646
2016-01-28,36.720875600814956
2016-01-29,37.91141954648082
2016-02-01,37.551776949919464
2016-02-02,36.33642704863486
2016-02-03,37.36575238868368
2016-02-04,37.65098894539162
2016-02-05,37.21693557817573
2016-02-08,36.70847380570586
2016-02-09,36.20001203323599
2016-02-10,36.34882884374395
2016-02-11,35.74115507580193
2016-02-12,36.36123063885304
2016-02-16,37.167328397739375
2016-02-17,37.89901775137173
2016-02-18,37.67579017020924
2016-02-19,37.50216976948311
2016-02-22,38.43228311405978
2016-02-23,37.613783560064356
2016-02-24,37.52697335970129
2016-02-25,37.650988945391624
2016-02-26,37.27894218832063
2016-02-29,37.60138176495527
2016-03-01,38.94074488652965
2016-03-02,39.46160845410861
2016-03-03,39.90806361643358
2016-03-04,40.701759580210826
2016-03-07,40.639752970065935
2016-03-08,39.94526663636029
2016-03-09,40.193297807740954
2016-03-10,40.25530441788584
2016-03-11,41.09860756209944
2016-03-14,40.85057639071878
2016-03-15,40.267708578395485
2016-03-16,41.07380397188126
2016-03-17,41.979113726239746
2016-03-18,42.202341307402236
2016-03-21,42.289151507765304
2016-03-22,42.1899418776937
2016-03-23,41.470651953769874
2016-03-24,41.37144232369827
2016-03-28,41.50785970449769
2016-03-29,42.078328087112446
2016-03-30,42.51237908892778
2016-03-31,42.475176069001066
2016-04-01,42.35116284871129
2016-04-04,41.84270107624142
2016-04-05,41.024201522245995
2016-04-06,41.52025913420621
2016-04-07,40.68936015050226
2016-04-08,41.39624591391644
2016-04-11,41.92951127660449
2016-04-12,42.57439042987378
2016-04-13,43.3308786429232
2016-04-14,43.12005522227036
2016-04-15,42.87202405088969
2016-04-18,43.070448041834
2016-04-19,43.727726624811815
2016-04-20,43.52930263386751
2016-04-21,43.095251632052175
2016-04-22,42.83482103096298
2016-04-25,42.561986269364134
2016-04-26,43.020840861397645
2016-04-27,43.28127619328796
2016-04-28,42.83482103096298
2016-04-29,42.6487964697272
2016-05-02,42.53718267914596
2016-05-03,41.334239303771554
2016-05-04,40.66455656028409
2016-05-05,40.652152399774444
2016-05-06,40.714163740720444
2016-05-09,40.19329780774093
2016-05-10,40.9621901813
2016-05-11,40.8629805512284
2016-05-12,40.75136676064715
2016-05-13,40.0196774070148
2016-05-16,40.503335589266484
2016-05-17,40.31731102803071
2016-05-18,39.92046304614209
2016-05-19,39.54841865447164
2016-05-20,39.945266636360266
2016-05-23,39.870860596506844
2016-05-24,40.280108008104
2016-05-25,40.76376619035569
2016-05-26,41.03660095195453
2016-05-27,41.024201522245995
2016-05-31,41.07380397188124
2016-06-01,41.04900038166306
2016-06-02,41.3838417534068
2016-06-03,42.016321476967555
2016-06-06,42.46277663929253
2016-06-07,42.84722046067151
2016-06-08,43.15725824219706
2016-06-09,42.661200630236834
2016-06-10,41.582265744351105
2016-06-13,40.99939793202782
2016-06-14,40.8629805512284
2016-06-15,41.29703155304373
2016-06-16,41.14821474253577
2016-06-17,41.259828533117016
2016-06-20,41.99151788674937
2016-06-21,42.31395509798346
2016-06-22,42.42060771636416
2016-06-23,43.44550125758848
2016-06-24,40.80827821772663
2016-06-27,40.283330070728894
2016-06-28,41.47070812981896
2016-06-29,42.52059965593633
2016-06-30,42.94555586336189
2016-07-01,43.35801069440187
2016-07-05,42.433109092749724
2016-07-06,42.32062054467008
2016-07-07,42.208131996590424
2016-07-08,43.1205369897351
2016-07-11,43.53299658865319
2016-07-12,44.14543053095943
2016-07-13,44.070436576280294
2016-07-14,44.707873271357684
2016-07-15,44.60788133178551
2016-07-18,45.00783955431802
2016-07-19,44.54538875349195
2016-07-20,44.77036584965125
2016-07-21,44.632879316678554
2016-07-22,44.95784835241003
2016-07-25,44.50789416009143
2016-07-26,44.857856412837855
2016-07-27,45.00783955431802
2016-07-28,45.02034093070359
2016-07-29,45.257814635370366
2016-08-01,45.17032407218376
2016-08-02,44.84535980433038
2016-08-03,44.99534294581054
2016-08-04,45.24531802686289
2016-08-05,45.770261405982524
2016-08-08,46.095230441714
2016-08-09,46.40769810105991
2016-08-10,46.420194709567376
2016-08-11,47.02013204336615
2016-08-12,46.845150916992935
2016-08-15,47.33259970271205
2016-08-16,47.120123982938324
2016-08-17,46.82015293209989
2016-08-18,47.25761051591102
2016-08-19,46.9951340584731
2016-08-22,46.37019873978129
2016-08-23,46.1827210049006
2016-08-24,46.30770616148772
2016-08-25,46.34520552276634
2016-08-26,45.94524253235573
2016-08-29,46.29520955298025
2016-08-30,46.17021962851503
2016-08-31,45.65777285790286
2016-09-01,46.00773987852739
2016-09-02,46.75766035380632
2016-09-06,47.7575559101376
2016-09-07,47.607572768657434
2016-09-08,47.48258761207031
2016-09-09,45.882749954062156
2016-09-12,46.19521761340806
2016-09-13,45.032837539211044
2016-09-14,45.17032407218374
2016-09-15,45.94524253235572
2016-09-16,45.632774873009815
2016-09-19,45.99523850214181
2016-09-20,46.02023648703485
2016-09-21,47.30760171781899
2016-09-22,47.645067362057944
2016-09-23,47.032633419751704
2016-09-26,46.345205522766335
2016-09-27,47.00763543485866
2016-09-28,47.43259164228422
2016-09-29,46.60767721232615
2016-09-30,46.807656323592404
2016-10-03,47.132620591445786
2016-10-04,46.60767721232615
2016-10-05,47.28260850080406
2016-10-06,47.320103094204576
2016-10-07,47.107622606552745
2016-10-10,47.62006937716491
2016-10-11,46.52018664913955
2016-10-12,46.43269608595295
2016-10-13,46.020236487034865
2016-10-14,46.095230441714
2016-10-17,46.04523447192791
2016-10-18,46.85765229337851
2016-10-19,47.145121967831365
2016-10-20,47.00763543485866
2016-10-21,46.99513405847309
2016-10-24,47.19511316973935
2016-10-25,47.24510913952544
2016-10-26,46.745163745298846
2016-10-27,46.345205522766335
2016-10-28,46.157723020007545
2016-10-31,46.42019470956736
2016-11-01,46.0452344719279
2016-11-02,45.495293107915224
2016-11-03,45.37030318345
2016-11-04,44.90785238262393
2016-11-07,46.53268325764702
2016-11-08,46.83265430848546
2016-11-09,45.30781060515644
2016-11-10,44.020445374372294
2016-11-11,43.18302956802865
2016-11-14,42.87056190868274
2016-11-15,43.73297569991943
2016-11-16,43.370512070787434
2016-11-17,43.433004649081
2016-11-18,43.23302553781474
2016-11-21,43.65798174524029
2016-11-22,44.32041165733262
2016-11-23,43.845464247999075
2016-11-25,44.057939967772796
2016-11-28,44.23292109414601
2016-11-29,44.295413672439565
2016-11-30,44.370407627118695
2016-12-01,43.84546424799906
2016-12-02,43.89545544990705
2016-12-05,44.25791907903904
2016-12-06,44.49539278370582
2016-12-07,45.245318026862854
2016-12-08,45.44529713812911
2016-12-09,45.207818665584234
2016-12-12,44.90785238262391
2016-12-13,45.4078025447286
2016-12-14,44.057939967772796
2016-12-15,44.13293392245193
2016-12-16,43.93295481118568
2016-12-19,43.632983760347244
2016-12-20,43.782966901827415
2016-12-21,43.602989153631526
2016-12-22,43.08465868016964
2016-12-23,43.33749904956887
2016-12-27,43.52713414923921
2016-12-28,43.855829523030756
2016-12-29,44.576435185584565
2016-12-30,44.26037990121462
2017-01-03,44.79135528671901
2017-01-04,45.13269557255307
2017-01-05,45.62574104455084
2017-01-06,45.43610594488051
2017-01-09,45.39818085399481
2017-01-10,45.66366613543655
2017-01-11,46.207281610362536
2017-01-12,46.409556799454464
2017-01-13,46.37163170856876
2017-01-17,46.34634670710466
2017-01-18,46.09350151508451
2017-01-19,45.95443641834239
2017-01-20,46.0429315121563
2017-01-23,46.725612083824416
2017-01-24,47.01638236673026
2017-01-25,47.53471284019214
2017-01-26,47.33243765110021
2017-01-27,47.37036756460682
2017-01-30,47.11752237258668
2017-01-31,47.20601746640059
2017-02-01,47.231302467864694
2017-02-02,47.43357765695663
2017-02-03,47.724347939862476
2017-02-06,47.61056784458446
2017-02-07,47.37036756460682
2017-02-08,47.66113784751267
2017-02-09,47.87605312602619
2017-02-10,48.31853341771667
2017-02-13,48.47023860388039
2017-02-14,48.5208086068086
2017-02-15,48.91271407294995
2017-02-16,48.73572388532212
2017-02-17,48.53344869623019
2017-02-21,49.06442408173458
2017-02-22,49.216129267898296
2017-02-23,49.22876935731989
2017-02-24,48.647228791508205
2017-02-27,48.49552360534448
2017-02-28,48.02776313481081
2017-03-01,48.77365379882873
2017-03-02,47.913983039532795
2017-03-03,48.28060350421004
2017-03-06,48.30588850567415
2017-03-07,48.35645850860236
2017-03-08,47.901338127490284
2017-03-09,47.522072750770526
2017-03-10,48.053043313654
2017-03-13,48.72308379590052
2017-03-14,48.44495360241627
2017-03-15,49.70917473989607
2017-03-16,50.01258993484442
2017-03-17,49.92409484103051
2017-03-20,50.505635406842195
2017-03-21,49.9493750198737
2017-03-22,50.18958012247225
2017-03-23,50.202220211893845
2017-03-24,50.32864521921438
2017-03-27,50.18958012247226
2017-03-28,50.32864521921438
2017-03-29,50.41714031302829
2017-03-30,50.15165020896564
2017-03-31,49.79766983370999
2017-04-03,50.07580002719424
2017-04-04,50.101085028658346
2017-04-05,49.94937501987371
2017-04-06,49.8608799260598
2017-04-07,49.77238483224588
2017-04-10,49.57010964315395
2017-04-11,49.456329547875924
2017-04-12,49.69653465047447
2017-04-13,49.48161454934003
2017-04-17,49.99994502280191
2017-04-18,49.36783445406201
2017-04-19,49.06442408173457
2017-04-20,49.67124964901036
2017-04-21,49.67124964901036
2017-04-24,50.37921039952167
2017-04-25,50.82169069121215
2017-04-26,50.632055591541814
2017-04-27,50.56884549919201
2017-04-28,50.644700503584325
2017-05-01,50.935470786490164
2017-05-02,51.30209607378833
2017-05-03,50.96075578795427
2017-05-04,50.39185531156418
2017-05-05,50.80904577916964
2017-05-08,50.79640568974804
2017-05-09,51.44115634790953
2017-05-10,51.78249663374359
2017-05-11,51.89627672902161
2017-05-12,52.11119683015605
2017-05-15,52.64216739303952
2017-05-16,52.692737395967725
2017-05-17,51.79514154578609
2017-05-18,50.93547078649016
2017-05-19,52.022701736342135
2017-05-22,52.07326691664942
2017-05-23,52.123836919577634
2017-05-24,52.32611210866956
2017-05-25,52.5789573006897
2017-05-26,52.768592400360035
2017-05-30,52.49046220687578
2017-05-31,52.08591182869192
2017-06-01,52.52838729776148
2017-06-02,52.79387257920322
2017-06-05,52.730662486853404
2017-06-06,52.7559474883175
2017-06-07,52.69273739596769
2017-06-08,53.00879268033764
2017-06-09,52.60424230215378
2017-06-12,52.32611210866953
2017-06-13,52.578957300689666
2017-06-14,52.56631721126807
2017-06-15,52.02270173634209
2017-06-16,52.11119683015601
2017-06-19,52.62952730361789
2017-06-20,52.05051209360378
2017-06-21,52.16482527278949
2017-06-22,52.431554409150856
2017-06-23,52.710987701652805
2017-06-26,53.21904735252619
2017-06-27,52.59667452246709
2017-06-28,53.00312030507943
2017-06-29,52.32994538610573
2017-06-30,52.57127105540183
2017-07-03,52.876107814969046
2017-07-05,52.774493946708
2017-07-06,52.139421805724226
2017-07-07,52.241035673985266
2017-07-10,52.736391168718065
2017-07-11,53.16824041839566
2017-07-12,54.19705418585119
2017-07-13,54.46378816742847
2017-07-14,55.14966239732684
2017-07-17,54.895637417106066
2017-07-18,55.06075268520638
2017-07-19,55.518005401949246
2017-07-20,55.45449915689405
2017-07-21,55.41639637890412
2017-07-24,55.58151164700443
2017-07-25,55.44179984596937
2017-07-26,55.89904771749631
2017-07-27,55.59421580314502
2017-07-28,55.56881233607976
2017-07-31,55.632318581134946
2017-08-01,55.79743869445119
2017-08-02,55.84824562858171
2017-08-03,55.61961927021028
2017-08-04,55.82284216151645
2017-08-07,56.203884477063525
2017-08-08,56.21658378798819
2017-08-09,55.70852898233073
2017-08-10,54.387577766232674
2017-08-11,54.51459025634306
2017-08-14,55.07345684134697
2017-08-15,55.13696308640216
2017-08-16,55.70852898233073
2017-08-17,54.99724644015119
2017-08-18,55.46719846781871
2017-08-21,55.6704262043408
2017-08-22,56.29279418918398
2017-08-23,56.55952332554535
2017-08-24,56.73734274978626
2017-08-25,57.067582976418734
2017-08-28,56.86436008511257
2017-08-29,56.762746216851525
2017-08-30,56.85165592897198
2017-08-31,56.94057048630835
2017-09-01,57.359715579845364
2017-09-05,56.61033025967588
2017-09-06,56.97867326429829
2017-09-07,57.39781835783529
2017-09-08,57.016776042288214
2017-09-11,57.778865518598295
2017-09-12,57.71535442832719
2017-09-13,57.41052251397589
2017-09-14,57.56293847115154
2017-09-15,57.90587800870869
2017-09-18,58.10910090001486
2017-09-19,58.23611339012525
2017-09-20,57.96938425376389
2017-09-21,57.96938425376389
2017-09-22,57.639148872347334
2017-09-25,56.66113719380642
2017-09-26,56.50872123663078
2017-09-27,56.30549834532461
2017-09-28,56.267390722118755
2017-09-29,56.915167019243114
2017-10-02,56.92786633016779
2017-10-03,57.82966760751292
2017-10-04,57.81696829658825
2017-10-05,58.24881754626585
2017-10-06,57.956684942839225
2017-10-09,57.91857731963337
2017-10-10,58.49014321556194
2017-10-11,58.756872351923306
2017-10-12,58.73147373007396
2017-10-13,59.26493200279668
2017-10-16,59.22682922480674
2017-10-17,58.921992465239526
2017-10-18,59.0617091114905
2017-10-19,58.54095014969244
2017-10-20,58.75687235192328
2017-10-23,58.286920324255746
2017-10-24,58.28692032425575
2017-10-25,58.159907834145365
2017-10-26,57.7661613624577
2017-10-27,58.60445639474764
2017-10-30,58.23611339012524
2017-10-31,58.78227581898856
2017-11-01,59.087112578555775
2017-11-02,59.163322979751555
2017-11-03,58.858486220184346
2017-11-06,59.51896182823338
2017-11-07,59.1379195126863
2017-11-08,59.41734795997233
2017-11-09,59.04900980056585
2017-11-10,58.79497997512915
2017-11-13,58.667962639802845
2017-11-14,58.27422101333109
2017-11-15,57.96938425376388
2017-11-16,59.17602229067622
2017-11-17,59.46815489410284
2017-11-20,59.772991653670054
2017-11-21,60.57317906275414
2017-11-22,60.72559986514571
2017-11-24,60.5985825298194
2017-11-27,59.70948056339894
2017-11-28,60.154033969217124
2017-11-29,59.201425757741475
2017-11-30,58.553649460617116
2017-12-01,58.22341407920056
2017-12-04,58.33772725838627
2017-12-05,58.29962448039634
2017-12-06,57.512131537021006
2017-12-07,57.67725165033725
2017-12-08,58.35042656931095
2017-12-11,58.64255917273757
2017-12-12,58.248817546265826
2017-12-13,58.94739593230479
2017-12-14,58.51554668262718
2017-12-15,58.64255917273757
2017-12-18,59.303034780786604
2017-12-19,58.994391464546226
2017-12-20,59.071762929121974
2017-12-21,59.45861041393542
2017-12-22,59.96151263609617
2017-12-26,59.909931659712335
2017-12-27,60.06467458886384
2017-12-28,60.4773125618692
2017-12-29,60.76099809391497
2018-01-02,61.908647763775676
2018-01-03,62.501819154124455
2018-01-04,62.81129517436215
2018-01-05,63.35288558832709
2018-01-08,63.352885588327084
2018-01-09,63.24972363555941
2018-01-10,62.849983366166335
2018-01-11,63.23683085097978
2018-01-12,63.84289010687553
2018-01-16,63.5978878476013
2018-01-17,64.43606149722432
2018-01-18,64.51342804276742
2018-01-19,65.04212075312007
2018-01-22,65.41607545335388
2018-01-23,65.72555639262423
2018-01-24,66.2800395911688
2018-01-25,66.2413513993646
2018-01-26,67.15689651356337
2018-01-29,66.1381943656296
2018-01-30,65.23554695504313
2018-01-31,65.80292293816734
2018-02-01,64.91317323119316
2018-02-02,63.24972363555943
2018-02-05,61.03179576041377
2018-02-06,63.01761416086483
2018-02-07,61.03179576041377
2018-02-08,58.917019999970485
2018-02-09,59.8583506833285
2018-02-12,60.799686285719176
2018-02-13,61.26390031607572
2018-02-14,62.79840238978252
2018-02-15,64.08789728518244
2018-02-16,63.88157829867975
2018-02-20,63.00472137628519
2018-02-21,62.95314039990135
2018-02-22,62.9918236726729
2018-02-23,64.11368777337434
2018-02-26,64.70685424469046
2018-02-27,62.82419287797442
2018-02-28,61.92154546738794
2018-03-01,61.805490730040646
2018-03-02,62.063390692927165
2018-03-05,62.15365494208255
2018-03-06,62.733928628819044
2018-03-07,62.7984023897825
2018-03-08,62.81129517436214
2018-03-09,64.15237104614589
2018-03-12,64.30710905626474
2018-03-13,63.726835369528246
2018-03-14,63.82999732229591
2018-03-15,63.597887847601314
2018-03-16,63.4560426220621
2018-03-19,62.772611901590594
2018-03-20,63.46894032567439
2018-03-21,63.84289010687555
2018-03-22,61.71522648088528
2018-03-23,60.464414858256916
2018-03-26,62.42444768954871
2018-03-27,61.289690804267636
2018-03-28,60.98021478402994
2018-03-29,62.25681197581757
2018-04-02,61.13495279414879
2018-04-03,61.7410169690772
2018-04-04,61.766807457269124
2018-04-05,61.92154546738797
2018-04-06,60.7094220365638
2018-04-09,60.77389579752727
2018-04-10,61.960228740159515
2018-04-11,61.98601922835143
2018-04-12,61.960228740159515
2018-04-13,61.341271780651475
2018-04-16,61.41864324522722
2018-04-17,61.547590767154155
2018-04-18,62.07628347750681
2018-04-19,61.715226480885285
2018-04-20,60.94152659222575
2018-04-23,60.45152207367728
2018-04-24,60.167831622598854
2018-04-25,59.70361267320966
2018-04-26,60.56757681102459
2018-04-27,60.94152659222575
2018-04-30,60.503098131028466
2018-05-01,60.206514895370404
2018-05-02,59.72940316140158
2018-05-03,59.60045563947465
2018-05-04,59.8712483869408
2018-05-07,59.523084174898905
2018-05-08,59.85835068332852
2018-05-09,59.97440542067582
2018-05-10,61.22521704330419
2018-05-11,61.122060009569175
2018-05-14,61.199426555112275
2018-05-15,59.93572214790427
2018-05-16,60.83836955849075
2018-05-17,59.909931659712356
2018-05-18,59.407029437551614
2018-05-21,59.76808643417314
2018-05-22,59.97440542067583
2018-05-23,59.94861985151657
2018-05-24,59.62624612766658
2018-05-25,59.871248386940806
2018-05-29,58.478591538773216
2018-05-30,58.94281048816241
2018-05-31,58.9170199999705
2018-06-01,59.742300865013874
2018-06-04,60.34836012090964
2018-06-05,59.88414117152044
2018-06-06,60.78678858210691
2018-06-07,59.85835068332852
2018-06-08,59.74230086501387
2018-06-11,59.742300865013874
2018-06-12,59.58755793586237
2018-06-13,59.18781766646929
2018-06-14,58.78807247804357
2018-06-15,58.323853528654375
2018-06-18,57.61463231999095
2018-06-19,56.982781395335444
2018-06-20,57.22940212050307
2018-06-21,56.424635323852634
2018-06-22,57.0087373019616
2018-06-25,56.242914268305185
2018-06-26,56.022249449763706
2018-06-27,54.94490106979209
2018-06-28,55.41218166197378
2018-06-29,56.24291426830517
2018-07-02,55.68476819682235
2018-07-03,55.72370700828897
2018-07-05,55.58092476420815
2018-07-06,56.34675274939197
2018-07-09,57.35920145974341
2018-07-10,57.22940212050307
2018-07-11,56.11310997753743
2018-07-12,56.878937962721245
2018-07-13,56.917876774187874
2018-07-16,56.606356379400076
2018-07-17,57.02172020680207
2018-07-18,56.9568205371819
2018-07-19,56.255892221618254
2018-07-20,57.0606590182687
2018-07-23,56.684234002333326
2018-07-24,57.514966608664714
2018-07-25,58.449532744555505
2018-07-26,57.80052614529896
2018-07-27,58.00820805899996
2018-07-30,57.917347531226234
2018-07-31,58.22887287754143
2018-08-01,57.70966561752523
2018-08-02,56.94383763234142
2018-08-03,57.38516231789696
2018-08-06,56.94383763234142
2018-08-07,57.52794456197779
2018-08-08,57.450061987517145
2018-08-09,57.281323836810174
2018-08-10,56.061188261230335
2018-08-13,55.13960007865261
2018-08-14,55.477086283121366
2018-08-15,53.88052569160615
2018-08-16,54.21801189607489
2018-08-17,54.789135920870784
2018-08-20,55.03576159756581
2018-08-21,55.73668496160205
2018-08-22,56.178009647157594
2018-08-23,55.26940436942035
2018-08-24,56.29483103308486
2018-08-27,57.0996027812627
2018-08-28,56.8919208675617
2018-08-29,57.24238007381612
2018-08-30,55.749667866442515
2018-08-31,56.03522740307677
2018-09-04,54.944901069792074
2018-09-05,54.15311222645471
2018-09-06,54.20502899123441
2018-09-07,53.93244740791323
2018-09-10,53.40026219458396
2018-09-11,53.517083580511226
2018-09-12,53.789665163832396
2018-09-13,54.516554337549586
2018-09-14,54.46463262124249
2018-09-17,53.97139117090724
2018-09-18,54.490593479396026
2018-09-19,55.24344351126677
2018-09-20,55.85350634752929
2018-09-21,56.113109977537384
2018-09-24,55.47708628312132
2018-09-25,55.69774615013539
2018-09-26,55.81456753606267
2018-09-27,56.087149119383845
2018-09-28,55.71072410344847
2018-10-01,55.72370700828894
2018-10-02,55.022778692725296
2018-10-03,54.56847605385668
2018-10-04,53.20556318572341
2018-10-05,53.010859225335494
2018-10-08,53.088741799796146
2018-10-09,52.89403783940822
2018-10-10,51.32344305757397
2018-10-11,50.80423579755777
2018-10-12,52.29695295645878
2018-10-15,51.738806884975965
2018-10-16,53.036820083489054
2018-10-17,52.38781348423251
2018-10-18,51.01191771125878
2018-10-19,51.492181208280954
2018-10-22,52.05032727976377
2018-10-23,51.47920325496788
2018-10-24,49.8177479453599
2018-10-25,50.77827493940424
2018-10-26,50.19416800976787
2018-10-29,49.324501543497256
2018-10-30,50.285033489068994
2018-10-31,50.83019665571134
2018-11-01,52.64741711424062
2018-11-02,52.98489836718196
2018-11-05,53.12768061126278
2018-11-06,53.036820083489054
2018-11-07,54.036290840527414
2018-11-08,52.634434209400126
2018-11-09,51.660924310515306
2018-11-12,50.93404008832551
2018-11-13,51.51814206643448
2018-11-14,51.82966741274968
2018-11-15,52.98489836718194
2018-11-16,53.08874179979614
2018-11-19,52.374830579392025
2018-11-20,51.245560483113316
2018-11-21,52.193109523844576
2018-11-23,51.583046687582055
2018-11-26,52.21907038199812
2018-11-27,52.58251249309302
2018-11-28,53.84158688013948
2018-11-29,53.37430133643038
2018-11-30,53.32238457165067
2018-12-03,54.39973295162228
2018-12-04,53.24450199719003
2018-12-06,52.751255595327386
2018-12-07,51.764767743129504
2018-12-10,51.219599624959756
2018-12-11,51.6090025942082
2018-12-12,52.452713153852656
2018-12-13,52.43973520053958
2018-12-14,51.699868073509315
2018-12-17,51.21959962495975
2018-12-18,51.562275505489396
2018-12-19,50.70598113695271
2018-12-20,51.10119430900103
2018-12-21,50.745500946535095
2018-12-24,50.27124312991385
2018-12-26,51.27245016746348
2018-12-27,51.206582143023454
2018-12-28,51.69401657977759
2018-12-31,51.456887671466966
2019-01-02,51.58862372034703
2019-01-03,50.653284707237425
2019-01-04,52.28683382514602
2019-01-07,52.40539827930133
2019-01-08,52.60300737802957
2019-01-09,53.538346391139164
2019-01-10,53.920387968462734
2019-01-11,53.65691084529447
2019-01-14,53.209001243530864
2019-01-15,53.57786620072155
2019-01-16,54.236556495938146
2019-01-17,54.47368540424877
2019-01-18,54.73716252741703
2019-01-22,53.78865191958267
2019-01-23,54.3419493553687
2019-01-24,54.86890360170523
2019-01-25,55.59346192136185
2019-01-28,55.013811245310045
2019-01-29,55.10603251001585
2019-01-30,56.30484864629372
2019-01-31,56.77910143750683
2019-02-01,56.331191835743226
2019-02-04,56.42341310044904
2019-02-05,57.20066282441281
2019-02-06,56.42341310044905
2019-02-07,55.85693904453013
2019-02-08,55.54076549164659
2019-02-11,55.35633301305124
2019-02-12,55.8174142095396
2019-02-13,55.42220103749127
2019-02-14,55.52759389692183
2019-02-15,55.44854925234891
2019-02-19,55.88328223397963
2019-02-20,56.19945578686317
2019-02-21,56.08089133270786
2019-02-22,56.70006181834206
2019-02-25,57.332403898701
2019-02-26,57.134794799972774
2019-02-27,56.647365388626774
2019-02-28,55.90963044883726
2019-03-01,55.97550349868543
2019-03-04,56.054543117850216
2019-03-05,56.60784557904439
2019-03-06,56.29167202616084
2019-03-07,55.25094015362067
2019-03-08,54.855726981572346
2019-03-11,55.88328223397962
2019-03-12,56.17310757200553
2019-03-13,56.238975596445556
2019-03-14,55.9359786636949
2019-03-15,56.752758248057326
2019-03-18,57.38510032841628
2019-03-19,57.41144854327392
2019-03-20,57.5036647825716
2019-03-21,57.582704401736386
2019-03-22,55.89645885411252
2019-03-25,56.02819490299258
2019-03-26,56.199455786863176
2019-03-27,55.59346192136187
2019-03-28,55.96232687855256
2019-03-29,56.54197252919623
2019-04-01,57.47731656771397
2019-04-02,57.29288408911863
2019-04-03,57.68809726116696
2019-04-04,58.043790623632894
2019-04-05,58.4917002253965
2019-04-08,58.4917002253965
2019-04-09,58.37313577124119
2019-04-10,58.6497844891342
2019-04-11,58.01744240877525
2019-04-12,58.439003795681224
2019-04-15,58.13600686293057
2019-04-16,58.570739844561295
2019-04-17,58.74200072843189
2019-04-18,58.7024809188495
2019-04-22,58.320439341525926
2019-04-23,58.45217539040599
2019-04-24,57.66174904630933
2019-04-25,57.58270440173641
2019-04-26,57.80666171532228
2019-04-29,57.92522616947759
2019-04-30,57.872529739762314
2019-05-01,57.43779173272346
2019-05-02,57.56953280701167
2019-05-03,58.254571317085905
2019-05-06,57.055755180808035
2019-05-07,55.93597866369495
2019-05-08,55.856939044530165
2019-05-09,54.9742914357277
2019-05-10,55.303636583335994
2019-05-13,53.45930677197442
2019-05-14,54.210213306488676
2019-05-15,54.31560114051109
2019-05-16,54.05212401734283
2019-05-17,53.07726519465083
2019-05-20,52.85330788106495
2019-05-21,53.525174796414426
2019-05-22,53.26169767324617
2019-05-23,52.57665916317193
2019-05-24,52.629355592887215
2019-05-28,52.813788071482556
2019-05-29,53.1563048138156
2019-05-30,53.4461301518415
2019-05-31,53.63056263043684
2019-06-03,54.11799706719097
2019-06-04,54.236556495938146
2019-06-05,53.80182351430743
2019-06-06,53.82817172916507
2019-06-07,54.24973311607104
2019-06-10,54.816207171989966
2019-06-11,55.435377657624166
2019-06-12,54.842555386847614
2019-06-13,54.750339147549944
2019-06-14,54.1443402566405
2019-06-17,54.35644154694513
2019-06-18,55.67055046052275
2019-06-19,56.135138460498325
2019-06-20,56.95811611794108
2019-06-21,56.772282943380546
2019-06-24,56.692637984179925
2019-06-25,56.10859014076479
2019-06-26,56.63954134471285
2019-06-27,57.0377610771417
2019-06-28,56.95811611794108
2019-07-01,57.63508054863649
2019-07-02,57.48907238546339
2019-07-03,57.38287910652924
2019-07-05,56.98466443767463
2019-07-08,56.63954134471286
2019-07-09,56.46698486180622
2019-07-10,56.94484448986144
2019-07-11,56.83865121092728
2019-07-12,56.878471158740474
2019-07-15,57.09085265303455
2019-07-16,57.01121275740818
2019-07-17,56.8386512109273
2019-07-18,57.18377430388907
2019-07-19,56.89174785039438
2019-07-22,56.90501947847403
2019-07-23,56.97138774602076
2019-07-24,57.06430939687527
2019-07-25,56.55990144908651
2019-07-26,56.67936635610032
2019-07-29,56.57317307716616
2019-07-30,56.13513846049837
2019-07-31,55.444897338149076
2019-08-01,54.35644154694518
2019-08-02,53.82548527942288
2019-08-05,51.83440687157561
2019-08-06,52.57774463339198
2019-08-07,52.816674447419594
2019-08-08,53.46709055838146
2019-08-09,52.92286266277951
2019-08-12,52.285718179897295
2019-08-13,52.94941098251305
2019-08-14,51.42292057464135
2019-08-15,51.768038604028874
2019-08-16,52.4848280461117
2019-08-19,52.69720954040577
2019-08-20,52.80339775576569
2019-08-21,53.30780570355445
2019-08-22,52.61756458120516
2019-08-23,51.8344068715756
2019-08-26,52.1131566334164
2019-08-27,52.20607828427091
2019-08-28,52.35208644744401
2019-08-29,52.93613935443338
2019-08-30,53.34762565136763
2019-09-03,53.01577925005975
2019-09-04,53.905130238623464
2019-09-05,54.515726401772135
2019-09-06,54.75465621579975
2019-09-09,54.927217762280634
2019-09-10,54.96703771009383
2019-09-11,55.35198075086878
2019-09-12,55.75019541972339
2019-09-13,56.06877019295162
2019-09-16,55.63073051270959
2019-09-17,55.63073051270959
2019-09-18,55.40507739033587
2019-09-19,55.179419204387905
2019-09-20,55.23251584385498
2019-09-23,55.285612483322055
2019-09-24,54.70155957633268
2019-09-25,54.66173962851949
2019-09-26,54.6484629368656
2019-09-27,53.94495018643666
2019-09-30,54.25024826801099
2019-10-01,53.86531029081027
2019-10-02,53.45381893030178
2019-10-03,54.14406005265107
2019-10-04,54.382989866678685
2019-10-07,53.931678558357
2019-10-08,53.546735517582036
2019-10-09,53.958226878090535
2019-10-10,54.515726401772135
2019-10-11,55.391800698681955
2019-10-14,55.15287088465434
2019-10-15,55.64400214078921
2019-10-16,55.80329205919045
2019-10-17,56.01567355348451
2019-10-18,55.723647099989826
2019-10-21,56.22805504777859
2019-10-22,56.26787499559178
2019-10-23,56.28115168724567
2019-10-24,56.28115168724567
2019-10-25,56.679366356100275
2019-10-28,57.01121275740815
2019-10-29,56.71918630391347
2019-10-30,56.97138774602073
2019-10-31,56.52008150127329
2019-11-01,57.36960747844958
2019-11-04,57.94038369378507
2019-11-05,58.27223009509295
2019-11-06,58.08639185695819
2019-11-07,58.511159909120565
2019-11-08,57.98020364159826
2019-11-11,57.568712281089766
2019-11-12,57.197045931968695
2019-11-13,56.75900625172667
2019-11-14,56.79883126311409
2019-11-15,57.25014257143577
2019-11-18,57.157225984155495
2019-11-19,57.276690891169295
2019-11-20,57.024484385487796
2019-11-21,56.90501947847399
2019-11-22,56.90501947847399
2019-11-25,57.475795693809474
2019-11-26,57.303234147328595
2019-11-27,57.36960747844956
2019-11-29,56.466984861806196
2019-12-02,56.453708170152304
2019-12-03,56.16168678023186
2019-12-04,56.58644976882
2019-12-05,56.83865121092727
2019-12-06,57.17049761223514
2019-12-09,56.94484448986142
2019-12-10,57.143949292501595
2019-12-11,57.98020364159823
2019-12-12,58.98901447360151
2019-12-13,58.962466153867965
2019-12-16,59.45227468288591
2019-12-17,59.994471980349786
2019-12-18,60.31979449548887
2019-12-19,60.346905135985956
2019-12-20,60.46890043280987
2019-12-23,60.55022718347517
2019-12-24,60.41467915181569
2019-12-26,60.84843905811717
2019-12-27,61.092429651765
2019-12-30,60.68578038596061
2019-12-31,60.821328417620094
2020-01-02,62.0548341206948
2020-01-03,60.90266033911136
2020-01-06,60.75355440179035
2020-01-07,60.712891026457704
2020-01-08,61.065319011267924
2020-01-09,61.47196827707232
2020-01-10,61.79729079221142
2020-01-13,62.75969526114121
2020-01-14,62.40726727633099
2020-01-15,61.91928608903534
2020-01-16,62.31238262000417
2020-01-17,62.66481060481439
2020-01-21,61.07887691692946
2020-01-22,61.58041083906068
2020-01-23,60.94332371444402
2020-01-24,60.45534252714837
2020-01-27,58.367874917132205
2020-01-28,58.85585093360191
2020-01-29,59.14051007340834
2020-01-30,58.25943235514385
2020-01-31,57.080147933063316
2020-02-03,57.71723505767997
2020-02-04,59.20828408923808
2020-02-05,59.54715933921273
2020-02-06,59.60138062020691
2020-02-07,58.774524182936595
2020-02-10,59.09984152724972
2020-02-11,59.87247668352586
2020-02-12,60.68578038596061
2020-02-13,59.88603458918738
2020-02-14,59.91314522968447
2020-02-18,59.520048698715634
2020-02-19,59.953808605017116
2020-02-20,59.018514776584404
2020-02-21,58.67963952660975
2020-02-24,56.48372418377928
2020-02-25,56.036411542642234
2020-02-26,56.48372418377929
2020-02-27,55.128223183880664
2020-02-28,54.92490113639145
2020-03-02,56.11774346413351
2020-03-03,55.73819966800025
2020-03-04,56.72771477742713
2020-03-05,55.53487762051103
2020-03-06,54.39625657376315
2020-03-09,50.68218155887749
2020-03-10,53.25763552701526
2020-03-11,50.777066215204314
2020-03-12,45.69393746558446
2020-03-13,48.9878053090042
2020-03-16,42.87449548921184
2020-03-17,45.8294906680699
2020-03-18,41.87142505953641
2020-03-19,42.19674498926253
2020-03-20,42.508512184153076
2020-03-23,41.49188643422911
2020-03-24,44.60953769983075
2020-03-25,46.18191865288012
2020-03-26,47.93051618374758
2020-03-27,45.2059562782888
2020-03-30,45.95148596489381
2020-03-31,46.26325057437138
2020-04-01,44.28421518469166
2020-04-02,45.775269387075724
2020-04-03,44.90774957447276
2020-04-06,47.361203074960656
2020-04-07,47.605193668608486
2020-04-08,48.093174855904145
2020-04-09,47.91695827808606
2020-04-13,47.984737464741755
2020-04-14,49.082689965331035
2020-04-15,47.82207362175924
2020-04-16,48.07962212106859
2020-04-17,49.150463981160776
2020-04-20,48.526934762205634
2020-04-21,47.18499166796853
2020-04-22,48.47271348121146
2020-04-23,48.296502074219326
2020-04-24,48.228728058389585
2020-04-27,49.204685262154946
2020-04-28,49.29956991848177
2020-04-29,50.736402839871666
2020-04-30,49.66555580895352
2020-05-01,47.87629490275341
2020-05-04,48.39138673054615
2020-05-05,48.66248796469107
2020-05-06,48.513382027370064
2020-05-07,48.9064785583389
2020-05-08,49.93665704309843
2020-05-11,49.611334527959336
2020-05-12,49.421565215305684
2020-05-13,49.32668055897886
2020-05-14,49.51644987163251
2020-05-15,48.8386993716832
2020-05-18,50.74995557470722
2020-05-19,50.343306308902825
2020-05-20,51.00750407401657
2020-05-21,50.42463823039409
2020-05-22,49.380901839973035
2020-05-26,50.465301605726744
2020-05-27,50.62796027788331
2020-05-28,50.27553229307309
2020-05-29,51.143052105676055
2020-06-01,52.32233652775659
2020-06-02,53.569400136492824
2020-06-03,54.81645857440311
2020-06-04,54.04382341812696
2020-06-05,55.46709843385533
2020-06-08,55.80597368382998
2020-06-09,55.42643505852268
2020-06-10,55.833084324327075
2020-06-11,52.918760277040604
2020-06-12,54.04382341812696
2020-06-15,53.55584285133041
2020-06-16,53.89670235053919
2020-06-17,54.41481024564543
2020-06-18,54.44207962971452
2020-06-19,54.428442337128374
2020-06-22,55.09652924406299
2020-06-23,55.62826923065217
2020-06-24,54.89201146409644
2020-06-25,55.12379862813207
2020-06-26,54.45571172119746
2020-06-29,54.70113097671604
2020-06-30,54.52388778192177
2020-07-01,55.13743071961501
2020-07-02,56.39179638127698
2020-07-06,58.81871435129047
2020-07-07,57.83703732921616
2020-07-08,59.3368222463967
2020-07-09,59.33682224639671
2020-07-10,58.9550612716359
2020-07-13,58.55966300428894
2020-07-14,58.64146595539301
2020-07-15,58.81871435129047
2020-07-16,57.98701634104454
2020-07-17,58.314243748770366
2020-07-20,59.064133606809044
2020-07-21,59.60951088598437
2020-07-22,59.350454337879654
2020-07-23,58.87325311942865
2020-07-24,58.818714351290474
2020-07-27,59.73222051374366
2020-07-28,59.24138200270651
2020-07-29,60.19578964071174
2020-07-30,59.43226249008692
2020-07-31,59.02323213125702
2020-08-03,59.43226249008691
2020-08-04,60.22305382367762
2020-08-05,60.87750863912928
2020-08-06,61.068389126509686
2020-08-07,59.814023464847715
2020-08-10,59.964002476676086
2020-08-11,59.800391373364775
2020-08-12,60.604819999541625
2020-08-13,60.42757160364416
2020-08-14,60.31849926847102
2020-08-17,61.08202121799265
2020-08-18,61.01385035837153
2020-08-19,60.26396050033285
2020-08-20,60.073080012952445
2020-08-21,60.373032835506
2020-08-24,61.04111974244062
2020-08-25,61.65466788123706
2020-08-26,61.81827898454837
2020-08-27,61.30017108944213
2020-08-28,62.10459971561898
2020-08-31,60.727529627300925
2020-09-01,61.76374021641021
2020-09-02,61.600129113098895
2020-09-03,60.42757160364418
2020-09-04,60.45484098771327
2020-09-08,59.40499310601784
2020-09-09,60.29122988440194
2020-09-10,59.32318495381058
2020-09-11,59.895831617054995
2020-09-14,60.863871346543164
2020-09-15,61.50468886940869
2020-09-16,61.42288071720143
2020-09-17,61.17746146168285
2020-09-18,60.70026024323184
2020-09-21,60.14125087257357
2020-09-22,59.691313837088444
2020-09-23,58.76417558315231
2020-09-24,58.49149214466784
2020-09-25,58.54602571170281
2020-09-28,59.20047532605128
2020-09-29,59.15957385049926
2020-09-30,60.113981488504486
2020-10-01,60.67299085916276
2020-10-02,59.97763976926226
2020-10-05,60.78206839543911
2020-10-06,60.89114073061226
2020-10-07,61.559227637546876
2020-10-08,62.06369824006698
2020-10-09,62.48636589148301
2020-10-12,63.031737969555145
2020-10-13,62.77268662255363
2020-10-14,62.35001897113759
2020-10-15,61.90008713675566
2020-10-16,62.11823700820515
2020-10-19,61.94098861230769
2020-10-20,62.62270761072526
2020-10-21,62.79995600662272
2020-10-22,62.78631871403658
2020-10-23,63.15444759731445
2020-10-26,62.33638687965466
2020-10-27,62.60907031813913
2020-10-28,61.041119742440664
2020-10-29,61.6546678812371
2020-10-30,60.959311590233405
2020-11-02,61.73647083234117
2020-11-03,62.00915947192883
2020-11-04,63.95887622349131
2020-11-05,65.04962558073876
2020-11-06,65.3495836043955
2020-11-09,65.79951543877743
2020-11-10,65.04962558073876
2020-11-11,65.4722932321548
2020-11-12,64.98145472111764
2020-11-13,65.89496088357085
2020-11-16,66.71302160123064
2020-11-17,66.64485074160952
2020-11-18,66.4130635775739
2020-11-19,66.52214111385024
2020-11-20,66.8902699971281
2020-11-23,67.06751319192236
2020-11-24,67.96738206178941
2020-11-25,67.5856210870286
2020-11-27,68.22643860989413
2020-11-30,66.44033296164297
2020-12-01,67.74923219033991
2020-12-02,67.84467243403012
2020-12-03,68.62183687724108
2020-12-04,69.33082005862452
2020-12-07,69.33082005862452
2020-12-08,69.35808944269361
2020-12-09,68.7581785964833
2020-12-10,69.6444153748674
2020-12-11,69.15357686383025
2020-12-14,68.79771600990611
2020-12-15,69.54162531413405
2020-12-16,69.87225342328719
2020-12-17,70.32686116132281
2020-12-18,70.24420807540116
2020-12-21,69.21100246013641
2020-12-22,68.65995736326634
2020-12-23,69.36253486937794
2020-12-24,69.05946479573936
2020-12-28,69.25232900309723
2020-12-29,70.28553461836198
2020-12-30,71.22230812994779
2020-12-31,71.18097633183145
2021-01-04,71.63558932502258
2021-01-05,73.35759868379716
2021-01-06,72.73767426360722
2021-01-07,73.42647800711705
2021-01-08,75.36890435360856
2021-01-11,74.3494777561011
2021-01-12,75.07960804257175
2021-01-13,75.24491946957056
2021-01-14,75.94750223083769
2021-01-15,74.87296481745659
2021-01-19,76.11281365783648
2021-01-20,77.44909460189533
2021-01-21,77.58685324853509
2021-01-22,76.91182852278254
2021-01-25,77.49042114485616
2021-01-26,76.92560228538431
2021-01-27,74.79031173153494
2021-01-28,75.31379879289045
2021-01-29,73.44025702487434
2021-02-01,75.42400991432667
2021-02-02,76.40210996887332
2021-02-03,76.78784363874458
2021-02-04,76.81539116394812
2021-02-05,77.47664738225441
2021-02-08,77.61440602889417
2021-02-09,78.44096841904377
2021-02-10,78.71649096747882
2021-02-11,79.55683237538571
2021-02-12,79.62571169870559
2021-02-16,79.81857590606346
2021-02-17,79.84612868642252
2021-02-18,78.74404374783789
2021-02-19,79.25375704659162
2021-02-22,76.92560228538437
2021-02-23,77.27000415713928
2021-02-24,76.77406462098732
2021-02-25,75.02450248185367
2021-02-26,74.01884964694797
2021-03-01,76.0026025364003
2021-03-02,75.25869848732786
2021-03-03,75.10716082293081
2021-03-04,73.35759868379718
2021-03-05,74.15661354874322
2021-03-08,72.1590816415336
2021-03-09,73.7433270985129
2021-03-10,73.41270424451528
2021-03-11,75.72708524312077
2021-03-12,74.37703053646015
2021-03-15,74.55611572606074
2021-03-16,74.8729648174566
2021-03-17,74.96939692113554
2021-03-18,73.59178943411588
2021-03-19,74.50101542049815
2021-03-22,74.2805931776257
2021-03-23,72.86165914764521
2021-03-24,71.19475534958875
2021-03-25,71.52537820358638
2021-03-26,73.38515146415624
2021-03-29,72.87543816540251
2021-03-30,73.10962891572122
2021-03-31,73.48158356783519
2021-04-01,74.19794009170407
2021-04-05,74.48723640274088
2021-04-06,74.90051759781566
2021-04-07,73.79843265923104
2021-04-08,74.40457806166371
2021-04-09,73.770879878872
2021-04-12,73.33004590343815
2021-04-13,73.63312123223223
2021-04-14,74.0050758843462
2021-04-15,74.68010061009875
2021-04-16,74.87296481745662
2021-04-19,74.5974475241771
2021-04-20,73.99129686658891
2021-04-21,74.44590985978004
2021-04-22,74.18416107394678
2021-04-23,75.25869848732786
2021-04-26,75.3551305910068
2021-04-27,75.31379879289045
2021-04-28,75.87862290751782
2021-04-29,75.69953246276172
2021-04-30,74.36325151870288
2021-05-03,74.36325151870288
2021-05-04,73.522910110796
2021-05-05,73.86731198255092
2021-05-06,74.56989474381804
2021-05-07,75.34135157324953
2021-05-10,73.99129686658891
2021-05-11,73.78465889662927
2021-05-12,71.74580044645883
2021-05-13,71.64936308762438
2021-05-14,72.9443174887224
2021-05-17,72.87543816540253
2021-05-18,73.85353821994917
2021-05-19,73.63312123223224
2021-05-20,74.0601761899088
2021-05-21,73.20606101940015
2021-05-24,73.81221167698833
2021-05-25,74.54234196345898
2021-05-26,75.09338180517354
2021-05-27,75.10716082293082
2021-05-28,75.5893213413255
2021-06-01,77.14601927310126
2021-06-02,77.27000415713925
2021-06-03,76.44344176698966
2021-06-04,77.1322455104995
2021-06-07,76.74651184062824
2021-06-08,76.37455718851427
2021-06-09,76.15414020079734
2021-06-10,76.76166615360411
2021-06-11,76.49878563317486
2021-06-14,76.70632121941372
2021-06-15,76.1805601785552
2021-06-16,75.14286641341062
2021-06-17,75.55794286387177
2021-06-18,75.03217654502983
2021-06-21,75.35040199964949
2021-06-22,75.00450407793463
2021-06-23,75.4610918680303
2021-06-24,76.15288771146002
2021-06-25,76.78933862069935
2021-06-28,76.85851714944565
2021-06-29,76.80317221525526
2021-06-30,76.30508364149193
2021-07-01,75.87616831849148
2021-07-02,75.79315091720588
2021-07-06,74.46490416453683
2021-07-07,74.38188676325123
2021-07-08,72.832265551804
2021-07-09,74.09133377572677
2021-07-12,74.16051230447306
2021-07-13,74.22969611120277
2021-07-14,74.54792156582243
2021-07-15,74.7277846849661
2021-07-16,74.14667870991717
2021-07-19,72.90144408055029
2021-07-20,73.13665741186777
2021-07-21,73.60707879651933
2021-07-22,73.74543585401192
2021-07-23,72.65239715467693
2021-07-26,71.26880546781749
2021-07-27,69.82987412475106
2021-07-28,71.72539325791314
2021-07-29,72.0851247741839
2021-07-30,71.39332893075417
2021-08-02,71.90526165504022
2021-08-03,72.20964823712058
2021-08-04,72.58321862593064
2021-08-05,72.47253403553326
2021-08-06,71.86375031540571
2021-08-09,72.09896364672319
2021-08-10,72.19581464256468
2021-08-11,72.38951663424766
2021-08-12,71.75306572500833
2021-08-13,71.57319732788125
2021-08-16,70.9229075461026
2021-08-17,69.62233326052876
2021-08-18,69.73302312890957
2021-08-19,68.54313343373309
2021-08-20,68.48778849954269
2021-08-23,69.52548226468728
2021-08-24,71.1027759432297
2021-08-25,71.1857933445153
2021-08-26,70.50783109564146
2021-08-27,71.37949533619827
2021-08-30,71.53169126623015
2021-08-31,72.51404009718435
2021-09-01,73.44104927193156
2021-09-02,73.10898494477259
2021-09-03,73.49638892813854
2021-09-07,73.925304251139
2021-09-08,72.84610442434332
2021-09-09,72.70774208886732
2021-09-10,72.62472996556515
2021-09-13,72.81843195724812
2021-09-14,72.20964823712058
2021-09-15,72.1958146425647
2021-09-16,71.37949533619829
2021-09-17,71.07510347613452
2021-09-20,69.16575074841654
2021-09-21,69.67767819471918
2021-09-22,70.54934243527599
2021-09-23,71.10277594322972
2021-09-24,70.2587841697681
2021-09-27,70.71537195986377
2021-09-28,69.80220165765587
2021-09-29,69.15191187587723
2021-09-30,69.70535066181438
2021-10-01,69.6361721330681
2021-10-04,68.61231196247941
2021-10-05,69.09656694168685
2021-10-06,68.70916295832089
2021-10-07,70.05124858352926
2021-10-08,70.31412910395852
2021-10-11,70.17577204646594
2021-10-12,69.81603525221176
2021-10-13,70.78455048861005
2021-10-14,71.00592494738822
2021-10-15,71.86375031540572
2021-10-18,71.68388719626206
2021-10-19,72.63856356012106
2021-10-20,72.62472996556517
2021-10-21,72.15430858091362
2021-10-22,72.00211265088173
2021-10-25,72.3756830396918
2021-10-26,72.00211265088173
2021-10-27,71.42100139784938
2021-10-28,71.49017992659567
2021-10-29,70.45248616145108
2021-11-01,71.00592494738822
2021-11-02,70.3694740381489
2021-11-03,70.70153308732444
2021-11-04,70.53550356273666
2021-11-05,70.45248616145106
2021-11-08,71.1027759432297
2021-11-09,70.82605655026113
2021-11-10,70.53550356273666
2021-11-11,71.75306572500834
2021-11-12,71.94676771669131
2021-11-15,71.71155966335725
2021-11-16,71.80841065919873
2021-11-17,71.43484027038868
2021-11-18,70.56317602983187
2021-11-19,70.45248616145106
2021-11-22,69.88521378095803
2021-11-23,69.81603525221173
2021-11-24,69.71918425637024
2021-11-26,67.3809162056518
2021-11-29,67.64379672608106
2021-11-30,67.57461819733477
2021-12-01,67.82366512320814
2021-12-02,68.65381802413044
2021-12-03,67.68530278773214
2021-12-06,68.21106910657409
2021-12-07,69.29027421135318
2021-12-08,69.56698832633833
2021-12-09,69.23492927716278
2021-12-10,69.29027421135318
2021-12-13,68.20691959822952
2021-12-14,68.05250916887277
2021-12-15,67.85598875142956
2021-12-16,67.94021408238227
2021-12-17,67.60331811335122
2021-12-20,66.59263556103784
2021-12-21,67.7156185546215
2021-12-22,68.03847429110388
2021-12-23,68.38940513790384
2021-12-27,68.69822064183755
2021-12-28,68.47362511407677
2021-12-29,68.16480961014305
2021-12-30,68.94527809989661
2021-12-31,68.6082036974745
2022-01-03,69.09977031110608
2022-01-04,68.8610081598871
2022-01-05,67.73743574783983
2022-01-06,68.04642017025877
2022-01-07,68.6643836574808
2022-01-10,68.6643836574808
2022-01-11,70.25143270315651
2022-01-12,71.41713740640061
2022-01-13,70.405924914366
2022-01-14,70.37783493436282
2022-01-18,69.12786029110923
2022-01-19,69.42279704471866
2022-01-20,69.83009371834076
2022-01-21,68.81887586869027
2022-01-24,67.84979566785246
2022-01-25,67.72339343664615
2022-01-26,66.86666779820514
2022-01-27,66.09421209977363
2022-01-28,66.41723883338622
2022-01-31,68.5941613862808
2022-02-01,69.01550037109655
2022-02-02,68.90314580869976
2022-02-03,68.17282240146506
2022-02-04,68.34135692386818
2022-02-07,68.20091238146821
2022-02-08,68.86100815988706
2022-02-09,69.94244828073752
2022-02-10,69.47897700472497
2022-02-11,68.42562686387767
2022-02-14,67.94810791905559
2022-02-15,69.42279704471864
2022-02-16,69.92840596954389
2022-02-17,69.11381262229969
2022-02-18,68.42562686387767
2022-02-22,67.456541305424
2022-02-23,66.67004329579883
2022-02-24,65.29366642133894
2022-02-25,66.50150341577985
2022-02-28,65.6307354661452
2022-03-01,64.75996751651054
2022-03-02,64.87232207890733
2022-03-03,63.95942183807586
2022-03-04,62.66730954600959
2022-03-07,60.32185247071189
2022-03-08,60.51847697311818
2022-03-09,62.2319282500002
2022-03-10,61.066218189140244
2022-03-11,59.78815356588348
2022-03-14,58.3415544202236
2022-03-15,58.42581900261723
2022-03-16,63.13078617963802
2022-03-17,62.80775944602542
2022-03-18,63.70661737566325
2022-03-21,62.72348950601592
2022-03-22,63.861109586872715
2022-03-23,63.4397652444411
2022-03-24,63.776839646863216
2022-03-25,63.27123072203797
2022-03-28,63.48190289325378
2022-03-29,64.56334301410425
2022-03-30,64.3807608228916
2022-03-31,63.411680622053794
2022-04-01,64.4650307629011
2022-04-04,65.60264548614202
2022-04-05,64.39480313408525
2022-04-06,63.552125164453756
2022-04-07,63.04651623962852
2022-04-08,63.10269619963484
2022-04-11,62.31619283239381
2022-04-12,62.11956832998752
2022-04-13,62.934161677231714
2022-04-14,62.119568329987516
2022-04-18,61.90890151638758
2022-04-19,61.59991709396863
2022-04-20,61.23475271154334
2022-04-21,60.05500033948972
2022-04-22,59.52130679227718
2022-04-25,59.085920138651915
2022-04-26,57.79381320420151
2022-04-27,58.46795665142988
2022-04-28,59.310634621061375
2022-04-29,59.52130679227718
2022-05-02,59.43703685226768
2022-05-03,59.87242350589294
2022-05-04,60.51847697311814
2022-05-05,58.28537446021723
2022-05-06,57.48482878178255
2022-05-09,55.82755746490685
2022-05-10,56.09440423851312
2022-05-11,55.70115523370054
2022-05-12,55.335996208891125
2022-05-13,56.866865294560505
2022-05-16,56.64215081215105
2022-05-17,58.0325699978046
2022-05-18,56.64215081215106
2022-05-19,57.541008741788886
2022-05-20,57.779765535391995
2022-05-23,58.21515218901726
2022-05-24,57.203934339366775
2022-05-25,57.48482878178256
2022-05-26,58.38368671142038
2022-05-27,59.05783015864874
2022-05-31,59.88646581708658
2022-06-01,59.46512683227084
2022-06-02,60.490386993114974
2022-06-03,59.507259123467655
2022-06-06,59.830285857080256
2022-06-07,60.012868048292894
2022-06-08,60.335894781905495
2022-06-09,58.92019369273917
2022-06-10,58.26851696621419
2022-06-13,56.22847795552921
2022-06-14,57.00766252447063
2022-06-15,57.75850721354294
2022-06-16,55.98764301912814
2022-06-17,56.20014347990874
2022-06-21,57.10683048701798
2022-06-22,56.086810981675484
2022-06-23,56.25681243114969
2022-06-24,57.588505764068756
2022-06-27,57.65933925099562
2022-06-28,57.30516641211266
2022-06-29,57.07849601139752
2022-06-30,56.80932119512734
2022-07-01,56.455148356244386
2022-07-05,56.01597749474865
2022-07-06,55.6759691915516
2022-07-07,56.795156659441425
2022-07-08,56.79515665944142
2022-07-11,55.27929734136224
2022-07-12,55.066791476333
2022-07-13,54.93928903816519
2022-07-14,54.4434492254285
2022-07-15,54.726788577384596
2022-07-18,55.10929589188803
2022-07-19,56.01597749474863
2022-07-20,55.77513715409893
2022-07-21,56.41264934493799
2022-07-22,55.8459706410258
2022-07-25,56.044311970369115
2022-07-26,55.605135704624736
2022-07-27,56.63931974565314
2022-07-28,56.88016008630285
2022-07-29,56.61098527003267
2022-08-01,56.129309992981895
2022-08-02,55.860140580960355
2022-08-03,56.29931684670474
2022-08-04,56.6959886968941
2022-08-05,56.75265764813505
2022-08-08,56.823491135061914
2022-08-09,56.61098527003268
2022-08-10,57.3193309477986
2022-08-11,57.54600134851375
2022-08-12,58.155179063732334
2022-08-15,57.88600965171079
2022-08-16,57.87183971177624
2022-08-17,57.63100477537517
2022-08-18,57.305166412112676
2022-08-19,56.52598724741989
2022-08-22,56.03014203043457
2022-08-23,56.32764591807658
2022-08-24,56.31348138239066
2022-08-25,57.53183681282783
2022-08-26,56.681818756959544
2022-08-29,56.327645918076584
2022-08-30,55.661804655865694
2022-08-31,55.86014058096037
2022-09-01,55.42096431521599
2022-09-02,54.910954562544745
2022-09-06,54.25927783601978
2022-09-07,54.74095311307055
2022-09-08,54.44344922542854
2022-09-09,55.25096286574179
2022-09-12,56.0726464459896
2022-09-13,54.34428126288119
2022-09-14,54.61345067490272
2022-09-15,54.03260743530462
2022-09-16,53.536767622567936
2022-09-19,53.70676907204214
2022-09-20,53.40926518440013
2022-09-21,52.51674811722545
2022-09-22,52.26174324088982
2022-09-23,50.97255432352579
2022-09-26,50.34921207262129
2022-09-27,50.29254312138034
2022-09-28,50.73171938712472
2022-09-29,49.598361979300336
2022-09-30,49.414195994140215
2022-10-03,50.221709634453475
2022-10-04,51.865071390700464
2022-10-05,51.89340586632094
2022-10-06,51.58173203874437
2022-10-07,50.50504898640957
2022-10-10,49.79670330864365
2022-10-11,49.003354204016304
2022-10-12,49.060023155257255
2022-10-13,49.201690129110986
2022-10-14,48.46500997572459
2022-10-17,49.79670330864365
2022-10-18,49.81086784432957
2022-10-19,48.90418624146898
2022-10-20,49.21586006904555
2022-10-21,49.96670475811786
2022-10-24,48.06833812553524
2022-10-25,48.46500997572459
2022-10-26,49.25835908035193
2022-10-27,48.8758517658485
2022-10-28,48.57834787820649
2022-10-31,48.43667550010412
2022-11-01,49.3291925672788
2022-11-02,48.9183507771549
2022-11-03,49.20169012911099
2022-11-04,51.28422815110237
2022-11-07,51.31256262672284
2022-11-08,51.68090000129172
2022-11-09,50.78838293411704
2022-11-10,52.63008601970734
2022-11-11,54.060941910925095
2022-11-14,53.735103547662604
2022-11-15,54.96762351378568
2022-11-16,54.089276386545556
2022-11-17,54.1884443490929
2022-11-18,53.87677052151633
2022-11-21,53.19675931937088
2022-11-22,53.324261757538686
2022-11-23,53.763438023283065
2022-11-25,53.508433146947446
2022-11-28,53.26759280629774
2022-11-29,54.41511474980804
2022-11-30,55.987643019128164
2022-12-01,55.80347162971941
2022-12-02,56.01597749474865
2022-12-05,55.378465303909586
2022-12-06,55.30763181698273
2022-12-07,54.98179345372024
2022-12-08,55.64763471593113
2022-12-09,55.27929734136226
2022-12-12,55.10929589188806
2022-12-13,55.49746737777427
2022-12-14,55.52623065188391
2022-12-15,54.24629512718967
2022-12-16,54.40449039177589
2022-12-19,54.447632559923555
2022-12-20,54.433248179851944
2022-12-21,54.92221286764864
2022-12-22,54.433248179851944
2022-12-23,54.36134273759464
2022-12-27,55.16669795456379
2022-12-28,54.36134273759464
2022-12-29,55.26736667093074
2022-12-30,54.50515910814284
2023-01-03,54.9653605218299
2023-01-04,56.619207637882276
2023-01-05,56.446633479258026
2023-01-06,57.62590028758532
2023-01-09,58.05733842716274
2023-01-10,58.47439767270214
2023-01-11,58.71888275961728
2023-01-12,59.0065045286465
2023-01-13,59.39480050007626
2023-01-17,59.06403107686578
2023-01-18,58.661356211398
2023-01-19,59.10717324501344
2023-01-20,60.01319717834954
2023-01-23,60.44463531792696
2023-01-24,60.487782972108214
2023-01-25,60.545304034293906
2023-01-26,61.12055854441953
2023-01-27,60.83293128935673
2023-01-30,59.61052231288177
2023-01-31,59.48109032240519
2023-02-01,60.214534611083444
2023-02-02,59.85500191376333
2023-02-03,58.790788201874605
2023-02-06,57.92790643668617
2023-02-07,58.1580071435297
2023-02-08,58.0861017012724
2023-02-09,58.35935006229719
2023-02-10,57.798474446209596
2023-02-13,58.273060239968274
2023-02-14,58.17239152360133
2023-02-15,57.68342683580463
2023-02-16,57.69780572984265
2023-02-17,57.06503015753133
2023-02-21,56.3459647628911
2023-02-22,56.0727218878999
2023-02-23,56.3459647628911
2023-02-24,55.08040813223489
2023-02-27,55.3680353872977
2023-02-28,54.97973941586795
2023-03-01,56.15900622419524
2023-03-02,56.36034365692913
2023-03-03,56.863692724797446
2023-03-06,56.66235529206356
2023-03-07,55.7131891905798
2023-03-08,55.94328989742332
2023-03-09,54.70649654087675
2023-03-10,54.41886928581394
2023-03-13,54.50515910814286
2023-03-14,54.53391689621891
2023-03-15,53.59913517480676
2023-03-16,54.41886928581393
2023-03-17,54.08809986260346
2023-03-20,54.28943729533734
2023-03-21,54.77840198313404
2023-03-22,54.994123795939544
2023-03-23,55.756331358727444
2023-03-24,55.61251498817925
2023-03-27,55.310508839078416
2023-03-28,56.101479675975945
2023-03-29,56.259674940562164
2023-03-30,56.82054507061617
2023-03-31,56.748639628358866
2023-04-03,56.863692724797424
2023-04-04,56.86369272479742
2023-04-05,56.41787020514838
2023-04-06,56.64797091199191
2023-04-10,56.70549746021119
2023-04-11,57.05064577745969
2023-04-12,56.647970911991905
2023-04-13,57.424562854851416
2023-04-14,57.122556705750576
2023-04-17,57.36703630663213
2023-04-18,57.295130864374826
2023-04-19,56.71987635424921
2023-04-20,56.63359201795388
2023-04-21,56.101479675975924
2023-04-24,55.972047685499334
2023-04-25,54.92221286764863
2023-04-26,55.238603396821084
2023-04-27,55.98643206557095
2023-04-28,56.274059320633754
2023-05-01,56.08710078193789
2023-05-02,55.54060954592191
2023-05-03,55.454325209626575
2023-05-04,55.900142243242016
2023-05-05,56.64797091199189
2023-05-08,56.67673418610153
2023-05-09,56.33158038281943
2023-05-10,56.30282259474338
2023-05-11,56.10147967597591
2023-05-12,55.439940829554956
2023-05-15,56.461012373296015
2023-05-16,56.058337507828234
2023-05-17,56.31720148878141
2023-05-18,56.015195339680574
2023-05-19,56.058337507828234
2023-05-22,56.5185389215153
2023-05-23,55.64127826228884
2023-05-24,55.22422450278303
2023-05-25,55.109171406344466
2023-05-26,56.08710078193786
2023-05-30,55.43994082955494
2023-05-31,54.922212867648604
2023-06-01,55.900142243242
2023-06-02,56.863692724797374
2023-06-05,56.84930834472576
2023-06-06,57.35265741259408
2023-06-07,57.10817583674043
2023-06-08,57.51401895610315
2023-06-09,57.7749196840357
2023-06-12,57.890872491340275
2023-06-13,58.47065311545657
2023-06-14,58.90548581894489
2023-06-15,59.45627685893559
2023-06-16,59.253355299254224
2023-06-20,58.09379958021944
2023-06-21,57.818401295625186
2023-06-22,57.61547973594382
2023-06-23,56.774798383894975
2023-06-26,56.963227916112444
2023-06-27,57.54300854022874
2023-06-28,57.1951390599194
2023-06-29,56.89075672039736
2023-06-30,57.34008698054739
2023-07-03,57.977841243717066
2023-07-05,57.62997176340773
2023-07-06,56.45592401690906
2023-07-07,57.093678280078734
2023-07-10,57.13715989166822
2023-07-11,57.71694051578451
2023-07-12,59.00694659878556
2023-07-13,59.775156755119326
2023-07-14,59.44177930227388
2023-07-17,59.514256027186775
2023-07-18,59.07941779450065
2023-07-19,58.963464987196076
2023-07-20,58.52863228370776
2023-07-21,58.441663531330974
2023-07-24,59.23885774259252
2023-07-25,59.73166961433203
2023-07-26,60.07953909464137
2023-07-27,59.3403185224332
2023-07-28,60.77527252606224
2023-07-31,60.80426211018783
2023-08-01,60.03605195385406
2023-08-02,58.60110347942284
2023-08-03,58.8330146232298
2023-08-04,58.76054342751471
2023-08-07,58.67357467513793
2023-08-08,57.963349216253164
2023-08-09,58.108291607683334
2023-08-10,58.19526036006012
2023-08-11,57.34008698054738
2023-08-14,57.06468869595313
2023-08-15,56.412436876121745
2023-08-16,55.905132976918345
2023-08-17,56.03558334088462
2023-08-18,55.6587298056475
2023-08-21,55.78918016961378
2023-08-22,55.67322183311139
2023-08-23,56.55738479674972
2023-08-24,56.33996568040666
2023-08-25,56.39794484865784
2023-08-28,56.94873588864854
2023-08-29,57.67345890419501
2023-08-30,57.48502937197754
2023-08-31,56.77479838389497
2023-09-01,57.441547760388055
2023-09-05,56.97772547277414
2023-09-06,56.658845576590394
2023-09-07,55.99210172929512
2023-09-08,56.108054536599695
2023-09-11,56.80378796802056
2023-09-12,56.62985599246479
2023-09-13,56.55738479674971
2023-09-14,56.934238331986826
2023-09-15,56.716824744841574
2023-09-18,56.64435354912649
2023-09-19,56.31097609628105
2023-09-20,56.0790649524741
2023-09-21,55.10793876565678
2023-09-22,55.76019058548817
2023-09-25,55.513781885019505
2023-09-26,54.73107970122185
2023-09-27,54.81804845359864
2023-09-28,54.962990845028806
2023-09-29,55.006477985816105
2023-10-02,54.731079701221844
2023-10-03,54.006356685675385
2023-10-04,53.84692226678133
2023-10-05,54.049843826462684
2023-10-06,54.832546010260344
2023-10-09,54.57164528232779
2023-10-10,55.35434193692764
2023-10-11,55.702211417236974
2023-10-12,55.07894918153119
2023-10-13,54.87602762184983
2023-10-16,55.28187074121254
2023-10-17,55.13692834978238
2023-10-18,54.29624699773353
2023-10-19,53.9773726307476
2023-10-20,53.32512081091622
2023-10-23,53.28163367012892
2023-10-24,53.96287507408589
2023-10-25,53.252649615201136
2023-10-26,52.991748887268585
2023-10-27,52.948261746481286
2023-10-30,53.499052786471985
2023-10-31,53.19467044694995
2023-11-01,53.687482318689455
2023-11-02,54.62961892138117
2023-11-03,55.745693028826466
2023-11-06,56.195023288976486
2023-11-07,56.0935625091358
2023-11-08,55.71670344470086
2023-11-09,55.194907518033574
2023-11-10,55.58625308073459
2023-11-13,55.5717610532707
2023-11-14,57.050196668489214
2023-11-15,57.52851098356701
2023-11-16,56.97772547277412
2023-11-17,57.05019666848921
2023-11-20,57.760422127373964
2023-11-21,57.398060619600734
2023-11-22,57.28210781229617
2023-11-24,57.31109739642176
2023-11-27,57.0791862526148
2023-11-28,57.55750056769259
2023-11-29,57.22412864404495
2023-11-30,57.34008698054734
2023-12-01,57.5864901518182
2023-12-04,56.93423833198682
2023-12-05,56.58637438087529
2023-12-06,56.51390318516021
2023-12-07,56.78929594055665
2023-12-08,56.54288724008799
2023-12-11,56.87626469293345
2023-12-12,56.890756720397334
2023-12-13,57.45603978785193
2023-12-14,58.296721139900775
2023-12-15,57.94885165959144
2023-12-18,57.91986207546584
2023-12-19,58.41267394720535
2023-12-20,57.38066970007466
2023-12-21,58.45914195676124
2023-12-22,58.17844555099849
2023-12-26,58.63642360062814
2023-12-27,58.97621576624047
2023-12-28,59.43419945155196
2023-12-29,59.40465157162717
2024-01-02,58.71029611828103
2024-01-03,58.38527507479017
2024-01-04,58.19321667311995
2024-01-05,58.267083555091006
2024-01-08,58.42959407683644
2024-01-09,57.60227598166966
2024-01-10,57.46931333984903
2024-01-11,57.70569074356551
2024-01-12,57.91252026735721
2024-01-16,56.50902696717977
2024-01-17,55.66693211420968
2024-01-18,56.12491579952118
2024-01-19,56.715856490971476
2024-01-22,56.21355380361371
2024-01-23,56.70108536885
2024-01-24,57.3363506980284
2024-01-25,57.41021757999945
2024-01-26,57.45453658204571
2024-01-29,57.484084461970504
2024-01-30,57.026100776659
2024-01-31,56.71585649097146
2024-02-01,57.26247818037548
2024-02-02,57.0999732943119
2024-02-05,57.17384017628295
2024-02-06,58.47391871456455
2024-02-07,58.547785596535604
2024-02-08,58.22276455304475
2024-02-09,58.47391871456455
2024-02-12,58.9318967641942
2024-02-13,57.823876627582834
2024-02-14,58.65120035843146
2024-02-15,58.93189676419421
2024-02-16,59.212598805638805
2024-02-20,59.301236809731336
2024-02-21,59.404651571627184
2024-02-22,60.01036902088079
2024-02-23,59.980821140955996
2024-02-26,59.714895857314715
2024-02-27,59.83308737701388
2024-02-28,59.05008828389337
2024-02-29,59.079636163818165
2024-03-01,59.8035394970891
2024-03-04,59.670576855268465
2024-03-05,59.13872628798591
2024-03-06,59.99559789875932
2024-03-07,60.36493794429644
2024-03-08,60.30584218444686
2024-03-11,60.43880482626749
2024-03-12,61.10361803537068
2024-03-13,60.911559633700456
2024-03-14,60.60131534801292
2024-03-15,60.23197530247579
2024-03-18,60.33539006437163
2024-03-19,60.039916900805565
2024-03-20,60.719501232030225
2024-03-21,60.79337374968312
2024-03-22,60.364937944296415
2024-03-25,60.40925694634267
2024-03-26,60.36493794429641
2024-03-27,60.468352706192256
2024-03-28,60.689958987787264
2024-04-01,60.793373749683106
2024-04-02,60.98542651567148
2024-04-03,61.029751153399594
2024-04-04,60.80814487180458
2024-04-05,60.94110751362522
2024-04-08,61.33999543908714
2024-04-09,61.75365448667052
2024-04-10,60.91155963370043
2024-04-11,61.28089967923755
2024-04-12,59.87740637906011
2024-04-15,59.493295211401524
2024-04-16,58.710296118281015
2024-04-17,58.6659714805529
2024-04-18,58.90234888426938
2024-04-19,58.6659714805529
2024-04-22,59.3012368097313
2024-04-23,59.78876837496759
2024-04-24,59.99559789875928
2024-04-25,60.12856054057992
2024-04-26,60.822915993926046
2024-04-29,61.413862321058176
2024-04-30,60.55699634596662
2024-05-01,60.616086470134356
2024-05-02,62.182090292057225
2024-05-03,62.74348873926457
2024-05-06,62.80257886343231
2024-05-07,62.448015575698506
2024-05-08,62.46278669781998
2024-05-09,62.654845099490196
2024-05-10,62.78780774131083
2024-05-13,63.26056254874379
2024-05-14,63.60035471435612
2024-05-15,64.27993904558078
2024-05-16,64.41290168740142
2024-05-17,64.693603728846
2024-05-20,64.45722632512951
2024-05-21,64.0583383996676
2024-05-22,63.851508875875915
2024-05-23,63.378754068442944
2024-05-24,63.55603571230985
2024-05-28,63.467392072535475
2024-05-29,62.521882457669534
2024-05-30,62.344600813802636
2024-05-31,61.73888336454903
2024-06-03,62.38891981584891
2024-06-04,61.517277082954024
2024-06-05,62.50711133554807
2024-06-06,62.8173556212356
2024-06-07,62.10822341008615
2024-06-10,62.47756345562326
2024-06-11,62.27073257926792
2024-06-12,62.895519805279285
2024-06-13,62.74676256329325
2024-06-14,62.82114118428627
2024-06-17,63.22279254731859
2024-06-18,63.80295373567916
2024-06-20,63.69882253134393
2024-06-21,63.47568099363985
2024-06-24,63.47568099363984
2024-06-25,63.326923751653815
2024-06-26,63.193039963976375
2024-06-27,63.237666001627176
2024-06-28,63.35667633499603
2024-07-01,63.505433576982064
2024-07-02,63.69882253134393
2024-07-03,64.63600904508601
2024-07-05,64.9037766204409
2024-07-08,64.9186500747495
2024-07-09,65.18641765010437
2024-07-10,65.55831642979447
2024-07-11,65.9450943385182
2024-07-12,66.21285623914805
2024-07-15,65.51369039214367
2024-07-16,65.88558917183379
2024-07-17,64.81451887041426
2024-07-18,64.20460509871148
2024-07-19,63.57981787270011
2024-07-22,64.11534734868484
2024-07-23,63.550065289357896
2024-07-24,62.6277522299244
2024-07-25,62.37486378360314
2024-07-26,63.01453013864813
2024-07-29,62.80626772997767
2024-07-30,62.523621025589165
2024-07-31,63.89221148570578
2024-08-01,62.776515146635454
2024-08-02,61.88395467054417
2024-08-05,60.12859197642886
2024-08-06,60.47074384750179
2024-08-07,60.84264262719189
2024-08-08,62.2261065416171
2024-08-09,62.568252737965
2024-08-12,62.77651514663545
2024-08-13,63.475680993639834
2024-08-14,63.133534797291944
2024-08-15,63.832706319021355
2024-08-16,64.57650387840158
2024-08-19,65.20129677913799
2024-08-20,64.69551421177044
2024-08-21,64.94840265809171
2024-08-22,64.14509993202707
2024-08-23,65.21617023344659
2024-08-26,64.66576162842824
2024-08-27,64.75501370372984
2024-08-28,64.35336234069752
2024-08-29,64.38311492403973
2024-08-30,64.51699871171718
2024-09-03,63.2376660016272
2024-09-04,63.222792547318605
2024-09-05,63.31205029734524
2024-09-06,62.15172224589907
2024-09-09,62.67238394230025
2024-09-10,62.434368950287585
2024-09-11,62.89551980527931
2024-09-12,63.41618150168048
2024-09-13,63.713701660377566
2024-09-16,63.92196406904802
2024-09-17,63.99634269004104
2024-09-18,63.77320115233696
2024-09-19,65.12691248341996
2024-09-20,64.99302869574252
2024-09-23,65.49881126311007
2024-09-24,67.73020394125072
2024-09-25,67.01615896521271
2024-09-26,69.47069318105744
2024-09-27,69.33680939338
2024-09-30,68.22111305430967
2024-10-01,68.7120164926436
2024-10-02,70.0657278237266
2024-10-03,69.23267818904478
2024-10-04,69.87234454408976
2024-10-07,70.45250573245032
2024-10-08,68.7120164926436
2024-10-09,68.34011771295349
2024-10-10,68.47400150063092
2024-10-11,68.96491061368988
2024-10-14,68.68226390930137
2024-10-15,67.22442137388315
2024-10-16,67.74508307028432
2024-10-17,67.6409518659491
2024-10-18,68.31036512961127
2024-10-21,67.83433514558594
2024-10-22,67.6855779035999
2024-10-23,67.28392654056759
2024-10-24,67.17979533623237
2024-10-25,67.12029016954796
2024-10-28,67.41781032824505
2024-10-29,67.20954791957459
2024-10-30,66.55500811022101
2024-10-31,66.12360416384648
2024-11-01,66.18310933053091
2024-11-04,66.55500811022102
2024-11-05,67.46243636589585
2024-11-06,66.62938673121403
2024-11-07,68.10210272094083
2024-11-08,66.42112432254356
2024-11-11,65.915341755176
2024-11-12,64.66576162842823
2024-11-13,64.24923113636228
2024-11-14,63.89221148570579
2024-11-15,63.89221148570579
2024-11-18,64.6211299160524
2024-11-19,64.5765038784016
2024-11-20,64.50212525740858
2024-11-21,64.36824146973115
2024-11-22,64.38311492403973
2024-11-25,64.42774663641556
2024-11-26,64.15997906106068
2024-11-27,64.24923113636228
2024-11-29,64.35336234069752
2024-12-02,64.60625646174381
2024-12-03,64.74014024942126
2024-12-04,64.90377662044091
2024-12-05,65.33517489209041
2024-12-06,65.23104368775518
2024-12-09,66.56988156452958
2024-12-10,65.49881126311006
2024-12-11,65.76657883846494
2024-12-12,65.43931177115066
2024-12-13,65.49881126311006
2024-12-16,65.14179161245357
2024-12-17,64.98856659135322
2024-12-18,63.47579731816107
2024-12-19,63.687584093086876
2024-12-20,63.94475787032308
2024-12-23,64.30781926426539
2024-12-24,64.50448088559227
2024-12-26,64.27756895706754
2024-12-27,63.99013910187667
2024-12-30,63.47579731816107
2024-12-31,63.264010543235266
2025-01-02,63.17324230937128
2025-01-03,63.76322717335194
2025-01-06,63.99013910187668
2025-01-07,63.53630947407039
2025-01-08,63.233754465280605
2025-01-10,62.15968966629581
2025-01-13,61.73611611644419
2025-01-14,62.431988597130946
2025-01-15,63.24888538963634
2025-01-16,63.17324230937129
2025-01-17,63.67245893948797
2025-01-21,64.3532062665758
2025-01-22,64.39858749812939
2025-01-23,64.54986211714588
2025-01-24,64.9734414377543
2025-01-27,63.7934774805498
2025-01-28,64.26243803271181
2025-01-29,64.27756895706754
2025-01-30,65.36675890965125
2025-01-31,64.62550519741092
2025-02-03,64.1565446452489
2025-02-04,65.30624675374195
2025-02-05,65.13984698112652
2025-02-06,65.41214591196166
2025-02-07,65.35163375605234
2025-02-10,66.13827447060308
2025-02-11,65.88110069336688
2025-02-12,66.24416785806599
2025-02-13,66.66774140791762
2025-02-14,67.18208319163323
2025-02-18,67.60565674148485
2025-02-19,67.49976335402195
2025-02-20,68.11999852520046
2025-02-21,67.92334267463038
2025-02-24,66.87952818284343
2025-02-25,66.92491518515382
2025-02-26,67.59053158788592
2025-02-27,66.27442393602065
2025-02-28,65.36675890965127
2025-03-03,64.79191074078315
2025-03-04,65.3365028316966
2025-03-05,67.28797657909611
2025-03-06,66.86440302924449
2025-03-07,67.19720834523213
2025-03-10,65.5936766089328
2025-03-11,66.13827447060305
2025-03-12,66.50133586454535
2025-03-13,66.22903693371022
2025-03-14,67.43925696886939
2025-03-17,68.58895907736242
2025-03-18,68.24102283701903
2025-03-19,68.40742838039127
2025-03-20,67.77206228485703
2025-03-21,67.43925696886939
2025-03-24,67.74180620690237
2025-03-25,67.54515035633229
2025-03-26,67.13670196007959
2025-03-27,67.46950727606723
2025-03-28,66.21391178011129
2025-03-31,66.10801839264839
2025-04-01,66.3198051675742
2025-04-02,66.41057340143819
2025-04-03,65.00369751570895
2025-04-04,61.3881798761008
2025-04-07,59.10389504195684
2025-04-08,58.27187309585251
2025-04-09,62.31096428531229
2025-04-10,61.236899486327495
2025-04-11,63.158117155772345
2025-04-14,63.73297109539727
2025-04-15,63.672458939487946
2025-04-16,62.931199456490795
2025-04-17,63.415285162251735
2025-04-21,63.40016000865281
2025-04-22,64.35320626657578
2025-04-23,65.09445997881613
2025-04-24,65.85084461541221
2025-04-25,65.72982607435038
2025-04-28,65.85084461541221
2025-04-29,66.03238108314018
2025-04-30,66.1987808557556
2025-05-01,66.18365570215667
2025-05-02,68.07461729364685
2025-05-05,68.58895907736246
2025-05-06,68.31666014652733
2025-05-07,67.53001943197658
2025-05-08,67.48463820042299
2025-05-09,67.93846782822926
2025-05-12,69.40585586986784
2025-05-13,69.52687441092966
2025-05-14,70.056347119001
2025-05-15,70.02609104104634
2025-05-16,69.98070403873595
2025-05-19,70.13198442850926
2025-05-20,70.056347119001
2025-05-21,69.87481065127304
2025-05-22,69.64789872274831
2025-05-23,69.93532280718237
2025-05-27,69.76891726381014
2025-05-28,69.45123710142143
2025-05-29,69.70841087865763
2025-05-30,68.86125800819758
2025-06-02,69.36046886755744
2025-06-03,69.52687441092966
2025-06-04,70.38915243498865
2025-06-05,70.75221959968776
2025-06-06,70.97913152821249
2025-06-09,71.58424154579207
2025-06-10,71.99268994204476
2025-06-11,72.29524495083456
2025-06-12,72.41626349189639
2025-06-13,71.26656138340336
2025-06-16,72.13186379185736
2025-06-17,71.18497243172054
2025-06-18,71.16969670156605
2025-06-20,70.75734520313955
2025-06-23,71.3376947773612
2025-06-24,73.18566195913942
2025-06-25,73.24675322778928
2025-06-26,73.73547172502016
2025-06-27,73.44529693790935
2025-06-30,73.67438628235433
2025-07-01,73.81183872382452
2025-07-02,74.13255914526027
2025-07-03,74.46854947086648
2025-07-07,73.41475130358442
2025-07-08,73.87292416649036
2025-07-09,73.75074745517466
2025-07-10,73.94928533931068
2025-07-11,73.70492609069524
2025-07-14,73.81183872382452
2025-07-15,74.34637275955077
2025-07-16,74.69763881531146
2025-07-17,75.12526604389247
2025-07-18,74.95727379408139
2025-07-21,75.44599229131227
2025-07-22,75.49180782980764
2025-07-23,76.25543120997888
2025-07-24,75.84307388556833
2025-07-25,75.61398454112334
2025-07-28,75.10999613972203
2025-07-29,75.14054177404697
2025-07-30,74.59073200816623
2025-07-31,74.16310477958523
2025-08-01,73.61329501370449
2025-08-04,74.37691839387573
2025-08-05,74.59073200816623
2025-08-06,74.94199806392692
2025-08-07,75.56816900262797
2025-08-08,75.5070777339781
2025-08-11,75.29326411968759
2025-08-12,76.2096156714835
2025-08-13,77.12596139729538
2025-08-14,76.17907003715858
2025-08-15,76.27070111414935
2025-08-18,76.71360407288483
2025-08-19,76.08743313418378
2025-08-20,75.98052632703853
2025-08-21,75.81252825124342
2025-08-22,77.32450510741545
2025-08-25,76.88160214867996
2025-08-26,76.68305843855991
2025-08-27,76.22488557565397
2025-08-28,76.51506036276479
2025-08-29,76.14852440283364
2025-09-02,76.08743313418377
2025-09-03,76.37760792129458
2025-09-04,76.13324867267914
2025-09-05,77.04960022447506
2025-09-08,77.75213233599644
2025-09-09,78.17975956457744
2025-09-10,78.71429942628772
2025-09-11,79.85973449654458
2025-09-12,79.81391313206515
2025-09-15,80.39426853227083
2025-09-16,80.98989383664694
2025-09-17,81.34115989240763
2025-09-18,81.14262200827162
2025-09-19,80.959348202322
2025-09-22,81.35643562256212
2025-09-23,81.40225116105749
2025-09-24,81.12734627811712
2025-09-25,80.65390351104074
2025-09-26,80.50117533941606
2025-09-29,81.23425308526238
2025-09-30,81.55497933268218
2025-10-01,82.19642017555368
2025-10-02,82.5782318656393
2025-10-03,82.82259111425473
2025-10-06,83.20440280434036
2025-10-07,82.56296196146886
2025-10-08,83.21967853449485
2025-10-09,82.36441825134881
2025-10-10,79.32519463483429
2025-10-13,81.6313405055025
2025-10-14,80.89826275965619
2025-10-15,82.22696580987862
2025-10-16,82.76149984560487
2025-10-17,82.74622994143444
2025-10-20,83.87638928153682
2025-10-21,82.9447736515545
2025-10-22,82.86840665275015
2025-10-23,83.6014902245805
2025-10-24,84.15129416447719
2025-10-27,85.08291562044356
2025-10-28,85.05236998611862
2025-10-29,85.54108848334948
2025-10-30,84.65528839186256
2025-10-31,84.45674468174249
2025-11-03,84.99128454345278
2025-11-04,83.43349214878536
2025-11-05,84.18183979880212
2025-11-06,83.55566886010106
2025-11-07,83.31130961148563
2025-11-10,84.77746510317823
2025-11-11,84.86910200615303
2025-11-12,84.88437773630753
2025-11-13,83.8916650116913
2025-11-14,83.93748055018669
2025-11-17,82.9447736515545
2025-11-18,82.53241632714395
2025-11-19,82.24223571404909
2025-11-20,81.11207637394672
2025-11-21,81.09680064379224
2025-11-24,81.95206092693827
2025-11-25,82.2422357140491
2025-11-26,82.83786684440926
2025-11-28,82.96004355572497
2025-12-01,82.8989522870751
2025-12-02,82.92949792140004
2025-12-03,82.99058919004992
2025-12-04,82.97531928587948
2025-12-05,83.60149022458054
2025-12-08,83.41821641863093
2025-12-09,83.28076397716075
2025-12-10,84.2123854331271
2025-12-11,83.81530383887103
2025-12-12,82.83786684440929
2025-12-15,82.59350759579385
2025-12-16,82.078821941968
2025-12-17,81.49010845995441
2025-12-18,82.41965699627394
2025-12-19,83.22526336379572
2025-12-22,83.67453895096789
2025-12-23,84.1393161740716
2025-12-24,84.30972779133668
2025-12-26,84.89844127335027
2025-12-29,84.68154838784207
2025-12-30,85.02238344214803
2025-12-31,84.75900928839673
2026-01-02,87.12935303260683
2026-01-05,88.08988120123792
2026-01-06,88.74055985776249
2026-01-07,88.07438547519426
2026-01-08,88.1053710173937
2026-01-09,88.5236669722543
2026-01-12,89.76305911079247
2026-01-13,89.09688472822423
2026-01-14,89.46870532472961
2026-01-15,89.99544772234431
2026-01-16,89.65461266803835
2026-01-20,88.78704112600559
2026-01-21,90.2588159662077
2026-01-22,90.9404860748196
2026-01-23,91.51370383078952
2026-01-26,91.66862563189883
2026-01-27,93.4812414362948
2026-01-28,94.11643027666359
2026-01-29,93.6361632374041
2026-01-30,91.56017918914473
2026-02-02,91.8390431590518
2026-02-03,92.33480001446705
2026-02-04,91.0954078759289
2026-02-05,90.67711192106829
2026-02-06,93.06294548143417
2026-02-09,93.74460968015818
2026-02-10,93.88404166511171
2026-02-11,95.37131814124538
2026-02-12,94.28684780381653
2026-02-13,94.68964803263347
2026-02-17,94.3023376199723
2026-02-18,94.79809447538756
2026-02-19,94.56571177372359
2026-02-20,96.57972473758409
2026-02-23,95.5107501261989
2026-02-24,97.01351050860046
2026-02-25,98.08249102987354
2026-02-26,97.15294249355401
2026-02-27,96.95154533408949
2026-03-02,95.27836151464707
2026-03-03,90.50669439391531
2026-03-04,91.48271828859006
2026-03-05,89.28279798142083
2026-03-06,88.80253094216134
2026-03-09,90.55317566215842
2026-03-10,90.90950053262016
2026-03-11,91.14188914417201
2026-03-12,88.22931318619142
2026-03-13,87.99692457463955
2026-03-16,90.44472921940431
2026-03-17,91.01794697537422
2026-03-18,89.17435153866671
2026-03-19,89.26730225537713
2026-03-20,86.19980449628724
2026-03-23,88.78704112600555
2026-03-24,87.56313880362318
2026-03-25,88.95745274327065
2026-03-26,85.93643625242386
2026-03-27,85.51814029756326
2026-03-30,84.82098037279557
2026-03-31,87.98143475848379
2026-04-01,88.66309895720781
2026-04-02,87.67158524637728
2026-04-06,88.47719161389905
2026-04-07,88.78704112600556
2026-04-08,93.63616323740409
2026-04-09,93.38828480969647
2026-04-10,93.82207649060074
2026-04-13,94.61218713207884
2026-04-14,96.4248029364748
2026-04-15,96.36283185207593
2026-04-16,96.7501422647371
2026-04-17,98.59373770144461
2026-04-20,97.88108796052116
2026-04-21,96.44029275263058
2026-04-22,98.19093747262768
2026-04-23,96.59521455373991
2026-04-24,98.74866541244182
2026-04-27,98.59373770144461
2026-04-28,97.58673417445831
2026-04-29,97.1219569513546
2026-04-30,99.13597582510299
2026-05-01,99.35286280072329
2026-05-04,99.30638744236808
2026-05-05,101.32040631611645
2026-05-06,104.55831569247144
2026-05-07,103.16399584293607
2026-05-08,105.255481527127
2026-05-11,105.17801471668446
2026-05-12,101.97108497264102
2026-05-13,104.12452992145505
2026-05-14,104.38789816531845
2026-05-15,100.80915373465751
2026-05-18,100.6542319335482
2026-05-19,99.55427177996357
2026-05-20,101.41335703282687
2026-05-21,102.2964243009033
2026-05-22,102.06403568935144
2026-05-26,105.96813126805044
2026-05-27,105.95263554200679
2026-05-28,106.29347059631274
2026-05-29,106.27797487026909
2026-06-01,108.57085771392454
2026-06-02,109.68631359355282
2026-06-03,108.32297337632902
2026-06-04,107.05259569559142
2026-06-05,100.06551254164674
2026-06-08,101.86263852988692
2026-06-09,101.97108497264102
2026-06-10,100.17397080417662
2026-06-11,104.5738114185151
2026-06-12,105.1625189906408
2026-06-15,108.6033889518419
2026-06-16,106.87507600527856
2026-06-17,106.75051012750232
2026-06-18,110.222709725165
2026-06-22,110.87666276460628
2026-06-23,104.58622848797813
2026-06-24,104.71079436575437
2026-06-25,105.81628980269251
2026-06-26,104.61737589705017
2026-06-29,104.9910616511229
2026-06-30,106.51696395574183
2026-07-01,103.51188046011202
2026-07-02,102.29738097067774
2026-07-06,105.20904599760334
2026-07-07,102.32852837974976
2026-07-08,103.12262100150328
2026-07-09,103.97898468288896
2026-07-10,104.1658334995533
2026-07-13,100.42894032105809
2026-07-14,102.25067173632563
2026-07-15,102.09497032873331
2026-07-16,99.94626239374514
2026-07-17,98.54492596690244
2026-07-20,98.96532689495525
2026-07-21,101.73684639994066
2026-07-22,101.1918855337396
2026-07-23,100.58464172865042
2026-07-24,98.60720890579057
2026-07-27,99.05874536365947
2026-07-28,97.09688030570766
2026-07-29,95.08830007377578
2026-07-30,99.01203612930736
2026-07-31,99.7905491068969
2026-08-03,100.14867303568957
2026-08-04,102.76449707271063
2026-08-05,102.32852837974977
2026-08-06,101.2385947680917
2026-08-07,102.20396250197355
2026-08-10,101.47215281910815
2026-08-11,101.8769859822529
2026-08-12,103.48073305104002
2026-08-13,103.82328327529667
2026-08-14,103.71429110205646
2026-08-17,104.8197865389946
