date,value
2001-08-27,42.83333206176758
2001-08-28,42.34333419799805
2001-08-29,42.150001525878906
2001-08-30,41.54999923706055
2001-08-31,41.650001525878906
2001-09-04,40.70000076293945
2001-09-05,40.45000076293945
2001-09-06,39.53333282470703
2001-09-07,39.29999923706055
2001-09-10,38.849998474121094
2001-09-17,37.150001525878906
2001-09-18,36.849998474121094
2001-09-19,36.75
2001-09-20,35.150001525878906
2001-09-21,34.16666793823242
2001-09-24,35.75
2001-09-25,36.16666793823242
2001-09-26,36.349998474121094
2001-09-27,36.92333221435547
2001-09-28,37.643333435058594
2001-10-01,37.439998626708984
2001-10-02,37.57199941235351
2001-10-03,37.955899903452796
2001-10-04,38.359826530490764
2001-10-05,38.419916399277405
2001-10-08,38.18957381242372
2001-10-09,38.08942785143618
2001-10-10,38.857225013311215
2001-10-11,39.124284729601506
2001-10-12,39.07421174910774
2001-10-15,38.456637349037536
2001-10-16,38.99075678161812
2001-10-17,39.024138768613966
2001-10-18,38.70700607182991
2001-10-19,38.323105580730626
2001-10-22,38.59016529702092
2001-10-23,38.897284925835635
2001-10-24,39.28785952213997
2001-10-25,39.231108616117616
2001-10-26,39.48481630167427
2001-10-29,38.66026823377689
2001-10-30,38.22295961974308
2001-10-31,38.3297835062592
2001-11-01,39.13764058065866
2001-11-02,39.13430161789437
2001-11-05,39.524876214198706
2001-11-06,39.93548076676525
2001-11-07,39.57494919469247
2001-11-08,39.85869990448069
2001-11-09,39.791935930489
2001-11-12,39.25781649790841
2001-11-13,39.61834806998119
2001-11-14,39.65840416218209
2001-11-15,39.828656880249135
2001-11-16,40.05231772125071
2001-11-19,40.25261346354931
2001-11-20,39.97554067928968
2001-11-21,39.87205193521432
2001-11-23,39.998905777992654
2001-11-26,40.386145231856226
2001-11-27,40.07234767751293
2001-11-28,39.37465345239388
2001-11-29,39.46144738264778
2001-11-30,39.61167014445262
2001-12-03,39.27450749140634
2001-12-04,39.83199584301343
2001-12-05,40.790071858894194
2001-12-06,40.916925701672525
2001-12-07,40.29935130160233
2001-12-10,39.52487621419871
2001-12-11,39.60499221892404
2001-12-12,39.76856701146251
2001-12-13,38.82718198907966
2001-12-14,39.05084283008124
2001-12-17,39.514863146229374
2001-12-18,39.621683212421964
2001-12-19,39.207743517414656
2001-12-20,39.017460843085395
2001-12-21,39.214417622619706
2001-12-24,39.06820307531223
2001-12-26,39.03479768267694
2001-12-27,39.5525889145283
2001-12-28,39.8666026637018
2001-12-31,39.8532412712481
2002-01-02,40.07372145024362
2002-01-03,40.43450580750823
2002-01-04,40.70175277159274
2002-01-07,40.160576235695814
2002-01-08,39.70291700438926
2002-01-09,39.28534195044379
2002-01-10,39.37887552062176
2002-01-11,39.15505786076442
2002-01-14,38.76420941472846
2002-01-15,38.73414532595712
2002-01-16,38.0526646117911
2002-01-17,38.6005199324138
2002-01-18,38.58381723609615
2002-01-22,38.13283678951538
2002-01-23,38.233056790423404
2002-01-24,38.44017175396309
2002-01-25,37.89231643334038
2002-01-28,38.246418182877086
2002-01-29,37.18410911126484
2002-01-30,37.5950015574824
2002-01-31,37.54823477239341
2002-02-01,37.464717467803034
2002-02-04,37.15738632635745
2002-02-05,36.41577361164661
2002-02-06,36.362324218829706
2002-02-07,36.766537880321486
2002-02-08,37.26094380812729
2002-02-11,37.71526173556988
2002-02-12,37.69856286225436
2002-02-13,37.74867095120731
2002-02-14,38.04932330792711
2002-02-15,37.8154817364779
2002-02-19,37.01374084422438
2002-02-20,37.18076780740086
2002-02-21,36.92688605877218
2002-02-22,37.19413302285669
2002-02-25,37.66181616575511
2002-02-26,37.44801859448751
2002-02-27,37.865589825430845
2002-02-28,37.999215218974165
2002-03-01,38.717438806637304
2002-03-04,40.04031605760827
2002-03-05,39.599355699617234
2002-03-06,40.0102481458348
2002-03-07,40.63159685945601
2002-03-08,40.69172886000082
2002-03-11,40.75520216440959
2002-03-12,40.287519021511166
2002-03-13,39.853241271248045
2002-03-14,40.24743102114796
2002-03-15,40.69507016386478
2002-03-18,40.648303378775786
2002-03-19,40.852077038451526
2002-03-20,40.327607021874385
2002-03-21,40.43116450364423
2002-03-22,40.073721450243575
2002-03-25,39.57931169943564
2002-03-26,39.829855967202505
2002-03-27,39.889987967747324
2002-03-28,40.12048823533257
2002-04-01,40.344309718192044
2002-04-02,40.18729902060316
2002-04-03,40.19398162833108
2002-04-04,40.137190931650224
2002-04-05,40.137190931650224
2002-04-08,39.67284909261576
2002-04-09,39.61272091507308
2002-04-10,40.130508323922314
2002-04-11,39.23857134235264
2002-04-12,39.63944369998047
2002-04-15,39.920052056518664
2002-04-16,40.668347378957414
2002-04-17,40.72179294877218
2002-04-18,40.85207703845155
2002-04-19,41.015766520766206
2002-04-22,40.72847555650009
2002-04-23,40.62157677086629
2002-04-24,40.42114059205238
2002-04-25,40.78860755704491
2002-04-26,40.4278231997803
2002-04-29,40.320924414146496
2002-04-30,40.731816860364056
2002-05-01,40.94561443163166
2002-05-02,40.8353743421339
2002-05-03,41.112645217810275
2002-05-06,40.68838755613689
2002-05-07,40.153893627967875
2002-05-08,41.03915182481177
2002-05-09,40.83871564599786
2002-05-10,40.5013165927788
2002-05-13,41.1026213062184
2002-05-14,41.149391914309525
2002-05-15,41.32310148521392
2002-05-16,41.53355775261757
2002-05-17,41.90436219847192
2002-05-20,41.69056462720432
2002-05-21,41.62709514579768
2002-05-22,41.7072711465241
2002-05-23,41.74735532388518
2002-05-24,41.473425752072764
2002-05-28,41.38991227048452
2002-05-29,41.34982427012132
2002-05-30,41.166094610627184
2002-05-31,40.94895573549562
2002-06-03,40.87212103863316
2002-06-04,40.638279467183956
2002-06-05,40.554765985595715
2002-06-06,40.15389362796789
2002-06-07,39.83653857493044
2002-06-10,39.9668226646098
2002-06-11,39.76972778965984
2002-06-12,39.549247610664324
2002-06-13,38.88446959281595
2002-06-14,38.43683045009913
2002-06-17,39.04481777126664
2002-06-18,39.13835516444675
2002-06-19,38.08272870056242
2002-06-20,37.90567782579407
2002-06-21,37.94910713002124
2002-06-24,37.95244461088306
2002-06-25,37.98251252265654
2002-06-26,37.98919130738232
2002-06-27,38.927898897043114
2002-06-28,39.602697003481225
2002-07-01,39.28534195044377
2002-07-02,38.567114539778494
2002-07-03,38.199651397788095
2002-07-05,39.682873004207636
2002-07-08,39.652805092434164
2002-07-09,39.1684192532181
2002-07-10,38.06936730810873
2002-07-11,37.915697914383806
2002-07-12,37.39790668253244
2002-07-15,36.96029145140749
2002-07-16,36.245405344606176
2002-07-17,37.16406511108323
2002-07-18,37.31105189708024
2002-07-19,35.99151977297536
2002-07-22,34.69203164905208
2002-07-23,33.70655345130017
2002-07-24,34.91250800504547
2002-07-25,34.54170355919111
2002-07-26,34.54170355919111
2002-07-29,36.19529725565323
2002-07-30,35.96479316506585
2002-07-31,35.82783029066071
2002-08-01,34.575108951826415
2002-08-02,34.44148738128523
2002-08-05,33.27227952403918
2002-08-06,34.00052702329419
2002-08-07,34.65862243341465
2002-08-08,35.44366445235266
2002-08-09,35.77772220170776
2002-08-12,35.376849844079935
2002-08-13,35.039450790860876
2002-08-14,35.861235683296
2002-08-15,36.14518534369815
2002-08-16,36.14518534369815
2002-08-19,36.79660196909284
2002-08-20,35.811127594343056
2002-08-21,36.71308466450247
2002-08-22,36.8199872731384
2002-08-23,36.36232421882972
2002-08-26,36.529355005008334
2002-08-27,36.85005136190974
2002-08-28,35.84453298697836
2002-08-29,35.49377254130561
2002-08-30,35.47706984498796
2002-09-03,34.09072311261035
2002-09-04,34.097405720338266
2002-09-05,33.8401788448435
2002-09-06,34.33458477264931
2002-09-09,34.180919201926514
2002-09-10,34.44148738128524
2002-09-11,34.76218373818665
2002-09-12,34.187601809654424
2002-09-13,33.34577291703769
2002-09-16,33.071843345225275
2002-09-17,32.90481255904666
2002-09-18,32.88810986272901
2002-09-19,32.3202105419247
2002-09-20,32.14315966715635
2002-09-23,31.000676506318747
2002-09-24,30.49958797078503
2002-09-25,31.267925381904316
2002-09-26,32.370318630877634
2002-09-27,32.3602985422879
2002-09-30,31.802419310073326
2002-10-01,32.580774898281284
2002-10-02,32.13313575556447
2002-10-03,31.77903400602776
2002-10-04,31.234519989269014
2002-10-07,30.466182578149727
2002-10-08,30.54635666737508
2002-10-09,30.065312132022967
2002-10-10,30.766836846370598
2002-10-11,31.885934703162636
2002-10-14,31.067489203090403
2002-10-15,33.23887413140388
2002-10-16,32.65426829127979
2002-10-17,33.12195143417821
2002-10-18,32.8547044700937
2002-10-21,33.322387612992124
2002-10-22,32.941559255545904
2002-10-23,32.63756559496215
2002-10-24,32.320210541924695
2002-10-25,32.87140716641135
2002-10-28,33.021735256272315
2002-10-29,32.28680514928939
2002-10-30,32.804596381140755
2002-10-31,33.021735256272315
2002-11-01,33.53618518425972
2002-11-04,33.9738042383868
2002-11-05,34.49159547023816
2002-11-06,34.50829816655581
2002-11-07,33.92369232643172
2002-11-08,33.63974266602956
2002-11-11,32.981647255909095
2002-11-12,33.58963457707661
2002-11-13,33.20546491576643
2002-11-14,33.94707763047727
2002-11-15,34.45818625460072
2002-11-18,34.02391232733973
2002-11-19,33.706553451300145
2002-11-20,34.17423659419856
2002-11-21,35.00938670208951
2002-11-22,34.842355915910886
2002-11-25,34.571767647962425
2002-11-26,33.763344147980995
2002-11-27,34.69871043377783
2002-11-29,34.87576130854619
2002-12-02,35.04947087945059
2002-12-03,34.42812216582938
2002-12-04,34.27111529124263
2002-12-05,33.88694562993245
2002-12-06,34.124128505245615
2002-12-09,33.24889421999359
2002-12-10,33.69987466657436
2002-12-11,33.6564453623472
2002-12-12,33.5896345770766
2002-12-13,33.27227952403915
2002-12-16,33.99050693470443
2002-12-17,33.82013484466186
2002-12-18,33.105248737860535
2002-12-19,33.2889822203568
2002-12-20,33.48941839917071
2002-12-23,33.550214003888215
2002-12-24,33.488937564800494
2002-12-26,33.60128289780745
2002-12-27,33.07359956471241
2002-12-30,33.567239565867695
2002-12-31,33.706818006022615
2003-01-02,34.41833455239042
2003-01-03,34.452377884330176
2003-01-06,34.87792732559634
2003-01-07,34.33322622254103
2003-01-08,33.86682322454331
2003-01-09,34.282157328621786
2003-01-10,34.23790255550394
2003-01-13,34.30939433177935
2003-01-14,34.571529546119315
2003-01-15,34.24130766789984
2003-01-16,34.384291220450656
2003-01-17,34.0234233306681
2003-01-21,33.42425211730726
2003-01-22,32.95444790292325
2003-01-23,33.18594489771935
2003-01-24,32.8352962411341
2003-01-27,31.9603674158449
2003-01-28,32.096542691608725
2003-01-29,32.018242638546326
2003-01-30,31.99781586018055
2003-01-31,32.25654791012942
2003-02-03,32.76380446485869
2003-02-04,32.29059319007398
2003-02-05,32.34506330037951
2003-02-06,32.0318591921203
2003-02-07,31.568863254523286
2003-02-10,31.677803475134347
2003-02-11,31.83100236487286
2003-02-12,31.493966365851982
2003-02-13,31.9569642514538
2003-02-14,32.259953022525316
2003-02-18,32.73316234930522
2003-02-19,31.967175692631884
2003-02-20,32.00121902457164
2003-02-21,32.205482912219786
2003-02-24,31.81397875089818
2003-02-25,31.422474589576574
2003-02-26,31.047992094224846
2003-02-27,31.09224881534749
2003-02-28,31.575673479315082
2003-03-03,31.711846807074107
2003-03-04,31.252255981872988
2003-03-05,31.303320979782622
2003-03-06,30.945860150400772
2003-03-07,30.721171432391657
2003-03-10,29.870076445868932
2003-03-11,29.771347666435954
2003-03-12,29.427505338632887
2003-03-13,30.26838888397753
2003-03-14,30.41818071331534
2003-03-17,31.276085924629857
2003-03-18,31.408856087997787
2003-03-19,31.575673479315082
2003-03-20,31.776530306562528
2003-03-21,32.54592207563176
2003-03-24,31.490561253456086
2003-03-25,31.841213806050945
2003-03-26,31.858235472020823
2003-03-27,31.643760143194598
2003-03-28,31.43949625554645
2003-03-31,30.843730154581507
2003-04-01,31.3237477581484
2003-04-02,31.841213806050945
2003-04-03,31.664184973555567
2003-04-04,32.089734414821734
2003-04-07,32.50507046690501
2003-04-08,32.5118767956872
2003-04-09,32.38932002150216
2003-04-10,32.222504578189664
2003-04-11,32.0386694169121
2003-04-14,32.525495297265984
2003-04-15,32.97146956889312
2003-04-16,32.753589127671
2003-04-17,33.2267984544509
2003-04-21,33.11104800904805
2003-04-22,33.59106756061974
2003-04-23,33.88725000290907
2003-04-24,33.6217057801636
2003-04-25,33.02593967919866
2003-04-28,33.611494338985516
2003-04-29,33.805542889445974
2003-04-30,33.97916855755026
2003-05-01,34.11874699770518
2003-05-02,34.41492943999451
2003-05-05,34.67706855034408
2003-05-06,35.40900797906806
2003-05-07,35.08218731723487
2003-05-08,34.55450788014944
2003-05-09,34.990268762593686
2003-05-12,35.26942953891314
2003-05-13,35.26602442651724
2003-05-14,35.276239763704936
2003-05-15,35.337516202792656
2003-05-16,35.773280981246515
2003-05-19,34.80643554932094
2003-05-20,35.15367909351029
2003-05-21,34.78940998734145
2003-05-22,35.25581298533917
2003-05-23,35.45667176059142
2003-05-27,35.763065644058834
2003-05-28,35.93328619976722
2003-05-29,36.103502859466
2003-05-30,36.17159341935511
2003-06-02,36.50862552236639
2003-06-03,36.59713896461167
2003-06-04,36.81842451822969
2003-06-05,37.18950384919033
2003-06-06,37.41419061919464
2003-06-09,37.14524518006289
2003-06-10,37.44483273474811
2003-06-11,38.06102561407884
2003-06-12,38.163159505907714
2003-06-13,37.94187395228969
2003-06-16,38.496786496523086
2003-06-17,38.57508849759029
2003-06-18,38.46614827697923
2003-06-19,38.00996061616921
2003-06-20,38.061025614078844
2003-06-23,37.638881285208576
2003-06-24,37.34269884291925
2003-06-25,36.97162340796822
2003-06-26,37.14184396367661
2003-06-27,36.862683187357156
2003-06-30,36.872894628535235
2003-07-01,37.09077506975736
2003-07-02,37.82271839449094
2003-07-03,37.618454506842795
2003-07-07,38.309544274844825
2003-07-08,38.129112277958356
2003-07-09,37.931658615102
2003-07-10,37.73761006464155
2003-07-11,37.655902951178454
2003-07-14,38.061025614078844
2003-07-15,37.7035667327018
2003-07-16,37.421000843986455
2003-07-17,36.83544618419959
2003-07-18,37.41419061919466
2003-07-21,37.12822351409302
2003-07-22,37.039710071847736
2003-07-23,37.58781628729895
2003-07-24,37.64909662239627
2003-07-25,38.12230594917617
2003-07-28,38.221030832599546
2003-07-29,38.06102561407885
2003-07-30,37.74442028943336
2003-07-31,37.43121618117415
2003-08-01,37.42440595638236
2003-08-04,37.53334617699342
2003-08-05,37.18269362439856
2003-08-06,37.12481840169713
2003-08-07,37.346103955315144
2003-08-08,37.461854400717996
2003-08-11,37.82271839449094
2003-08-12,37.982723613011636
2003-08-13,38.00996061616921
2003-08-14,38.55125660682862
2003-08-15,38.46274316458334
2003-08-18,38.99723282646057
2003-08-19,38.912120600601575
2003-08-20,38.84062882432617
2003-08-21,38.91212060060158
2003-08-22,38.68743383059727
2003-08-25,38.53082982846286
2003-08-26,38.32997105321062
2003-08-27,38.39806161309974
2003-08-28,38.62274838310405
2003-08-29,38.6636019398356
2003-09-02,39.24915659962246
2003-09-03,39.76321948313391
2003-09-04,39.71555570161056
2003-09-05,39.79385770267776
2003-09-08,39.97088458716834
2003-09-09,40.04918658823555
2003-09-10,39.64406392533516
2003-09-11,39.865349478953185
2003-09-12,40.035570034661575
2003-09-15,40.151316584054825
2003-09-16,40.54963291817303
2003-09-17,40.8151732449089
2003-09-18,41.244123902561356
2003-09-19,41.09092890883245
2003-09-22,40.62793102323064
2003-09-23,40.71984957787182
2003-09-24,40.52239591501547
2003-09-25,40.00152670272183
2003-09-26,39.83130614701345
2003-09-29,40.34196391812901
2003-09-30,39.83130614701345
2003-10-01,41.138588794346205
2003-10-02,41.07390724286259
2003-10-03,41.673078456223436
2003-10-06,42.108839338667686
2003-10-07,42.04415778718407
2003-10-08,41.87053211907978
2003-10-09,42.15990433657732
2003-10-10,42.3369351170775
2003-10-13,42.75567433355188
2003-10-14,42.98036110355619
2003-10-15,42.57183722426951
2003-10-16,42.82716610982729
2003-10-17,42.605880556209264
2003-10-20,43.06206821701929
2003-10-21,42.91567955207257
2003-10-22,42.4969403355982
2003-10-23,41.95904556132507
2003-10-24,42.04075267478817
2003-10-27,42.227994896466434
2003-10-28,42.725032217998404
2003-10-29,42.67396722008877
2003-10-30,42.72163100161211
2003-10-31,42.41863833453099
2003-11-03,42.633113663357214
2003-11-04,42.86801577054922
2003-11-05,42.622902222179135
2003-11-06,42.24842167483221
2003-11-07,42.639923888149006
2003-11-10,42.28586622315825
2003-11-11,42.12586100463756
2003-11-12,43.00419299431785
2003-11-13,43.24931043869754
2003-11-14,42.95653310880411
2003-11-17,42.21777955927874
2003-11-18,42.384595002591226
2003-11-19,42.486724998410494
2003-11-20,42.21437444688284
2003-11-21,42.67056210769287
2003-11-24,42.990576440743865
2003-11-25,43.05866310462338
2003-11-26,43.42293221079222
2003-11-28,43.49101887467173
2003-12-01,44.35232919838215
2003-12-02,44.457864306597315
2003-12-03,44.546381644852204
2003-12-04,44.64851164067147
2003-12-05,44.328497307620474
2003-12-08,44.69957663858111
2003-12-09,44.51233441690284
2003-12-10,44.19232397986144
2003-12-11,44.68255497261122
2003-12-12,44.828943637557934
2003-12-15,44.52935608287271
2003-12-16,45.09789030022372
2003-12-17,44.99197942226312
2003-12-18,45.66161314700015
2003-12-19,45.405375133930704
2003-12-22,45.70192800871498
2003-12-23,45.79872572950452
2003-12-24,45.90935056576222
2003-12-26,45.826383916697054
2003-12-29,46.59730000256983
2003-12-30,46.687182187497186
2003-12-31,47.28524943937745
2004-01-02,47.4131591590344
2004-01-05,48.325816036288494
2004-01-06,48.39841333781659
2004-01-07,47.91442869012512
2004-01-08,48.602378126932734
2004-01-09,48.29470008116487
2004-01-12,48.28087296569671
2004-01-13,48.00085310712137
2004-01-14,48.41569822121584
2004-01-15,48.12185124717235
2004-01-16,47.948998456923626
2004-01-20,48.46755287141361
2004-01-21,49.05524681950059
2004-01-22,49.08636277462421
2004-01-23,48.56089282427205
2004-01-26,48.716456774865314
2004-01-27,48.50212263821211
2004-01-28,47.879858923326616
2004-01-29,47.942082921061434
2004-01-30,47.817630969335575
2004-02-02,47.70700613307788
2004-02-03,47.79343055007414
2004-02-04,47.274876135584165
2004-02-05,47.47192934509434
2004-02-06,48.36729738269297
2004-02-09,48.67151766052974
2004-02-10,48.88239402925185
2004-02-11,49.43552216679654
2004-02-12,49.00339216930282
2004-02-13,48.94116421531178
2004-02-17,49.88493309143329
2004-02-18,49.193529842950795
2004-02-19,49.52194658379279
2004-02-20,48.916967752306554
2004-02-23,49.05524681950057
2004-02-24,48.8651131021088
2004-02-25,48.50212263821209
2004-02-26,48.51940752161135
2004-02-27,48.91696775230656
2004-03-01,49.57380123399055
2004-03-02,48.778684728856334
2004-03-03,48.674975428460826
2004-03-04,48.830539379054095
2004-03-05,49.40094844374183
2004-03-08,49.08290500669312
2004-03-09,48.744114962057836
2004-03-10,47.96282557239178
2004-03-11,47.18499395065681
2004-03-12,47.59983906475128
2004-03-15,46.79089544414891
2004-03-16,47.22302148538642
2004-03-17,48.20827566416862
2004-03-18,48.19099078076937
2004-03-19,47.56872706588388
2004-03-22,46.94991716267327
2004-03-23,47.3094498586389
2004-03-24,47.12276995292201
2004-03-25,48.01813799052064
2004-03-26,47.81071543347341
2004-03-29,48.50212263821212
2004-03-30,48.605835894863844
2004-03-31,48.95153751910509
2004-04-01,49.6014594211831
2004-04-02,49.7431962563082
2004-04-05,49.7431962563082
2004-04-06,49.591086117389814
2004-04-07,49.667141186849
2004-04-08,49.56343188645349
2004-04-12,49.884933091433304
2004-04-13,49.24538449314857
2004-04-14,48.73719942619566
2004-04-15,48.39841333781659
2004-04-16,48.91696775230657
2004-04-19,48.96882240250432
2004-04-20,48.29470008116487
2004-04-21,48.623116822006864
2004-04-22,48.96882240250432
2004-04-23,48.89968286890732
2004-04-26,48.885851797182944
2004-04-27,48.93425263570582
2004-04-28,48.03196510598878
2004-04-29,47.5168684594299
2004-04-30,47.29216101898342
2004-05-03,47.77614566667489
2004-05-04,48.38458226609222
2004-05-05,48.91696775230656
2004-05-06,47.87985892332661
2004-05-07,46.58347288710167
2004-05-10,45.39079615127224
2004-05-11,45.719212892114236
2004-05-12,46.01306382241394
2004-05-13,45.52907917472247
2004-05-14,45.491051639992875
2004-05-17,44.99323592057703
2004-05-18,45.47030898866253
2004-05-19,45.9197238695555
2004-05-20,45.97849009935922
2004-05-21,46.317280143994495
2004-05-24,46.61458488596907
2004-05-25,47.30944985863887
2004-05-26,47.2230214853864
2004-05-27,48.12185124717234
2004-05-28,47.83145808480373
2004-06-01,47.94554068899252
2004-06-02,48.08382371244275
2004-06-03,47.620581716081624
2004-06-04,48.190990780769354
2004-06-07,49.25575384068563
2004-06-08,48.97919175004139
2004-06-09,48.1391361305716
2004-06-10,48.70954519525933
2004-06-14,47.537611110760245
2004-06-15,48.381128454417336
2004-06-16,48.363839614761865
2004-06-17,48.67497542846082
2004-06-18,48.76139984545708
2004-06-21,48.588547055208345
2004-06-22,48.60928970653868
2004-06-23,48.91696775230655
2004-06-24,49.10710146969832
2004-06-25,48.92733709984362
2004-06-28,49.22809960974929
2004-06-29,49.12439030935378
2004-06-30,49.435522166796524
2004-07-01,48.813254495654824
2004-07-02,49.086362774624185
2004-07-06,48.2774151977656
2004-07-07,48.84782426245333
2004-07-08,48.536692405010584
2004-07-09,48.94807975117396
2004-07-12,49.089816586299065
2004-07-13,48.84782426245333
2004-07-14,48.57126217180909
2004-07-15,47.966283340322846
2004-07-16,48.35347026722478
2004-07-19,48.39149780195437
2004-07-20,48.415698221215806
2004-07-21,47.36475832051148
2004-07-22,47.62058171608159
2004-07-23,46.74249460562599
2004-07-26,46.74249460562599
2004-07-27,47.03288381173839
2004-07-28,47.09511176572942
2004-07-29,47.153881951789366
2004-07-30,47.326730785781876
2004-08-02,47.551438226228356
2004-08-03,47.24030636878562
2004-08-04,47.23339083292343
2004-08-05,46.531618236903874
2004-08-06,46.462474747050656
2004-08-09,46.4106200968529
2004-08-10,46.79089544414886
2004-08-11,46.635327537299375
2004-08-12,46.1167731228094
2004-08-13,46.39333521345364
2004-08-16,46.860034977745855
2004-08-17,46.89460474454435
2004-08-18,47.250679672578876
2004-08-19,47.14005483632118
2004-08-20,47.36130450883657
2004-08-23,46.97757139360951
2004-08-24,46.967202046072444
2004-08-25,47.46501380923208
2004-08-26,47.49958357603058
2004-08-27,47.62058171608156
2004-08-30,47.447728925832834
2004-08-31,47.89022827086362
2004-09-01,47.93171357352431
2004-09-02,48.43298310461504
2004-09-03,47.78997673839921
2004-09-07,48.457179567620265
2004-09-08,48.43298310461504
2004-09-09,48.27741519776556
2004-09-10,48.64040566166227
2004-09-13,48.81325449565479
2004-09-14,48.93425263570576
2004-09-15,48.23247608342999
2004-09-16,48.5505195204787
2004-09-17,48.709545195259274
2004-09-20,48.405324917422504
2004-09-21,49.16241388782713
2004-09-22,48.36383961476182
2004-09-23,48.232476083429994
2004-09-24,48.29470008116481
2004-09-27,48.05270775731908
2004-09-28,48.522865289542395
2004-09-29,48.70954519525928
2004-09-30,48.8823940292518
2004-10-01,49.642944723843726
2004-10-04,49.718995837046705
2004-10-05,49.746654024239234
2004-10-06,49.93333392995612
2004-10-07,49.59108611738976
2004-10-08,49.93679169788722
2004-10-11,50.05778588168199
2004-10-12,49.48737681699426
2004-10-13,49.1416712364968
2004-10-14,48.88239402925181
2004-10-15,49.43897597847139
2004-10-18,49.636029187981556
2004-10-19,49.53923146719202
2004-10-20,49.72936914083999
2004-10-21,50.019758346952386
2004-10-22,49.712084257440736
2004-10-25,49.66022565098677
2004-10-26,49.93679169788722
2004-10-27,50.4553461123772
2004-10-28,50.59362517957121
2004-10-29,50.59362517957121
2004-11-01,50.68005355282368
2004-11-02,51.07415205933159
2004-11-03,51.67913484707403
2004-11-04,52.40165405068015
2004-11-05,52.64710018620077
2004-11-08,52.28065591062917
2004-11-09,52.14928842304113
2004-11-10,52.04903689057671
2004-11-11,52.61598818733334
2004-11-12,53.238251902218835
2004-11-15,53.29010655241659
2004-11-16,52.84069562777983
2004-11-17,53.51481399286307
2004-11-18,53.393819809068304
2004-11-19,53.048118184827054
2004-11-22,53.20368213542032
2004-11-23,53.30739539207205
2004-11-24,53.54938375966157
2004-11-26,53.86051957336053
2004-11-29,54.03336840735304
2004-11-30,53.670381899712545
2004-12-01,54.60378142829699
2004-12-02,54.517353055044524
2004-12-03,54.842315984211645
2004-12-06,54.506983707507466
2004-12-07,54.20967896553288
2004-12-08,54.17165143080328
2004-12-09,53.94694399035679
2004-12-10,53.41802022832976
2004-12-13,54.223506081001034
2004-12-14,54.24079096440029
2004-12-15,54.5692116614985
2004-12-16,54.223506081001034
2004-12-17,54.06793817415156
2004-12-20,54.56229612563631
2004-12-21,54.946025284607146
2004-12-22,55.028995889928524
2004-12-23,55.38472121151392
2004-12-27,55.819937619980045
2004-12-28,56.191980109197466
2004-12-29,55.92172362504626
2004-12-30,55.92874473458637
2004-12-31,56.24462638078908
2005-01-03,55.8409969319473
2005-01-04,54.7705066763057
2005-01-05,54.7354091619113
2005-01-06,54.7354091619113
2005-01-07,54.489722544497404
2005-01-10,54.7354091619113
2005-01-11,54.63011260207503
2005-01-12,55.068839565311215
2005-01-13,54.59501508768063
2005-01-14,54.85825046229173
2005-01-18,54.900369086226235
2005-01-19,54.33177971306953
2005-01-20,53.97027290481531
2005-01-21,54.1843685459518
2005-01-24,54.27913344147792
2005-01-25,54.296682198675114
2005-01-26,54.95301535781783
2005-01-27,55.0337420509168
2005-01-28,54.91090075053638
2005-01-31,55.17413612514748
2005-02-01,55.518094176204485
2005-02-02,55.5953103145334
2005-02-03,55.29346687075784
2005-02-04,55.577761557336196
2005-02-07,55.22678239673908
2005-02-08,55.22678239673909
2005-02-09,55.08638832250841
2005-02-10,55.65848825043516
2005-02-11,56.044564925426684
2005-02-14,56.47978133389282
2005-02-15,56.858840915997284
2005-02-16,56.356940033512394
2005-02-17,56.47276022435271
2005-02-18,56.753548372814066
2005-02-22,56.62017540812349
2005-02-23,56.64825181297779
2005-02-24,56.735995598963804
2005-02-25,57.395839312876575
2005-02-28,57.262466348185995
2005-03-01,57.57835201104176
2005-03-02,57.14664615734568
2005-03-03,57.17472256219998
2005-03-04,58.17501778905277
2005-03-07,57.92933117163887
2005-03-08,58.08727400306675
2005-03-09,57.824038628455654
2005-03-10,58.013568419507884
2005-03-11,57.99952620042768
2005-03-14,57.8135069641455
2005-03-15,57.455506694008285
2005-03-16,57.5221951846801
2005-03-17,57.455506694008285
2005-03-18,57.33968650316797
2005-03-21,56.95009525675334
2005-03-22,56.29727265238067
2005-03-23,55.92172362504625
2005-03-24,55.91119196073609
2005-03-28,55.91119196073609
2005-03-29,55.332074939922286
2005-03-30,55.784840105585616
2005-03-31,55.760274255501365
2005-04-01,55.63040782892779
2005-04-04,55.647956586124984
2005-04-05,55.946289475130484
2005-04-06,56.104232306558366
2005-04-07,56.33237016677506
2005-04-08,56.332370166775064
2005-04-11,56.54295926979455
2005-04-12,56.68334932737218
2005-04-13,56.08668354936117
2005-04-14,55.34962369711948
2005-04-15,54.67223122600951
2005-04-18,54.47217378730017
2005-04-19,55.19519142046165
2005-04-20,54.48972254449737
2005-04-21,55.475979568923
2005-04-22,55.27942866833066
2005-04-25,55.57074446444912
2005-04-26,54.87580323614195
2005-04-27,54.728388052371166
2005-04-28,53.99133221678253
2005-04-29,54.858250462291686
2005-05-02,54.84070170509448
2005-05-03,54.96003646735791
2005-05-04,55.612859071730576
2005-05-05,55.69358576482954
2005-05-06,55.4514097021857
2005-05-09,55.57776155733617
2005-05-10,54.80560419070007
2005-05-11,55.05129080811397
2005-05-12,54.36687722746389
2005-05-13,54.05099558126118
2005-05-16,54.268605793820775
2005-05-17,54.26158468428067
2005-05-18,54.875803236141934
2005-05-19,54.91440728865334
2005-05-20,54.68276289031965
2005-05-23,55.13552805598299
2005-05-24,54.99162342698226
2005-05-25,54.84070170509448
2005-05-26,54.87580323614194
2005-05-27,55.10393707970558
2005-05-31,54.38443000131415
2005-06-01,54.714349849944014
2005-06-02,55.181153218034495
2005-06-03,54.665214133122454
2005-06-06,55.02672094137667
2005-06-07,55.30750908983802
2005-06-08,55.10393707970558
2005-06-09,55.32154729226517
2005-06-10,55.110958189245686
2005-06-13,54.92142839819345
2005-06-14,54.858250462291686
2005-06-15,55.18466377280455
2005-06-16,55.36366591619968
2005-06-17,56.19548664731443
2005-06-20,55.66901589809223
2005-06-21,56.090194104131214
2005-06-22,55.92172362504623
2005-06-23,55.289956315987766
2005-06-24,55.27942866833067
2005-06-27,55.15307681318019
2005-06-28,55.468958459382904
2005-06-29,55.23731004439615
2005-06-30,55.163604460837284
2005-07-01,55.08989887727842
2005-07-05,55.153076813180185
2005-07-06,55.00566564606246
2005-07-07,54.700311647516855
2005-07-08,55.43737149975854
2005-07-11,55.837486377177214
2005-07-12,56.416607414644076
2005-07-13,55.96384224898074
2005-07-14,56.12178106375557
2005-07-15,55.974369896637846
2005-07-18,55.816427065209965
2005-07-19,55.94278293701349
2005-07-20,56.321842519117965
2005-07-21,56.43766270995828
2005-07-22,56.38501643836667
2005-07-25,56.227077623591846
2005-07-26,56.058607144506865
2005-07-27,56.700898084569374
2005-07-28,57.090489330984
2005-07-29,56.81672229206275
2005-08-01,57.374784017562355
2005-08-02,57.785430559291186
2005-08-03,58.217136412987266
2005-08-04,57.74331193535668
2005-08-05,57.53272283233719
2005-08-08,57.66960635179782
2005-08-09,58.40666620403951
2005-08-10,58.80678108145818
2005-08-11,59.75443003671936
2005-08-12,59.38590211892505
2005-08-15,59.49119466210827
2005-08-16,58.8488997053927
2005-08-17,58.701488538274965
2005-08-18,58.06972524586955
2005-08-19,58.35401591579485
2005-08-22,58.99631087251042
2005-08-23,58.74360716220948
2005-08-24,58.12237151746116
2005-08-25,58.34348826813775
2005-08-26,58.15395847708551
2005-08-29,58.122371517461154
2005-08-30,57.95390103837617
2005-08-31,58.99631087251041
2005-09-01,59.70178376512774
2005-09-02,59.91237286814724
2005-09-06,60.64942870373587
2005-09-07,60.48095822465089
2005-09-08,60.01766541133046
2005-09-09,60.80737153516376
2005-09-12,60.33354705753317
2005-09-13,59.922900515804336
2005-09-14,59.96501913973885
2005-09-15,60.00713776367336
2005-09-16,60.681019680013286
2005-09-19,60.28090078594156
2005-09-20,60.05978403526497
2005-09-21,60.12295795451367
2005-09-22,60.05978403526497
2005-09-23,59.807076308310975
2005-09-26,60.45989891268364
2005-09-27,60.22825451434995
2005-09-28,60.849490159098266
2005-09-29,61.5760183470298
2005-09-30,61.17589945295808
2005-10-03,60.96531436659164
2005-10-04,60.56519547251992
2005-10-05,60.03872472329772
2005-10-06,59.75443003671936
2005-10-07,59.96501913973885
2005-10-10,59.670192788850336
2005-10-11,59.74390238906226
2005-10-12,59.34378349499053
2005-10-13,59.217431639840065
2005-10-14,59.77548934868662
2005-10-17,59.17531301590556
2005-10-18,58.490899435255486
2005-10-19,58.96472391288608
2005-10-20,57.61696008020623
2005-10-21,57.869663790507175
2005-10-24,58.77519412183385
2005-10-25,58.83837205773562
2005-10-26,58.73307549789935
2005-10-27,58.617251290405974
2005-10-28,59.12266674431397
2005-10-31,59.227959287497185
2005-11-01,59.73337072475213
2005-11-02,60.554663808209774
2005-11-03,60.523076848585426
2005-11-04,59.96501913973888
2005-11-07,60.31248774556594
2005-11-08,60.165076578448215
2005-11-09,60.1229579545137
2005-11-10,60.04925237095484
2005-11-11,60.3651380338106
2005-11-14,60.007137763673384
2005-11-15,59.68072445316052
2005-11-16,59.575431909977304
2005-11-17,60.596782432144295
2005-11-18,61.017960638183276
2005-11-21,61.10219386939924
2005-11-22,61.302255324761624
2005-11-23,61.59707765899707
2005-11-25,61.00742897387311
2005-11-28,61.16537180530099
2005-11-29,61.070606909774874
2005-11-30,60.59678243214429
2005-12-01,61.7339611784577
2005-12-02,61.96560557679139
2005-12-05,62.23937261571264
2005-12-06,62.42890240676488
2005-12-07,62.01825586503605
2005-12-08,62.0077242007259
2005-12-09,62.62895984547421
2005-12-12,63.41866596930751
2005-12-13,63.72401996785312
2005-12-14,63.69243300822876
2005-12-15,63.1027843231048
2005-12-16,63.59766811270264
2005-12-19,63.48184390520927
2005-12-20,63.492371552866366
2005-12-21,63.79772555141197
2005-12-22,64.16625346920628
2005-12-23,64.13466586691743
2005-12-27,63.54479934942629
2005-12-28,64.00596868465983
2005-12-29,64.02741889690438
2005-12-30,63.73784716841753
2006-01-03,65.87209214662887
2006-01-04,66.41906233084059
2006-01-05,66.08659017786465
2006-01-06,66.97675557556974
2006-01-09,67.00892884833172
2006-01-10,66.40833517911348
2006-01-11,66.97675557556973
2006-01-12,66.42978539135802
2006-01-13,66.68718384708289
2006-01-17,65.85064602559399
2006-01-18,64.9604806278889
2006-01-19,65.70049453988219
2006-01-20,64.70308626337369
2006-01-23,65.60397063038656
2006-01-24,65.9364427833625
2006-01-25,66.1616638751157
2006-01-26,66.94457821159808
2006-01-27,67.29850057681857
2006-01-30,67.35212406182511
2006-01-31,67.41647469855874
2006-02-01,67.62024557806743
2006-02-02,66.8587814538296
2006-02-03,66.6871838470829
2006-02-06,66.59065993758729
2006-02-07,66.09731732959176
2006-02-08,66.33326148186242
2006-02-09,66.46196275532968
2006-02-10,66.31181536082754
2006-02-13,65.850646025594
2006-02-14,66.57993687706984
2006-02-15,65.9793432078516
2006-02-16,66.61211014983182
2006-02-17,66.41906233084059
2006-02-21,66.42978539135802
2006-02-22,66.93385515108065
2006-02-23,67.10545275782734
2006-02-24,67.33067384958056
2006-02-27,67.56662209306089
2006-02-28,66.9445782115981
2006-03-01,67.63097272979451
2006-03-02,67.50227145632724
2006-03-03,67.22342687956748
2006-03-06,66.96602842384262
2006-03-07,66.15094081459827
2006-03-08,66.37616190635148
2006-03-09,66.30108820910041
2006-03-10,67.309223637336
2006-03-13,67.86691688206515
2006-03-14,68.58548467302356
2006-03-15,68.83215597702132
2006-03-16,69.05737706877453
2006-03-17,69.3898451305408
2006-03-20,69.52927355573517
2006-03-21,68.81070985598643
2006-03-22,69.4541998584841
2006-03-23,68.61765794578554
2006-03-24,69.1646240387876
2006-03-27,69.04664991704743
2006-03-28,68.38170970230522
2006-03-29,69.28259816052774
2006-03-30,70.11913598201664
2006-03-31,69.62579337402111
2006-04-03,70.38725749825895
2006-04-04,70.94495483419776
2006-04-05,71.18090307767808
2006-04-06,71.24524962320204
2006-04-07,70.43015792274802
2006-04-10,70.55885919621528
2006-04-11,70.08696270925464
2006-04-12,69.74376749576125
2006-04-13,69.92608816302538
2006-04-17,70.24783725548387
2006-04-18,71.68496465498136
2006-04-19,72.1783154453962
2006-04-20,71.8565663529377
2006-04-21,72.33918180920612
2006-04-24,72.4142555064572
2006-04-25,72.37136326438743
2006-04-26,72.82180544789387
2006-04-27,72.95049853894182
2006-04-28,72.96122569066891
2006-05-01,72.92905241790693
2006-05-02,74.04443890736523
2006-05-03,73.60471569316657
2006-05-04,74.17314018083248
2006-05-05,75.30997279132566
2006-05-08,75.24562624580169
2006-05-09,75.69606842930813
2006-05-10,75.4601201858278
2006-05-11,74.69865606158997
2006-05-12,73.73341696663381
2006-05-15,73.10065411586325
2006-05-16,72.99339896343088
2006-05-17,70.66610616622832
2006-05-18,70.4516122262022
2006-05-19,70.80552640900336
2006-05-22,69.25042488776573
2006-05-23,69.27187100880062
2006-05-24,69.22897876673085
2006-05-25,70.1620364065057
2006-05-26,70.73045271175229
2006-05-30,69.65796664678308
2006-05-31,70.1727635582328
2006-06-01,70.62320574173924
2006-06-02,71.30959616872599
2006-06-05,69.76522179921545
2006-06-06,68.91795682599945
2006-06-07,67.97416794328784
2006-06-08,66.47268581584707
2006-06-09,66.39761211859599
2006-06-12,65.82919581334939
2006-06-13,63.77002044117946
2006-06-14,64.69235911164654
2006-06-15,66.92313209056314
2006-06-16,66.38688905807854
2006-06-19,66.0544169051026
2006-06-20,66.4512356036025
2006-06-21,67.30922363733593
2006-06-22,66.95530536332511
2006-06-23,66.76225754433388
2006-06-26,67.28777751630105
2006-06-27,66.04369384458515
2006-06-28,66.79443081709587
2006-06-29,69.26115203949281
2006-06-30,70.1298631337437
2006-07-03,70.49451265069128
2006-07-05,69.15390506947975
2006-07-06,69.88319592095559
2006-07-07,69.56144682849708
2006-07-10,70.14059028547078
2006-07-11,70.33363810446201
2006-07-12,69.01447664428537
2006-07-13,67.8025703365411
2006-07-14,67.2234268795674
2006-07-17,66.27963799685577
2006-07-18,66.17239102684272
2006-07-19,67.8025703365411
2006-07-20,67.43792491080316
2006-07-21,67.43792491080316
2006-07-24,68.66055427906487
2006-07-25,68.63910815802998
2006-07-26,69.1217236142984
2006-07-27,69.55071967676994
2006-07-28,70.94495483419766
2006-07-31,70.69827943899024
2006-08-01,70.20493683099473
2006-08-02,70.97712810695965
2006-08-03,70.85915398521949
2006-08-04,70.91278156143568
2006-08-07,70.47305834723703
2006-08-08,70.22639113444893
2006-08-09,70.5695863479423
2006-08-10,70.73045271175224
2006-08-11,70.11913598201654
2006-08-14,70.35508422549687
2006-08-15,71.87801247397252
2006-08-16,72.53222962819729
2006-08-17,72.26410811195498
2006-08-18,72.56441108337859
2006-08-21,72.33918180920605
2006-08-22,72.13541502090705
2006-08-23,71.87801247397253
2006-08-24,71.67424568567351
2006-08-25,71.62061810945733
2006-08-28,71.92091289846161
2006-08-29,72.5000563554353
2006-08-30,72.5000563554353
2006-08-31,72.5000563554353
2006-09-01,73.03629938791993
2006-09-05,73.42239502590239
2006-09-06,72.18903441470393
2006-09-07,71.32032332045304
2006-09-08,71.34176944148793
2006-09-11,70.9127815614357
2006-09-12,71.72786507947039
2006-09-13,71.58844483669534
2006-09-14,71.6849646549813
2006-09-15,71.53481726047914
2006-09-18,71.83512023190276
2006-09-19,71.17017592595089
2006-09-20,71.86729350466474
2006-09-21,72.03888702020177
2006-09-22,71.68496465498129
2006-09-25,71.9852676264049
2006-09-26,72.15686114194195
2006-09-27,72.61803047717548
2006-09-28,72.82180544789381
2006-09-29,72.66093090166456
2006-10-02,72.86470587238288
2006-10-03,72.92905241790686
2006-10-04,73.62616999662072
2006-10-05,73.71197084559888
2006-10-06,73.05775369137412
2006-10-09,73.11137308517098
2006-10-10,73.19717393414916
2006-10-11,73.14354635793298
2006-10-12,73.926464785625
2006-10-13,74.05516605909226
2006-10-16,74.33400654464235
2006-10-17,73.87283720940881
2006-10-18,74.05516605909226
2006-10-19,74.61285521261175
2006-10-20,74.84880345609207
2006-10-23,74.91315000161605
2006-10-24,74.92387715334314
2006-10-25,75.44939303410065
2006-10-26,76.02853649107435
2006-10-27,75.50302061031684
2006-10-30,75.3421460640876
2006-10-31,75.38504648857669
2006-11-01,75.25634521510943
2006-11-02,75.53519388307885
2006-11-03,75.24562624580165
2006-11-06,76.36100455284063
2006-11-07,76.44680540181879
2006-11-08,76.468259705273
2006-11-09,76.08216406729053
2006-11-10,76.38245885629483
2006-11-13,75.89983521760709
2006-11-14,76.7363812215153
2006-11-15,76.71492691806111
2006-11-16,76.55405237183187
2006-11-17,76.32883128007866
2006-11-20,75.74968782310496
2006-11-21,76.12506449177964
2006-11-22,76.86507431256327
2006-11-24,76.45753255354592
2006-11-27,75.82476152035603
2006-11-28,76.50043297803501
2006-11-29,77.36914407228589
2006-11-30,77.70161213405217
2006-12-01,77.60509231576621
2006-12-04,78.10916207548884
2006-12-05,78.54887710726817
2006-12-06,78.37728359173114
2006-12-07,78.64540510797345
2006-12-08,78.45235728898221
2006-12-11,78.7740981990214
2006-12-12,79.0958472914799
2006-12-13,79.3961420804842
2006-12-14,79.71789117294269
2006-12-15,79.3961420804842
2006-12-18,79.27816795874404
2006-12-19,79.6320903239645
2006-12-20,79.49267008118946
2006-12-21,79.45298842408238
2006-12-22,79.26680691947395
2006-12-26,79.23395381728302
2006-12-27,80.21958865959033
2006-12-28,80.27434940011915
2006-12-29,80.18673555739942
2007-01-03,80.50432947077154
2007-01-04,80.27434940011916
2007-01-05,79.0696799510125
2007-01-08,79.17920143207013
2007-01-09,79.25586145562093
2007-01-10,78.65352673106761
2007-01-11,79.15729379373225
2007-01-12,80.05531479331981
2007-01-16,79.95675548674704
2007-01-17,80.00056240810692
2007-01-18,79.72677541609465
2007-01-19,80.701456439233
2007-01-22,80.29624868314113
2007-01-23,81.00809653343617
2007-01-24,81.53376287912279
2007-01-25,80.2086348404214
2007-01-26,80.36195488752298
2007-01-29,80.44956873024273
2007-01-30,80.99714271426724
2007-01-31,81.30378280847042
2007-02-01,81.98277755657453
2007-02-02,81.818503690304
2007-02-05,81.5556705174607
2007-02-06,82.19085834420495
2007-02-07,82.42083841485734
2007-02-08,82.09229068231626
2007-02-09,81.74184366675321
2007-02-12,81.42424975338109
2007-02-13,82.4646453362172
2007-02-14,83.58169258728819
2007-02-15,83.68026024917687
2007-02-16,83.64739879167003
2007-02-20,83.76786573658069
2007-02-21,83.34075869746684
2007-02-22,83.71311335136778
2007-02-23,83.97594652421108
2007-02-26,84.01975344557096
2007-02-27,80.63574187953522
2007-02-28,81.20522350189762
2007-03-01,80.3729087066919
2007-03-02,79.28871455781183
2007-03-05,77.64599260573831
2007-03-06,80.05531479331978
2007-03-07,80.07722243165767
2007-03-08,81.0190503526051
2007-03-09,81.1504627613688
2007-03-12,81.67613746237133
2007-03-13,79.72677541609464
2007-03-14,79.75962851828557
2007-03-15,80.12102935301756
2007-03-16,80.21958865959033
2007-03-19,81.45710285557199
2007-03-20,82.14705142284505
2007-03-21,83.8992865006603
2007-03-22,83.58169258728817
2007-03-23,83.77881955574964
2007-03-26,83.81167265794055
2007-03-27,83.43932635935552
2007-03-28,82.70557087072258
2007-03-29,83.42837254018657
2007-03-30,83.55979330426618
2007-04-02,83.77881955574962
2007-04-03,84.47971358687572
2007-04-04,84.83016060243877
2007-04-05,85.13680069664194
2007-04-09,85.07109449226009
2007-04-10,85.70628231900433
2007-04-11,85.29012074374351
2007-04-12,85.85960236610592
2007-04-13,86.14434317728713
2007-04-16,87.05330964072772
2007-04-17,87.06426345989667
2007-04-18,87.03141035770574
2007-04-19,86.70286262516467
2007-04-20,87.69945128664092
2007-04-23,86.84523720841324
2007-04-24,86.79047646788442
2007-04-25,87.60088362475223
2007-04-26,87.19568422397629
2007-04-27,87.00950271936786
2007-04-30,86.69191716131165
2007-05-01,86.60430331859192
2007-05-02,87.26139042835814
2007-05-03,87.38185737326882
2007-05-04,88.20321834930557
2007-05-07,88.3346391133852
2007-05-08,87.6118374439212
2007-05-09,88.09370522356386
2007-05-10,86.35241560960165
2007-05-11,87.80896441238266
2007-05-14,87.4804166798416
2007-05-15,87.63373672694318
2007-05-16,87.76515749102279
2007-05-17,87.31615116888698
2007-05-18,87.98418374250622
2007-05-21,87.57898434173026
2007-05-22,87.65564436528106
2007-05-23,88.10465068741689
2007-05-24,87.26139042835815
2007-05-25,87.81991823155161
2007-05-29,87.92943135729332
2007-05-30,88.30177765587835
2007-05-31,88.73983851416114
2007-06-01,89.32026560037657
2007-06-04,89.5611994901979
2007-06-05,89.10123934889313
2007-06-06,87.8199182315516
2007-06-07,86.31956250741072
2007-06-08,87.26139042835815
2007-06-11,87.55707670339238
2007-06-12,86.0019685940386
2007-06-13,87.1190242004255
2007-06-14,87.76515749102278
2007-06-15,88.47700534131782
2007-06-18,88.96981858481351
2007-06-19,89.05743242753326
2007-06-20,88.00609138084411
2007-06-21,88.80554471854298
2007-06-22,87.57898434173028
2007-06-25,87.55707670339238
2007-06-26,87.11902420042551
2007-06-27,87.74325820800081
2007-06-28,87.80896441238265
2007-06-29,88.45509770297993
2007-07-02,89.73642717563737
2007-07-03,90.16353421475121
2007-07-05,89.71451953729948
2007-07-06,90.36066118321267
2007-07-09,90.57968743469611
2007-07-10,89.47358564747815
2007-07-11,90.3168542618528
2007-07-12,91.57627609617235
2007-07-13,91.51056153647458
2007-07-16,91.30248910416009
2007-07-17,90.995840654641
2007-07-18,90.67825509658479
2007-07-19,91.19296762310246
2007-07-20,90.25114805747094
2007-07-23,90.79872204149545
2007-07-24,89.42978708143418
2007-07-25,89.18885319161286
2007-07-26,86.22100320083794
2007-07-27,85.02728757090024
2007-07-30,86.53858875889415
2007-07-31,86.42907563315244
2007-08-01,86.57145021640099
2007-08-02,86.8342833892443
2007-08-03,85.26822146072158
2007-08-06,86.19909556250005
2007-08-07,86.49479019285019
2007-08-08,87.89657825510238
2007-08-09,85.38868840563224
2007-08-10,83.92118578368228
2007-08-13,84.08545964995281
2007-08-14,83.275052493085
2007-08-15,81.3256904468083
2007-08-16,80.97524343124525
2007-08-17,81.71994438373122
2007-08-20,81.98277755657452
2007-08-21,81.9280168160457
2007-08-22,83.86643339846937
2007-08-23,84.23877969705438
2007-08-24,85.70628231900434
2007-08-27,84.79730750024784
2007-08-28,83.08887934379247
2007-08-29,84.9944344687093
2007-08-30,84.40305356332492
2007-08-31,85.8815016491279
2007-09-04,86.67000952297374
2007-09-05,85.41058768865419
2007-09-06,85.72818160202631
2007-09-07,84.68779437450611
2007-09-10,84.33734735894306
2007-09-11,85.79388780640816
2007-09-12,85.88150164912791
2007-09-13,86.24290248385991
2007-09-14,85.73913542119527
2007-09-17,84.53447432740454
2007-09-18,87.2832897113801
2007-09-19,88.07179758522595
2007-09-20,87.99513756167515
2007-09-21,88.37843767942913
2007-09-24,88.57556464789059
2007-09-25,88.68508612894823
2007-09-26,89.1231386319151
2007-09-27,90.30590044268385
2007-09-28,90.44826667061649
2007-10-01,91.60912919836326
2007-10-02,91.37914912771087
2007-10-03,90.96298755245007
2007-10-04,91.28058146582221
2007-10-05,92.2114555676007
2007-10-08,91.35724148937301
2007-10-09,92.37572943387123
2007-10-10,92.20051010374766
2007-10-11,92.62761714286151
2007-10-12,93.03281654363745
2007-10-15,92.27717012729846
2007-10-16,90.85347442670837
2007-10-17,91.81720163067777
2007-10-18,92.03623623747713
2007-10-19,90.01021416764964
2007-10-22,89.900692686592
2007-10-23,91.1710683400805
2007-10-24,90.97394137161903
2007-10-25,91.39009459156394
2007-10-26,93.0437703628064
2007-10-29,93.72276511091053
2007-10-30,92.97806415842457
2007-10-31,94.29223837795702
2007-11-01,92.3100232294894
2007-11-02,92.82474411132299
2007-11-05,91.34629602551999
2007-11-06,92.72617644943429
2007-11-07,91.11630759955169
2007-11-08,91.28058146582222
2007-11-09,89.506447104985
2007-11-12,88.03894448303504
2007-11-13,90.40446810457256
2007-11-14,90.262093521324
2007-11-15,88.77269161635206
2007-11-16,89.05743242753326
2007-11-19,86.7028626251647
2007-11-20,88.64127920758837
2007-11-21,86.63715642078284
2007-11-23,88.81649853771192
2007-11-26,87.42566429462867
2007-11-27,88.60842610539743
2007-11-28,91.12726141872061
2007-11-29,90.38256046623464
2007-11-30,90.87538206504624
2007-12-03,90.53588051333622
2007-12-04,89.96640724628975
2007-12-05,91.00679447380995
2007-12-06,91.87196237120658
2007-12-07,91.51056153647458
2007-12-10,92.452389457422
2007-12-11,90.04306726984053
2007-12-12,91.8500630881846
2007-12-13,89.9773610654587
2007-12-14,87.54613123953933
2007-12-17,85.68437468066645
2007-12-18,86.75762336569349
2007-12-19,86.04577551539845
2007-12-20,86.6590557038048
2007-12-21,87.89657825510237
2007-12-24,88.24702527066542
2007-12-26,88.49409135402728
2007-12-27,87.95503730233109
2007-12-28,88.70745959767966
2007-12-31,88.15718150072047
2008-01-02,87.84273687388665
2008-01-03,87.98872657406707
2008-01-04,85.98974981664624
2008-01-07,86.07959358659119
2008-01-08,85.59669403310397
2008-01-09,86.21435067353512
2008-01-10,86.12451547156367
2008-01-11,84.40629406924067
2008-01-14,85.75391634652088
2008-01-15,82.96881945404202
2008-01-16,81.29551993669149
2008-01-17,80.0714307010922
2008-01-18,80.53186502810644
2008-01-22,78.28582218732376
2008-01-23,77.82538786030952
2008-01-24,80.55433025457941
2008-01-25,79.3863869492156
2008-01-28,80.27357489948159
2008-01-29,80.7564744529688
2008-01-30,80.38587532792603
2008-01-31,81.23936543848254
2008-02-01,82.59822889697273
2008-02-04,81.75596283167923
2008-02-05,78.00506683222594
2008-02-06,77.93768828875396
2008-02-07,77.54463250521168
2008-02-08,76.74727975691715
2008-02-11,77.15156815369592
2008-02-12,78.81364362578344
2008-02-13,79.35269767747963
2008-02-14,78.99332259769986
2008-02-15,79.28531056603418
2008-02-19,80.06019808785572
2008-02-20,79.64467707784048
2008-02-21,79.49868737766006
2008-02-22,80.50940836960696
2008-02-25,81.78965210341521
2008-02-26,83.0025172937515
2008-02-27,83.27204003561285
2008-02-28,82.47469585529181
2008-02-29,80.40833198642554
2008-03-03,80.6441654565509
2008-03-04,79.4200762209516
2008-03-05,80.37464271468956
2008-03-06,79.22916463579871
2008-03-07,78.29705480056026
2008-03-10,77.903999017018
2008-03-11,80.36341010145307
2008-03-12,80.36341010145307
2008-03-13,80.49817575637049
2008-03-14,78.55534492918513
2008-03-17,77.36494496532183
2008-03-18,79.73452084778545
2008-03-19,76.84835614009863
2008-03-20,78.00506683222595
2008-03-24,79.4313088341881
2008-03-25,80.58801952631543
2008-03-26,80.58801952631543
2008-03-27,80.52063241486998
2008-03-28,80.45325387139802
2008-03-31,80.74524183973234
2008-04-01,83.29449669411235
2008-04-02,83.47418423400224
2008-04-03,83.7212503173641
2008-04-04,84.00200567246193
2008-04-07,84.51859449768514
2008-04-08,83.63140654741916
2008-04-09,82.94636279554257
2008-04-10,82.68806409894422
2008-04-11,81.57627529178937
2008-04-14,81.75596283167926
2008-04-15,82.32869758713792
2008-04-16,84.9228828944639
2008-04-17,83.97954044598896
2008-04-18,84.57474042792062
2008-04-21,85.23732752129771
2008-04-22,84.35013957103173
2008-04-23,84.78811723954648
2008-04-24,84.23783914258729
2008-04-25,84.93410693972689
2008-04-28,85.42823910645059
2008-04-29,84.67581681110202
2008-04-30,85.13625113811626
2008-05-01,85.65283996333947
2008-05-02,85.88868200143831
2008-05-05,86.03467170161873
2008-05-06,86.67479356852286
2008-05-07,85.15871636458924
2008-05-08,85.89990604670132
2008-05-09,85.21486229482473
2008-05-12,86.06836097335473
2008-05-13,85.7763730050204
2008-05-14,85.7763730050204
2008-05-15,87.23630427871855
2008-05-16,88.17963815922
2008-05-19,87.82027164741372
2008-05-20,87.01170342182968
2008-05-21,86.02343908838228
2008-05-22,87.02292746709269
2008-05-23,86.03467170161876
2008-05-27,85.86621677496537
2008-05-28,85.85498416172888
2008-05-29,85.66407257657599
2008-05-30,86.1469721300632
2008-06-02,85.24856013453422
2008-06-03,85.06887259464433
2008-06-04,84.57474042792063
2008-06-05,85.97851720340981
2008-06-06,83.50787350573825
2008-06-09,83.39557307729382
2008-06-10,81.98056368856814
2008-06-11,80.93615342488525
2008-06-12,80.65539806978741
2008-06-13,81.39659631987297
2008-06-16,81.81210876191473
2008-06-17,82.05917484527659
2008-06-18,81.38536370663648
2008-06-19,81.22814139321957
2008-06-20,79.45376549268761
2008-06-23,79.44253287945112
2008-06-24,79.08316636764482
2008-06-25,79.91195651861258
2008-06-26,77.88699019264743
2008-06-27,78.0929197112554
2008-06-30,78.56197605849715
2008-07-01,77.71538080573812
2008-07-02,76.47980369409022
2008-07-03,76.97174594807507
2008-07-07,76.3081943071809
2008-07-08,76.70861911944131
2008-07-09,75.71329165810008
2008-07-10,76.36540034562269
2008-07-11,75.16414336567345
2008-07-14,75.00397693213569
2008-07-15,73.80272868060246
2008-07-16,75.16414336567344
2008-07-17,76.3081943071809
2008-07-18,76.80013656116574
2008-07-21,77.24631573008037
2008-07-22,77.50945128713012
2008-07-23,77.79546402250698
2008-07-24,76.37684329899422
2008-07-25,76.53700973253198
2008-07-28,75.25566953581388
2008-07-29,75.99930439347692
2008-07-30,76.7086191194413
2008-07-31,75.9535413084067
2008-08-01,74.8209333202708
2008-08-04,74.11161859430642
2008-08-05,75.98786144010538
2008-08-06,76.01074734684848
2008-08-07,74.48915749982372
2008-08-08,74.79804741352768
2008-08-11,74.72940715013036
2008-08-12,74.19170181107529
2008-08-13,73.02477369124072
2008-08-14,72.73876095586387
2008-08-15,72.25825729104257
2008-08-18,71.89216133889683
2008-08-19,71.07988621783645
2008-08-20,71.50318384421597
2008-08-21,71.78919657959283
2008-08-22,72.1209724000399
2008-08-25,70.988360047696
2008-08-26,71.3430174106782
2008-08-27,72.01800764073592
2008-08-28,72.94468611026383
2008-08-29,72.7273180024923
2008-09-02,71.60614860351996
2008-09-03,71.30869727897954
2008-09-04,68.25407899576648
2008-09-05,68.00238639208828
2008-09-08,69.52397623911304
2008-09-09,67.27019448779679
2008-09-10,67.9223031753194
2008-09-11,67.77357969515319
2008-09-12,69.10067861273352
2008-09-15,66.160468042196
2008-09-16,65.66852578821116
2008-09-17,63.16305143321671
2008-09-18,66.0346217403569
2008-09-19,70.71379026569072
2008-09-22,68.29984208083671
2008-09-23,67.33883911540214
2008-09-24,67.53332568063857
2008-09-25,69.08923565936199
2008-09-26,68.3570437550705
2008-09-29,60.726226070035615
2008-09-30,64.41006713402818
2008-10-01,63.92956783341489
2008-10-02,61.13808074304358
2008-10-03,60.897831092736936
2008-10-06,57.45423967905101
2008-10-07,54.76571734798368
2008-10-08,53.54158318970734
2008-10-09,50.33824142632807
2008-10-10,48.46199858052912
2008-10-13,56.161460893169334
2008-10-14,55.00597136249832
2008-10-15,49.13698881058683
2008-10-16,52.03143629605413
2008-10-17,50.921705486245344
2008-10-20,54.170810334694835
2008-10-21,51.11619641568977
2008-10-22,47.38658790241898
2008-10-23,48.42767844883044
2008-10-24,45.29297694884849
2008-10-27,42.91334889569314
2008-10-28,48.82809453267484
2008-10-29,48.94249788114239
2008-10-30,50.65857429340357
2008-10-31,50.99035011385065
2008-11-03,51.196279632458634
2008-11-04,54.70851567374988
2008-11-05,51.7339849715137
2008-11-06,48.39335395292377
2008-11-07,51.12763500485331
2008-11-10,50.36112296886316
2008-11-11,48.70224823083574
2008-11-12,46.08237052737375
2008-11-13,50.006465605880955
2008-11-14,47.13489966294876
2008-11-17,46.27686145681817
2008-11-18,46.35694467358705
2008-11-19,43.25656766951177
2008-11-20,40.876939616356424
2008-11-21,43.782830055195284
2008-11-24,46.40270775865728
2008-11-25,47.249303011416316
2008-11-26,47.76412680793627
2008-11-28,47.74124526540116
2008-12-01,43.84003172942906
2008-12-02,46.2196597825844
2008-12-03,46.83744397420035
2008-12-04,45.39594170815247
2008-12-05,45.9679671789062
2008-12-08,48.153104302617116
2008-12-09,47.70692513370249
2008-12-10,48.96537942367749
2008-12-11,48.74801131590595
2008-12-12,49.22851061651924
2008-12-15,49.35435691835834
2008-12-16,52.19160272959187
2008-12-17,51.92847153675012
2008-12-18,50.33824142632805
2008-12-19,49.60604952203656
2008-12-22,49.26283511242592
2008-12-23,48.89788216381176
2008-12-24,49.546761171799524
2008-12-26,49.77850556900518
2008-12-29,49.79009521995167
2008-12-30,51.284837520606885
2008-12-31,51.98007071222387
2009-01-02,52.65212460194788
2009-01-05,51.806261309280444
2009-01-06,52.36244521047999
2009-01-07,51.45864692355031
2009-01-08,52.223400340219285
2009-01-09,50.415799346203215
2009-01-12,49.19914678606941
2009-01-13,48.295348499139735
2009-01-14,46.31394252233696
2009-01-15,46.7310815532758
2009-01-16,47.00917129379721
2009-01-20,43.56777870870848
2009-01-21,45.699819206718445
2009-01-22,44.63380116779183
2009-01-23,44.3209468945877
2009-01-26,45.18998506899138
2009-01-27,46.07060847418482
2009-01-28,47.426310324736065
2009-01-29,45.27109494498986
2009-01-30,44.842370683261265
2009-02-02,44.402056770586185
2009-02-03,45.67664432498222
2009-02-04,45.44490434793329
2009-02-05,46.09378335592106
2009-02-06,47.159805815004404
2009-02-09,47.14821616405792
2009-02-10,44.807606150578536
2009-02-11,45.2942698267261
2009-02-12,45.155224956465396
2009-02-13,44.66856128031783
2009-02-17,42.29319115431245
2009-02-18,42.25843104178646
2009-02-19,42.2004916273675
2009-02-20,41.58637273190572
2009-02-23,39.998930904305546
2009-02-24,41.66748260790419
2009-02-25,40.5203546929791
2009-02-26,40.18432553803872
2009-02-27,40.18432553803872
2009-03-02,37.87847563708532
2009-03-03,37.72784553603486
2009-03-04,39.40798247042326
2009-03-05,37.82054064282309
2009-03-06,37.75102041777111
2009-03-09,36.731347722160244
2009-03-10,39.199417375110585
2009-03-11,39.41957212136976
2009-03-12,40.311785177509684
2009-03-13,40.57828968724134
2009-03-16,41.018603599916425
2009-03-17,42.09621128978953
2009-03-18,43.301274198976856
2009-03-19,43.27809931724062
2009-03-20,42.67557007272532
2009-03-23,45.74616897019096
2009-03-24,44.30936166379797
2009-03-25,44.99300520446847
2009-03-26,45.59553444898376
2009-03-27,44.135552260854546
2009-03-30,42.45541090630942
2009-03-31,43.55619347791876
2009-04-01,44.6917361620541
2009-04-02,46.707906671539604
2009-04-03,46.97441118127126
2009-04-06,46.00108824913286
2009-04-07,45.03935054778423
2009-04-08,45.491249691249074
2009-04-09,46.70790667153961
2009-04-13,47.1713910457942
2009-04-14,46.719491902329366
2009-04-15,47.33361079779115
2009-04-16,47.634879840205535
2009-04-17,47.47266008820859
2009-04-20,45.52601422393181
2009-04-21,46.56885738112219
2009-04-22,46.19806811365583
2009-04-23,47.356785679527405
2009-04-24,48.086778983670385
2009-04-27,47.519005431524356
2009-04-28,47.06710628805952
2009-04-29,48.272173617403574
2009-04-30,48.57343823966122
2009-05-01,49.14121179180725
2009-05-04,51.18055276287226
2009-05-05,50.67071862514519
2009-05-06,51.898960836225484
2009-05-07,51.02992266182181
2009-05-08,53.24307303583025
2009-05-11,51.88737118527901
2009-05-12,52.44355508647856
2009-05-13,50.65913339435545
2009-05-14,51.15738230129276
2009-05-15,50.693893506881444
2009-05-18,52.62894972021175
2009-05-19,53.10402816556956
2009-05-20,53.451642551299685
2009-05-21,53.04608875115059
2009-05-22,53.347357793564974
2009-05-26,54.41337583249159
2009-05-27,53.35894302435472
2009-05-28,53.90354169476452
2009-05-29,54.981149384637625
2009-06-01,56.336846815032146
2009-06-02,56.823510491179704
2009-06-03,55.13178390584482
2009-06-04,55.479398291574945
2009-06-05,54.79575475090445
2009-06-08,54.67988034222326
2009-06-09,55.351938652104
2009-06-10,55.456223409838714
2009-06-11,56.40637146024087
2009-06-12,56.11669206877297
2009-06-15,54.100521559287465
2009-06-16,53.47481743303592
2009-06-17,53.62544753408638
2009-06-18,53.53275242729816
2009-06-19,54.37861571996561
2009-06-22,52.62894972021176
2009-06-23,53.306803209178284
2009-06-24,53.35412050873235
2009-06-25,54.47798873277107
2009-06-26,54.371516911275684
2009-06-29,54.83289330013687
2009-06-30,54.194066884021
2009-07-01,55.09315875553813
2009-07-02,53.50791414263823
2009-07-06,53.57889686125396
2009-07-07,52.277574097104136
2009-07-08,52.06463045411337
2009-07-09,52.70346138308566
2009-07-10,52.088291360318614
2009-07-13,52.99921594136657
2009-07-14,53.28314230297307
2009-07-15,55.10499146506897
2009-07-16,55.5900287601354
2009-07-17,55.38891331381904
2009-07-20,56.46545972544727
2009-07-21,56.82036429281307
2009-07-22,56.96232973004452
2009-07-23,57.92057161064655
2009-07-24,58.27547617801235
2009-07-27,58.334630699953664
2009-07-28,58.086193441226825
2009-07-29,57.612988855691235
2009-07-30,58.73685707972995
2009-07-31,59.63594895124707
2009-08-03,61.02008263068704
2009-08-04,60.925439005866075
2009-08-05,60.67700625999566
2009-08-06,60.298440786424614
2009-08-07,60.2392862644833
2009-08-10,59.87255350044309
2009-08-11,59.5294771297517
2009-08-12,60.20379716160364
2009-08-13,61.126549939326004
2009-08-14,60.60602354137992
2009-08-17,58.654046164439805
2009-08-18,59.67143805412672
2009-08-19,60.18013625539838
2009-08-20,60.606023541379905
2009-08-21,61.93100269887855
2009-08-24,61.91917450220414
2009-08-25,62.53434452497119
2009-08-26,62.274079069569936
2009-08-27,62.74728816796195
2009-08-28,62.782777270841606
2009-08-31,62.32140088198042
2009-09-01,60.77164537196018
2009-09-02,60.70066716620087
2009-09-03,61.17387175173646
2009-09-04,62.10845723898965
2009-09-08,63.33879728452374
2009-09-09,64.11958913787107
2009-09-10,64.68743734822763
2009-09-11,64.6046264329375
2009-09-14,64.73475916063812
2009-09-15,64.74658735731254
2009-09-16,66.02424921525711
2009-09-17,65.5983619292756
2009-09-18,65.77581195653029
2009-09-21,65.0778310184731
2009-09-22,65.97692740284664
2009-09-23,65.40907919249008
2009-09-24,64.45083279903164
2009-09-25,64.17873914695598
2009-09-28,65.05417462512428
2009-09-29,64.6637764420224
2009-09-30,64.68743734822763
2009-10-01,62.99572091383236
2009-10-02,62.29773997577517
2009-10-05,63.196831847292295
2009-10-06,64.26155006224612
2009-10-07,64.49815461144212
2009-10-08,65.4327400986953
2009-10-09,65.2671137552586
2009-10-12,65.65751193836047
2009-10-13,65.51555101398543
2009-10-14,67.0889629173545
2009-10-15,67.39655018516623
2009-10-16,66.37915378262291
2009-10-19,67.4438674847203
2009-10-20,67.0889629173545
2009-10-21,66.86419107768931
2009-10-22,67.51485020333601
2009-10-23,66.4501319883822
2009-10-26,65.44456829536969
2009-10-27,64.9240418974236
2009-10-28,63.36245819072895
2009-10-29,65.23162465237891
2009-10-30,63.05487092291721
2009-11-02,63.67004094568426
2009-11-03,63.421608199813846
2009-11-04,64.06043912878614
2009-11-05,64.88854828168753
2009-11-06,65.07783101847306
2009-11-09,66.89968018056896
2009-11-10,66.54477561320317
2009-11-11,66.7458865466631
2009-11-12,65.77581195653026
2009-11-13,66.69856924710905
2009-11-16,67.76328294920644
2009-11-17,67.31373926987608
2009-11-18,67.10079562688531
2009-11-19,65.83496647847156
2009-11-20,65.46822920157493
2009-11-23,66.63941923802413
2009-11-24,66.36732107309206
2009-11-25,67.25458474793477
2009-11-27,65.31443556766908
2009-11-30,65.52737921065984
2009-12-01,67.32556746655051
2009-12-02,67.43203928804589
2009-12-03,67.27824565414002
2009-12-04,67.04164110494402
2009-12-07,66.67490834090381
2009-12-08,65.51555101398544
2009-12-09,65.4327400986953
2009-12-10,65.63385103215523
2009-12-11,65.61019012594998
2009-12-14,66.24902105492227
2009-12-15,65.51555101398542
2009-12-16,66.28451015780192
2009-12-17,64.72292645110727
2009-12-18,64.87672008501313
2009-12-21,65.06600282179865
2009-12-22,65.47532532531686
2009-12-23,66.07218336676429
2009-12-24,66.33480236217412
2009-12-28,66.62129622568169
2009-12-29,66.72873085528884
2009-12-30,66.4541721489974
2009-12-31,65.98862360525489
2010-01-04,67.71951283618553
2010-01-05,67.77919772959719
2010-01-06,68.06569159310476
2010-01-07,67.80307259769494
2010-01-08,68.34024574573071
2010-01-11,68.90129376186425
2010-01-12,68.08956646120251
2010-01-13,68.66254963455219
2010-01-14,69.18778307170635
2010-01-15,68.10150161841865
2010-01-19,68.76998426415935
2010-01-20,67.01522016513096
2010-01-21,65.58275995492403
2010-01-22,64.30548411051977
2010-01-25,65.09333654308377
2010-01-26,64.72328747173226
2010-01-27,64.651662867439
2010-01-28,63.5653814141513
2010-01-29,62.6462194838824
2010-02-01,63.792185830581744
2010-02-02,64.85459696943717
2010-02-03,64.17417461281485
2010-02-04,61.55993803059468
2010-02-05,61.452503400987524
2010-02-08,60.234912449994916
2010-02-09,62.13292120394436
2010-02-10,61.73899726449511
2010-02-11,62.31198043784479
2010-02-12,61.77480728980901
2010-02-16,63.14758260660429
2010-02-17,63.23114236811369
2010-02-18,63.589256282249046
2010-02-19,63.19532778913431
2010-02-22,63.31470212962308
2010-02-23,62.419415067451936
2010-02-24,62.813339006901195
2010-02-25,62.43135022466808
2010-02-26,62.813339006901195
2010-03-01,63.302762418741466
2010-03-02,63.7802506733656
2010-03-03,64.54422823783183
2010-03-04,64.37710871481302
2010-03-05,65.63050969111953
2010-03-08,65.63050969111953
2010-03-09,65.47532532531686
2010-03-10,65.74988403160829
2010-03-11,66.00056331613649
2010-03-12,66.44223699178126
2010-03-15,65.97668844803874
2010-03-16,66.81229061679825
2010-03-17,67.17040453093361
2010-03-18,66.77647603781888
2010-03-19,66.09605823486206
2010-03-22,66.28705262597862
2010-03-23,66.75260116972113
2010-03-24,65.65438455921729
2010-03-25,65.6185745339034
2010-03-26,66.26317775788085
2010-03-29,66.8242257740144
2010-03-30,66.8242257740144
2010-03-31,66.8242257740144
2010-04-01,68.00600669969312
2010-04-05,68.0776267503209
2010-04-06,67.88663235920434
2010-04-07,67.40914865824568
2010-04-08,67.33752405395242
2010-04-09,68.22087595890743
2010-04-12,68.43574521812174
2010-04-13,68.37605577104462
2010-04-14,69.28328254409737
2010-04-15,69.23553280790186
2010-04-16,67.7075776789694
2010-04-19,67.52851844506898
2010-04-20,67.946317252616
2010-04-21,67.50464357697123
2010-04-22,66.89585037830766
2010-04-23,67.39720894736406
2010-04-26,67.46883355165733
2010-04-27,64.75909749704613
2010-04-28,64.77103265426226
2010-04-29,65.77375434604056
2010-04-30,64.95009188816267
2010-05-03,65.41564043190519
2010-05-04,62.82527871778277
2010-05-05,61.61962292400629
2010-05-06,58.874076844081216
2010-05-07,58.742767346376304
2010-05-10,62.550724565156806
2010-05-11,61.53606316249689
2010-05-12,62.22842067633534
2010-05-13,61.4166933756736
2010-05-14,59.673868987526824
2010-05-17,59.75742874903622
2010-05-18,58.468213193750344
2010-05-19,58.6950176101808
2010-05-20,56.65376420131031
2010-05-21,58.03847467532173
2010-05-24,56.70151393750582
2010-05-25,56.486644678291505
2010-05-26,55.65104250953201
2010-05-27,58.81439195066958
2010-05-28,57.68036076118637
2010-06-01,57.1073775878367
2010-06-02,58.63533271676917
2010-06-03,58.45627803653423
2010-06-04,55.961411241137355
2010-06-07,55.257118570082774
2010-06-08,56.140465921372304
2010-06-09,55.937536373039606
2010-06-10,58.30109367073157
2010-06-11,58.384653432240974
2010-06-14,58.75470705725795
2010-06-15,60.61690123222803
2010-06-16,60.33041192238593
2010-06-17,60.52140631350249
2010-06-18,60.41397168389533
2010-06-21,60.40203197301372
2010-06-22,59.63805440854749
2010-06-23,60.03078845699285
2010-06-24,58.98635158881235
2010-06-25,59.32639907787593
2010-06-28,58.889197148851146
2010-06-29,56.87319271706071
2010-06-30,56.484561058817164
2010-07-01,57.31039464608549
2010-07-02,57.188950437934096
2010-07-06,58.33054174607581
2010-07-07,60.152232665144254
2010-07-08,60.73517320331021
2010-07-09,60.79589994018549
2010-07-12,60.56514945877842
2010-07-13,61.68245563152952
2010-07-14,61.9010589124417
2010-07-15,62.20467406561978
2010-07-16,60.212959402019536
2010-07-19,60.60158642746351
2010-07-20,61.01450322109767
2010-07-21,59.90934424884146
2010-07-22,61.925348680631885
2010-07-23,62.65402319513943
2010-07-26,63.091229756963784
2010-07-27,63.27339606919088
2010-07-28,62.94549578062219
2010-07-29,63.23696373330538
2010-07-30,63.0426502205834
2010-08-02,65.16795629282991
2010-08-03,65.07080185286871
2010-08-04,65.1315239569444
2010-08-05,65.08294442056402
2010-08-06,65.27725793328601
2010-08-09,65.3501272378566
2010-08-10,64.82790880376635
2010-08-11,61.8767691442515
2010-08-12,61.803899839680916
2010-08-13,61.58529655876874
2010-08-16,62.083225224668794
2010-08-17,62.77546740329084
2010-08-18,62.75117763510064
2010-08-19,61.74317773560521
2010-08-20,61.09951509336355
2010-08-23,60.978066252412574
2010-08-24,60.14009009744894
2010-08-25,60.200812201524634
2010-08-26,60.17652243333443
2010-08-27,61.35455071016123
2010-08-30,60.4679950188172
2010-08-31,60.650161331044295
2010-09-01,62.81190437197589
2010-09-02,63.16409442873478
2010-09-03,63.74703959970031
2010-09-07,62.8604792755567
2010-09-08,63.346265373761454
2010-09-09,63.9413531124223
2010-09-10,64.13566662514428
2010-09-13,65.30154770147618
2010-09-14,65.73875426330054
2010-09-15,65.76304403149074
2010-09-16,65.44728167781777
2010-09-17,65.13152395694439
2010-09-20,66.2609726973908
2010-09-21,66.2488254968959
2010-09-22,66.1516710569347
2010-09-23,65.43513911012246
2010-09-24,67.25683002919091
2010-09-27,66.91677790732776
2010-09-28,67.30540493277172
2010-09-29,67.19610792511521
2010-09-30,66.69817462641558
2010-10-01,67.366131669647
2010-10-04,66.3945594732375
2010-10-05,68.27697712918123
2010-10-06,68.8477704668523
2010-10-07,68.61702461824481
2010-10-08,69.06637374776447
2010-10-11,68.98136187549858
2010-10-12,68.83562789915699
2010-10-13,69.61288195004494
2010-10-14,70.09866804824968
2010-10-15,69.8679175668426
2010-10-18,70.02579874367909
2010-10-19,68.48343320959852
2010-10-20,69.77076312688139
2010-10-21,69.39427866913273
2010-10-22,69.5764496141594
2010-10-25,69.84362779865239
2010-10-26,69.39427866913272
2010-10-27,68.72632625870087
2010-10-28,69.26068726048643
2010-10-29,69.23639749229623
2010-11-01,68.98136187549855
2010-11-02,70.12295781643984
2010-11-03,70.608739281845
2010-11-04,72.21182692000126
2010-11-05,71.89606919912788
2010-11-08,71.45886263730353
2010-11-09,70.74233069049129
2010-11-10,70.94878677090858
2010-11-11,70.34155646455243
2010-11-12,69.75861592638647
2010-11-15,69.71004102280565
2010-11-16,68.0705164159643
2010-11-17,68.44700087371297
2010-11-18,70.15939015232533
2010-11-19,70.15939015232533
2010-11-22,69.40642586962758
2010-11-23,67.31755213326656
2010-11-24,68.38627876963726
2010-11-26,67.24468282869597
2010-11-29,66.64959972283471
2010-11-30,65.89663080733739
2010-12-01,67.76690126278622
2010-12-02,69.05423118006911
2010-12-03,69.72218359050096
2010-12-06,69.40642586962758
2010-12-07,69.44285820551309
2010-12-08,69.64931428593039
2010-12-09,69.83148523095706
2010-12-10,69.98936640779354
2010-12-13,70.74233069049127
2010-12-14,70.85163233094737
2010-12-15,69.91649710322295
2010-12-16,70.30512412866692
2010-12-17,69.91649710322295
2010-12-20,70.07437828005943
2010-12-21,70.65488878512805
2010-12-22,70.78972710873985
2010-12-23,70.7529547208607
2010-12-27,70.60585581726171
2010-12-28,70.66714936511521
2010-12-29,71.28004743532075
2010-12-30,70.93682133629764
2010-12-31,71.36585279106623
2011-01-03,71.95423437733861
2011-01-04,71.73359069798131
2011-01-05,71.42714166287855
2011-01-06,70.60585581726171
2011-01-07,70.32392326609211
2011-01-10,70.20134552246748
2011-01-11,70.6794052690612
2011-01-12,72.23616692850823
2011-01-13,72.43229412393235
2011-01-14,72.87358148264694
2011-01-18,73.35164122924067
2011-01-19,72.84906499871377
2011-01-20,72.22390634852106
2011-01-21,72.61616541541049
2011-01-24,73.38841361711982
2011-01-25,73.24131938956202
2011-01-26,73.70712323220977
2011-01-27,73.87873394370072
2011-01-28,72.23616692850824
2011-01-31,72.86132090265977
2011-02-01,74.58969327359775
2011-02-02,74.52840440178542
2011-02-03,74.54066498177261
2011-02-04,74.51614849783944
2011-02-07,74.74904808114272
2011-02-08,75.23936840772362
2011-02-09,75.01872472836634
2011-02-10,74.52840440178542
2011-02-11,74.56518146570576
2011-02-14,74.71227569326355
2011-02-15,74.49163201390627
2011-02-16,75.38646263528142
2011-02-17,75.64387870251785
2011-02-18,75.9012947697543
2011-02-22,73.73163971614292
2011-02-23,73.8297009758344
2011-02-24,73.89098984764671
2011-02-25,74.77356456507586
2011-02-28,75.44775150709371
2011-03-01,74.39356607817359
2011-03-02,74.78582046902184
2011-03-03,75.74194463825049
2011-03-04,75.05549711624546
2011-03-07,74.33227720636128
2011-03-08,74.56518146570575
2011-03-09,74.58969327359773
2011-03-10,72.73874315903511
2011-03-11,72.73874315903511
2011-03-14,71.43939756682454
2011-03-15,69.94392945523103
2011-03-16,67.77426972557848
2011-03-17,70.0297348109765
2011-03-18,70.99811020810996
2011-03-21,72.7509990629811
2011-03-22,72.54261596361098
2011-03-23,72.62842131935646
2011-03-24,73.5968013925311
2011-03-25,72.78777612690143
2011-03-28,72.7509990629811
2011-03-29,73.13099754988336
2011-03-30,74.00131168732534
2011-03-31,73.64583436039743
2011-04-01,74.34453778634845
2011-04-04,74.44259904603993
2011-04-05,74.25873243060299
2011-04-06,74.87163050080852
2011-04-07,74.50388791785225
2011-04-08,75.1167859880578
2011-04-11,74.9696917605
2011-04-12,74.27098833454899
2011-04-13,74.49163201390628
2011-04-14,74.82259753294221
2011-04-15,74.71227569326356
2011-04-18,73.18003051774973
2011-04-19,73.71937913615578
2011-04-20,75.59484573465156
2011-04-21,76.08516606123246
2011-04-25,76.08516606123246
2011-04-26,76.67354764750483
2011-04-27,77.62967181673348
2011-04-28,78.15675985515234
2011-04-29,77.78902194823726
2011-05-02,78.29159817876416
2011-05-03,77.65418362462546
2011-05-04,76.99225726259478
2011-05-05,75.47226799102691
2011-05-06,75.50904037890606
2011-05-09,76.0483936733533
2011-05-10,76.7716135832375
2011-05-11,75.22710782773648
2011-05-12,75.47226799102692
2011-05-13,74.29550481848217
2011-05-16,74.16066649487037
2011-05-17,74.32002130241534
2011-05-18,74.77356456507592
2011-05-19,75.20259134380332
2011-05-20,74.13615001093721
2011-05-23,72.42003821998641
2011-05-24,72.83680441872663
2011-05-25,73.30260826137437
2011-05-26,73.9890557833794
2011-05-27,74.52840440178545
2011-05-31,76.07291015728649
2011-06-01,74.27098833454902
2011-06-02,74.65098682145127
2011-06-03,74.68775920933042
2011-06-06,73.71937913615578
2011-06-07,74.39356607817363
2011-06-08,73.43744658498618
2011-06-09,74.19743888274952
2011-06-10,72.48132709179872
2011-06-13,72.59164893147737
2011-06-14,73.87873394370077
2011-06-15,71.45165814681177
2011-06-16,71.20649798352132
2011-06-17,71.90520140947234
2011-06-20,71.81939605372686
2011-06-21,73.37615771317388
2011-06-22,72.67868083152986
2011-06-23,72.05375667912733
2011-06-24,71.36633629725023
2011-06-27,71.95376652620232
2011-06-28,72.81616014011233
2011-06-29,74.09100598314862
2011-06-30,75.1658762881278
2011-07-01,75.99077597858742
2011-07-05,75.54082982601075
2011-07-06,75.06589090299573
2011-07-07,75.7158125936295
2011-07-08,74.77842636502572
2011-07-11,72.51619921692317
2011-07-12,72.02875914089607
2011-07-13,73.10362944587526
2011-07-14,72.46620414046066
2011-07-15,72.71617475498024
2011-07-18,71.64130445000104
2011-07-19,72.71617475498024
2011-07-20,73.57856836889027
2011-07-21,75.14087874989656
2011-07-22,75.21587136459031
2011-07-25,74.74092767378238
2011-07-26,75.19087382635905
2011-07-27,73.366096445614
2011-07-28,73.19111844578816
2011-07-29,73.37859283083317
2011-08-01,72.45370775524148
2011-08-02,70.5414366067906
2011-08-03,70.95388883591686
2011-08-04,66.00449069315923
2011-08-05,67.16684999805135
2011-08-08,62.154955625819134
2011-08-09,66.34195030759174
2011-08-10,62.37992870210747
2011-08-11,65.36706538774463
2011-08-12,66.1169772313034
2011-08-15,67.65429007407843
2011-08-16,66.66690876901215
2011-08-17,67.05436345990715
2011-08-18,63.792258621519146
2011-08-19,62.704887163527864
2011-08-22,63.10484300743495
2011-08-23,65.15459346446833
2011-08-24,65.17959100269958
2011-08-25,63.604779468681215
2011-08-26,64.60465715896666
2011-08-29,66.1419700017417
2011-08-30,65.7545200786396
2011-08-31,66.95437330698213
2011-09-01,66.12947361652253
2011-09-02,64.65465223542915
2011-09-06,62.529909163702015
2011-09-07,64.39218523569039
2011-09-08,63.11733939265411
2011-09-09,60.930104859245304
2011-09-12,60.66763785950654
2011-09-13,61.31755955014031
2011-09-14,62.242444625732006
2011-09-15,63.59228308346204
2011-09-16,63.6172806216933
2011-09-19,61.86749108784909
2011-09-20,62.11746170236868
2011-09-21,60.267686783392385
2011-09-22,58.31792171149109
2011-09-23,58.98033978734403
2011-09-26,60.192694168698644
2011-09-27,61.68001193501118
2011-09-28,60.630139168263234
2011-09-29,61.817496011386595
2011-09-30,59.71775047789071
2011-10-03,58.142943711665254
2011-10-04,59.117823863719444
2011-10-05,60.030212554091975
2011-10-06,61.64251801156077
2011-10-07,61.217569397215335
2011-10-10,63.55478439221873
2011-10-11,63.44229785407456
2011-10-12,64.36718769745916
2011-10-13,64.3921852356904
2011-10-14,65.14209231145625
2011-10-17,63.642273392131635
2011-10-18,64.55466685029707
2011-10-19,63.39230754540496
2011-10-20,63.55478439221872
2011-10-21,65.09210200278667
2011-10-24,66.06698215484087
2011-10-25,64.92962038818001
2011-10-26,65.81701154032129
2011-10-27,69.45406991659222
2011-10-28,69.05411884047804
2011-10-31,65.46705554066962
2011-11-01,63.41730508363623
2011-11-02,63.95473546833291
2011-11-03,65.5670409258017
2011-11-04,64.7421412353421
2011-11-07,65.01710938809295
2011-11-08,65.80451515510214
2011-11-09,62.429923778569965
2011-11-10,63.16733446911665
2011-11-11,64.74214123534212
2011-11-14,63.592283083462085
2011-11-15,63.41730508363624
2011-11-16,62.20495070228163
2011-11-17,61.530031473416614
2011-11-18,61.742508164485784
2011-11-21,60.18019778347949
2011-11-22,60.00521501586075
2011-11-23,58.35541563494154
2011-11-25,58.05545471175236
2011-11-28,60.53015378313118
2011-11-29,60.93010485924536
2011-11-30,64.04222923603878
2011-12-01,63.4922929305371
2011-12-02,63.47979654531793
2011-12-05,64.20470608285254
2011-12-06,63.90474515966336
2011-12-07,64.35469131224005
2011-12-08,62.24244462573208
2011-12-09,63.7922586215192
2011-12-12,61.92998254953082
2011-12-13,61.092586473852045
2011-12-14,60.36767216852452
2011-12-15,60.66763785950661
2011-12-16,60.41766724498702
2011-12-19,59.855234554266175
2011-12-20,61.941234235661526
2011-12-21,61.612496683707064
2011-12-22,62.168815464409
2011-12-23,62.598699693232454
2011-12-27,62.32054271446598
2011-12-28,61.195258803972855
2011-12-29,62.32054271446598
2011-12-30,62.623987568241944
2012-01-03,64.33088295761549
2012-01-04,63.951574478811025
2012-01-05,63.00330087021539
2012-01-06,62.14353241256849
2012-01-09,62.38375999040522
2012-01-10,63.33203359900085
2012-01-11,63.12973542209387
2012-01-12,63.395250874940096
2012-01-13,62.71249271919068
2012-01-17,63.458468150879334
2012-01-18,64.52053478543321
2012-01-19,65.31708596714087
2012-01-20,65.65846504501559
2012-01-23,65.91133897194156
2012-01-24,65.54467201905736
2012-01-25,66.22743017480677
2012-01-26,66.25271804981627
2012-01-27,66.3665110757745
2012-01-30,65.5826014199871
2012-01-31,65.9239804978618
2012-02-01,66.96075925740618
2012-02-02,67.09984015837391
2012-02-03,68.14926526700754
2012-02-06,67.82052771505309
2012-02-07,68.23777041795628
2012-02-08,68.47799799579302
2012-02-09,68.6550082976905
2012-02-10,67.3527140852999
2012-02-13,68.12397739199805
2012-02-14,67.61822953814612
2012-02-15,67.69409316317461
2012-02-16,68.62972042268102
2012-02-17,68.93317009962598
2012-02-21,68.94581162554624
2012-02-22,68.74351344863926
2012-02-23,69.31247857843044
2012-02-24,69.72972128133364
2012-02-27,69.37569585436968
2012-02-28,70.02052460918935
2012-02-29,69.11018040152346
2012-03-01,69.89408523414188
2012-03-02,69.2492613024912
2012-03-05,68.882594349607
2012-03-06,66.68260227863975
2012-03-07,67.50443651218791
2012-03-08,68.9584579746355
2012-03-09,68.73087192271902
2012-03-12,68.55386162082154
2012-03-13,69.66649918222542
2012-03-14,69.04696312558424
2012-03-15,69.70443340632417
2012-03-16,70.18488856199762
2012-03-19,70.55155551488183
2012-03-20,69.71707493224442
2012-03-21,69.26190282841148
2012-03-22,68.78144767273803
2012-03-23,69.26190282841148
2012-03-26,70.14695916106787
2012-03-27,69.70443340632417
2012-03-28,69.22397342748172
2012-03-29,68.78144767273801
2012-03-30,69.4009837293792
2012-04-02,70.2101764370071
2012-04-03,68.98374584964499
2012-04-04,67.44121923624867
2012-04-05,67.03662288243471
2012-04-09,66.745819554579
2012-04-10,65.31708596714093
2012-04-11,66.22743017480681
2012-04-12,67.44121923624867
2012-04-13,66.15156654977832
2012-04-16,66.63202652862077
2012-04-17,67.69409316317464
2012-04-18,67.3400677362107
2012-04-19,66.93547138239674
2012-04-20,67.58030013721641
2012-04-23,66.22743017480681
2012-04-24,66.75846108049926
2012-04-25,67.66880528816515
2012-04-26,68.0734016419791
2012-04-27,68.35156344391457
2012-04-30,67.95960861602087
2012-05-01,68.23777041795634
2012-05-02,67.70673468909492
2012-05-03,67.11248650746322
2012-05-04,66.08834927383909
2012-05-07,66.56880925268153
2012-05-08,65.5446720190574
2012-05-09,64.78605506144848
2012-05-10,65.08949991522445
2012-05-11,64.6849035614105
2012-05-14,63.44582662495913
2012-05-15,62.649275443251476
2012-05-16,62.029739386610295
2012-05-17,61.27111760583239
2012-05-18,60.82859185108869
2012-05-21,62.16881546440904
2012-05-22,61.94123423566156
2012-05-23,61.43548638180963
2012-05-24,61.030890027995675
2012-05-25,60.81594550199946
2012-05-29,61.58720880869761
2012-05-30,60.133192169419026
2012-05-31,60.386061273176004
2012-06-01,58.85618100886893
2012-06-04,59.34928251363162
2012-06-05,59.77916674245507
2012-06-06,61.44812790772988
2012-06-07,61.53663305867862
2012-06-08,61.33433488177164
2012-06-11,60.74008670013995
2012-06-12,61.75157758467483
2012-06-13,61.25847607991213
2012-06-14,61.71364818374507
2012-06-15,62.586058167312224
2012-06-18,62.40904786541474
2012-06-19,63.445826624959125
2012-06-20,63.81249357784333
2012-06-21,62.180195519419215
2012-06-22,62.710986094537986
2012-06-25,61.312808090697686
2012-06-26,61.71413453862195
2012-06-27,62.296710764618524
2012-06-28,62.426174891813034
2012-06-29,64.67879638093115
2012-07-02,65.1060205928458
2012-07-03,65.70154076228609
2012-07-05,64.61406678660963
2012-07-06,64.00559773517415
2012-07-09,63.86319460308742
2012-07-10,63.43597039117277
2012-07-11,63.630164112688796
2012-07-12,62.995802235814416
2012-07-13,63.88908248997485
2012-07-16,63.87613854653114
2012-07-17,64.05738338605197
2012-07-18,64.56228113573184
2012-07-19,65.15780624372361
2012-07-20,63.6301641126888
2012-07-23,62.32260359005743
2012-07-24,61.64940494430044
2012-07-25,61.97305785445949
2012-07-26,63.86319460308744
2012-07-27,65.20958695604995
2012-07-30,65.13191341828473
2012-07-31,64.73058203180896
2012-08-01,64.74352597525267
2012-08-02,63.837301777648534
2012-08-03,66.01224972900144
2012-08-06,66.47830577124722
2012-08-07,67.0349891718049
2012-08-08,66.99615240292229
2012-08-09,67.0349891718049
2012-08-10,67.15150441700422
2012-08-13,66.82785150684518
2012-08-14,66.98320845947859
2012-08-15,66.78901473796256
2012-08-16,67.61756539780149
2012-08-17,67.7081878175619
2012-08-20,67.63051427979669
2012-08-21,68.01889678427725
2012-08-22,67.94121830796054
2012-08-23,67.55283580347998
2012-08-24,67.44926450172437
2012-08-27,67.48810620915847
2012-08-28,67.42337661483697
2012-08-29,67.21623401132575
2012-08-30,66.2193873939612
2012-08-31,66.80195868140629
2012-09-04,66.46536182780353
2012-09-05,66.2841169882827
2012-09-06,67.92827436451684
2012-09-07,68.9510138073203
2012-09-10,68.4072792887578
2012-09-11,69.18404429771891
2012-09-12,69.63716133507246
2012-09-13,70.69874248531
2012-09-14,71.39783395650589
2012-09-17,71.02239539546905
2012-09-18,70.72463531074891
2012-09-19,71.02239539546905
2012-09-20,70.5692783581155
2012-09-21,70.6081200655496
2012-09-24,70.36214069315578
2012-09-25,69.8701918254711
2012-09-26,69.17110035427521
2012-09-27,69.99965101411414
2012-09-28,68.61441695371755
2012-10-01,69.17110035427523
2012-10-02,69.44296761355648
2012-10-03,69.15815147228004
2012-10-04,69.99965101411415
2012-10-05,70.09027343387457
2012-10-08,69.67599810395511
2012-10-09,68.66620260459536
2012-10-10,68.47200888307934
2012-10-11,68.9121770384377
2012-10-12,68.834498562121
2012-10-15,69.507697207878
2012-10-16,70.65990571642745
2012-10-17,71.32015548018924
2012-10-18,71.048288220908
2012-10-19,70.09027343387459
2012-10-22,70.58222724011075
2012-10-23,69.06752905251965
2012-10-24,69.10637075995375
2012-10-25,69.5206460898732
2012-10-26,69.41707478811759
2012-10-31,69.36529407579127
2012-11-01,70.180895853635
2012-11-02,69.507697207878
2012-11-05,69.33940125035237
2012-11-06,69.99965101411416
2012-11-07,68.95101380732032
2012-11-08,68.32960081244113
2012-11-09,68.35549363788003
2012-11-12,68.30370798700223
2012-11-13,67.96711113339947
2012-11-14,67.25507571875987
2012-11-15,67.4751573271633
2012-11-16,67.4363205582807
2012-11-19,68.899233094994
2012-11-20,69.00279945819813
2012-11-21,69.11931470339744
2012-11-23,70.60812006554964
2012-11-26,70.43981916947253
2012-11-27,70.09027343387459
2012-11-28,70.59517118355446
2012-11-29,71.20364023498993
2012-11-30,71.29426265475036
2012-12-03,71.38488507451076
2012-12-04,71.56612991403159
2012-12-05,71.6697012157872
2012-12-06,71.81210928642541
2012-12-07,71.83800211186431
2012-12-10,71.91567564962953
2012-12-11,72.329950979549
2012-12-12,72.56298146994763
2012-12-13,72.3428998615442
2012-12-14,72.60182317738173
2012-12-17,72.89958326210187
2012-12-18,73.65045465545585
2012-12-19,73.91218435413074
2012-12-20,74.40947028240517
2012-12-21,73.9514420617044
2012-12-24,73.75514853175731
2012-12-26,73.74205930118025
2012-12-27,74.08230940708124
2012-12-28,73.29712031105656
2012-12-31,74.40947028240517
2013-01-02,75.56107796132743
2013-01-03,74.82823580345348
2013-01-04,75.20774361692813
2013-01-07,74.88058274160421
2013-01-08,74.46181722055589
2013-01-09,74.84132004195176
2013-01-10,75.79662919884817
2013-01-11,75.95367001330037
2013-01-14,76.04527465902476
2013-01-15,75.92749654422498
2013-01-16,75.5610779613274
2013-01-17,76.1761370123228
2013-01-18,76.09762159717549
2013-01-22,76.13687930474914
2013-01-23,76.05835889752305
2013-01-24,76.42478247249942
2013-01-25,77.24922428401898
2013-01-28,76.8697214626231
2013-01-29,77.39317586789412
2013-01-30,77.47169627512021
2013-01-31,77.18379310736995
2013-02-01,77.79885715044412
2013-02-04,76.39860900342404
2013-02-05,76.75194334782333
2013-02-06,76.73885411724625
2013-02-07,76.11070583567377
2013-02-08,76.59490253337111
2013-02-11,76.51638711822379
2013-02-12,76.89588993961966
2013-02-13,77.07910422314724
2013-02-14,76.66033870209893
2013-02-15,76.46404018007306
2013-02-19,77.36700239881871
2013-02-20,76.60799176394819
2013-02-21,75.45638408502593
2013-02-22,76.54256058729916
2013-02-25,74.71045768865369
2013-02-26,75.3124325011508
2013-02-27,76.26774165804719
2013-02-28,76.18922624289986
2013-03-01,76.03218542844765
2013-03-04,76.35934630377157
2013-03-05,77.11836193072088
2013-03-06,77.31466045274675
2013-03-07,77.53712745176921
2013-03-08,77.7072525047197
2013-03-11,77.94280873431923
2013-03-12,77.55021169026749
2013-03-13,77.43243357546771
2013-03-14,78.19144920241702
2013-03-15,78.34848502479043
2013-03-18,77.48478051361843
2013-03-19,77.2492242840189
2013-03-20,77.72033674321794
2013-03-21,77.01366805441937
2013-03-22,77.68107903564429
2013-03-25,76.71268064817082
2013-03-26,77.19688233794695
2013-03-27,76.81737452447229
2013-03-28,77.18379310736987
2013-04-01,76.14996354324737
2013-04-02,76.96132610834741
2013-04-03,76.58181829487275
2013-04-04,77.26231351459596
2013-04-05,76.90897917019667
2013-04-08,77.20996657644523
2013-04-09,77.4847805136184
2013-04-10,78.63638819254066
2013-04-11,79.25145223561483
2013-04-12,79.05515371358898
2013-04-15,77.49786974419548
2013-04-16,78.59713048496701
2013-04-17,76.96132610834741
2013-04-18,76.72576987874788
2013-04-19,77.34082892974328
2013-04-22,77.6679898050672
2013-04-23,78.76725054583872
2013-04-24,79.44774576556192
2013-04-25,79.86651128661023
2013-04-26,79.93194745533805
2013-04-29,80.95268778888347
2013-04-30,81.05737667310615
2013-05-01,80.5731799754088
2013-05-02,80.82182044350661
2013-05-03,81.85565000762911
2013-05-06,81.75096112340643
2013-05-07,81.88182347670448
2013-05-08,82.74552798787647
2013-05-09,81.9472546533535
2013-05-10,82.0388592990779
2013-05-13,81.99960159150424
2013-05-14,82.15663741387768
2013-05-15,82.50997175827696
2013-05-16,81.94725465335353
2013-05-17,82.50997175827696
2013-05-20,82.96799997897773
2013-05-21,83.13812003984944
2013-05-22,82.30058899775281
2013-05-23,81.12281284183398
2013-05-24,80.41614415303539
2013-05-28,80.62552691355954
2013-05-29,79.85342704811194
2013-05-30,80.16749869285879
2013-05-31,78.61021472346529
2013-06-03,78.91120212971384
2013-06-04,79.1991052974641
2013-06-05,77.43243357546767
2013-06-06,77.86428832709305
2013-06-07,78.91120212971384
2013-06-10,78.98972253693995
2013-06-11,78.02132414946648
2013-06-12,77.92971950374209
2013-06-13,79.120584890238
2013-06-14,78.25688037906602
2013-06-17,79.3823145889129
2013-06-18,79.94503169383634
2013-06-19,78.45317890109187
2013-06-20,75.57416219982562
2013-06-21,75.82280266792344
2013-06-24,74.63193728142753
2013-06-25,75.58724643832392
2013-06-26,75.88823883665125
2013-06-27,76.63678052319457
2013-06-28,76.48994037939843
2013-07-01,77.2107892168063
2013-07-02,76.82366612720753
2013-07-03,76.85036479810235
2013-07-05,77.21078921680629
2013-07-08,77.69135510841154
2013-07-09,78.11852365822713
2013-07-10,78.34545472245695
2013-07-11,80.37450788020645
2013-07-12,79.84054973906235
2013-07-15,80.33446241998962
2013-07-16,80.28106507819997
2013-07-17,80.52134802400259
2013-07-18,81.05531125739748
2013-07-19,80.98856203403503
2013-07-22,81.44242925474546
2013-07-23,81.61596806943643
2013-07-24,81.50917847810793
2013-07-25,81.66936541122608
2013-07-26,81.162100848726
2013-07-29,80.38785976177927
2013-07-30,80.37450788020645
2013-07-31,80.56139348421942
2013-08-01,81.65601352965324
2013-08-02,82.32346502527147
2013-08-05,82.1499313028313
2013-08-06,82.02978982992998
2013-08-07,81.66936541122605
2013-08-08,82.40356103795594
2013-08-09,82.55040118175208
2013-08-12,82.32346502527147
2013-08-13,82.85742825866637
2013-08-14,82.89747371888322
2013-08-15,82.20332864462095
2013-08-16,82.35016369616629
2013-08-19,81.76280821323253
2013-08-20,81.65601352965324
2013-08-21,80.69488683869353
2013-08-22,81.48247980721307
2013-08-23,82.18997676304814
2013-08-26,81.58926939854157
2013-08-27,80.20097415776627
2013-08-28,80.10752626350899
2013-08-29,79.97403800128566
2013-08-30,78.98620754718034
2013-09-03,80.50800123468055
2013-09-04,81.22884497983762
2013-09-05,81.16210084872596
2013-09-06,81.60262128011436
2013-09-09,82.72393999644302
2013-09-10,83.65836801650791
2013-09-11,83.95204830410019
2013-09-12,83.47148241249494
2013-09-13,83.8719573836665
2013-09-16,84.5260569977119
2013-09-17,84.57945433950155
2013-09-18,86.83544365373166
2013-09-19,86.42161680098728
2013-09-20,85.79421076558589
2013-09-23,85.76751718694186
2013-09-24,85.63402892471852
2013-09-25,85.72747172672501
2013-09-26,86.08789105317815
2013-09-27,85.78086906851466
2013-09-30,85.1668098224353
2013-10-01,85.62067704314572
2013-10-02,85.59398346450169
2013-10-03,85.03332156021197
2013-10-04,85.23355395354696
2013-10-07,84.35251818302093
2013-10-08,83.69841856897553
2013-10-09,84.05884298767947
2013-10-10,85.5672797013561
2013-10-11,86.02115201431731
2013-10-14,86.31483230190958
2013-10-15,85.9010054491652
2013-10-16,86.54176336613938
2013-10-17,87.68978075336285
2013-10-18,88.21039210518494
2013-10-21,88.34388036740826
2013-10-22,89.2249110456835
2013-10-23,88.35723224898108
2013-10-24,88.97128640280965
2013-10-25,88.71765157543422
2013-10-28,88.57081143163808
2013-10-29,88.75769703565106
2013-10-30,88.43732316941475
2013-10-31,87.9434053962367
2013-11-01,87.5162368464211
2013-11-04,87.9434053962367
2013-11-05,87.182511098612
2013-11-06,87.9434053962367
2013-11-07,86.5551050632106
2013-11-08,87.06237471796146
2013-11-11,87.24926032197443
2013-11-12,86.95558003438217
2013-11-13,87.23590844040163
2013-11-14,87.6363834115732
2013-11-15,88.34388036740827
2013-11-18,88.34388036740827
2013-11-19,88.11694930317846
2013-11-20,87.50289514934988
2013-11-21,88.050200079816
2013-11-22,88.30383490719143
2013-11-25,88.03684819824319
2013-11-26,88.03684819824319
2013-11-27,88.25043756540178
2013-11-29,88.42397128784195
2013-12-02,87.76987167379653
2013-12-03,87.15581751996795
2013-12-04,86.6886035099355
2013-12-05,86.19468573675745
2013-12-06,87.26261220354723
2013-12-09,87.16916940154074
2013-12-10,87.02232925774462
2013-12-11,86.20803761833025
2013-12-12,85.58063158292886
2013-12-13,85.52723424113921
2013-12-16,86.14128839496779
2013-12-17,85.76751718694183
2013-12-18,87.10508591036013
2013-12-19,87.10508591036013
2013-12-20,87.60321763444473
2013-12-23,88.50523078465325
2013-12-24,88.68025531356022
2013-12-26,89.16492124202294
2013-12-27,89.62265557924187
2013-12-30,89.99961568551453
2013-12-31,90.33618867631405
2014-01-02,88.73410822465523
2014-01-03,88.82834825122339
2014-01-06,88.72064242903333
2014-01-07,89.21876388172541
2014-01-08,89.19184256187417
2014-01-09,89.12452385515725
2014-01-10,89.94576277441949
2014-01-13,89.16492124202293
2014-01-14,89.87845433909511
2014-01-15,90.25541444536778
2014-01-16,90.21502732989464
2014-01-17,89.94576277441949
2014-01-21,90.37657579178719
2014-01-22,90.37657579178719
2014-01-23,89.77074851690506
2014-01-24,87.30703175911833
2014-01-27,86.90315033299443
2014-01-28,87.65707054553975
2014-01-29,86.67427289299242
2014-01-30,87.11855170598201
2014-01-31,85.6376326007426
2014-02-03,83.88745407572432
2014-02-04,84.85678079695349
2014-02-05,85.03180019016419
2014-02-06,86.53964575095111
2014-02-07,87.67053634116164
2014-02-10,87.37435046583525
2014-02-11,88.76102954450648
2014-02-12,88.90912248216968
2014-02-13,89.17837676625227
2014-02-14,89.5149497570518
2014-02-18,90.28233576521902
2014-02-19,89.67650849033689
2014-02-20,89.98614988989262
2014-02-21,90.1611744187996
2014-02-24,90.94202622258871
2014-02-25,90.7266145782086
2014-02-26,90.41697317865287
2014-02-27,90.72661457820861
2014-02-28,90.8881733114937
2014-03-03,88.96297539326471
2014-03-04,90.72661457820861
2014-03-05,90.64584034726234
2014-03-06,91.58824061294399
2014-03-07,91.09011916025192
2014-03-10,90.52466872945038
2014-03-11,89.86498854347322
2014-03-12,89.52841555267369
2014-03-13,87.85901639429795
2014-03-14,87.67053634116162
2014-03-17,88.77449534012835
2014-03-18,89.32646970391546
2014-03-19,88.23597650057062
2014-03-20,87.89940350977109
2014-03-21,87.72438925225666
2014-03-24,87.95325642086613
2014-03-25,88.90912248216968
2014-03-26,88.89565668654778
2014-03-27,89.33993549953736
2014-03-28,90.01308148113641
2014-03-31,90.47081581835533
2014-04-01,91.04972177338622
2014-04-02,91.2247463022932
2014-04-03,90.96894754243995
2014-04-04,90.68622746273545
2014-04-07,90.25541444536776
2014-04-08,90.20156153427273
2014-04-09,91.3593734443345
2014-04-10,89.74382719705379
2014-04-11,89.20530835749605
2014-04-14,89.71689560581002
2014-04-15,89.33993549953736
2014-04-16,90.4438944985041
2014-04-17,90.91509463134493
2014-04-21,91.03626624915688
2014-04-22,91.41322635542954
2014-04-23,91.19781471104942
2014-04-24,91.18435918682007
2014-04-25,90.7400803738305
2014-04-28,91.02280045353498
2014-04-29,91.61517220418776
2014-04-30,91.97866651483852
2014-05-01,92.23446527469179
2014-05-02,92.08637233702859
2014-05-05,92.01905363031167
2014-05-06,91.85750516841912
2014-05-07,91.96520071921664
2014-05-08,91.97866651483852
2014-05-09,91.84403937279721
2014-05-12,92.44986664767934
2014-05-13,92.58449378972064
2014-05-14,92.4094795322062
2014-05-15,92.00558783468976
2014-05-16,92.20753368344799
2014-05-19,92.01905363031166
2014-05-20,91.44014767528078
2014-05-21,92.15368077235297
2014-05-22,92.27485239016491
2014-05-23,92.51718535439628
2014-05-27,93.17686554037344
2014-05-28,92.8672241408177
2014-05-29,93.43266430022669
2014-05-30,93.44613009584859
2014-06-02,93.63461014898492
2014-06-03,93.40573270898291
2014-06-04,93.37881138913167
2014-06-05,94.02502577948694
2014-06-06,94.53662329919344
2014-06-09,94.44238327262528
2014-06-10,94.24043742386706
2014-06-11,93.76923729102623
2014-06-12,93.79615861087748
2014-06-13,93.8634773175944
2014-06-16,93.89039863744564
2014-06-17,93.82309020212125
2014-06-18,94.6308633257616
2014-06-19,95.14245057407555
2014-06-20,94.980902112183
2014-06-23,94.72510335232975
2014-06-24,94.13273160167698
2014-06-25,94.10042470311724
2014-06-26,94.16938674347804
2014-06-27,94.22456269000814
2014-06-30,94.30733187167117
2014-07-01,95.1349500221511
2014-07-02,95.28668124417493
2014-07-03,95.47979179516238
2014-07-07,94.73493230260972
2014-07-08,93.74178631253949
2014-07-09,94.04524875658713
2014-07-10,93.01072343755327
2014-07-11,93.06589938408337
2014-07-14,93.75558293010594
2014-07-15,93.52109305015486
2014-07-16,94.10042470311724
2014-07-17,92.9003715444931
2014-07-18,93.6314344194793
2014-07-21,93.28659264646802
2014-07-22,93.70040698357586
2014-07-23,93.89351753456332
2014-07-24,94.1142213206837
2014-07-25,93.72798969497303
2014-07-28,93.74178631253949
2014-07-29,93.54867576155203
2014-07-30,93.41074115709468
2014-07-31,91.8520496078928
2014-08-01,91.21754200840032
2014-08-04,91.64515296307462
2014-08-05,90.47268251584767
2014-08-06,90.25198925346304
2014-08-07,89.52092637847683
2014-08-08,90.04508208490911
2014-08-11,90.38992385792041
2014-08-12,90.3209618175596
2014-08-13,90.83132090642542
2014-08-14,91.31409728389407
2014-08-15,91.21754200840034
2014-08-18,91.81067027892918
2014-08-19,92.03137406504956
2014-08-20,91.74170823856838
2014-08-21,92.1279293405433
2014-08-22,91.6865322920383
2014-08-25,92.27966056256714
2014-08-26,92.2934571801336
2014-08-27,92.4727711135546
2014-08-28,92.05895677644675
2014-08-29,92.01757744748312
2014-09-02,92.19689138090412
2014-09-03,92.84519559796306
2014-09-04,92.40379854945803
2014-09-05,92.4175951670245
2014-09-08,91.43824579452075
2014-09-09,91.17616267943674
2014-09-10,91.70032890960478
2014-09-11,91.18995929700321
2014-09-12,91.06581078637656
2014-09-15,90.8727002353891
2014-09-16,91.25893186109977
2014-09-17,90.61062764404083
2014-09-18,91.31409728389411
2014-09-19,90.99684874601574
2014-09-22,90.59683102647436
2014-09-23,89.83817491635523
2014-09-24,90.29336858242671
2014-09-25,88.96917743691166
2014-09-26,89.34160192132012
2014-09-29,88.51398377084018
2014-09-30,88.44502173047937
2014-10-01,87.39669979387905
2014-10-02,86.45872975033893
2014-10-03,86.45872975033893
2014-10-06,87.01047869190414
2014-10-07,85.5345510624974
2014-10-08,86.88633544314537
2014-10-09,84.55520168999364
2014-10-10,83.28618649100869
2014-10-13,83.1758345979485
2014-10-14,83.3827417665024
2014-10-15,82.8861687714673
2014-10-16,82.11372130564958
2014-10-17,83.64481961971855
2014-10-20,84.1689805880187
2014-10-21,85.1759179337875
2014-10-22,84.55520168999361
2014-10-23,85.36902848477496
2014-10-24,85.83801350654501
2014-10-27,85.35523712907637
2014-10-28,86.65184030132636
2014-10-29,85.98974472856884
2014-10-30,86.61046097236273
2014-10-31,88.21052658866039
2014-11-03,87.45187574040914
2014-11-04,86.95530274537403
2014-11-05,87.12082532309644
2014-11-06,86.65184030132637
2014-11-07,86.69321963029002
2014-11-10,87.07944599413281
2014-11-11,87.60360170056511
2014-11-12,86.85874746988031
2014-11-13,87.27255654512028
2014-11-14,87.39669979387905
2014-11-17,87.05185802086777
2014-11-18,88.00361942010649
2014-11-19,87.74154156689035
2014-11-20,87.21738059859018
2014-11-21,87.97603144684143
2014-11-24,88.48640105944301
2014-11-25,88.63813228146684
2014-11-26,88.98297405447812
2014-11-28,88.2657025351905
2014-12-01,88.18293861539536
2014-12-02,88.43122511291291
2014-12-03,88.32087321985273
2014-12-04,88.03120739337153
2014-12-05,88.22431794435899
2014-12-08,87.45187574040915
2014-12-09,86.98289071863908
2014-12-10,85.87939283550867
2014-12-11,85.76904620431634
2014-12-12,84.1138046414886
2014-12-15,82.72064619374487
2014-12-16,83.31377446427372
2014-12-17,84.30001814654113
2014-12-18,85.8041347134053
2014-12-19,85.92947776064399
2014-12-22,86.34728614719896
2014-12-23,86.06874545192169
2014-12-24,86.45870455039862
2014-12-26,86.68153604407607
2014-12-29,86.05482080788266
2014-12-30,85.26098327961164
2014-12-31,84.73175648985699
2015-01-02,84.36965730490185
2015-01-05,82.37809850584387
2015-01-06,81.44498797357328
2015-01-07,82.35024390504395
2015-01-08,83.46440137343119
2015-01-09,83.06051763091523
2015-01-12,82.86554073803771
2015-01-13,83.28334912459268
2015-01-14,83.04659298687622
2015-01-15,83.57581446390897
2015-01-16,84.66212264421814
2015-01-20,84.95458798353444
2015-01-21,85.62308246456676
2015-01-22,85.94340240468297
2015-01-23,85.45596017248916
2015-01-26,86.62582684247622
2015-01-27,86.75116988971489
2015-01-28,85.45596017248916
2015-01-29,86.62582684247622
2015-01-30,85.26098327961164
2015-02-02,86.29157694559912
2015-02-03,87.6703504652246
2015-02-04,86.94614678259244
2015-02-05,88.1438680533794
2015-02-06,87.04363522903121
2015-02-09,86.62582684247623
2015-02-10,87.41966437074724
2015-02-11,86.94614678259244
2015-02-12,88.297065701418
2015-02-13,88.8819963800506
2015-02-17,89.09090322968902
2015-02-18,89.62012470672178
2015-02-19,89.73154310992143
2015-02-20,90.56715988303138
2015-02-23,90.24684525563706
2015-02-24,90.80391602074785
2015-02-25,90.87355517910858
2015-02-26,90.62286908463122
2015-02-27,90.66464832947015
2015-03-02,90.80391602074785
2015-03-03,90.24684525563706
2015-03-04,89.88474075796003
2015-03-05,90.09364760759847
2015-03-06,88.86807173601159
2015-03-09,89.0073394272893
2015-03-10,87.07148982983114
2015-03-11,87.29432132350857
2015-03-12,88.38062419109588
2015-03-13,87.86532735810214
2015-03-16,88.85414177925068
2015-03-17,88.63131028557324
2015-03-18,90.52538063819244
2015-03-19,89.46692705868318
2015-03-20,91.44456652642403
2015-03-23,91.90414884509606
2015-03-24,91.70917195221853
2015-03-25,91.27743892162452
2015-03-26,90.48360139335351
2015-03-27,90.72035753106998
2015-03-30,90.7760667326698
2015-03-31,89.36943861224441
2015-04-01,90.01007849247682
2015-04-02,90.7899966894307
2015-04-06,91.70917195221851
2015-04-07,91.5838342177017
2015-04-08,91.97378800345676
2015-04-09,92.09912573797357
2015-04-10,92.28018329953396
2015-04-13,91.69524199545762
2015-04-14,92.37767174597273
2015-04-15,92.79547481980583
2015-04-16,93.04616091428319
2015-04-17,91.87629955701802
2015-04-20,91.97378800345679
2015-04-21,92.79547481980585
2015-04-22,92.97653238136624
2015-04-23,93.32470692228236
2015-04-24,93.86785835607601
2015-04-27,94.32745130019181
2015-04-28,94.43885907794771
2015-04-29,93.61717226159865
2015-04-30,92.62835784045012
2015-05-01,93.6589515064376
2015-05-04,93.56146305999884
2015-05-05,92.16876489633434
2015-05-06,92.4055210340508
2015-05-07,92.09912573797362
2015-05-08,94.22996285375307
2015-05-11,93.40826541196026
2015-05-12,93.35255621036043
2015-05-13,94.04890529219269
2015-05-14,95.17698740461894
2015-05-15,95.28840580781859
2015-05-18,94.96809118042425
2015-05-19,94.60598668274723
2015-05-20,94.78703361886386
2015-05-21,95.28840580781858
2015-05-22,94.67562584110796
2015-05-26,92.97653238136627
2015-05-27,93.88178831283695
2015-05-28,93.71466070803746
2015-05-29,92.80940477656678
2015-06-01,92.5587186820894
2015-06-02,92.9904517126834
2015-06-03,93.50575385839902
2015-06-04,92.50300948048958
2015-06-05,91.40277665614137
2015-06-08,91.27743892162457
2015-06-09,90.77606673266985
2015-06-10,92.68406704204996
2015-06-11,92.93475313652732
2015-06-12,92.19661418441238
2015-06-15,91.63954341930159
2015-06-16,91.6116835057798
2015-06-17,91.40277665614137
2015-06-18,92.22447409793418
2015-06-19,92.00163729153485
2015-06-22,93.74250999611547
2015-06-23,93.99319609059283
2015-06-24,93.18543923100468
2015-06-25,93.14504120885016
2015-06-26,93.10255622061173
2015-06-29,90.24178869493792
2015-06-30,89.91605784602389
2015-07-01,90.49670942929943
2015-07-02,90.6100045320904
2015-07-06,88.78307440332148
2015-07-07,88.8113995296356
2015-07-08,86.74371393089496
2015-07-09,88.17409769373187
2015-07-10,91.06320115065066
2015-07-13,91.40309186148902
2015-07-14,92.16785406457352
2015-07-15,91.82795254880426
2015-07-16,92.62104528066831
2015-07-17,92.46525978717345
2015-07-20,92.70601525714518
2015-07-21,92.43692925839392
2015-07-22,91.72881730793763
2015-07-23,91.48806183796592
2015-07-24,90.4825441649097
2015-07-27,89.81691720269185
2015-07-28,90.94990064539425
2015-07-29,91.27562609184285
2015-07-30,91.20482137975576
2015-07-31,91.74298257232742
2015-08-03,91.5022271023557
2015-08-04,91.57304261937368
2015-08-05,92.05455355931714
2015-08-06,91.67217786024034
2015-08-07,91.5022271023557
2015-08-10,92.62104528066834
2015-08-11,91.20482137975577
2015-08-12,90.55335427946225
2015-08-13,90.4967094292995
2015-08-14,90.63832965840459
2015-08-17,90.4683843029854
2015-08-18,89.78859747884322
2015-08-19,88.99551014944461
2015-08-20,86.84284917176166
2015-08-21,84.86013354949787
2015-08-24,81.92855050680608
2015-08-25,82.70747797428034
2015-08-26,84.66186306776457
2015-08-27,85.6957058671349
2015-08-28,85.56824549995416
2015-08-31,84.93094906651585
2015-09-01,82.08433600030094
2015-09-02,83.30228941948022
2015-09-03,83.5005599012135
2015-09-04,81.58865979596771
2015-09-08,83.9820762436224
2015-09-09,83.64218553278403
2015-09-10,84.19451198974546
2015-09-11,84.18034672535569
2015-09-14,83.5430502919174
2015-09-15,84.10953661080316
2015-09-16,85.39830014453499
2015-09-17,85.44079053523886
2015-09-18,83.30228941948023
2015-09-21,83.25980443124179
2015-09-22,81.27708880897801
2015-09-23,80.89470770743576
2015-09-24,80.66811209938835
2015-09-25,81.37622404984464
2015-09-28,79.77589493158854
2015-09-29,79.66259442633212
2015-09-30,81.17795356811135
2015-10-01,81.43287430247285
2015-10-02,82.82077307707132
2015-10-05,84.46359258603128
2015-10-06,84.56272782689793
2015-10-07,85.62489575258236
2015-10-08,86.30468257672455
2015-10-09,86.46046807021939
2015-10-12,86.2905227148002
2015-10-13,85.20002966280167
2015-10-14,85.36997501822086
2015-10-15,86.82868930983732
2015-10-16,86.75787379281932
2015-10-19,86.46046807021939
2015-10-20,86.10641209499126
2015-10-21,86.06392710675281
2015-10-22,87.0269597915706
2015-10-23,87.89085723552174
2015-10-26,87.5651263866077
2015-10-27,86.8003641835232
2015-10-28,87.36685050240897
2015-10-29,86.72955406897066
2015-10-30,86.54544344916171
2015-11-02,87.36685050240897
2015-11-03,87.33852537609485
2015-11-04,86.85701443615139
2015-11-05,86.70122894265654
2015-11-06,86.30468257672452
2015-11-09,85.41246540892472
2015-11-10,85.35581515629652
2015-11-11,85.79484651046697
2015-11-12,84.67602833215433
2015-11-13,83.96791638169805
2015-11-16,85.03008430738248
2015-11-17,85.25667991542987
2015-11-18,86.0356019804387
2015-11-19,86.47463333460915
2015-11-20,86.27635745041043
2015-11-23,85.73819625783878
2015-11-24,85.7523561197631
2015-11-25,85.9506266014964
2015-11-27,85.96479186588616
2015-11-30,85.89398175133363
2015-12-01,86.8003641835232
2015-12-02,85.87981648694385
2015-12-03,85.4691102590875
2015-12-04,86.16306234761944
2015-12-07,85.61073589065802
2015-12-08,84.3502974832403
2015-12-09,83.96791638169805
2015-12-10,83.98207624362237
2015-12-11,82.38174172290084
2015-12-14,82.50920209008159
2015-12-15,82.91990831793794
2015-12-16,84.591052953212
2015-12-17,83.51472516560325
2015-12-18,82.63666245726235
2015-12-21,83.01621348808757
2015-12-22,83.64479754497418
2015-12-23,85.04482938737665
2015-12-24,84.90197110844143
2015-12-28,84.7019673380545
2015-12-29,85.54484426303796
2015-12-30,85.03054573936072
2015-12-31,83.88766315879685
2016-01-04,82.60191684960375
2016-01-05,82.47334221868444
2016-01-06,81.11616677002374
2016-01-07,79.4304129200568
2016-01-08,78.47325046186396
2016-01-11,78.80182886317019
2016-01-12,79.17326365821819
2016-01-13,77.94466829017081
2016-01-14,78.94468714210542
2016-01-15,76.08747796584879
2016-01-19,76.78749661189704
2016-01-20,75.0445972704784
2016-01-21,75.6017521878974
2016-01-22,77.83037730726743
2016-01-25,76.78749661189704
2016-01-26,78.15895570857367
2016-01-27,77.65894628260637
2016-01-28,77.88752279871915
2016-01-29,79.25898189539576
2016-02-01,79.1732636582182
2016-02-02,77.33036788130012
2016-02-03,77.97324103589668
2016-02-04,78.07324292109014
2016-02-05,76.8732148490746
2016-02-08,75.44461026094628
2016-02-09,74.57316059023697
2016-02-10,74.48744235305942
2016-02-11,73.40170526394726
2016-02-12,74.68744612344634
2016-02-16,76.2017689487522
2016-02-17,77.51608255397713
2016-02-18,77.11607501320327
2016-02-19,77.03035677602573
2016-02-22,77.90180644673505
2016-02-23,76.6303492352519
2016-02-24,76.35891632539736
2016-02-25,77.27322238984843
2016-02-26,77.0732186194615
2016-02-29,76.61606558723597
2016-03-01,78.6161087407992
2016-03-02,79.1589800102023
2016-03-03,79.93042779571816
2016-03-04,80.51615545886301
2016-03-07,80.41615357366955
2016-03-08,79.63042214013778
2016-03-09,79.93042779571817
2016-03-10,79.80185316479887
2016-03-11,81.88761455553964
2016-03-14,81.71618353087857
2016-03-15,80.9447357453627
2016-03-16,81.65903803942686
2016-03-17,82.28762209631348
2016-03-18,82.14476381737826
2016-03-21,82.01618918645896
2016-03-22,81.87333090752374
2016-03-23,81.0447376305562
2016-03-24,80.50186636115312
2016-03-28,80.9875921391045
2016-03-29,81.85904180981382
2016-03-30,82.47334221868451
2016-03-31,81.65903803942689
2016-04-01,80.78758836871756
2016-04-04,80.61615734405649
2016-04-05,79.03040537928301
2016-04-06,80.31615168847611
2016-04-07,79.14469636218641
2016-04-08,80.65901373779826
2016-04-11,80.70187558123403
2016-04-12,81.90190365324958
2016-04-13,83.20193361045858
2016-04-14,83.47336652031312
2016-04-15,83.28764639794211
2016-04-18,84.00194869200627
2016-04-19,85.45912602586043
2016-04-20,85.53055516532804
2016-04-21,85.01625664165081
2016-04-22,85.0591184850866
2016-04-25,84.6305381985869
2016-04-26,84.93054385416728
2016-04-27,84.98768934561897
2016-04-28,83.8305176673452
2016-04-29,83.47336652031312
2016-05-02,84.25909795384489
2016-05-03,82.87334975945834
2016-05-04,81.9161873012655
2016-05-05,81.74475627660443
2016-05-06,81.9733327927172
2016-05-09,81.80189631836211
2016-05-10,82.97335709434583
2016-05-11,82.25905480028167
2016-05-12,82.23048205455582
2016-05-13,81.38760512957236
2016-05-16,82.35905668547514
2016-05-17,81.75903992462035
2016-05-18,81.78761267034619
2016-05-19,81.20188500720134
2016-05-20,81.87333090752374
2016-05-23,81.60189254797518
2016-05-24,82.78763697197482
2016-05-25,83.65908664268414
2016-05-26,83.88766315879691
2016-05-27,83.80194492161937
2016-05-31,83.40193738084552
2016-06-01,83.3305082413779
2016-06-02,83.3305082413779
2016-06-03,83.87337406108696
2016-06-06,84.34481619102243
2016-06-07,84.95911659989314
2016-06-08,85.13054762455421
2016-06-09,84.08766692918383
2016-06-10,81.64475439141097
2016-06-13,80.45900996741133
2016-06-14,79.17326365821823
2016-06-15,79.7018512796054
2016-06-16,79.87328230426647
2016-06-17,80.65901373779823
2016-06-20,82.65906234105549
2016-06-21,83.33050824137788
2016-06-22,83.28050293902594
2016-06-23,85.5841330089727
2016-06-24,78.23585186564148
2016-06-27,76.73412185915605
2016-06-28,78.74614684984577
2016-06-29,80.18956140227797
2016-06-30,81.38511441824082
2016-07-01,81.38511441824082
2016-07-05,79.81048592284024
2016-07-06,79.66468338321172
2016-07-07,79.3439233578272
2016-07-08,80.55405940865198
2016-07-11,81.73503495155106
2016-07-12,82.84310644373679
2016-07-13,82.75562491995967
2016-07-14,83.47004345964389
2016-07-15,83.0472244374185
2016-07-18,83.25134243110023
2016-07-19,82.59525046906559
2016-07-20,83.33882395487733
2016-07-21,83.00348645642904
2016-07-22,83.16386646912132
2016-07-25,83.06180747228045
2016-07-26,83.4117224437925
2016-07-27,83.71789943431509
2016-07-28,83.63042347233618
2016-07-29,84.62185849461729
2016-08-01,84.06781996762533
2016-08-02,83.64500094539994
2016-08-03,83.35340142794111
2016-08-04,83.83454146601791
2016-08-05,84.21361694545566
2016-08-08,84.38857999300987
2016-08-09,85.05925498990645
2016-08-10,85.35085450736528
2016-08-11,85.96320848841044
2016-08-12,85.74451302166497
2016-08-15,86.07985052011325
2016-08-16,85.94863101534669
2016-08-17,85.919470507421
2016-08-18,86.35686700271015
2016-08-19,85.71535251373928
2016-08-22,85.8028284757182
2016-08-23,86.1673264820922
2016-08-24,85.96320848841047
2016-08-25,85.61329351689844
2016-08-26,85.10299297089594
2016-08-29,85.36543198042907
2016-08-30,85.24879551052445
2016-08-31,85.07383246297023
2016-09-01,85.6570314978879
2016-09-02,86.64846652016901
2016-09-06,87.23166555508666
2016-09-07,87.27540353607613
2016-09-08,87.02754199960675
2016-09-09,85.33627147250336
2016-09-12,86.03610697732563
2016-09-13,84.30109846923278
2016-09-14,84.18446199932816
2016-09-15,84.91345801207613
2016-09-16,83.81996399295416
2016-09-19,84.25736048824331
2016-09-20,84.76765547244761
2016-09-21,86.25480800586928
2016-09-22,87.12960099644758
2016-09-23,86.4006049836996
2016-09-26,85.59871048203645
2016-09-27,86.00695203119808
2016-09-28,86.61930601224326
2016-09-29,85.54038946618505
2016-09-30,86.21107002487982
2016-10-03,85.97779152327239
2016-10-04,85.96320848841044
2016-10-05,86.31312902172068
2016-10-06,85.84657201850582
2016-10-07,85.40917552321667
2016-10-10,85.65703149788786
2016-10-11,84.44689544706308
2016-10-12,84.25736048824331
2016-10-13,83.93660046285876
2016-10-14,84.08239744068909
2016-10-17,83.83454146601791
2016-10-18,84.66559647560675
2016-10-19,84.89887497721418
2016-10-20,85.03009448198074
2016-10-21,84.84055396136277
2016-10-24,84.82597648829902
2016-10-25,84.76765547244761
2016-10-26,84.38857999300986
2016-10-27,84.286520996169
2016-10-28,84.25736048824331
2016-10-31,84.30109846923277
2016-11-01,83.93660046285879
2016-11-02,83.36798446280307
2016-11-03,83.28050293902595
2016-11-04,82.47860843736281
2016-11-07,83.61584043747425
2016-11-08,83.84911893908168
2016-11-09,83.92202298979502
2016-11-10,83.68874448818761
2016-11-11,83.1784439421851
2016-11-14,82.7264699738322
2016-11-15,83.09096798020619
2016-11-16,82.21616942782968
2016-11-17,82.8431064437368
2016-11-18,81.93915294523279
2016-11-21,82.63898845005508
2016-11-22,82.8431064437368
2016-11-23,82.55150692627797
2016-11-25,82.79936846274734
2016-11-28,82.36197196745819
2016-11-29,82.88684442472626
2016-11-30,82.79936846274735
2016-12-01,82.47860843736282
2016-12-02,82.68272643104456
2016-12-05,83.49920396756964
2016-12-06,84.06781996762537
2016-12-07,85.32169399943962
2016-12-08,85.24879551052445
2016-12-09,85.61329351689842
2016-12-12,85.23421247566249
2016-12-13,86.15274900902844
2016-12-14,84.88429750415045
2016-12-15,84.69475698353249
2016-12-16,84.75307799938389
2016-12-19,84.62185849461733
2016-12-20,84.91345801207616
2016-12-21,84.93678321482095
2016-12-22,84.7452835171203
2016-12-23,84.96624513902778
2016-12-27,84.86313121394761
2016-12-28,84.53905566695997
2016-12-29,84.74528351712028
2016-12-30,85.0398971399011
2017-01-03,85.57020053704906
2017-01-04,86.54242155872451
2017-01-05,87.27895280603282
2017-01-06,86.984339183252
2017-01-09,86.85176333396501
2017-01-10,86.86649710571216
2017-01-11,87.32314288269933
2017-01-12,87.45571873198632
2017-01-13,87.77979427897397
2017-01-17,87.45571873198632
2017-01-18,87.2053008051595
2017-01-19,86.98433918325202
2017-01-20,87.48518065619315
2017-01-23,87.70614227810061
2017-01-24,87.92709828072061
2017-01-25,88.84040107326987
2017-01-26,88.4868636020754
2017-01-27,88.33955960032873
2017-01-30,87.70614227810059
2017-01-31,87.83871812738758
2017-02-01,88.19224997929457
2017-02-02,88.23644567524855
2017-02-03,88.58997752715555
2017-02-06,87.95656020492743
2017-02-07,87.86818005159442
2017-02-08,88.01548405334108
2017-02-09,88.38374967699524
2017-02-10,88.58997752715555
2017-02-13,88.94351499835001
2017-02-14,88.81093914906302
2017-02-15,89.14974284851034
2017-02-16,89.35597069867066
2017-02-17,89.1202809243035
2017-02-21,89.41489454708432
2017-02-22,89.41489454708432
2017-02-23,89.60639424478495
2017-02-24,88.95824315080966
2017-02-27,89.01716699922332
2017-02-28,88.88459114993633
2017-03-01,89.81262209494525
2017-03-02,89.22339484938364
2017-03-03,89.7536982465316
2017-03-06,89.47381839549794
2017-03-07,89.16447100096998
2017-03-08,88.84040107326982
2017-03-09,89.17920477271713
2017-03-10,89.9304641724851
2017-03-13,90.40184372121941
2017-03-14,89.70950816986509
2017-03-15,90.99107096678102
2017-03-16,91.43298859130851
2017-03-17,91.66867836567566
2017-03-20,91.47717866797501
2017-03-21,91.06472296765435
2017-03-22,91.0794567394015
2017-03-23,91.28568458956181
2017-03-24,91.53610251638864
2017-03-27,91.7717922907558
2017-03-28,92.21370991528327
2017-03-29,92.21370991528327
2017-03-30,91.88963998758311
2017-03-31,91.75706413829613
2017-04-03,91.62448828900915
2017-04-04,91.59502636480232
2017-04-05,91.10891304432087
2017-04-06,91.12364681606802
2017-04-07,91.06472296765436
2017-04-10,90.9616090425742
2017-04-11,91.388798514642
2017-04-12,91.31514651376867
2017-04-13,90.72591926820704
2017-04-17,91.28568458956182
2017-04-18,90.87322326995371
2017-04-19,90.50495764629957
2017-04-20,91.22676074114818
2017-04-21,91.28568458956184
2017-04-24,93.59839225656688
2017-04-25,94.26127150300185
2017-04-26,93.99611980442786
2017-04-27,94.08449995776087
2017-04-28,93.9813860326807
2017-05-01,94.36437980879452
2017-05-02,94.85049312927597
2017-05-03,94.65899905086279
2017-05-04,95.5575680716649
2017-05-05,96.6181636273859
2017-05-08,95.89636615182475
2017-05-09,95.66068199674507
2017-05-10,95.80798599849174
2017-05-11,95.57229060483712
2017-05-12,96.1025940019851
2017-05-15,96.58870732246656
2017-05-16,97.20739087294754
2017-05-17,96.10259400198511
2017-05-18,96.26463177547892
2017-05-19,97.38416241818851
2017-05-22,97.50201011501582
2017-05-23,97.51673264818803
2017-05-24,97.57565649660168
2017-05-25,97.57565649660168
2017-05-26,97.29578226485549
2017-05-30,97.19266833977532
2017-05-31,97.31050479802771
2017-06-01,97.94392212025583
2017-06-02,99.01926268629892
2017-06-05,98.4742255174038
2017-06-06,98.1943512856576
2017-06-07,98.22380759057697
2017-06-08,98.047036045336
2017-06-09,97.67877042168186
2017-06-12,97.31050479802772
2017-06-13,98.06176981708316
2017-06-14,97.98811219692234
2017-06-15,96.97170671786786
2017-06-16,97.79661811850917
2017-06-19,98.19435128565762
2017-06-20,97.4165684444411
2017-06-21,97.2967973688737
2017-06-22,97.2818345509266
2017-06-23,97.52136528006297
2017-06-26,97.68604765346853
2017-06-27,97.671073413523
2017-06-28,98.52442233844347
2017-06-29,97.55131375995403
2017-06-30,97.6111878757393
2017-07-03,97.49142822217033
2017-07-05,97.49142822217033
2017-07-06,97.05726663973732
2017-07-07,97.07222945768443
2017-07-10,97.31177160881923
2017-07-11,97.5363395200085
2017-07-12,98.31482866719973
2017-07-13,98.59928211617272
2017-07-14,99.28794866768763
2017-07-17,99.09332923638942
2017-07-18,99.18315183206576
2017-07-19,99.61731341449877
2017-07-20,100.02152651704071
2017-07-21,99.63228765444431
2017-07-24,99.36280844541687
2017-07-25,99.49754233893137
2017-07-26,100.11136053471547
2017-07-27,99.8867926235262
2017-07-28,99.99158945914807
2017-07-31,100.20118313039181
2017-08-01,100.75511578839223
2017-08-02,100.8000270862304
2017-08-03,100.8599126240141
2017-08-04,100.99464651752861
2017-08-07,101.03955781536678
2017-08-08,100.5005993973119
2017-08-09,100.33591702390633
2017-08-10,98.91367262303834
2017-08-11,98.73401600968722
2017-08-14,99.4526310410932
2017-08-15,99.37777126336397
2017-08-16,99.9466781613099
2017-08-17,98.82385002736198
2017-08-18,99.09332923638942
2017-08-21,99.06338075649835
2017-08-22,99.54245363676952
2017-08-23,99.55742787671507
2017-08-24,99.3328599655258
2017-08-25,99.93170392136437
2017-08-28,99.93170392136437
2017-08-29,99.52749081882243
2017-08-30,99.39274550330948
2017-08-31,100.15627183255363
2017-09-01,100.29100572606814
2017-09-05,99.61731341449877
2017-09-06,100.23112018828444
2017-09-07,101.05453205531228
2017-09-08,101.06950629525781
2017-09-11,101.86296968239458
2017-09-12,102.17736018926018
2017-09-13,101.62342753125978
2017-09-14,101.80308414461088
2017-09-15,101.89290674028722
2017-09-18,102.02765205580015
2017-09-19,102.50672493607132
2017-09-20,102.28215702488205
2017-09-21,102.07256335363832
2017-09-22,102.38695386050392
2017-09-25,101.80308414461089
2017-09-26,101.57851623342162
2017-09-27,101.65337601115085
2017-09-28,101.92285522017829
2017-09-29,102.52169917601687
2017-10-02,102.4318651583421
2017-10-03,102.77620414509877
2017-10-04,102.58157329180214
2017-10-05,102.52169917601688
2017-10-06,102.44683939828765
2017-10-09,102.47677645618029
2017-10-10,103.44989645666817
2017-10-11,103.70440142575008
2017-10-12,103.61457883007375
2017-10-13,104.15353724812863
2017-10-16,104.0786774703994
2017-10-17,103.80919826137196
2017-10-18,104.10862595029046
2017-10-19,103.94394357688489
2017-10-20,103.80919826137196
2017-10-23,103.58464177218112
2017-10-24,103.74932414558668
2017-10-25,103.34509962104632
2017-10-26,103.33012538110079
2017-10-27,103.56966753223558
2017-10-30,103.80919826137195
2017-10-31,104.24335984380495
2017-11-01,104.34815667942682
2017-11-02,104.66255860829085
2017-11-03,104.49787623488528
2017-11-06,104.64758436834532
2017-11-07,104.25833408375048
2017-11-08,104.60267307050715
2017-11-09,104.00382911466858
2017-11-10,103.71937566569561
2017-11-13,103.2852140832626
2017-11-14,103.2103657275318
2017-11-15,102.71631860731509
2017-11-16,103.53973047434293
2017-11-17,103.16545442969363
2017-11-20,103.39001091888446
2017-11-21,104.16851148807413
2017-11-22,104.45295351504866
2017-11-24,105.30630243996913
2017-11-27,104.67752142623792
2017-11-28,105.27636538207649
2017-11-29,104.85717803958902
2017-11-30,104.96197487521088
2017-12-01,104.54278753272341
2017-12-04,104.1685114880741
2017-12-05,103.94394357688483
2017-12-06,103.7343499056411
2017-12-07,104.00382911466853
2017-12-08,104.5577503506705
2017-12-11,104.82722955969794
2017-12-12,104.96197487521087
2017-12-13,105.3661879777528
2017-12-14,104.78231826185976
2017-12-15,104.75238120396713
2017-12-18,105.99498041348245
2017-12-19,105.61022463958295
2017-12-20,105.42865563571776
2017-12-21,105.80691573608362
2017-12-22,106.07926347009034
2017-12-26,106.04899619765506
2017-12-27,106.24569883773789
2017-12-28,106.30622183902628
2017-12-29,106.38186693295015
2018-01-02,107.16865440611716
2018-01-03,107.68308260169529
2018-01-04,108.86325226786364
2018-01-05,109.46847073716546
2018-01-08,109.43821500831234
2018-01-09,109.55926101088914
2018-01-10,109.34742473458867
2018-01-11,110.10394493532041
2018-01-12,111.2084695075649
2018-01-16,111.10255714120575
2018-01-17,111.6775083380723
2018-01-18,111.54134024286003
2018-01-19,112.16168080479734
2018-01-22,112.73664354524605
2018-01-23,113.09977000939428
2018-01-24,113.29646110589496
2018-01-25,112.8576780042407
2018-01-26,113.85629021012602
2018-01-29,112.81228863916994
2018-01-30,111.87421097815516
2018-01-31,111.72289770314308
2018-02-01,112.0406463458027
2018-02-02,109.7710857436075
2018-02-05,105.17144153792869
2018-02-06,107.24429950004105
2018-02-07,106.10951919894345
2018-02-08,103.34066403738774
2018-02-09,103.77943559545984
2018-02-12,105.36813263442934
2018-02-13,105.05039553535187
2018-02-14,106.91144030832808
2018-02-15,107.57717023533613
2018-02-16,108.06134270206114
2018-02-20,107.04760840354034
2018-02-21,106.53318020796219
2018-02-22,107.09299776861108
2018-02-23,107.94029669948434
2018-02-26,108.9540425415873
2018-02-27,107.33508977376468
2018-02-28,106.3213439316617
2018-03-01,104.53595579619153
2018-03-02,105.03526189913418
2018-03-05,105.59509100336525
2018-03-06,106.21543156530255
2018-03-07,106.18517583644943
2018-03-08,106.41213420538539
2018-03-09,107.09299776861107
2018-03-12,107.21404377118786
2018-03-13,106.50291293552688
2018-03-14,106.76012703331595
2018-03-15,106.69960403202755
2018-03-16,106.62395893810367
2018-03-19,105.76152637101278
2018-03-20,105.74639273479514
2018-03-21,105.9128281024427
2018-03-22,103.94587096310732
2018-03-23,102.79596856937425
2018-03-26,104.64187970613283
2018-03-27,103.87022586918346
2018-03-28,104.47544433848527
2018-03-29,105.42865563571769
2018-04-02,103.97613823554262
2018-04-03,104.64187970613284
2018-04-04,105.00500617028108
2018-04-05,105.70100336972442
2018-04-06,105.00500617028108
2018-04-09,105.86743873737197
2018-04-10,107.00221903846958
2018-04-11,106.59369166566843
2018-04-12,107.00221903846958
2018-04-13,107.10813140482873
2018-04-16,107.27456677247628
2018-04-17,107.7587392392013
2018-04-18,108.3185567998502
2018-04-19,107.91004097063121
2018-04-20,107.50152514141223
2018-04-23,107.36534550261779
2018-04-24,106.92656240096352
2018-04-25,106.74500494068049
2018-04-26,107.27456677247626
2018-04-27,107.38047913883541
2018-04-30,107.03247476732265
2018-05-01,106.65421466695679
2018-05-02,106.60882530188604
2018-05-03,106.94169603718116
2018-05-04,107.31995613754702
2018-05-07,107.33508977376466
2018-05-08,107.35021186640014
2018-05-09,107.60743750777138
2018-05-10,108.30343470721472
2018-05-11,108.5909045338569
2018-05-14,108.78760717393973
2018-05-15,108.00081970077272
2018-05-16,108.15213297578481
2018-05-17,108.3185567998502
2018-05-18,107.92517460684886
2018-05-21,108.60603817007456
2018-05-22,108.46987007486229
2018-05-23,107.27456677247629
2018-05-24,106.94169603718117
2018-05-25,106.24569883773783
2018-05-29,104.0820506019018
2018-05-30,105.67073609728914
2018-05-31,105.00500617028108
2018-06-01,105.91282810244273
2018-06-04,106.23056520152019
2018-06-05,106.06412983387264
2018-06-06,107.0173526746872
2018-06-07,106.41213420538539
2018-06-08,106.53318020796219
2018-06-11,107.21404377118789
2018-06-12,106.53318020796219
2018-06-13,106.68448193939211
2018-06-14,106.45752357045616
2018-06-15,105.91282810244275
2018-06-18,105.15630790171102
2018-06-19,104.20913953121874
2018-06-20,104.2863133353758
2018-06-21,103.54548485070372
2018-06-22,104.6412963494012
2018-06-25,103.19051361174759
2018-06-26,103.37572367668292
2018-06-27,102.403385554609
2018-06-28,102.78923102525566
2018-06-29,103.36028656083765
2018-07-02,102.41882267045426
2018-07-03,102.72749433694388
2018-07-05,103.74613203148432
2018-07-06,104.30175045122105
2018-07-09,105.30495102991623
2018-07-10,105.25863968238042
2018-07-11,103.4991852782372
2018-07-12,104.30175045122105
2018-07-13,104.62585923355593
2018-07-16,104.5795596610894
2018-07-17,104.76475795095544
2018-07-18,104.78019506680072
2018-07-19,104.56412254524413
2018-07-20,105.05800427666908
2018-07-23,105.05800427666908
2018-07-24,105.6753593847176
2018-07-25,106.46248744185618
2018-07-26,105.98403105120721
2018-07-27,106.18467823198782
2018-07-30,106.16924111614256
2018-07-31,106.3081398335421
2018-08-01,105.76795852965064
2018-08-02,105.07344139251437
2018-08-03,105.13517808082615
2018-08-06,104.68759592186773
2018-08-07,105.50558643562755
2018-08-08,105.41298729069452
2018-08-09,105.10430384913562
2018-08-10,103.00530354681226
2018-08-13,102.63489519201086
2018-08-14,102.61945807616559
2018-08-15,101.13781288189074
2018-08-16,101.84776713487227
2018-08-17,102.44968512707551
2018-08-20,103.00530354681224
2018-08-21,103.63809577070603
2018-08-22,104.03937835719795
2018-08-23,103.29854987252587
2018-08-24,103.90046786472911
2018-08-27,105.28951391407092
2018-08-28,105.1969147691379
2018-08-29,105.76795852965061
2018-08-30,104.76475795095544
2018-08-31,103.93133032135034
2018-09-04,103.05160311927874
2018-09-05,102.11015100396465
2018-09-06,101.80146756240573
2018-09-07,100.98347704864591
2018-09-10,101.60083215669442
2018-09-11,101.69343130162744
2018-09-12,102.12557634474061
2018-09-13,102.88184194525795
2018-09-14,103.03617777850275
2018-09-17,103.12877692343578
2018-09-18,104.2091395312187
2018-09-19,104.57955966108938
2018-09-20,105.87599479042889
2018-09-21,105.9222943628954
2018-09-24,105.44384974731572
2018-09-25,105.9686057104312
2018-09-26,106.01490528289773
2018-09-27,105.79883276134115
2018-09-28,104.93453090004552
2018-10-01,105.05800427666908
2018-10-02,104.51782297277762
2018-10-03,104.33261290784228
2018-10-04,103.11333980759052
2018-10-05,102.4959964746113
2018-10-08,102.00210296811706
2018-10-09,101.73973087409395
2018-10-10,99.5789938834588
2018-10-11,98.18995372165162
2018-10-12,98.54493084814239
2018-10-15,98.31342709827517
2018-10-16,99.99571358579598
2018-10-17,99.42465805021398
2018-10-18,97.8195453668502
2018-10-19,98.37516378658694
2018-10-22,97.94301285593912
2018-10-23,97.016986081401
2018-10-24,94.26976821440789
2018-10-25,95.4581670829691
2018-10-26,94.80994951829933
2018-10-29,94.54757153674159
2018-10-30,95.68967672037094
2018-10-31,96.39963097335247
2018-11-01,97.63433530191485
2018-11-02,97.77323990684903
2018-11-05,97.77323990684903
2018-11-06,98.17452249334096
2018-11-07,99.48639473852573
2018-11-08,98.51406839152109
2018-11-09,97.86584493931669
2018-11-12,96.26072636841828
2018-11-13,96.67744018322082
2018-11-14,96.75460809984322
2018-11-15,97.06328565386747
2018-11-16,97.17132191464576
2018-11-19,96.32246305673004
2018-11-20,94.6556136850545
2018-11-21,95.9829171585499
2018-11-23,95.35013082219076
2018-11-26,96.7854764439991
2018-11-27,96.4150680891977
2018-11-28,97.78867702269426
2018-11-29,97.29479529126931
2018-11-30,96.87808147646676
2018-12-03,98.15908537749564
2018-12-04,95.6125088037485
2018-12-06,94.71734448583162
2018-12-07,93.76044936713761
2018-12-10,93.0350579983108
2018-12-11,93.32830432402444
2018-12-12,94.701913257521
2018-12-13,94.53214030843093
2018-12-14,93.31286720817918
2018-12-17,92.57204461104176
2018-12-18,92.64612670590454
2018-12-19,91.75694899094036
2018-12-20,91.38256150610374
2018-12-21,89.79139981859369
2018-12-24,88.74622235929611
2018-12-26,90.80537137824281
2018-12-27,91.07056796821871
2018-12-28,91.55415229869782
2018-12-31,91.69454909320699
2019-01-02,91.50735535078869
2019-01-03,90.68057753355787
2019-01-04,93.4573075240929
2019-01-07,93.81609800988706
2019-01-08,94.42448213583289
2019-01-09,95.48525659417292
2019-01-10,95.85965002979131
2019-01-11,95.20446300515458
2019-01-14,94.7676756225846
2019-01-15,95.26686290288794
2019-01-16,95.53205949286384
2019-01-17,95.87524702883377
2019-01-18,96.84242759135553
2019-01-22,95.34485979966374
2019-01-23,95.7816531330155
2019-01-24,95.890849978658
2019-01-25,96.98281843508293
2019-01-28,96.4524371566947
2019-01-29,96.67083084797969
2019-01-30,97.73160530631972
2019-01-31,97.77840225422885
2019-02-01,97.74720230536217
2019-02-04,98.10599279115632
2019-02-05,98.87037666143556
2019-02-06,98.37118938113223
2019-02-07,97.06082128264053
2019-02-08,96.7488277447555
2019-02-11,96.65522789815546
2019-02-12,97.77840225422885
2019-02-13,97.79399925327131
2019-02-14,97.825199202138
2019-02-15,99.24476414627219
2019-02-19,99.61915758189058
2019-02-20,99.89995117090892
2019-02-21,99.69715447866638
2019-02-22,100.02475096637563
2019-02-25,100.32113560365467
2019-02-26,100.80473183569732
2019-02-27,100.39913845121225
2019-02-28,100.2587357059213
2019-03-01,100.80473183569732
2019-03-04,100.43033244929715
2019-03-05,100.52393824667898
2019-03-06,100.27433865574554
2019-03-07,98.99517050612052
2019-03-08,99.01077345594476
2019-03-11,99.86874527126048
2019-03-12,99.8063513243089
2019-03-13,100.6643290904064
2019-03-14,100.64872614058217
2019-03-15,101.74070649857067
2019-03-18,102.09949103358306
2019-03-19,102.30229367660738
2019-03-20,102.3490906245165
2019-03-21,102.28669072678315
2019-03-22,100.32113560365471
2019-03-25,100.46153834894567
2019-03-26,100.960725629249
2019-03-27,101.00752257715813
2019-03-28,100.75792298622467
2019-03-29,101.17911932053397
2019-04-01,102.47389041998322
2019-04-02,102.50508441806812
2019-04-03,103.30066823721404
2019-04-04,103.08227454592905
2019-04-05,103.34746518512317
2019-04-08,103.40986508285654
2019-04-09,102.75468400900158
2019-04-10,103.14467444366241
2019-04-11,102.92628075237742
2019-04-12,103.64386172396576
2019-04-15,103.69065867187489
2019-04-16,103.76864961786892
2019-04-17,104.0650461567115
2019-04-18,104.00264625897815
2019-04-22,103.83104951560229
2019-04-23,104.0338521586266
2019-04-24,103.31627118703828
2019-04-25,103.23826833948068
2019-04-26,103.65945277222642
2019-04-29,104.08064910653572
2019-04-30,104.14304900426907
2019-05-01,103.55025592658392
2019-05-02,103.39426213303229
2019-05-03,104.50183353928145
2019-05-06,103.31627118703825
2019-05-07,101.50670985746144
2019-05-08,101.63150965292817
2019-05-09,101.16351637070974
2019-05-10,101.91230324194653
2019-05-13,99.5411606851148
2019-05-14,100.5395292949397
2019-05-15,100.89832573151564
2019-05-16,101.70950059892222
2019-05-17,101.03871657524301
2019-05-20,100.6331350923215
2019-05-21,101.30391911600069
2019-05-22,100.89832573151561
2019-05-23,99.97794211690298
2019-05-24,101.05431952506724
2019-05-28,100.0715479142848
2019-05-29,99.43196383947229
2019-05-30,99.8063513243089
2019-05-31,98.90157661030229
2019-06-03,99.47876078738143
2019-06-04,100.61753214249728
2019-06-05,100.58633814441238
2019-06-06,100.9919196273339
2019-06-07,102.27108777695892
2019-06-10,102.55188136597727
2019-06-11,103.06667159610483
2019-06-12,102.30229367660738
2019-06-13,102.39588757242564
2019-06-14,101.64711260275242
2019-06-17,101.71886798635477
2019-06-18,103.07341725938426
2019-06-19,103.71085578731834
2019-06-20,104.61920173823258
2019-06-21,104.17299841611732
2019-06-24,104.39610007717495
2019-06-25,103.7746008559246
2019-06-26,103.90207883500848
2019-06-27,104.15705910943358
2019-06-28,104.74669187544511
2019-07-01,105.24070095948291
2019-07-02,105.54348699583055
2019-07-03,106.26059774092597
2019-07-05,105.4478633138568
2019-07-08,104.84230339929019
2019-07-09,104.39610007717494
2019-07-10,104.76261902400017
2019-07-11,104.73075256876136
2019-07-12,104.85824270597391
2019-07-15,104.95385422981899
2019-07-16,104.52357805625881
2019-07-17,104.38016077049119
2019-07-18,104.69887395539389
2019-07-19,104.39610007717492
2019-07-22,104.50765090770373
2019-07-23,105.16101658419288
2019-07-24,105.2407009594829
2019-07-25,104.1729984161173
2019-07-26,104.38016077049119
2019-07-29,104.60326243154881
2019-07-30,103.39213044428693
2019-07-31,102.70688615443032
2019-08-01,102.42003942476643
2019-08-02,101.51169955291653
2019-08-05,98.97789082692829
2019-08-06,99.64719581010118
2019-08-07,100.0296601426745
2019-08-08,101.00175116219502
2019-08-09,100.30056756565467
2019-08-12,99.50377244526925
2019-08-13,100.44399093048662
2019-08-14,97.68708054344076
2019-08-15,98.0217330350272
2019-08-16,99.20099248798593
2019-08-19,99.80655848161686
2019-08-20,99.47189991096609
2019-08-21,100.17308350750643
2019-08-22,99.98185438075194
2019-08-23,98.73884985918693
2019-08-26,99.5515842862561
2019-08-27,99.4718999109661
2019-08-28,99.4718999109661
2019-08-29,100.33244009995781
2019-08-30,100.73083766015051
2019-09-03,100.53960853339602
2019-09-04,101.95790287503179
2019-09-05,102.49972380005646
2019-09-06,102.8343762916429
2019-09-09,103.13716232799052
2019-09-10,103.31245822712562
2019-09-11,103.88615168645342
2019-09-12,104.49171160102001
2019-09-13,105.08134436703155
2019-09-16,104.14111980274984
2019-09-17,104.49171160102001
2019-09-18,104.36422146380747
2019-09-19,104.71481326207764
2019-09-20,104.47577229433628
2019-09-23,104.20486487135612
2019-09-24,103.8064673111634
2019-09-25,103.50368127481576
2019-09-26,103.8861516864534
2019-09-27,103.53555988818323
2019-09-30,103.9180181416922
2019-10-01,102.89812136024915
2019-10-02,100.79458272875677
2019-10-03,101.46388771192964
2019-10-04,102.26068283231507
2019-10-07,102.13319269510252
2019-10-08,101.17704706133007
2019-10-09,101.91009711310923
2019-10-10,102.62721393726898
2019-10-11,104.4598451457812
2019-10-14,104.02956897222101
2019-10-15,105.2407009594829
2019-10-16,105.40005755193424
2019-10-17,105.65503782635933
2019-10-18,105.60721990630813
2019-10-21,106.18091336563593
2019-10-22,105.9259452493395
2019-10-23,106.49963870866732
2019-10-24,106.69086175635746
2019-10-25,106.80241258688628
2019-10-28,107.28049452236901
2019-10-29,107.24862806713021
2019-10-30,107.69483138924546
2019-10-31,107.43985111482037
2019-11-01,108.39600282765716
2019-11-04,108.95376913842989
2019-11-05,108.74659462592733
2019-11-06,108.6987888640048
2019-11-07,109.03344135559124
2019-11-08,108.96969628698496
2019-11-11,108.82627900121734
2019-11-12,108.87408476313988
2019-11-13,108.49162650963089
2019-11-14,108.18884047328326
2019-11-15,108.87408476313989
2019-11-18,109.00157490035244
2019-11-19,108.85814545645614
2019-11-20,108.17290116659953
2019-11-21,108.02948388083192
2019-11-22,108.33226991717956
2019-11-25,109.1927979480426
2019-11-26,109.12906503756498
2019-11-27,109.41591176722888
2019-11-29,108.65098310208225
2019-12-02,108.09322894943818
2019-12-03,107.69483138924546
2019-12-04,108.68284955732105
2019-12-05,108.47568720294716
2019-12-06,109.46371752915141
2019-12-09,108.89002406982361
2019-12-10,108.93782983174614
2019-12-11,109.51152329107394
2019-12-12,110.24457334285309
2019-12-13,111.00950200799971
2019-12-16,112.18238296623163
2019-12-17,111.5378394070111
2019-12-18,111.39281126670471
2019-12-19,111.39281126670471
2019-12-20,111.47338382172447
2019-12-23,111.65063360785125
2019-12-24,111.53783940701109
2019-12-26,112.02123785619209
2019-12-27,112.214604612052
2019-12-30,111.37670659061743
2019-12-31,111.89233897926468
2020-01-02,113.0202809876662
2020-01-03,111.61839966838501
2020-01-06,112.05347179565835
2020-01-07,111.74731083895828
2020-01-08,112.06958876539147
2020-01-09,112.32739881289217
2020-01-10,111.90844365535196
2020-01-13,112.48853162928584
2020-01-14,112.60132583012599
2020-01-15,112.60132583012599
2020-01-16,113.06861960321973
2020-01-17,113.40700220574018
2020-01-21,112.50464859901898
2020-01-22,112.73023700069928
2020-01-23,112.45630998346546
2020-01-24,111.97289924063861
2020-01-27,109.65255963854895
2020-01-28,110.68382441584343
2020-01-29,110.6999290919307
2020-01-30,110.60325186082368
2020-01-31,108.73408906209461
2020-02-03,108.9918991095953
2020-02-04,110.81272329277084
2020-02-05,111.87622200953159
2020-02-06,112.18238296623166
2020-02-07,111.11888424947091
2020-02-10,111.34447265115121
2020-02-11,112.10181041121187
2020-02-12,112.48853162928584
2020-02-13,111.69897222340478
2020-02-14,111.50560546754487
2020-02-18,110.79661861668357
2020-02-19,111.16722286502441
2020-02-20,110.50657462971664
2020-02-21,109.99094224106939
2020-02-24,105.59194382101175
2020-02-25,103.85167989921011
2020-02-26,103.9805910697834
2020-02-27,100.90290756081014
2020-02-28,100.29059794105586
2020-03-02,101.57967891267398
2020-03-03,100.75788556732668
2020-03-04,103.77111963783625
2020-03-05,101.0157017616503
2020-03-06,99.50103238835189
2020-03-09,91.7826512347305
2020-03-10,95.16649570040383
2020-03-11,90.3163204769856
2020-03-12,80.39038777529174
2020-03-13,85.25667382162017
2020-03-16,76.45868927515077
2020-03-17,80.18091019652164
2020-03-18,75.58855731424995
2020-03-19,76.76484408502792
2020-03-20,75.81414571593027
2020-03-23,74.92790293211925
2020-03-24,81.27663055910277
2020-03-25,83.91925423444856
2020-03-26,87.67370294846275
2020-03-27,85.17610741342337
2020-03-30,86.90025436549189
2020-03-31,86.14291660543121
2020-04-01,82.32401230613038
2020-04-02,83.93536505735877
2020-04-03,82.01785749625327
2020-04-06,86.36850500711152
2020-04-07,86.85191574993839
2020-04-08,87.56090874762262
2020-04-09,89.54287189401477
2020-04-13,88.68885690284706
2020-04-14,90.2679818614321
2020-04-15,87.44811454678245
2020-04-16,87.49645316233595
2020-04-17,89.8168050580715
2020-04-20,88.47937932407693
2020-04-21,86.75523237200842
2020-04-22,88.22156312975332
2020-04-23,87.9476361125195
2020-04-24,88.96278392008087
2020-04-27,90.13907069085883
2020-04-28,90.81584204272266
2020-04-29,93.08784917608176
2020-04-30,91.15422464524313
2020-05-01,89.17226149885099
2020-05-04,89.14003370620766
2020-05-05,89.30116652260132
2020-05-06,88.72108469549038
2020-05-07,90.058504282662
2020-05-08,91.58929062569355
2020-05-11,91.5087242174967
2020-05-12,90.34854826962894
2020-05-13,89.6556660948549
2020-05-14,88.8016511036872
2020-05-15,88.88221751188404
2020-05-18,92.47553340950455
2020-05-19,91.20256326079662
2020-05-20,93.10395999899193
2020-05-21,92.02435660614393
2020-05-22,91.76654041182032
2020-05-26,94.39304711743299
2020-05-27,95.53710609556762
2020-05-28,96.43945970228884
2020-05-29,96.10107709976839
2020-06-01,98.24417920937714
2020-06-02,99.16264978583146
2020-06-03,101.53133415029758
2020-06-04,101.0962743166701
2020-06-05,102.83653209164882
2020-06-08,104.17395782564337
2020-06-09,102.82042126873861
2020-06-10,102.59482672023537
2020-06-11,97.10011408441954
2020-06-12,98.77592242093455
2020-06-15,99.1755369197475
2020-06-16,100.40113676112031
2020-06-17,100.77698663109453
2020-06-18,100.23772594242654
2020-06-19,99.74748725262205
2020-06-22,100.94040368351146
2020-06-23,101.49600919428272
2020-06-24,98.89773728122344
2020-06-25,100.3030927633933
2020-06-26,98.84871528235992
2020-06-29,99.64943702117185
2020-06-30,99.46968138037481
2020-07-01,99.84553125034903
2020-07-02,100.94040368351145
2020-07-06,102.59087539372197
2020-07-07,101.0874759138251
2020-07-08,101.93722588522368
2020-07-09,100.77698663109449
2020-07-10,101.85552047587679
2020-07-13,101.20186473365536
2020-07-14,102.68892562517212
2020-07-15,103.84915864557816
2020-07-16,103.17916431497662
2020-07-17,103.7837918246114
2020-07-20,104.29037533651916
2020-07-21,104.50281438779959
2020-07-22,104.78062026004679
2020-07-23,103.94720887702832
2020-07-24,103.37525854415378
2020-07-27,104.73158579373698
2020-07-28,104.06159769685858
2020-07-29,105.15646389629785
2020-07-30,103.60404241753749
2020-07-31,101.39795896283253
2020-08-03,103.37525854415377
2020-08-04,103.9472088770283
2020-08-05,104.29037533651913
2020-08-06,104.40476415634942
2020-08-07,103.97989228751169
2020-08-10,104.32305874700252
2020-08-11,104.69890861697674
2020-08-12,107.0193746577888
2020-08-13,106.54547455636443
2020-08-14,105.8918312815893
2020-08-17,106.69255302040125
2020-08-18,106.62718619943448
2020-08-19,106.1532860980101
2020-08-20,105.81011963851927
2020-08-21,105.27085271612812
2020-08-24,106.6598633761947
2020-08-25,106.72523019716148
2020-08-26,107.34620876262268
2020-08-27,106.25133009573712
2020-08-28,107.00304230313185
2020-08-31,106.18597574221664
2020-09-01,106.30036456204692
2020-09-02,107.72205239887376
2020-09-03,105.2871975382314
2020-09-04,105.43426353482191
2020-09-08,104.14330310620548
2020-09-09,106.08791927704334
2020-09-10,104.84598708101356
2020-09-11,105.89183128158932
2020-09-14,106.46377538074071
2020-09-15,107.15010829972238
2020-09-16,107.15010829972238
2020-09-17,107.2971867637592
2020-09-18,106.43108573653419
2020-09-21,103.73476982574789
2020-09-22,103.7020864152645
2020-09-23,102.83599785548579
2020-09-24,102.73794762403563
2020-09-25,103.0811203172496
2020-09-28,104.63354179600996
2020-09-29,104.51915297617968
2020-09-30,104.01257569799508
2020-10-01,104.6171969739067
2020-10-02,104.40476415634942
2020-10-05,105.98987527931632
2020-10-06,104.86231943567051
2020-10-07,105.76109763965576
2020-10-08,106.49645255750092
2020-10-09,107.32986394051939
2020-10-12,107.95083003853426
2020-10-13,106.74157501926473
2020-10-14,106.56181937846767
2020-10-15,105.30354236033463
2020-10-16,105.79377481641598
2020-10-19,105.40158635806165
2020-10-20,105.92450845834954
2020-10-21,105.41793118016493
2020-10-22,105.49963035578867
2020-10-23,106.18597574221663
2020-10-26,104.274036748139
2020-10-27,103.45697018722379
2020-10-28,100.36845335063687
2020-10-29,100.84235345206125
2020-10-30,100.31943135177336
2020-11-02,101.62673660249305
2020-11-03,104.2903753365191
2020-11-04,105.43426353482188
2020-11-05,107.96717486063754
2020-11-06,108.19595250029809
2020-11-09,111.34982992412864
2020-11-10,112.34665212584089
2020-11-11,113.29445232868964
2020-11-12,111.64397438475596
2020-11-13,113.35981914965642
2020-11-16,114.53638452471942
2020-11-17,114.42199570488916
2020-11-18,113.81737442897753
2020-11-19,114.61809616778947
2020-11-20,114.96126262728029
2020-11-23,114.81419663068978
2020-11-24,116.53002892814393
2020-11-25,116.38296293155342
2020-11-27,117.18368467036535
2020-11-30,114.63444098989272
2020-12-01,117.33076313440215
2020-12-02,117.34709548905911
2020-12-03,117.54319595195942
2020-12-04,118.54001815367168
2020-12-07,117.57587312871966
2020-12-08,117.98440640917727
2020-12-09,118.14782969531737
2020-12-10,118.31124051401115
2020-12-11,117.95172923241705
2020-12-14,118.02362859628833
2020-12-15,119.22812526262564
2020-12-16,119.69011984530573
2020-12-17,120.53161717142062
2020-12-18,119.90461373343344
2020-12-21,118.37012453329844
2020-12-22,118.0731262175172
2020-12-23,119.34362390829568
2020-12-24,119.3931215295245
2020-12-28,120.36660831611351
2020-12-29,121.1421046177872
2020-12-30,121.30710088468605
2020-12-31,120.38311171932587
2021-01-04,121.01010256890481
2021-01-05,122.26409685647096
2021-01-06,123.66658400772357
2021-01-07,123.79858605660597
2021-01-08,124.95358510171444
2021-01-11,123.32008807071354
2021-01-12,123.88109048425954
2021-01-13,123.71609421736069
2021-01-14,124.70608440716205
2021-01-15,122.7590982455758
2021-01-19,123.6500931929195
2021-01-20,124.49157793062612
2021-01-21,124.59058576149204
2021-01-22,123.99658912992956
2021-01-25,123.84808367783482
2021-01-26,124.02958334794604
2021-01-27,121.19160223901606
2021-01-28,121.96709854068976
2021-01-29,119.44261915075339
2021-02-01,120.86160970521837
2021-02-02,122.08259718635978
2021-02-03,122.37959550214102
2021-02-04,122.5115975510234
2021-02-05,123.27059044948471
2021-02-08,124.12859117881194
2021-02-09,124.80507964961971
2021-02-10,124.3760792849561
2021-02-11,125.21757661107098
2021-02-12,125.91056848509112
2021-02-16,126.81806683564717
2021-02-17,126.0755773403982
2021-02-18,125.44857390241101
2021-02-19,125.81157324263343
2021-02-22,125.49807152363982
2021-02-23,125.61357016930985
2021-02-24,126.009576315957
2021-02-25,123.86458708104718
2021-02-26,122.11560399278449
2021-03-01,124.40908609138083
2021-03-02,124.27708404249844
2021-03-03,123.51809114403711
2021-03-04,122.34660128412452
2021-03-05,123.13858840060232
2021-03-08,122.70960062434693
2021-03-09,124.35958847015195
2021-03-10,124.88758407727322
2021-03-11,125.54756914486863
2021-03-12,125.86107086386222
2021-03-15,125.96006610631989
2021-03-16,126.17457258285583
2021-03-17,126.9170620781048
2021-03-18,125.76207562140458
2021-03-19,126.10857155841465
2021-03-22,126.22407020408467
2021-03-23,124.47508711582199
2021-03-24,123.84808367783481
2021-03-25,124.77208543160324
2021-03-26,126.38906647098355
2021-03-29,125.89407767028699
2021-03-30,125.72906881497988
2021-03-31,125.1845823930545
2021-04-01,126.81806683564717
2021-04-05,128.66605775477578
2021-04-06,127.29656482153963
2021-04-07,127.56055633089615
2021-04-08,128.286555011341
2021-04-09,128.6825485695799
2021-04-12,127.9730532923474
2021-04-13,128.7155553760046
2021-04-14,128.81455061846228
2021-04-15,129.8870452359172
2021-04-16,130.82753780448974
2021-04-19,130.5965405131497
2021-04-20,128.25356079332454
2021-04-21,129.57354351692362
2021-04-22,129.14454315226
2021-04-23,130.46453846426732
2021-04-26,130.563533706725
2021-04-27,130.1345459304696
2021-04-28,130.46453846426732
2021-04-29,130.51403608549614
2021-04-30,128.88055164290347
2021-05-03,130.29954219736845
2021-05-04,128.36905943899455
2021-05-05,130.11804252725724
2021-05-06,131.19053714471218
2021-05-07,132.67552872361836
2021-05-10,131.96603344638586
2021-05-11,130.2335411729273
2021-05-12,128.15455296245864
2021-05-13,129.11154893424353
2021-05-14,131.2730289839575
2021-05-17,131.02554087781334
2021-05-18,131.30603579038223
2021-05-19,130.15103674527376
2021-05-20,131.86702561552
2021-05-21,132.0485252856312
2021-05-24,132.85701580532134
2021-05-25,132.89002261174608
2021-05-26,132.80751818409252
2021-05-27,133.05501887864492
2021-05-28,133.3685205976385
2021-06-01,133.84701858353094
2021-06-02,134.29250976299866
2021-06-03,133.63251210699502
2021-06-04,134.77100774889112
2021-06-07,135.21649892835885
2021-06-08,135.1505104923259
2021-06-09,134.7875111521035
2021-06-10,135.15380039729095
2021-06-11,135.47157731619507
2021-06-14,135.7057247006269
2021-06-15,135.87297100949598
2021-06-16,135.036726705075
2021-06-17,134.1001371673477
2021-06-18,131.3237999518339
2021-06-21,133.04647393740444
2021-06-22,133.06318963623855
2021-06-23,132.2102296329835
2021-06-24,133.48131178844903
2021-06-25,133.7656445496095
2021-06-28,132.91267178627902
2021-06-29,132.94611594402267
2021-06-30,131.92589687182306
2021-07-01,132.24367379072717
2021-07-02,132.6952401006813
2021-07-06,131.8255516385167
2021-07-07,132.54472225072175
2021-07-08,130.83878948413619
2021-07-09,133.06318963623858
2021-07-12,133.63184239848405
2021-07-13,132.92940024518856
2021-07-14,133.2304487051831
2021-07-15,131.9593537896421
2021-07-16,130.98930733409568
2021-07-19,128.61437657195827
2021-07-20,129.55096610968562
2021-07-21,131.5245031785221
2021-07-22,131.5746757951753
2021-07-23,132.49454963406853
2021-07-26,132.6785244018472
2021-07-27,132.1433285574208
2021-07-28,132.71196855959084
2021-07-29,133.63184239848408
2021-07-30,132.9461159440227
2021-08-02,133.61511393957457
2021-08-03,134.56843193621145
2021-08-04,134.1670382429105
2021-08-05,134.81930777955282
2021-08-06,134.31755609287006
2021-08-09,134.25065501730734
2021-08-10,134.55170347730188
2021-08-11,135.47157731619512
2021-08-12,135.3545036239792
2021-08-13,136.17401946949062
2021-08-16,135.47157731619512
2021-08-17,134.20048240065415
2021-08-18,133.6820150151373
2021-08-19,132.36074748294314
2021-08-20,132.87921486846
2021-08-23,134.11686562625732
2021-08-24,134.40118562734233
2021-08-25,134.45135824399551
2021-08-26,133.74891609070002
2021-08-27,134.96982562951237
2021-08-30,134.93638147176873
2021-08-31,134.869480396206
2021-09-01,136.09040269509381
2021-09-02,136.64231423835432
2021-09-03,137.26113961725298
2021-09-07,137.36148485055935
2021-09-08,136.27437746287248
2021-09-09,136.0402173183652
2021-09-10,135.73918161844608
2021-09-13,136.80957330729888
2021-09-14,136.2409205450534
2021-09-15,136.64231423835434
2021-09-16,136.42489531283206
2021-09-17,134.63533301177424
2021-09-20,132.14332855742092
2021-09-21,133.44786763070553
2021-09-22,134.11686562625738
2021-09-23,135.57192254950155
2021-09-24,134.30084039403602
2021-09-27,134.21721085956375
2021-09-28,131.2903557940904
2021-09-29,130.98930733409583
2021-09-30,130.47083994857897
2021-10-01,130.78860410740762
2021-10-04,129.41716395856028
2021-10-05,130.30359363970987
2021-10-06,129.43389241746982
2021-10-07,130.4373830307599
2021-10-08,130.42066733192578
2021-10-11,130.0025451797153
2021-10-12,130.0694334952026
2021-10-13,131.3572568696531
2021-10-14,132.66179594293772
2021-10-15,133.76564454960962
2021-10-18,133.19699178736414
2021-10-19,133.99979193404147
2021-10-20,134.46808670290514
2021-10-21,133.83253286509694
2021-10-22,134.63533301177426
2021-10-25,134.36772870952333
2021-10-26,134.63533301177426
2021-10-27,134.10013716734787
2021-10-28,135.40467624063248
2021-10-29,134.61860455286472
2021-11-01,135.92314362614934
2021-11-02,135.6388236250643
2021-11-03,136.74267223173618
2021-11-04,136.65904269726389
2021-11-05,136.85974592395206
2021-11-08,136.84301746504252
2021-11-09,136.54196900504797
2021-11-10,134.8862088551156
2021-11-11,135.3712320828888
2021-11-12,136.10711839392795
2021-11-15,135.85625531066202
2021-11-16,135.55520685066745
2021-11-17,135.3879477817229
2021-11-18,135.52174993284834
2021-11-19,134.36772870952328
2021-11-22,133.58166978183095
2021-11-23,133.44786763070547
2021-11-24,132.56145070963132
2021-11-26,128.99904180634977
2021-11-29,129.65131134299207
2021-11-30,128.51401857857655
2021-12-01,127.7781322675374
2021-12-02,129.36699134190704
2021-12-03,128.83179549748064
2021-12-06,130.06943349520253
2021-12-07,132.8123265529727
2021-12-08,133.06318963623863
2021-12-09,131.9593537896422
2021-12-10,132.24367379072723
2021-12-13,131.0260990210722
2021-12-14,130.3283436986757
2021-12-15,132.09827832292405
2021-12-16,132.1152875615094
2021-12-17,130.44747328953127
2021-12-20,130.1581604237608
2021-12-21,131.60473773676472
2021-12-22,132.83007809079447
2021-12-23,133.61293154272423
2021-12-27,134.65106639910212
2021-12-28,134.70212008316142
2021-12-29,134.6510663991021
2021-12-30,134.29877697029494
2021-12-31,134.17940080009575
2022-01-03,135.0491489035623
2022-01-04,135.816565281839
2022-01-05,134.62280357984707
2022-01-06,133.94064845969737
2022-01-07,134.3328788713404
2022-01-10,133.08795781226692
2022-01-11,134.53752931069334
2022-01-12,135.8506801939112
2022-01-13,134.86155592024545
2022-01-14,134.72512229401016
2022-01-18,132.74687374667872
2022-01-19,132.62749757647953
2022-01-20,131.979457368402
2022-01-21,130.18880180438737
2022-01-24,128.89272138823233
2022-01-25,128.10824755391954
2022-01-26,127.61368541708667
2022-01-27,127.01680456609071
2022-01-28,127.44314988980594
2022-01-31,129.30200925591146
2022-02-01,130.52988586997557
2022-02-02,131.5019526876052
2022-02-03,129.42138542611065
2022-02-04,129.72835457962668
2022-02-07,129.950049463989
2022-02-08,130.6151471281026
2022-02-09,132.72982930166933
2022-02-10,131.0414924518178
2022-02-11,129.06325691551305
2022-02-14,128.2276237241187
2022-02-15,130.5810452270571
2022-02-16,131.07560736388996
2022-02-17,128.96093820134993
2022-02-18,128.41521670743552
2022-02-22,126.91447284090083
2022-02-23,125.87418921015355
2022-02-24,124.18586537132875
2022-02-25,127.28965880753448
2022-02-28,124.86802049147845
2022-03-01,122.13941302190638
2022-03-02,123.67424577845979
2022-03-03,121.23555000636765
2022-03-04,117.72246870248277
2022-03-07,113.98767950320887
2022-03-08,114.9768037768746
2022-03-09,119.78597850794124
2022-03-10,118.35346446555091
2022-03-11,117.07442849440525
2022-03-14,118.148814026198
2022-03-15,119.274371926099
2022-03-16,123.55486960826059
2022-03-17,124.59515323900786
2022-03-18,125.80597239703587
2022-03-21,125.02149856272308
2022-03-22,126.19821581970564
2022-03-23,124.56105133796241
2022-03-24,125.72071113890888
2022-03-25,125.78892795202653
2022-03-28,125.37962707332068
2022-03-29,128.159406911001
2022-03-30,127.63072986209596
2022-03-31,125.51606069955595
2022-04-01,126.6927779565385
2022-04-04,127.20438453838074
2022-04-05,125.48195879851048
2022-04-06,123.98121493197579
2022-04-07,124.25408218444636
2022-04-08,124.3052415415279
2022-04-11,122.99210366933679
2022-04-12,122.07119620878869
2022-04-13,123.38433408097983
2022-04-14,122.82155513102933
2022-04-18,122.10529810983418
2022-04-19,122.68513451582078
2022-04-20,123.50371025117904
2022-04-21,122.17351492295181
2022-04-22,120.17822193061099
2022-04-25,119.59838552462438
2022-04-26,116.25583974802025
2022-04-27,116.78451679692529
2022-04-28,118.43872572367789
2022-04-29,117.05737103836913
2022-05-02,116.76745934088919
2022-05-03,117.63720744435572
2022-05-04,119.70071724981419
2022-05-05,115.84655188034111
2022-05-06,114.7209939804401
2022-05-09,111.25907203363677
2022-05-10,112.09471823605784
2022-05-11,111.42960756091752
2022-05-12,111.15675331947367
2022-05-13,114.24348929964331
2022-05-16,114.34582102483314
2022-05-17,116.47754764340925
2022-05-18,113.6977678057289
2022-05-19,114.78921079355773
2022-05-20,115.57368462787053
2022-05-23,117.5348757191659
2022-05-24,117.34728273584905
2022-05-25,117.38139764792123
2022-05-26,118.67747806407627
2022-05-27,120.1100051174933
2022-05-31,119.39374809629815
2022-06-01,118.13175657016185
2022-06-02,120.58750979829009
2022-06-03,118.8650710473931
2022-06-06,119.3425887392166
2022-06-07,119.70071724981416
2022-06-08,118.02943785599874
2022-06-09,115.60438877735298
2022-06-10,112.81412111871819
2022-06-13,109.08212897807525
2022-06-14,108.05321653160563
2022-06-15,110.07616224724657
2022-06-16,107.65211597145957
2022-06-17,107.2161362340152
2022-06-21,108.83798138951006
2022-06-22,108.1055386238145
2022-06-23,107.98345817700906
2022-06-24,111.20971222561106
2022-06-27,110.73885331086841
2022-06-28,109.98896763026228
2022-06-29,109.57043080772848
2022-06-30,108.97749809870324
2022-07-01,109.23908194965615
2022-07-05,106.90223029085345
2022-07-06,106.98942490783776
2022-07-07,108.61127006333263
2022-07-08,108.73334385761522
2022-07-11,106.97198864545005
2022-07-12,106.95455238306234
2022-07-13,106.90223029085348
2022-07-14,105.40245892964121
2022-07-15,107.07662617734493
2022-07-18,107.5126059147893
2022-07-19,110.44239028261725
2022-07-20,109.70994086439885
2022-07-21,110.84349084276333
2022-07-22,110.56446407689985
2022-07-25,111.418980636878
2022-07-26,109.86689383597972
2022-07-27,112.46532934573533
2022-07-28,113.04082579237286
2022-07-29,114.61035550818171
2022-08-01,114.76730182723975
2022-08-02,112.93619491300083
2022-08-03,113.59887932409983
2022-08-04,114.17437577073736
2022-08-05,113.37217465044522
2022-08-08,113.63376515392098
2022-08-09,113.02338287746231
2022-08-10,115.56950294753192
2022-08-11,115.53463042275648
2022-08-12,116.42403281255578
2022-08-15,115.72646257163566
2022-08-16,115.69157674181453
2022-08-17,114.76730182723979
2022-08-18,114.38363752948143
2022-08-19,112.81412111871828
2022-08-22,110.89580628244937
2022-08-23,110.94812172213538
2022-08-24,111.08763843132856
2022-08-25,112.30838302667735
2022-08-26,109.36115574393882
2022-08-29,109.11700815537364
2022-08-30,108.33224329746922
2022-08-31,107.59980053177365
2022-09-01,106.1523446102474
2022-09-02,105.45478102185012
2022-09-06,105.19319051837437
2022-09-07,106.1174654329491
2022-09-08,106.18722378754569
2022-09-09,108.89029682919617
2022-09-12,110.40751110531902
2022-09-13,106.57088808530405
2022-09-14,106.91967320576411
2022-09-15,105.97795537627881
2022-09-16,105.33270722756755
2022-09-19,105.69892861041532
2022-09-20,103.90269422095186
2022-09-21,102.54243291640991
2022-09-22,102.2459698881587
2022-09-23,98.9848366622584
2022-09-26,97.51994447834443
2022-09-27,96.85726006724545
2022-09-28,99.19411172604815
2022-09-29,98.02568257038537
2022-09-30,97.67689744992532
2022-10-03,99.61264854858196
2022-10-04,103.60622454017782
2022-10-05,102.50755373911163
2022-10-06,100.71131934964816
2022-10-07,99.10691710906386
2022-10-10,98.54885692481405
2022-10-11,97.46762903865842
2022-10-12,97.15372309549664
2022-10-13,99.15923254874986
2022-10-14,97.6768974499253
2022-10-17,100.0835074633246
2022-10-18,100.79851396663244
2022-10-19,99.56033310889593
2022-10-20,99.33362178271847
2022-10-21,101.12986282470479
2022-10-24,101.14729908709252
2022-10-25,103.37951321400035
2022-10-26,104.35611022078396
2022-10-27,103.37951321400035
2022-10-28,104.40842566046996
2022-10-31,103.4318353062092
2022-11-01,104.25147268888907
2022-11-02,102.73426506528908
2022-11-03,101.86230559040035
2022-11-04,105.9430761989805
2022-11-07,106.27441840453001
2022-11-08,107.47772673749108
2022-11-09,105.97795537627881
2022-11-10,111.92471872891903
2022-11-11,114.15693285582687
2022-11-14,112.9536245228658
2022-11-15,113.70351020347194
2022-11-16,113.44193300504188
2022-11-17,113.38960426031016
2022-11-18,113.61632223901049
2022-11-21,112.76180567903232
2022-11-22,114.33132208979546
2022-11-23,115.58694586244255
2022-11-25,116.17988522399064
2022-11-28,114.68011386277837
2022-11-29,115.01144941580502
2022-11-30,117.05184469887938
2022-12-01,118.18538137219818
2022-12-02,118.09819340773673
2022-12-05,116.54610660683845
2022-12-06,116.02292559988693
2022-12-07,116.02292559988693
2022-12-08,116.61586496143504
2022-12-09,116.68562331603161
2022-12-12,117.03440178396882
2022-12-13,118.68763748055969
2022-12-14,118.58259295499658
2022-12-15,115.55368001068572
2022-12-16,114.53820507142353
2022-12-19,114.25808188404005
2022-12-20,114.71328373324393
2022-12-21,115.90383733432651
2022-12-22,114.95840988896728
2022-12-23,115.36108947538962
2022-12-27,115.53616813721001
2022-12-28,114.3106041468216
2022-12-29,116.11393974309838
2022-12-30,114.92338614201579
2023-01-03,115.93886108127798
2023-01-04,117.47957200600135
2023-01-05,116.3065302783945
2023-01-06,119.28290760227814
2023-01-09,119.79064507190924
2023-01-10,120.1408157531957
2023-01-11,121.05123280924911
2023-01-12,122.83706988969584
2023-01-13,123.48486227419583
2023-01-17,123.8700433447881
2023-01-18,123.43234001141428
2023-01-19,123.23974947611815
2023-01-20,124.32525855163763
2023-01-23,124.83299602126873
2023-01-24,124.6754158752784
2023-01-25,125.49830027924446
2023-01-26,125.60334480480756
2023-01-27,125.35823200672986
2023-01-30,124.55285947623953
2023-01-31,125.2706993546425
2023-02-01,126.3912188194678
2023-02-02,126.21612680000173
2023-02-03,125.04308507239489
2023-02-06,123.76499881922493
2023-02-07,124.81548414779293
2023-02-08,124.04512200660841
2023-02-09,124.27273628885602
2023-02-10,123.72997507227343
2023-02-13,124.97305093613757
2023-02-14,125.20066521838518
2023-02-15,124.64040548597254
2023-02-16,124.02761013313265
2023-02-17,124.34275706746763
2023-02-21,122.97712480456467
2023-02-22,122.29430867311318
2023-02-23,122.9246025417831
2023-02-24,120.87615414742864
2023-02-27,122.31182054658889
2023-02-28,121.41890200636553
2023-03-01,122.06670774851119
2023-03-02,122.31182054658886
2023-03-03,124.09764426938992
2023-03-06,123.78249733505496
2023-03-07,121.71653706722475
2023-03-08,122.38185468284617
2023-03-09,121.4889361426228
2023-03-10,120.1933380159771
2023-03-13,119.37045361201103
2023-03-14,120.96368679951595
2023-03-15,117.21694733444781
2023-03-16,119.03779480420033
2023-03-17,117.6196402785158
2023-03-20,119.45799962174408
2023-03-21,121.26133521802088
2023-03-22,120.84113040047714
2023-03-23,120.85864227395288
2023-03-24,120.49097307683637
2023-03-27,121.6290044151374
2023-03-28,121.68152667791895
2023-03-29,123.15220346638503
2023-03-30,124.58788322319097
2023-03-31,125.21816373421522
2023-04-03,126.21612680000167
2023-04-04,126.2336386734774
2023-04-05,125.35823200672979
2023-04-06,125.9535154860939
2023-04-10,125.86596947636086
2023-04-11,126.28616093625892
2023-04-12,127.09153346674925
2023-04-13,128.71979040120564
2023-04-14,128.19455441574448
2023-04-17,127.96694013349688
2023-04-18,128.6672681384241
2023-04-19,128.26458855200175
2023-04-20,128.26458855200175
2023-04-21,128.91238093650176
2023-04-24,129.24503974431246
2023-04-25,127.44170414803568
2023-04-26,127.35415813830267
2023-04-27,128.94740468345324
2023-04-28,128.8948824206717
2023-05-01,128.7022918853756
2023-05-02,127.40668040108423
2023-05-03,127.73933920889495
2023-05-04,127.47671453734154
2023-05-05,129.3500842698756
2023-05-08,129.38510801682708
2023-05-09,128.85985867372023
2023-05-10,128.5972340021668
2023-05-11,128.28208706783184
2023-05-12,128.0544861432299
2023-05-15,129.0349373355406
2023-05-16,127.80937334515221
2023-05-17,128.40464346687065
2023-05-18,128.2120662892202
2023-05-19,128.96491655692898
2023-05-22,128.9999269462348
2023-05-23,127.109045340225
2023-05-24,125.25318748116666
2023-05-25,125.07810881934628
2023-05-26,126.30367280973469
2023-05-30,125.02558655656473
2023-05-31,123.72997507227339
2023-06-01,125.56833441550167
2023-06-02,127.19659134995807
2023-06-05,126.46125295572503
2023-06-06,127.51173828429303
2023-06-07,126.41047242307793
2023-06-08,127.74786634512037
2023-06-09,127.53387841991075
2023-06-12,128.08667715886696
2023-06-13,129.29924819237243
2023-06-14,129.78070401825093
2023-06-15,131.15376939683222
2023-06-16,130.8684521632194
2023-06-20,129.13875384729658
2023-06-21,129.3349060442368
2023-06-22,128.53247513288113
2023-06-23,126.53529531161493
2023-06-26,126.69578965669076
2023-06-27,127.80135992525418
2023-06-28,127.89052496192681
2023-06-29,127.71220849325606
2023-06-30,129.28141246410303
2023-07-03,129.1387538472966
2023-07-05,127.6943727649866
2023-07-06,125.4832186231853
2023-07-07,126.42830815134738
2023-07-10,126.7849410886889
2023-07-11,127.92618281379114
2023-07-12,130.36916060907149
2023-07-13,132.4554918623358
2023-07-14,131.7065545311139
2023-07-17,131.5460601860381
2023-07-18,132.40199828220204
2023-07-19,132.33066897379885
2023-07-20,131.65306095098015
2023-07-21,131.92054245632355
2023-07-24,131.5995673708464
2023-07-25,131.7422123829783
2023-07-26,132.09885892499432
2023-07-27,131.79571956778656
2023-07-28,132.74080909594863
2023-07-31,132.776466947813
2023-08-01,131.11809794029338
2023-08-02,128.67513374968752
2023-08-03,128.3184872076715
2023-08-04,128.67513374968752
2023-08-07,129.76286828998153
2023-08-08,128.97827310689527
2023-08-09,128.9426016503564
2023-08-10,129.4954003893126
2023-08-11,128.62162656487925
2023-08-14,128.05100570232813
2023-08-15,126.46396600321172
2023-08-16,125.42971143837703
2023-08-17,124.53811549034873
2023-08-18,124.53811549034873
2023-08-21,125.00174919263232
2023-08-22,124.76993914382777
2023-08-23,126.12516879413965
2023-08-24,124.39547047821685
2023-08-25,125.23357284611137
2023-08-28,126.55313103988439
2023-08-29,128.12233501073138
2023-08-30,128.05100570232815
2023-08-31,127.55171414818022
2023-09-01,127.48038483977702
2023-09-05,126.37481457121362
2023-09-06,126.10733306587024
2023-09-07,125.69719294372044
2023-09-08,125.5188764750497
2023-09-11,126.82061254522779
2023-09-12,126.30348526281043
2023-09-13,125.91118086893005
2023-09-14,127.56954987644966
2023-09-15,127.28423264283686
2023-09-18,126.83843466882271
2023-09-19,126.94543543376476
2023-09-20,126.64228247188252
2023-09-21,124.53811549034877
2023-09-22,124.64511625529083
2023-09-25,124.09231751633463
2023-09-26,122.48745569362329
2023-09-27,122.25563204014423
2023-09-28,123.25422875311457
2023-09-29,122.89758221109857
2023-10-02,121.09656819144703
2023-10-03,119.58084419605933
2023-10-04,119.79483212126894
2023-10-05,120.84690880969858
2023-10-06,122.18430273174101
2023-10-09,122.00598626307026
2023-10-10,123.68219099885928
2023-10-11,124.19931828127663
2023-10-12,123.16506371644194
2023-10-13,122.02382199133967
2023-10-16,122.91541793936797
2023-10-17,122.98674724777119
2023-10-18,120.84690880969858
2023-10-19,119.77699639299952
2023-10-20,118.70708397630047
2023-10-23,118.79624901297309
2023-10-24,119.47385703579178
2023-10-25,118.61791893962784
2023-10-26,117.7619944481384
2023-10-27,117.40534790612237
2023-10-30,118.90323617324064
2023-10-31,119.33119841898537
2023-11-01,120.4546180204927
2023-11-02,122.91541793936798
2023-11-03,124.21715400954609
2023-11-06,123.59302596218667
2023-11-07,122.84408863096478
2023-11-08,122.68360789056345
2023-11-09,122.66577216229402
2023-11-10,123.21855729657572
2023-11-13,123.5395323820529
2023-11-14,126.69578965669079
2023-11-15,126.4996374597506
2023-11-16,126.41047242307798
2023-11-17,128.12233501073138
2023-11-20,128.60380444128438
2023-11-21,128.10449928246194
2023-11-22,128.40765224434418
2023-11-24,129.3883996243706
2023-11-27,128.94260165035647
2023-11-28,128.9782731068953
2023-11-29,129.2457546122387
2023-11-30,129.13875384729664
2023-12-01,130.49398349760853
2023-12-04,129.47756466104323
2023-12-05,129.01393095875966
2023-12-06,129.40623535264004
2023-12-07,130.03034979532495
2023-12-08,130.4226541892053
2023-12-11,130.7436292746825
2023-12-12,130.97543932348705
2023-12-13,132.88345410808063
2023-12-14,133.86421509278156
2023-12-15,132.56247902260347
2023-12-18,132.88345410808063
2023-12-19,134.00687370958795
2023-12-20,132.67126243525456
2023-12-21,134.82015482097992
2023-12-22,134.9465594450184
2023-12-26,135.56052082547095
2023-12-27,136.28283886729272
2023-12-28,135.92167295784648
2023-12-29,136.06613932162497
2024-01-02,134.5492838331629
2024-01-03,133.5380330637841
2024-01-04,133.84502753108112
2024-01-05,133.93530867563962
2024-01-08,135.3618830195432
2024-01-09,134.1520082213074
2024-01-10,135.01877884983693
2024-01-11,135.0007308871677
2024-01-12,135.56052082547097
2024-01-16,133.2852238157071
2024-01-17,132.02117757532204
2024-01-18,133.19494267114862
2024-01-19,133.50192336137488
2024-01-22,133.91726071297037
2024-01-23,133.53803306378413
2024-01-24,134.54928383316292
2024-01-25,134.92849770527843
2024-01-26,135.52441112306172
2024-01-29,136.318948569702
2024-01-30,136.13837250351426
2024-01-31,135.4521779411725
2024-02-01,136.7884573634468
2024-02-02,135.7049871892495
2024-02-05,134.9826691474277
2024-02-06,135.813330073548
2024-02-07,135.74109689165874
2024-02-08,135.50634938332172
2024-02-09,135.9758581770665
2024-02-12,136.21060568540352
2024-02-13,134.11588474182741
2024-02-14,135.61469226762026
2024-02-15,137.14960949582235
2024-02-16,137.3663090414901
2024-02-20,137.92609897979338
2024-02-21,138.03445564116262
2024-02-22,139.5874346091047
2024-02-23,139.76801067529246
2024-02-26,139.5693728693647
2024-02-27,139.94858674148023
2024-02-28,139.13598755509994
2024-02-29,139.49713968747545
2024-03-01,140.85148084948977
2024-03-04,140.49032871711427
2024-03-05,140.23751946903727
2024-03-06,141.89884132127787
2024-03-07,143.57822491325845
2024-03-08,143.10871611951367
2024-03-11,142.29611693313336
2024-03-12,143.43375854947993
2024-03-13,143.45182028921994
2024-03-14,142.4044598174319
2024-03-15,142.45863125958115
2024-03-18,142.4225215571719
2024-03-19,142.67533080524893
2024-03-20,144.19218629371102
2024-03-21,144.11995311182176
2024-03-22,143.81297242159548
2024-03-25,143.50599173136922
2024-03-26,143.66850605781698
2024-03-27,144.53529046341728
2024-03-28,144.210248033451
2024-04-01,143.59627287592772
2024-04-02,142.58503588361967
2024-04-03,143.3795871073307
2024-04-04,142.15165056935487
2024-04-05,142.60309762335964
2024-04-08,143.30735392544142
2024-04-09,143.2892921857014
2024-04-10,141.3932228251238
2024-04-11,141.7724366972393
2024-04-12,139.47907794773542
2024-04-15,139.06375437321063
2024-04-16,137.6913514714563
2024-04-17,137.78164639308557
2024-04-18,137.40241874389932
2024-04-19,137.4566039631193
2024-04-22,139.06375437321066
2024-04-23,140.58060986167274
2024-04-24,140.30973887385574
2024-04-25,139.65965401392322
2024-04-26,140.77924766760054
2024-04-29,141.32098964323455
2024-04-30,139.53324938988473
2024-05-01,139.22626869965848
2024-05-02,141.10429009756683
2024-05-03,142.5128027017304
2024-05-06,143.48792999162922
2024-05-07,143.86714386374473
2024-05-08,143.70462953729697
2024-05-09,144.8061614512343
2024-05-10,145.07701866198056
2024-05-13,145.07701866198056
2024-05-14,146.1605026132486
2024-05-15,147.7134815811907
2024-05-16,146.91893035747967
2024-05-17,147.4245488536337
2024-05-20,147.5328917379322
2024-05-21,147.29814422959518
2024-05-22,145.90769336517158
2024-05-23,145.1673135836098
2024-05-24,146.35914041917636
2024-05-28,146.30495519995637
2024-05-29,143.99354848778324
2024-05-30,145.2034370630898
2024-05-31,146.5938879275134
2024-06-03,147.00922527910893
2024-06-04,146.82863543585043
2024-06-05,147.8579341678985
2024-06-06,148.36356644112325
2024-06-07,146.75640225396117
2024-06-10,146.64805936966266
2024-06-11,145.01021772397579
2024-06-12,146.71923349052173
2024-06-13,144.62429556090282
2024-06-14,143.02553525793337
2024-06-17,143.59520718011535
2024-06-18,144.16487910229733
2024-06-20,144.25676800212952
2024-06-21,143.24604618508633
2024-06-24,144.38540404972795
2024-06-25,144.73456504475698
2024-06-26,143.66871549592554
2024-06-27,143.778970959502
2024-06-28,143.94436817514438
2024-07-01,144.20164027034124
2024-07-02,144.5508012653703
2024-07-03,146.204689300128
2024-07-05,147.17864994912725
2024-07-08,146.44359483158055
2024-07-09,145.85554232537663
2024-07-10,147.9137190869516
2024-07-11,148.33638839779084
2024-07-12,149.91678213701599
2024-07-15,148.59366049298768
2024-07-16,149.31034904679007
2024-07-17,148.5201521771775
2024-07-18,147.0500139015288
2024-07-19,146.14956156833975
2024-07-22,147.69320815979864
2024-07-23,146.86625012214213
2024-07-24,145.0102177239758
2024-07-25,144.09138480676478
2024-07-26,145.92905064118682
2024-07-29,145.28585638291696
2024-07-30,145.61663679392404
2024-07-31,147.67482757577667
2024-08-01,143.7606043957577
2024-08-02,141.50026925049642
2024-08-05,138.4129900878563
2024-08-06,138.6518815990312
2024-08-07,139.31344242104535
2024-08-08,141.64728588211682
2024-08-09,142.19857722027683
2024-08-12,142.0699411726784
2024-08-13,144.51404009732633
2024-08-14,145.04696487174203
2024-08-15,146.81112239035386
2024-08-16,147.6196998439884
2024-08-19,149.4206045103665
2024-08-20,148.96118805176098
2024-08-21,150.3394374275775
2024-08-22,149.45736567841044
2024-08-23,152.19548384602152
2024-08-26,151.5155424399854
2024-08-27,152.2138644300435
2024-08-28,151.68093965562778
2024-08-29,152.25061157780976
2024-08-30,152.48951710926232
2024-09-03,150.08216533238064
2024-09-04,149.4206045103665
2024-09-05,149.45736567841044
2024-09-06,146.64573919498915
2024-09-09,148.11586345036017
2024-09-10,147.3807943125358
2024-09-11,148.26288008198057
2024-09-12,149.47573224215472
2024-09-13,149.82489323718374
2024-09-16,151.03775941763558
2024-09-17,150.19243481623477
2024-09-18,149.71463777360728
2024-09-19,152.67328088864895
2024-09-20,151.166395465234
2024-09-23,151.73606738741597
2024-09-24,152.636519720605
2024-09-25,151.80957570322616
2024-09-26,155.15412696106316
2024-09-27,154.21691345983018
2024-09-30,153.68398868541448
2024-10-01,152.5446448410505
2024-10-02,152.23223099378774
2024-10-03,150.81723447020494
2024-10-04,151.6993202396497
2024-10-07,150.85398161797121
2024-10-08,150.6150901067963
2024-10-09,150.65185127484023
2024-10-10,150.46807347517588
2024-10-11,151.23990378104418
2024-10-14,151.68093965562772
2024-10-15,149.16333241516958
2024-10-16,149.54924055796488
2024-10-17,149.56762114198685
2024-10-18,150.57834295903004
2024-10-21,148.79580485639624
2024-10-22,147.95048025499543
2024-10-23,146.46196139532478
2024-10-24,147.2889194329813
2024-10-25,146.79274180633183
2024-10-28,147.9688468187397
2024-10-29,147.43593606460166
2024-10-30,146.48034197934672
2024-10-31,145.57988964615768
2024-11-01,145.87390888912083
2024-11-04,145.98417837297495
2024-11-05,147.4359360646017
2024-11-06,145.30423696693884
2024-11-07,147.50943036013422
2024-11-08,145.46963418258122
2024-11-11,145.50638133034747
2024-11-12,142.80501031050264
2024-11-13,141.95968570910185
2024-11-14,142.25371897234265
2024-11-15,141.73916076167123
2024-11-18,142.51099106753952
2024-11-19,142.32721326787518
2024-11-20,141.94130512507988
2024-11-21,141.97806629312382
2024-11-22,142.52935763128383
2024-11-25,143.26442676910816
2024-11-26,142.4374827517293
2024-11-27,143.2092990373199
2024-11-29,145.12047318755214
2024-12-02,145.5247619143694
2024-12-03,146.35170593174826
2024-12-04,146.46196139532472
2024-12-05,147.1786499491271
2024-12-06,147.1602833853828
2024-12-09,147.06839448555064
2024-12-10,145.74527284152234
2024-12-11,146.66410575873334
2024-12-12,145.37774528274898
2024-12-13,144.9734565559317
2024-12-16,144.49565951330425
2024-12-17,144.26962605485923
2024-12-18,140.73042115165572
2024-12-19,140.28335202171075
2024-12-20,139.89217719172362
2024-12-23,140.8049184616936
2024-12-24,141.3078676799768
2024-12-26,141.97845716327464
2024-12-27,141.77355403162142
2024-12-30,140.84218132833215
2024-12-31,140.84218132833215
2025-01-02,140.35786354336824
2025-01-03,140.97257293832786
2025-01-06,142.31375190492352
2025-01-07,142.20197751662747
2025-01-08,141.97845716327458
2025-01-10,139.81766567006608
2025-01-13,139.42649084007894
2025-01-14,139.92944005836213
2025-01-15,141.71767394328316
2025-01-16,142.4441435149192
2025-01-17,143.02159004324028
2025-01-21,145.90885110808483
2025-01-22,145.5735563664359
2025-01-23,146.7657122897166
2025-01-24,147.58532481632943
2025-01-27,147.58532481632943
2025-01-28,147.3990389063759
2025-01-29,147.38042168467624
2025-01-30,149.00100109296298
2025-01-31,147.6039420380291
2025-02-03,145.8715882414463
2025-02-04,147.56669338301018
2025-02-05,149.001001092963
2025-02-06,149.7088534428994
2025-02-07,148.29316295464622
2025-02-10,149.29904717959297
2025-02-11,150.00688531790976
2025-02-12,150.56571462453115
2025-02-13,152.39119716447112
2025-02-14,152.6147317294436
2025-02-18,153.71374469774753
2025-02-19,152.1304139444797
2025-02-20,152.8382662944161
2025-02-21,151.88826215780756
2025-02-24,151.7951192028308
2025-02-25,153.17356103606502
2025-02-26,153.37844995609862
2025-02-27,151.64611037113542
2025-02-28,151.96277367946507
2025-03-03,153.63924738770967
2025-03-04,153.6019845210711
2025-03-05,157.27159524588993
2025-03-06,155.65100162598355
2025-03-07,157.27159524588993
2025-03-10,153.56473586605216
2025-03-11,153.0431694260693
2025-03-12,154.1421823943732
2025-03-13,153.11766673610717
2025-03-14,155.93041627929423
2025-03-17,157.68140150919632
2025-03-18,157.66277007587703
2025-03-19,158.12845642752166
2025-03-20,156.80590889424525
2025-03-21,155.83728753593707
2025-03-24,155.81865610261778
2025-03-25,156.67551728424957
2025-03-26,154.64511740103677
2025-03-27,154.98041214268568
2025-03-28,153.60198452107107
2025-03-31,152.24218833277573
2025-04-01,152.46570868612858
2025-04-02,152.81963486109677
2025-04-03,149.61571048792257
2025-04-04,139.74315414840854
2025-04-07,136.37158951021968
2025-04-08,135.90590315857506
2025-04-09,146.3931546814291
2025-04-10,143.50590782820416
2025-04-11,147.1010070313655
2025-04-14,148.68433778463333
2025-04-15,150.025516751229
2025-04-16,149.44807022290792
2025-04-17,151.0686496311947
2025-04-21,150.24905131620147
2025-04-22,153.3598327343989
2025-04-23,153.97454212935853
2025-04-24,156.023559234271
2025-04-25,156.69414871756885
2025-04-28,157.73728159753455
2025-04-29,158.0539449058642
2025-04-30,157.86767320753026
2025-05-01,157.3647382008667
2025-05-02,160.38237666408736
2025-05-05,160.66179131739807
2025-05-06,160.45688818574487
2025-05-07,159.91669031244277
2025-05-08,159.35787521744098
2025-05-09,160.14022487741525
2025-05-12,160.95983740402806
2025-05-13,161.16472632406166
2025-05-14,160.3823766640874
2025-05-15,162.13336189398947
2025-05-16,162.50590529065732
2025-05-19,164.0519873889062
2025-05-20,164.83433704888049
2025-05-21,163.86571569057227
2025-05-22,163.7725727355955
2025-05-23,163.99610730056799
2025-05-27,166.38041914712937
2025-05-28,164.46179365221263
2025-05-29,165.18826322384868
2025-05-30,165.43041501052082
2025-06-02,167.2000316737422
2025-06-03,165.93336422880398
2025-06-04,166.6784652337593
2025-06-05,166.56669084546326
2025-06-06,167.16276880710362
2025-06-09,167.14415158540396
2025-06-10,167.3676719387568
2025-06-11,167.0882572854461
2025-06-12,168.37355616370357
2025-06-13,166.21277888211466
2025-06-16,166.8256175731607
2025-06-17,164.77913903417576
2025-06-18,165.06337457406036
2025-06-20,163.5853671148446
2025-06-23,164.81704481646443
2025-06-24,166.8256175731607
2025-06-25,165.91606673689404
2025-06-26,167.77305973489595
2025-06-27,169.2889585195803
2025-06-30,169.38370851848185
2025-07-01,169.09947297859725
2025-07-02,169.5921469506092
2025-07-03,169.63003827607776
2025-07-07,167.79201262604025
2025-07-08,169.02367587083998
2025-07-09,170.29325935474847
2025-07-10,170.17955646470259
2025-07-11,168.54995478997236
2025-07-14,168.54995478997236
2025-07-15,166.787711790872
2025-07-16,167.469871303867
2025-07-17,167.90570105926605
2025-07-18,167.43197997839843
2025-07-21,168.32257792352078
2025-07-22,169.2510671941117
2025-07-23,173.45771270530742
2025-07-24,172.16919078707465
2025-07-25,171.9607523549473
2025-07-28,169.19422297749878
2025-07-29,168.8531432210013
2025-07-30,167.6404184105258
2025-07-31,165.84026962913677
2025-08-01,165.40445433055783
2025-08-04,167.60251262823715
2025-08-05,167.5835741939129
2025-08-06,168.68259611434252
2025-08-07,170.19850935584694
2025-08-08,171.24070151648374
2025-08-11,170.52063622120008
2025-08-12,172.6050060856536
2025-08-13,173.64719824629043
2025-08-14,173.66615113743475
2025-08-15,174.68939040692723
2025-08-18,174.4998904091241
2025-08-19,174.51884330026843
2025-08-20,175.1441585966505
2025-08-21,174.04512221940078
2025-08-22,176.66007183815492
2025-08-25,174.32935775928536
2025-08-26,174.13987221830234
2025-08-27,173.7229953540476
2025-08-28,174.36724908475392
2025-08-29,173.34402427208153
2025-09-02,171.63862548959406
2025-09-03,171.90390813833432
2025-09-04,173.1545242742784
2025-09-05,173.93143378617495
2025-09-08,175.67472389413098
2025-09-09,175.08731438003755
2025-09-10,175.04940859774888
2025-09-11,176.9064015957508
2025-09-12,176.20528919161148
2025-09-15,177.3801226766184
2025-09-16,176.88744870460644
2025-09-17,176.2242420827558
2025-09-18,176.9064015957508
2025-09-19,176.2242420827558
2025-09-22,176.792713162525
2025-09-23,176.4516334060275
2025-09-24,175.42839413653502
2025-09-25,174.17776354377085
2025-09-26,175.5231296786165
2025-09-29,176.20528919161148
2025-09-30,176.92535448689515
2025-10-01,178.3844090549666
2025-10-02,178.6686445948512
2025-10-03,180.1656049452113
2025-10-06,180.58248180946603
2025-10-07,179.0097243513487
2025-10-08,179.54028964882923
2025-10-09,178.06228218961346
2025-10-10,174.78412594900868
2025-10-13,176.18635075728733
2025-10-14,176.9821987035081
2025-10-15,177.83489086634177
2025-10-16,178.76338013693268
2025-10-17,179.08552145910593
2025-10-20,180.5635289183217
2025-10-21,179.23710121780033
2025-10-22,178.97181856906005
2025-10-23,179.8055722975695
2025-10-24,180.08980783745412
2025-10-27,181.3404239733982
2025-10-28,181.26464132246107
2025-10-29,180.2414020529686
2025-10-30,179.44553964992772
2025-10-31,179.04761567681732
2025-11-03,179.12341278457455
2025-11-04,177.28537267771694
2025-11-05,178.4223148372553
2025-11-06,178.0243764073248
2025-11-07,178.68759748599555
2025-11-10,180.5635289183217
2025-11-11,181.88994216202303
2025-11-12,182.9700256481284
2025-11-13,181.018297108045
2025-11-14,180.50668470170882
2025-11-17,178.15701773169494
2025-11-18,175.8452710007898
2025-11-19,175.3146912464892
2025-11-20,172.88924162553818
2025-11-21,175.5610354609052
2025-11-24,175.71262967641965
2025-11-25,177.81593797519744
2025-11-26,179.76768097210092
2025-11-28,180.3740433773387
2025-12-01,179.48344543221637
2025-12-02,180.08980783745412
2025-12-03,181.0562028903337
2025-12-04,181.54886240552554
2025-12-05,181.54886240552554
2025-12-08,180.98040578257647
2025-12-09,180.73406156816046
2025-12-10,182.74264878167685
2025-12-11,183.82273226778221
2025-12-12,182.85633721490262
2025-12-15,183.97431202647658
2025-12-16,183.13677662513942
2025-12-17,181.65116025405212
2025-12-18,182.94384153694676
2025-12-19,184.17864376538398
2025-12-22,184.64169092104703
2025-12-23,185.7800329653898
2025-12-24,186.0115639032232
2025-12-26,186.32025710033065
2025-12-29,185.76073504056947
2025-12-30,186.0694429576806
2025-12-31,185.27838996008606
2026-01-02,187.22706820684007
2026-01-05,189.3686815417867
2026-01-06,189.65809153407747
2026-01-07,188.9442155157607
2026-01-08,188.96351344058107
2026-01-09,190.64206489986097
2026-01-12,191.79970486902408
2026-01-13,190.6999439543184
2026-01-14,191.58747185601112
2026-01-15,191.51029487673333
2026-01-16,192.0312210868538
2026-01-20,189.117852679133
2026-01-21,191.06653092588698
2026-01-22,191.8189880738408
2026-01-23,192.88015313890577
2026-01-26,193.84484329987257
2026-01-27,196.97043000060268
2026-01-28,194.88671044011716
2026-01-29,196.1986896478322
2026-01-30,194.36576950999304
2026-02-02,195.63916758807102
2026-02-03,195.7356277721655
2026-02-04,196.3723268112045
2026-02-05,193.57473123240217
2026-02-06,197.97371601121026
2026-02-09,200.63625555627735
2026-02-10,201.11860063676076
2026-02-11,202.4691756941165
2026-02-12,200.9449634733885
2026-02-13,201.11860063676076
2026-02-17,201.0800195071237
2026-02-18,201.31153572495336
2026-02-19,200.75202838519584
2026-02-20,202.3919987148387
2026-02-23,201.5623645876071
2026-02-24,201.92895155917566
2026-02-25,203.8583318811093
2026-02-26,203.68467999773338
2026-02-27,203.31809302616483
2026-03-02,199.3049931437457
2026-03-03,193.1116693567355
2026-03-04,195.60057173843032
2026-03-05,191.31735978854073
2026-03-06,189.61949568443677
2026-03-09,190.9893539466092
2026-03-10,191.4331178974556
2026-03-11,191.02794979624994
2026-03-12,188.03740440925134
2026-03-13,185.79933089021023
2026-03-16,189.27220663768856
2026-03-17,189.7931475678127
2026-03-18,186.55178803816403
2026-03-19,186.22378219623255
2026-03-20,180.57069726416688
2026-03-23,184.91180298851754
2026-03-24,183.81205679381551
2026-03-25,186.49390898370663
2026-03-26,182.63514833983936
2026-03-27,180.97588008537613
2026-03-30,181.49680629549658
2026-03-31,187.4007053702123
2026-04-01,190.25619472347572
2026-04-02,189.0792715494959
2026-04-06,190.02466378564236
2026-04-07,189.75455171817197
2026-04-08,197.16337980879902
2026-04-09,196.7003179331323
2026-04-10,197.14408188397866
2026-04-13,198.35958618759554
2026-04-14,199.9609753876013
2026-04-15,199.32427634856234
2026-04-16,198.74547108398446
2026-04-17,201.27295459531632
2026-04-20,200.48191631772542
2026-04-21,196.08291681891365
2026-04-22,196.73891378277298
2026-04-23,195.3304596709598
2026-04-24,196.35302888638407
2026-04-27,195.60057173843026
2026-04-28,194.790235536019
2026-04-29,192.80297615962795
2026-04-30,197.41419395144905
2026-05-01,196.98972792542307
2026-05-04,194.28859253071525
2026-05-05,196.87396981650824
2026-05-06,202.21834683146278
2026-05-07,198.5139401461511
2026-05-08,200.57837650181995
2026-05-11,200.15391047579394
2026-05-12,198.99628522663448
2026-05-13,200.3275623591699
2026-05-14,199.61368634085312
2026-05-15,196.25656870228963
2026-05-18,198.07019091530842
2026-05-19,196.64243887867488
2026-05-20,199.92239425796427
2026-05-21,201.0221404526663
2026-05-22,200.61697235146065
2026-05-26,202.83574794568136
2026-05-27,202.14116985218496
2026-05-28,201.98683061363306
2026-05-29,202.19906362664605
2026-06-01,201.50448553314965
2026-06-02,202.62351493266834
2026-06-03,200.887084418931
2026-06-04,202.48845889893315
2026-06-05,197.2984358425342
2026-06-08,198.49464222133068
2026-06-09,198.5332380709714
2026-06-10,195.96715870999878
2026-06-11,202.06400759291083
2026-06-12,202.62351493266834
2026-06-15,203.96637364633662
2026-06-16,204.41709802830235
2026-06-17,203.37845537699224
2026-06-18,204.61308075233896
2026-06-22,204.94622746098887
2026-06-23,200.79164190436572
2026-06-24,200.3997063590579
2026-06-25,202.14384495302824
2026-06-26,200.9484221030419
2026-06-29,202.73174827098995
2026-06-30,203.57442314964615
2026-07-01,201.8890733923337
2026-07-02,204.53469065300084
2026-07-06,206.670764792279
2026-07-07,204.1231538450128
2026-07-08,202.5553817610162
2026-07-09,203.65281324898422
2026-07-10,204.4563005536627
2026-07-13,202.32021146300187
2026-07-14,203.73120334832228
2026-07-15,205.0834063969848
2026-07-16,203.43724421365008
2026-07-17,202.49659292435825
2026-07-20,201.00721093969975
2026-07-21,203.9271711209762
2026-07-22,204.2995203549865
2026-07-23,201.65391804570206
2026-07-24,202.65337312303447
2026-07-27,203.63322693768666
2026-07-28,203.5940244123263
2026-07-29,202.57498302369638
2026-07-30,208.19933435091517
2026-07-31,206.90593509029324
2026-08-03,207.768196280247
2026-08-04,210.31582217889581
2026-08-05,210.53139121422993
2026-08-06,210.39421227823394
2026-08-07,212.72626914154867
2026-08-10,211.66802522755836
2026-08-11,211.82479047485188
2026-08-12,212.62827777953038
2026-08-13,213.00062701354068
2026-08-14,212.9026356515224
2026-08-17,212.5302864175121
