date,value
1999-03-04,1933.03
1999-03-05,1969.87
1999-03-08,2034.05
1999-03-09,2028.57
1999-03-10,2038.54
1999-03-11,2043.78
1999-03-12,2008.98
1999-03-15,2060.36
1999-03-16,2073.33
1999-03-17,2064.59
1999-03-18,2102.86
1999-03-19,2053.78
1999-03-22,2027.22
1999-03-23,1961.4
1999-03-24,2013.78
1999-03-25,2083.59
1999-03-26,2067.53
1999-03-29,2144.93
1999-03-30,2125.96
1999-03-31,2106.66
1999-04-01,2146.41
1999-04-05,2219.93
1999-04-06,2219.12
1999-04-07,2192.58
1999-04-08,2225.05
1999-04-09,2232.77
1999-04-12,2219.51
1999-04-13,2175.47
1999-04-14,2103.91
1999-04-15,2136.09
1999-04-16,2086.74
1999-04-19,1967.84
1999-04-20,2030.55
1999-04-21,2106.12
1999-04-22,2183.77
1999-04-23,2210.78
1999-04-26,2261
1999-04-27,2207.36
1999-04-28,2150.76
1999-04-29,2119.64
1999-04-30,2136.74
1999-05-03,2138.3
1999-05-04,2097.9
1999-05-05,2156.2
1999-05-06,2079.06
1999-05-07,2118.16
1999-05-10,2135.19
1999-05-11,2176.3
1999-05-12,2218.13
1999-05-13,2179.5
1999-05-14,2125.58
1999-05-17,2176.18
1999-05-18,2159.73
1999-05-19,2186.68
1999-05-20,2140.44
1999-05-21,2114.86
1999-05-24,2061.04
1999-05-25,1999.49
1999-05-26,2053.54
1999-05-27,2050.6
1999-05-28,2090.22
1999-06-01,2026.3
1999-06-02,2075.06
1999-06-03,2030.91
1999-06-04,2109.94
1999-06-07,2153.23
1999-06-08,2087.29
1999-06-09,2136.05
1999-06-10,2098.35
1999-06-11,2062.83
1999-06-14,2029.45
1999-06-15,2058.71
1999-06-16,2168.06
1999-06-17,2191.4
1999-06-18,2206.03
1999-06-21,2269.26
1999-06-22,2210.47
1999-06-23,2239.92
1999-06-24,2185.44
1999-06-25,2186.33
1999-06-28,2244.53
1999-06-29,2280.67
1999-06-30,2297.38
1999-07-01,2322.94
1999-07-02,2348.51
1999-07-06,2331.35
1999-07-07,2341.35
1999-07-08,2375.27
1999-07-09,2393.72
1999-07-12,2384.93
1999-07-13,2374.35
1999-07-14,2417.75
1999-07-15,2429.99
1999-07-16,2460.22
1999-07-19,2425.34
1999-07-20,2330.02
1999-07-21,2364.33
1999-07-22,2282.6
1999-07-23,2302.7
1999-07-26,2234.17
1999-07-27,2309.46
1999-07-28,2334.5
1999-07-29,2263.78
1999-07-30,2271.66
1999-08-02,2265.54
1999-08-03,2239.9
1999-08-04,2205.13
1999-08-05,2233.04
1999-08-06,2212.95
1999-08-09,2188.4
1999-08-10,2164.56
1999-08-11,2242.61
1999-08-12,2215.14
1999-08-13,2307.9
1999-08-16,2313.92
1999-08-17,2338.22
1999-08-18,2318.27
1999-08-19,2279.66
1999-08-20,2315.95
1999-08-23,2386.78
1999-08-24,2405.74
1999-08-25,2461.86
1999-08-26,2418.22
1999-08-27,2403.48
1999-08-30,2367.8
1999-08-31,2397.8
1999-09-01,2405.88
1999-09-02,2393.53
1999-09-03,2507.68
1999-09-07,2492.82
1999-09-08,2455.65
1999-09-09,2506.51
1999-09-10,2535.63
1999-09-13,2484.1
1999-09-14,2523.47
1999-09-15,2464.08
1999-09-16,2467.87
1999-09-17,2537.93
1999-09-20,2546.43
1999-09-21,2474.73
1999-09-22,2514.95
1999-09-23,2404.04
1999-09-24,2400.54
1999-09-27,2427.49
1999-09-28,2429.1
1999-09-29,2399.76
1999-09-30,2408.88
1999-10-01,2405.42
1999-10-04,2468.92
1999-10-05,2472.5
1999-10-06,2533.43
1999-10-07,2533.03
1999-10-08,2556.41
1999-10-11,2579.93
1999-10-12,2527.85
1999-10-13,2455.5
1999-10-14,2472
1999-10-15,2404.79
1999-10-18,2363.08
1999-10-19,2363.22
1999-10-20,2467.31
1999-10-21,2478.17
1999-10-22,2486.93
1999-10-25,2485.22
1999-10-26,2467.43
1999-10-27,2458.48
1999-10-28,2541.03
1999-10-29,2638.59
1999-11-01,2617.5
1999-11-02,2628.13
1999-11-03,2673.95
1999-11-04,2704.36
1999-11-05,2756.97
1999-11-08,2787.55
1999-11-09,2764.85
1999-11-10,2798.9
1999-11-11,2851.12
1999-11-12,2890.24
1999-11-15,2877.19
1999-11-16,2941.65
1999-11-17,2913.07
1999-11-18,3004.91
1999-11-19,3030.29
1999-11-22,3051.05
1999-11-23,3001.2
1999-11-24,3109.99
1999-11-26,3118.09
1999-11-29,3064.68
1999-11-30,2968.11
1999-12-01,2998.71
1999-12-02,3109.95
1999-12-03,3173.89
1999-12-06,3192.61
1999-12-07,3206.61
1999-12-08,3165.59
1999-12-09,3169.03
1999-12-10,3204.81
1999-12-13,3243.96
1999-12-14,3168.83
1999-12-15,3240.76
1999-12-16,3333.94
1999-12-17,3361.79
1999-12-20,3391.96
1999-12-21,3530.56
1999-12-22,3564.34
1999-12-23,3592.34
1999-12-27,3600.58
1999-12-28,3582.02
1999-12-29,3691.8
1999-12-30,3685.79
1999-12-31,3709.96
2000-01-03,3792.73
2000-01-04,3548.24
2000-01-05,3509.33
2000-01-06,3342.73
2000-01-07,3531.63
2000-01-10,3719.55
2000-01-11,3546.39
2000-01-12,3480.15
2000-01-13,3614.16
2000-01-14,3706.87
2000-01-18,3759.95
2000-01-19,3793.07
2000-01-20,3843.95
2000-01-21,3852.18
2000-01-24,3663.06
2000-01-25,3761.28
2000-01-26,3623.31
2000-01-27,3595.23
2000-01-28,3448.15
2000-01-31,3572.17
2000-02-01,3703.98
2000-02-02,3726.74
2000-02-03,3853.59
2000-02-04,3876.8
2000-02-07,3935.81
2000-02-08,4065.32
2000-02-09,3970.96
2000-02-10,4092.57
2000-02-11,3971.39
2000-02-14,3988.64
2000-02-15,3999.54
2000-02-16,4000.53
2000-02-17,4128.02
2000-02-18,3968.3
2000-02-22,3971.68
2000-02-23,4172.76
2000-02-24,4255.78
2000-02-25,4181.26
2000-02-28,4164.81
2000-02-29,4269.69
2000-03-01,4311.79
2000-03-02,4236.99
2000-03-03,4445.74
2000-03-06,4460.06
2000-03-07,4393.66
2000-03-08,4448.55
2000-03-09,4589.22
2000-03-10,4590.12
2000-03-13,4429.66
2000-03-14,4229.72
2000-03-15,4132.68
2000-03-16,4356.14
2000-03-17,4443.32
2000-03-20,4263.9
2000-03-21,4452.2
2000-03-22,4599.78
2000-03-23,4663.63
2000-03-24,4694.65
2000-03-27,4707.78
2000-03-28,4586.35
2000-03-29,4416.78
2000-03-30,4252.95
2000-03-31,4400.69
2000-04-03,4079.77
2000-04-04,4036.89
2000-04-05,4032.98
2000-04-06,4089.49
2000-04-07,4294.43
2000-04-10,4000.96
2000-04-11,3911.85
2000-04-12,3636.08
2000-04-13,3556.21
2000-04-14,3210.12
2000-04-17,3531.83
2000-04-18,3718.32
2000-04-19,3585.49
2000-04-20,3507.66
2000-04-24,3355.8
2000-04-25,3624
2000-04-26,3508.1
2000-04-27,3695.13
2000-04-28,3775.79
2000-05-01,3832.49
2000-05-02,3629.82
2000-05-03,3564.69
2000-05-04,3573.26
2000-05-05,3690.97
2000-05-08,3524.1
2000-05-09,3447.08
2000-05-10,3247.03
2000-05-11,3383.98
2000-05-12,3408.66
2000-05-15,3514.6
2000-05-16,3649.53
2000-05-17,3553.07
2000-05-18,3428.83
2000-05-19,3263
2000-05-22,3267.07
2000-05-23,3025.6
2000-05-24,3182.61
2000-05-25,3101.52
2000-05-26,3103.68
2000-05-30,3416.52
2000-05-31,3326.5
2000-06-01,3521.55
2000-06-02,3758.41
2000-06-05,3733.03
2000-06-06,3648.98
2000-06-07,3738.74
2000-06-08,3710.01
2000-06-09,3762.99
2000-06-12,3641.07
2000-06-13,3768.55
2000-06-14,3680.17
2000-06-15,3754.74
2000-06-16,3790.12
2000-06-19,3936.56
2000-06-20,3936.7
2000-06-21,3972.89
2000-06-22,3806.88
2000-06-23,3687.98
2000-06-26,3774.2
2000-06-27,3701.69
2000-06-28,3773.81
2000-06-29,3668.51
2000-06-30,3766.54
2000-07-03,3807.56
2000-07-05,3652.46
2000-07-06,3796.3
2000-07-07,3844.13
2000-07-10,3775
2000-07-11,3747.31
2000-07-12,3904.01
2000-07-13,3959.6
2000-07-14,4044.15
2000-07-17,4064.9
2000-07-18,3963.9
2000-07-19,3846.84
2000-07-20,3998.43
2000-07-21,3911.66
2000-07-24,3793.44
2000-07-25,3868.26
2000-07-26,3821.11
2000-07-27,3684.36
2000-07-28,3479.93
2000-07-31,3612.07
2000-08-01,3523.8
2000-08-02,3493
2000-08-03,3626.32
2000-08-04,3621.44
2000-08-07,3713.28
2000-08-08,3689.23
2000-08-09,3695.91
2000-08-10,3597.98
2000-08-11,3647.44
2000-08-14,3722.5
2000-08-15,3725.52
2000-08-16,3724.19
2000-08-17,3833.62
2000-08-18,3810.52
2000-08-21,3830.64
2000-08-22,3830.91
2000-08-23,3900
2000-08-24,3952.69
2000-08-25,3934.35
2000-08-28,3957.36
2000-08-29,3955.06
2000-08-30,3971.88
2000-08-31,4080.83
2000-09-01,4102.55
2000-09-05,3990.19
2000-09-06,3840.67
2000-09-07,3956.49
2000-09-08,3816.46
2000-09-11,3709.68
2000-09-12,3669.78
2000-09-13,3744.72
2000-09-14,3740.39
2000-09-15,3679.25
2000-09-18,3588.36
2000-09-19,3759.38
2000-09-20,3793.45
2000-09-21,3721.1
2000-09-22,3704.11
2000-09-25,3624.97
2000-09-26,3585.43
2000-09-27,3574.73
2000-09-28,3728.12
2000-09-29,3573.46
2000-10-02,3460.72
2000-10-03,3356.01
2000-10-04,3456.11
2000-10-05,3427.04
2000-10-06,3314.58
2000-10-09,3321.54
2000-10-10,3190.82
2000-10-11,3103
2000-10-12,3006.84
2000-10-13,3280.38
2000-10-16,3252.04
2000-10-17,3174.71
2000-10-18,3141.81
2000-10-19,3405.65
2000-10-20,3459.37
2000-10-23,3424.73
2000-10-24,3355.93
2000-10-25,3110.11
2000-10-26,3169.68
2000-10-27,3177.8
2000-10-30,3083.6
2000-10-31,3284.99
2000-11-01,3227.91
2000-11-02,3311.19
2000-11-03,3324.71
2000-11-06,3293.24
2000-11-07,3282.33
2000-11-08,3061.67
2000-11-09,3059.64
2000-11-10,2892.7
2000-11-13,2839.01
2000-11-14,3042.07
2000-11-15,3079.29
2000-11-16,2927.67
2000-11-17,2937.33
2000-11-20,2794.8
2000-11-21,2788.92
2000-11-22,2670.54
2000-11-24,2832.51
2000-11-27,2771.69
2000-11-28,2623.35
2000-11-29,2605.08
2000-11-30,2508.69
2000-12-01,2551.93
2000-12-04,2556.59
2000-12-05,2855.33
2000-12-06,2746.06
2000-12-07,2722.25
2000-12-08,2897.87
2000-12-11,2975.46
2000-12-12,2865.67
2000-12-13,2751.25
2000-12-14,2641.54
2000-12-15,2551.68
2000-12-18,2545.28
2000-12-19,2401.83
2000-12-20,2212.35
2000-12-21,2226.89
2000-12-22,2438.49
2000-12-26,2406.81
2000-12-27,2462.47
2000-12-28,2466.89
2000-12-29,2343.85
2001-01-02,2130.74
2001-01-03,2530.71
2001-01-04,2462.31
2001-01-05,2269.94
2001-01-08,2283.64
2001-01-09,2313.53
2001-01-10,2415.94
2001-01-11,2526.62
2001-01-12,2508.36
2001-01-16,2472.99
2001-01-17,2561.03
2001-01-18,2672.93
2001-01-19,2658.12
2001-01-22,2645.56
2001-01-23,2732.56
2001-01-24,2728.98
2001-01-25,2598.26
2001-01-26,2634.23
2001-01-29,2697.03
2001-01-30,2688.68
2001-01-31,2595.52
2001-02-01,2609.69
2001-02-02,2474.58
2001-02-05,2469.77
2001-02-06,2475.72
2001-02-07,2412.08
2001-02-08,2358.03
2001-02-09,2264.03
2001-02-12,2289.14
2001-02-13,2210.61
2001-02-14,2308.17
2001-02-15,2373.45
2001-02-16,2214.76
2001-02-20,2097.24
2001-02-21,2060.63
2001-02-22,2034.49
2001-02-23,2058.15
2001-02-26,2099.77
2001-02-27,1966.52
2001-02-28,1910.26
2001-03-01,1970.02
2001-03-02,1883.26
2001-03-05,1918.63
2001-03-06,1978.32
2001-03-07,1998.26
2001-03-08,1940.12
2001-03-09,1814.87
2001-03-12,1682.35
2001-03-13,1791.52
2001-03-14,1746.86
2001-03-15,1699.65
2001-03-16,1649.19
2001-03-19,1732.22
2001-03-20,1616.12
2001-03-21,1606.67
2001-03-22,1703.63
2001-03-23,1706.76
2001-03-26,1678.61
2001-03-27,1737.47
2001-03-28,1603.86
2001-03-29,1564.81
2001-03-30,1574.93
2001-04-02,1518.19
2001-04-03,1400.54
2001-04-04,1372.21
2001-04-05,1520.67
2001-04-06,1449.71
2001-04-09,1482.8
2001-04-10,1599.57
2001-04-11,1649.12
2001-04-12,1716.12
2001-04-16,1651.97
2001-04-17,1673.29
2001-04-18,1832.75
2001-04-19,1955.37
2001-04-20,1935.64
2001-04-23,1813.83
2001-04-24,1764.09
2001-04-25,1816.29
2001-04-26,1765.24
2001-04-27,1812.47
2001-04-30,1857.2
2001-05-01,1921.13
2001-05-02,1964.59
2001-05-03,1879.95
2001-05-04,1926.02
2001-05-07,1897.58
2001-05-08,1931.45
2001-05-09,1879.02
2001-05-10,1840.42
2001-05-11,1823.28
2001-05-14,1797.12
2001-05-15,1798.87
2001-05-16,1901.64
2001-05-17,1927.38
2001-05-18,1929.94
2001-05-21,2054.96
2001-05-22,2045.31
2001-05-23,1959.84
2001-05-24,2005.7
2001-05-25,1963.02
2001-05-29,1875.71
2001-05-30,1781.07
2001-05-31,1801.99
2001-06-01,1842.98
2001-06-04,1840.98
2001-06-05,1926.14
2001-06-06,1906.06
2001-06-07,1965.6
2001-06-08,1898.43
2001-06-11,1848.64
2001-06-12,1854.19
2001-06-13,1792.29
2001-06-14,1713.38
2001-06-15,1703.51
2001-06-18,1668.43
2001-06-19,1677.85
2001-06-20,1723.57
2001-06-21,1753.29
2001-06-22,1729.48
2001-06-25,1745.94
2001-06-26,1753.66
2001-06-27,1758.08
2001-06-28,1811.05
2001-06-29,1832.33
2001-07-02,1829.2
2001-07-03,1824.29
2001-07-05,1753.05
2001-07-06,1670.54
2001-07-09,1699.03
2001-07-10,1626.85
2001-07-11,1643.48
2001-07-12,1752.17
2001-07-13,1753.16
2001-07-16,1687.71
2001-07-17,1731.57
2001-07-18,1668.87
2001-07-19,1697.92
2001-07-20,1678.47
2001-07-23,1631.88
2001-07-24,1606.79
2001-07-25,1629.81
2001-07-26,1675.39
2001-07-27,1685.19
2001-07-30,1672.08
2001-07-31,1685.68
2001-08-01,1731.68
2001-08-02,1753.63
2001-08-03,1728.11
2001-08-06,1705.02
2001-08-07,1698.55
2001-08-08,1628.28
2001-08-09,1631.01
2001-08-10,1619.52
2001-08-13,1655.38
2001-08-14,1632.04
2001-08-15,1574.04
2001-08-16,1584.01
2001-08-17,1518.56
2001-08-20,1538
2001-08-21,1482.67
2001-08-22,1517.39
2001-08-23,1498.93
2001-08-24,1581.68
2001-08-27,1580.39
2001-08-28,1528.29
2001-08-29,1501.72
2001-08-30,1455.8
2001-08-31,1471.62
2001-09-04,1425.98
2001-09-05,1417.15
2001-09-06,1363.47
2001-09-07,1356.04
2001-09-10,1367.17
2001-09-17,1254.33
2001-09-18,1226.24
2001-09-19,1209.81
2001-09-20,1167.8
2001-09-21,1128.43
2001-09-24,1192.58
2001-09-25,1189.32
2001-09-26,1144.98
2001-09-27,1145.77
2001-09-28,1169.91
2001-10-01,1152.75
2001-10-02,1160.9
2001-10-03,1251.06
2001-10-04,1262.32
2001-10-05,1273.41
2001-10-08,1281.32
2001-10-09,1246.2
2001-10-10,1306.4
2001-10-11,1391.7
2001-10-12,1395.68
2001-10-15,1380.74
2001-10-16,1406.66
2001-10-17,1316.54
2001-10-18,1332.08
2001-10-19,1349.37
2001-10-22,1384.9
2001-10-23,1385.89
2001-10-24,1426.6
2001-10-25,1481.03
2001-10-26,1456.84
2001-10-29,1376.42
2001-10-30,1344.11
2001-10-31,1366.66
2001-11-01,1426.12
2001-11-02,1427.74
2001-11-05,1482.32
2001-11-06,1525.26
2001-11-07,1526.85
2001-11-08,1512.75
2001-11-09,1517.12
2001-11-12,1530.93
2001-11-13,1583.02
2001-11-14,1588.15
2001-11-15,1584.83
2001-11-16,1584.43
2001-11-19,1619.92
2001-11-20,1551.95
2001-11-21,1554.26
2001-11-23,1579.75
2001-11-26,1622
2001-11-27,1612.21
2001-11-28,1559.29
2001-11-29,1601.62
2001-11-30,1598.36
2001-12-03,1569.81
2001-12-04,1636.64
2001-12-05,1723.4
2001-12-06,1720.46
2001-12-07,1676.32
2001-12-10,1647.75
2001-12-11,1663.68
2001-12-12,1672.37
2001-12-13,1604.24
2001-12-14,1607.99
2001-12-17,1642.75
2001-12-18,1660.11
2001-12-19,1631.08
2001-12-20,1559.65
2001-12-21,1580.59
2001-12-24,1579.63
2001-12-26,1593.18
2001-12-27,1608.84
2001-12-28,1623.51
2001-12-31,1579.37
2002-01-02,1612.76
2002-01-03,1669.11
2002-01-04,1677.51
2002-01-07,1652.27
2002-01-08,1669.05
2002-01-09,1656.2
2002-01-10,1659.13
2002-01-11,1636.58
2002-01-14,1606.13
2002-01-15,1614.84
2002-01-16,1561.28
2002-01-17,1604.69
2002-01-18,1550.5
2002-01-22,1504
2002-01-23,1551.52
2002-01-24,1567.46
2002-01-25,1560.58
2002-01-28,1567.19
2002-01-29,1521.6
2002-01-30,1541.29
2002-01-31,1552.54
2002-02-01,1530.48
2002-02-04,1481.43
2002-02-05,1465.16
2002-02-06,1448.24
2002-02-07,1416.09
2002-02-08,1454.45
2002-02-11,1479.97
2002-02-12,1467.06
2002-02-13,1489.16
2002-02-14,1477.13
2002-02-15,1439.06
2002-02-19,1389.55
2002-02-20,1410.58
2002-02-21,1350.46
2002-02-22,1358.39
2002-02-25,1410.3
2002-02-26,1403.49
2002-02-27,1380.75
2002-02-28,1361.46
2002-03-01,1437.77
2002-03-04,1497.16
2002-03-05,1501.42
2002-03-06,1522.45
2002-03-07,1509.28
2002-03-08,1557.66
2002-03-11,1556.35
2002-03-12,1523.04
2002-03-13,1488.72
2002-03-14,1479.62
2002-03-15,1497.87
2002-03-18,1508.37
2002-03-19,1507.14
2002-03-20,1453.41
2002-03-21,1491.42
2002-03-22,1472.52
2002-03-25,1429.95
2002-03-26,1441.93
2002-03-27,1438.88
2002-03-28,1455.2
2002-04-01,1480.96
2002-04-02,1412.73
2002-04-03,1396.51
2002-04-04,1399.27
2002-04-05,1378.99
2002-04-08,1395.26
2002-04-09,1347.54
2002-04-10,1365.53
2002-04-11,1326.83
2002-04-12,1354.08
2002-04-15,1357.33
2002-04-16,1416.26
2002-04-17,1406.02
2002-04-18,1398.21
2002-04-19,1387.3
2002-04-22,1352.06
2002-04-23,1324.99
2002-04-24,1304.5
2002-04-25,1304.5
2002-04-26,1252.98
2002-04-29,1248.89
2002-04-30,1279.26
2002-05-01,1269.61
2002-05-02,1227.47
2002-05-03,1192.84
2002-05-06,1163.21
2002-05-07,1161.3
2002-05-08,1284.68
2002-05-09,1242.61
2002-05-10,1190.88
2002-05-13,1243.74
2002-05-14,1307.86
2002-05-15,1313.37
2002-05-16,1318.18
2002-05-17,1328.15
2002-05-20,1294.49
2002-05-21,1258.13
2002-05-22,1266.75
2002-05-23,1289.05
2002-05-24,1255.25
2002-05-28,1247.02
2002-05-29,1220.83
2002-05-30,1230.11
2002-05-31,1210.53
2002-06-03,1161.24
2002-06-04,1180.92
2002-06-05,1197.75
2002-06-06,1159.7
2002-06-07,1142.29
2002-06-10,1137.67
2002-06-11,1102.95
2002-06-12,1125.36
2002-06-13,1108.53
2002-06-14,1111.6
2002-06-17,1151.98
2002-06-18,1140.52
2002-06-19,1099.52
2002-06-20,1064.37
2002-06-21,1037.5
2002-06-24,1059.59
2002-06-25,1024.59
2002-06-26,1029.08
2002-06-27,1052.54
2002-06-28,1053.31
2002-07-01,999.97
2002-07-02,965.4
2002-07-03,997.53
2002-07-05,1062.86
2002-07-08,1016.21
2002-07-09,992.06
2002-07-10,960.83
2002-07-11,999.88
2002-07-12,1002.68
2002-07-15,1022.91
2002-07-16,1013.18
2002-07-17,1030.64
2002-07-18,996.46
2002-07-19,967.24
2002-07-22,940.85
2002-07-23,898.49
2002-07-24,953.35
2002-07-25,896.1
2002-07-26,912.6
2002-07-29,971.93
2002-07-30,982.24
2002-07-31,963.97
2002-08-01,915.36
2002-08-02,894.24
2002-08-05,858.8
2002-08-06,903.73
2002-08-07,920.93
2002-08-08,949.15
2002-08-09,939.22
2002-08-12,940.88
2002-08-13,909.45
2002-08-14,970.8
2002-08-15,982.96
2002-08-16,998.07
2002-08-19,1028.05
2002-08-20,1010.08
2002-08-21,1037.59
2002-08-22,1051.18
2002-08-23,1012.56
2002-08-26,1018.87
2002-08-27,976.47
2002-08-28,946.78
2002-08-29,963.73
2002-08-30,944.32
2002-09-03,901.49
2002-09-04,922.88
2002-09-05,884.74
2002-09-06,924.12
2002-09-09,934.15
2002-09-10,949.67
2002-09-11,948.35
2002-09-12,916.9
2002-09-13,925.73
2002-09-16,910.35
2002-09-17,899.38
2002-09-18,897.04
2002-09-19,867.71
2002-09-20,873.4
2002-09-23,844.81
2002-09-24,845.35
2002-09-25,882.26
2002-09-26,875.55
2002-09-27,862.13
2002-09-30,834.24
2002-10-01,872.43
2002-10-02,851.32
2002-10-03,834.93
2002-10-04,817.09
2002-10-07,806.31
2002-10-08,813.15
2002-10-09,809.09
2002-10-10,851.32
2002-10-11,892.45
2002-10-14,902.61
2002-10-15,952.39
2002-10-16,912.02
2002-10-17,947.01
2002-10-18,958.11
2002-10-21,981.38
2002-10-22,965.86
2002-10-23,991.4
2002-10-24,966.94
2002-10-25,997.64
2002-10-28,981.52
2002-10-29,962.84
2002-10-30,988.21
2002-10-31,991.67
2002-11-01,1021.25
2002-11-04,1049.24
2002-11-05,1052.72
2002-11-06,1068.23
2002-11-07,1028.08
2002-11-08,1010.69
2002-11-11,974.65
2002-11-12,1004.18
2002-11-13,1014.19
2002-11-14,1060.19
2002-11-15,1063.65
2002-11-18,1047.55
2002-11-19,1028.28
2002-11-20,1072.95
2002-11-21,1120.67
2002-11-22,1118.54
2002-11-25,1129.61
2002-11-26,1089.95
2002-11-27,1128.21
2002-11-29,1118.63
2002-12-02,1123.02
2002-12-03,1091.26
2002-12-04,1071.91
2002-12-05,1055.45
2002-12-06,1068.38
2002-12-09,1017.14
2002-12-10,1035.41
2002-12-11,1038.7
2002-12-12,1042.31
2002-12-13,1008.13
2002-12-16,1044.93
2002-12-17,1042.5
2002-12-18,1016.14
2002-12-19,1008.45
2002-12-20,1015.84
2002-12-23,1034.77
2002-12-24,1025.74
2002-12-26,1018.89
2002-12-27,1000.24
2002-12-30,992.26
2002-12-31,986.72
2003-01-02,1030.32
2003-01-03,1034.1
2003-01-06,1064.03
2003-01-07,1074.42
2003-01-08,1045.02
2003-01-09,1078.64
2003-01-10,1089.97
2003-01-13,1085.6
2003-01-14,1097.49
2003-01-15,1076.16
2003-01-16,1064.01
2003-01-17,1020.03
2003-01-21,1011.35
2003-01-22,1008.95
2003-01-23,1035.17
2003-01-24,998.6
2003-01-27,988.8
2003-01-28,1003.84
2003-01-29,1019.03
2003-01-30,987.95
2003-01-31,985.48
2003-02-03,989.52
2003-02-04,974.14
2003-02-05,971.51
2003-02-06,973.11
2003-02-07,959.57
2003-02-10,972.51
2003-02-11,974.17
2003-02-12,959.29
2003-02-13,954.44
2003-02-14,984.71
2003-02-18,1017.62
2003-02-19,1008.96
2003-02-20,1004.52
2003-02-21,1019.02
2003-02-24,997.74
2003-02-25,1002.34
2003-02-26,977.51
2003-02-27,997.86
2003-02-28,1012.85
2003-03-03,994.12
2003-03-04,986.01
2003-03-05,993.29
2003-03-06,987
2003-03-07,989.87
2003-03-10,967.27
2003-03-11,961.78
2003-03-12,973.6
2003-03-13,1033.03
2003-03-14,1033.7
2003-03-17,1080.4
2003-03-18,1085.6
2003-03-19,1078.36
2003-03-20,1083.65
2003-03-21,1096.57
2003-03-24,1050.4
2003-03-25,1069.94
2003-03-26,1069.67
2003-03-27,1065.29
2003-03-28,1050.02
2003-03-31,1021.89
2003-04-01,1025.87
2003-04-02,1066.82
2003-04-03,1067.43
2003-04-04,1054.04
2003-04-07,1056.61
2003-04-08,1049.61
2003-04-09,1026.75
2003-04-10,1036.41
2003-04-11,1029.4
2003-04-14,1051.63
2003-04-15,1056.41
2003-04-16,1058.23
2003-04-17,1086.99
2003-04-21,1084.46
2003-04-22,1105.93
2003-04-23,1116.48
2003-04-24,1111.66
2003-04-25,1086.65
2003-04-28,1110.66
2003-04-29,1120.41
2003-04-30,1109.64
2003-05-01,1116.81
2003-05-02,1140.19
2003-05-05,1140
2003-05-06,1156.58
2003-05-07,1139.6
2003-05-08,1122.49
2003-05-09,1147.36
2003-05-12,1164.28
2003-05-13,1159.82
2003-05-14,1151.96
2003-05-15,1166.84
2003-05-16,1158.37
2003-05-19,1116.23
2003-05-20,1116.59
2003-05-21,1117.43
2003-05-22,1135.25
2003-05-23,1133.85
2003-05-27,1176.52
2003-05-28,1177.33
2003-05-29,1185.88
2003-05-30,1201.99
2003-06-02,1189.19
2003-06-03,1202.68
2003-06-04,1228.97
2003-06-05,1235.96
2003-06-06,1217.28
2003-06-09,1199.66
2003-06-10,1217.16
2003-06-11,1232.46
2003-06-12,1233.56
2003-06-13,1208.05
2003-06-16,1245.85
2003-06-17,1243.9
2003-06-18,1252.25
2003-06-19,1230.16
2003-06-20,1227.39
2003-06-23,1204.35
2003-06-24,1195.85
2003-06-25,1192.56
2003-06-26,1218.92
2003-06-27,1209.46
2003-06-30,1205.88
2003-07-01,1221.62
2003-07-02,1250.09
2003-07-03,1235.63
2003-07-07,1286.36
2003-07-08,1302.9
2003-07-09,1299.74
2003-07-10,1273.15
2003-07-11,1285.11
2003-07-14,1300.33
2003-07-15,1299.06
2003-07-16,1296.57
2003-07-17,1260.39
2003-07-18,1264.37
2003-07-21,1245.17
2003-07-22,1262.08
2003-07-23,1273.01
2003-07-24,1258.21
2003-07-25,1282.84
2003-07-28,1285.07
2003-07-29,1279.69
2003-07-30,1268.34
2003-07-31,1281.55
2003-08-01,1268.9
2003-08-04,1271.95
2003-08-05,1234.22
2003-08-06,1219.57
2003-08-07,1221.63
2003-08-08,1211.72
2003-08-11,1227.64
2003-08-12,1245.25
2003-08-13,1244.92
2003-08-14,1256.53
2003-08-15,1258.27
2003-08-18,1289.57
2003-08-19,1304.5
2003-08-20,1304.59
2003-08-21,1319.59
2003-08-22,1309.44
2003-08-25,1311.55
2003-08-26,1313.96
2003-08-27,1323.97
2003-08-28,1337.43
2003-08-29,1346.34
2003-09-02,1366.3
2003-09-03,1365.41
2003-09-04,1378.54
2003-09-05,1367.13
2003-09-08,1392.05
2003-09-09,1375.82
2003-09-10,1337.43
2003-09-11,1356.02
2003-09-12,1362.88
2003-09-15,1352.97
2003-09-16,1388.16
2003-09-17,1382.12
2003-09-18,1405.54
2003-09-19,1397.65
2003-09-22,1371.6
2003-09-23,1393.52
2003-09-24,1344.83
2003-09-25,1330.88
2003-09-26,1314.37
2003-09-29,1340.67
2003-09-30,1308.74
2003-10-01,1340.52
2003-10-02,1342.29
2003-10-03,1380.66
2003-10-06,1387.06
2003-10-07,1397.97
2003-10-08,1387.76
2003-10-09,1402.37
2003-10-10,1410.32
2003-10-13,1420.21
2003-10-14,1426.17
2003-10-15,1423.85
2003-10-16,1433
2003-10-17,1400.18
2003-10-20,1415.53
2003-10-21,1428.41
2003-10-22,1393.55
2003-10-23,1384.23
2003-10-24,1376.69
2003-10-27,1383.53
2003-10-28,1426.33
2003-10-29,1426.23
2003-10-30,1423.73
2003-10-31,1422.73
2003-11-03,1449.59
2003-11-04,1435.78
2003-11-05,1436.02
2003-11-06,1446.65
2003-11-07,1443.28
2003-11-10,1421.06
2003-11-11,1416.06
2003-11-12,1450.09
2003-11-13,1446.44
2003-11-14,1413.98
2003-11-17,1400.15
2003-11-18,1370.96
2003-11-19,1385.23
2003-11-20,1369.75
2003-11-21,1379.63
2003-11-24,1425.85
2003-11-25,1417.95
2003-11-26,1426.76
2003-11-28,1430.93
2003-12-01,1453.86
2003-12-02,1438.6
2003-12-03,1426.43
2003-12-04,1439.11
2003-12-05,1413.51
2003-12-08,1424.71
2003-12-09,1390.16
2003-12-10,1395.48
2003-12-11,1423.61
2003-12-12,1423.92
2003-12-15,1403.38
2003-12-16,1409.87
2003-12-17,1406.77
2003-12-18,1438.23
2003-12-19,1433.07
2003-12-22,1438.63
2003-12-23,1455.17
2003-12-24,1450.18
2003-12-26,1450.85
2003-12-29,1477.5
2003-12-30,1477.13
2003-12-31,1475.03
2004-01-02,1470.67
2004-01-05,1503.84
2004-01-06,1508.56
2004-01-07,1521.62
2004-01-08,1538.09
2004-01-09,1527.86
2004-01-12,1547.26
2004-01-13,1532.2
2004-01-14,1541.54
2004-01-15,1539.46
2004-01-16,1561.18
2004-01-20,1560.42
2004-01-21,1554.16
2004-01-22,1537.91
2004-01-23,1538.7
2004-01-26,1561.26
2004-01-27,1526.66
2004-01-28,1498.87
2004-01-29,1503.77
2004-01-30,1500.44
2004-02-02,1495.18
2004-02-03,1499.2
2004-02-04,1469.94
2004-02-05,1472.37
2004-02-06,1506.53
2004-02-09,1498.45
2004-02-10,1507.88
2004-02-11,1521.89
2004-02-12,1508.99
2004-02-13,1492.07
2004-02-17,1514.28
2004-02-18,1515.2
2004-02-19,1492.42
2004-02-20,1489.73
2004-02-23,1471.3
2004-02-24,1469.58
2004-02-25,1477.9
2004-02-26,1484.85
2004-02-27,1478.07
2004-03-01,1497.28
2004-03-02,1480.93
2004-03-03,1473.75
2004-03-04,1489.1
2004-03-05,1480.69
2004-03-08,1448.66
2004-03-09,1444.99
2004-03-10,1424.91
2004-03-11,1409.54
2004-03-12,1438.9
2004-03-15,1407.2
2004-03-16,1414.44
2004-03-17,1436.37
2004-03-18,1425.2
2004-03-19,1405.9
2004-03-22,1388.62
2004-03-23,1377.21
2004-03-24,1389.09
2004-03-25,1433.33
2004-03-26,1422.81
2004-03-29,1450.06
2004-03-30,1452.84
2004-03-31,1445.96
2004-04-01,1460.86
2004-04-02,1498.14
2004-04-05,1516.3
2004-04-06,1501.45
2004-04-07,1489.76
2004-04-08,1493.33
2004-04-12,1503.8
2004-04-13,1480.64
2004-04-14,1483.42
2004-04-15,1467.13
2004-04-16,1456.68
2004-04-19,1481.24
2004-04-20,1444.46
2004-04-21,1458.69
2004-04-22,1493.44
2004-04-23,1505.01
2004-04-26,1488.45
2004-04-27,1487.39
2004-04-28,1460.81
2004-04-29,1439.07
2004-04-30,1408.91
2004-05-03,1422.92
2004-05-04,1429.78
2004-05-05,1436.28
2004-05-06,1423.42
2004-05-07,1413.96
2004-05-10,1404.87
2004-05-11,1429.81
2004-05-12,1422.7
2004-05-13,1424.99
2004-05-14,1407.64
2004-05-17,1387.63
2004-05-18,1405.3
2004-05-19,1404.12
2004-05-20,1404.69
2004-05-21,1416.06
2004-05-24,1421.92
2004-05-25,1455.85
2004-05-26,1462.16
2004-05-27,1471.48
2004-05-28,1474.61
2004-06-01,1476.96
2004-06-02,1472.61
2004-06-03,1453.49
2004-06-04,1463.38
2004-06-07,1499.99
2004-06-08,1504.55
2004-06-09,1477.92
2004-06-10,1489.77
2004-06-14,1467.04
2004-06-15,1487.72
2004-06-16,1488.52
2004-06-17,1472.47
2004-06-18,1473.08
2004-06-21,1461.6
2004-06-22,1483.37
2004-06-23,1502.13
2004-06-24,1496.88
2004-06-25,1507.02
2004-06-28,1501.68
2004-06-29,1514.34
2004-06-30,1525.39
2004-07-01,1498.16
2004-07-02,1489.74
2004-07-06,1454.07
2004-07-07,1460.89
2004-07-08,1439.41
2004-07-09,1448.33
2004-07-12,1440.4
2004-07-13,1436.95
2004-07-14,1424.33
2004-07-15,1424.2
2004-07-16,1400.31
2004-07-19,1404.93
2004-07-20,1429.37
2004-07-21,1394.71
2004-07-22,1416.78
2004-07-23,1383.55
2004-07-26,1376.43
2004-07-27,1399.67
2004-07-28,1391.92
2004-07-29,1406.85
2004-07-30,1408.71
2004-08-02,1414.69
2004-08-03,1387.33
2004-08-04,1387.51
2004-08-05,1361.59
2004-08-06,1323.23
2004-08-09,1326.8
2004-08-10,1354.85
2004-08-11,1332.66
2004-08-12,1312.37
2004-08-13,1315.78
2004-08-16,1335
2004-08-17,1343.93
2004-08-18,1372.11
2004-08-19,1361.58
2004-08-20,1375.15
2004-08-23,1379.72
2004-08-24,1378.61
2004-08-25,1398.3
2004-08-26,1393.08
2004-08-27,1397.69
2004-08-30,1376.95
2004-08-31,1377.7
2004-09-01,1387.05
2004-09-02,1407.57
2004-09-03,1380.87
2004-09-07,1390.95
2004-09-08,1385.85
2004-09-09,1400.71
2004-09-10,1422.32
2004-09-13,1436.76
2004-09-14,1443.83
2004-09-15,1424.64
2004-09-16,1427.33
2004-09-17,1435.71
2004-09-20,1434.12
2004-09-21,1445.39
2004-09-22,1413.48
2004-09-23,1415.05
2004-09-24,1408.29
2004-09-27,1394.7
2004-09-28,1398.88
2004-09-29,1420.18
2004-09-30,1422.07
2004-10-01,1462.54
2004-10-04,1468.65
2004-10-05,1471.43
2004-10-06,1484.13
2004-10-07,1465.42
2004-10-08,1440.44
2004-10-11,1447.25
2004-10-12,1444.51
2004-10-13,1443.97
2004-10-14,1434.66
2004-10-15,1440.46
2004-10-18,1466.97
2004-10-19,1453.37
2004-10-20,1461.93
2004-10-21,1484.6
2004-10-22,1447.82
2004-10-25,1442.1
2004-10-26,1451.73
2004-10-27,1489.89
2004-10-28,1497.08
2004-10-29,1496.68
2004-11-01,1498.76
2004-11-02,1504.84
2004-11-03,1514.1
2004-11-04,1526.5
2004-11-05,1535.6
2004-11-08,1537.51
2004-11-09,1537.4
2004-11-10,1527.46
2004-11-11,1552.27
2004-11-12,1569.09
2004-11-15,1572.07
2004-11-16,1559.59
2004-11-17,1582.35
2004-11-18,1592.1
2004-11-19,1563.2
2004-11-22,1579.51
2004-11-23,1573.79
2004-11-24,1593.88
2004-11-26,1589.56
2004-11-29,1591.85
2004-11-30,1582.85
2004-12-01,1618.77
2004-12-02,1624.81
2004-12-03,1626.07
2004-12-06,1631.47
2004-12-07,1600.99
2004-12-08,1613.67
2004-12-09,1621.6
2004-12-10,1616.94
2004-12-13,1633.06
2004-12-14,1639.41
2004-12-15,1635.55
2004-12-16,1619.91
2004-12-17,1608.81
2004-12-20,1604.13
2004-12-21,1621.55
2004-12-22,1625.9
2004-12-23,1626.11
2004-12-27,1619.88
2004-12-28,1636.62
2004-12-29,1637.39
2004-12-30,1636.18
2004-12-31,1633.53
2005-01-03,1615.78
2005-01-04,1583.86
2005-01-05,1575.74
2005-01-06,1569.45
2005-01-07,1576.8
2005-01-10,1576.91
2005-01-11,1565.31
2005-01-12,1577.78
2005-01-13,1557.02
2005-01-14,1573.07
2005-01-18,1585.55
2005-01-19,1557.49
2005-01-20,1526.16
2005-01-21,1515.16
2005-01-24,1492.01
2005-01-25,1501.99
2005-01-26,1520.63
2005-01-27,1519.16
2005-01-28,1511.06
2005-01-31,1531.39
2005-02-01,1535.45
2005-02-02,1536.89
2005-02-03,1520.12
2005-02-04,1546.69
2005-02-07,1541.2
2005-02-08,1544.88
2005-02-09,1518.8
2005-02-10,1518.88
2005-02-11,1542.76
2005-02-14,1550.54
2005-02-15,1560.07
2005-02-16,1555.21
2005-02-17,1531.94
2005-02-18,1528.02
2005-02-22,1506.51
2005-02-23,1509.73
2005-02-24,1530.54
2005-02-25,1539.99
2005-02-28,1523.98
2005-03-01,1540.35
2005-03-02,1538.36
2005-03-03,1524.85
2005-03-04,1533.62
2005-03-07,1558.46
2005-03-08,1541.76
2005-03-09,1535.05
2005-03-10,1537.47
2005-03-11,1518.57
2005-03-14,1528.1
2005-03-15,1514.96
2005-03-16,1498.99
2005-03-17,1500.41
2005-03-18,1497.14
2005-03-21,1497.19
2005-03-22,1477.68
2005-03-23,1484.52
2005-03-24,1482.68
2005-03-28,1485.47
2005-03-29,1477.03
2005-03-30,1504.67
2005-03-31,1495.38
2005-04-01,1482.09
2005-04-04,1489.52
2005-04-05,1496.61
2005-04-06,1493.5
2005-04-07,1512.76
2005-04-08,1498.53
2005-04-11,1491.42
2005-04-12,1502.12
2005-04-13,1474.42
2005-04-14,1453.69
2005-04-15,1420.86
2005-04-18,1422.27
2005-04-19,1433.18
2005-04-20,1419.11
2005-04-21,1459.98
2005-04-22,1433.6
2005-04-25,1449.83
2005-04-26,1432.82
2005-04-27,1436.22
2005-04-28,1421.71
2005-04-29,1433.32
2005-05-02,1436.26
2005-05-03,1440.2
2005-05-04,1465.25
2005-05-05,1463.22
2005-05-06,1469.12
2005-05-09,1476.6
2005-05-10,1463.46
2005-05-11,1472.75
2005-05-12,1468.01
2005-05-13,1484
2005-05-16,1494.53
2005-05-17,1504.13
2005-05-18,1523.42
2005-05-19,1535.73
2005-05-20,1542.43
2005-05-23,1549.66
2005-05-24,1554.95
2005-05-25,1547.34
2005-05-26,1563.58
2005-05-27,1564.63
2005-05-31,1557.39
2005-06-01,1574.41
2005-06-02,1583.97
2005-06-03,1559.25
2005-06-06,1560.05
2005-06-07,1545.77
2005-06-08,1542.31
2005-06-09,1554.21
2005-06-10,1535.59
2005-06-13,1543.78
2005-06-14,1539.07
2005-06-15,1544.19
2005-06-16,1552.19
2005-06-17,1552.91
2005-06-20,1552.09
2005-06-21,1551.25
2005-06-22,1549.11
2005-06-23,1530.52
2005-06-24,1514.6
2005-06-27,1508.11
2005-06-28,1523.14
2005-06-29,1518.59
2005-06-30,1507.9
2005-07-01,1504.89
2005-07-05,1520.86
2005-07-06,1512.47
2005-07-07,1518.26
2005-07-08,1548.03
2005-07-11,1562.56
2005-07-12,1570.57
2005-07-13,1572.74
2005-07-14,1588.71
2005-07-15,1593.14
2005-07-18,1585.33
2005-07-19,1605.93
2005-07-20,1618.31
2005-07-21,1617.44
2005-07-22,1616.3
2005-07-25,1609.03
2005-07-26,1614.45
2005-07-27,1627.6
2005-07-28,1634.41
2005-07-29,1620.78
2005-08-01,1625.8
2005-08-02,1642.86
2005-08-03,1643.34
2005-08-04,1624.71
2005-08-05,1617.48
2005-08-08,1605.74
2005-08-09,1617.04
2005-08-10,1601.48
2005-08-11,1616.69
2005-08-12,1607.69
2005-08-15,1617.18
2005-08-16,1590.26
2005-08-17,1598.63
2005-08-18,1592.06
2005-08-19,1590.02
2005-08-22,1591.91
2005-08-23,1587.57
2005-08-24,1578.11
2005-08-25,1582.32
2005-08-26,1575.2
2005-08-29,1588.02
2005-08-30,1582.19
2005-08-31,1598.34
2005-09-01,1593.83
2005-09-02,1589.66
2005-09-06,1614.07
2005-09-07,1616.7
2005-09-08,1614.49
2005-09-09,1624.75
2005-09-12,1629.17
2005-09-13,1624.29
2005-09-14,1606.36
2005-09-15,1605.27
2005-09-16,1616.27
2005-09-19,1602.74
2005-09-20,1594.81
2005-09-21,1578.28
2005-09-22,1583.86
2005-09-23,1588.3
2005-09-26,1589.42
2005-09-27,1585.36
2005-09-28,1585.33
2005-09-29,1606.68
2005-09-30,1618.53
2005-10-03,1622.5
2005-10-04,1612.35
2005-10-05,1588.07
2005-10-06,1569.3
2005-10-07,1572.31
2005-10-10,1563.28
2005-10-11,1555.52
2005-10-12,1537.24
2005-10-13,1549.98
2005-10-14,1560.58
2005-10-17,1566.23
2005-10-18,1554.66
2005-10-19,1586.17
2005-10-20,1571.99
2005-10-21,1581.62
2005-10-24,1607.43
2005-10-25,1602.54
2005-10-26,1591.81
2005-10-27,1559.71
2005-10-28,1573.66
2005-10-31,1595.96
2005-11-01,1593.31
2005-11-02,1614.31
2005-11-03,1637.13
2005-11-04,1645.59
2005-11-07,1646.84
2005-11-08,1645.96
2005-11-09,1647.87
2005-11-10,1668.88
2005-11-11,1671.34
2005-11-14,1669.86
2005-11-15,1662.69
2005-11-16,1669.94
2005-11-17,1695.19
2005-11-18,1698.69
2005-11-21,1705.14
2005-11-22,1713.14
2005-11-23,1715.8
2005-11-25,1720.13
2005-11-28,1703.28
2005-11-29,1695.74
2005-11-30,1691.42
2005-12-01,1723.49
2005-12-02,1728.37
2005-12-05,1714.1
2005-12-06,1720.76
2005-12-07,1716.43
2005-12-08,1704.85
2005-12-09,1711.96
2005-12-12,1717.76
2005-12-13,1725.26
2005-12-14,1718.4
2005-12-15,1721.62
2005-12-16,1708.45
2005-12-19,1683.85
2005-12-20,1684.57
2005-12-21,1690.17
2005-12-22,1703.07
2005-12-23,1702.63
2005-12-27,1687.91
2005-12-28,1686.63
2005-12-29,1674.75
2005-12-30,1664.48
2006-01-03,1699.61
2006-01-04,1715.69
2006-01-05,1725.26
2006-01-06,1755.31
2006-01-09,1762.31
2006-01-10,1764.45
2006-01-11,1778.86
2006-01-12,1767.84
2006-01-13,1767.26
2006-01-17,1756.75
2006-01-18,1736.75
2006-01-19,1750.2
2006-01-20,1696.04
2006-01-23,1695.96
2006-01-24,1706
2006-01-25,1696.75
2006-01-26,1710.4
2006-01-27,1731.25
2006-01-30,1733.69
2006-01-31,1731
2006-02-01,1733.29
2006-02-02,1705.72
2006-02-03,1684.56
2006-02-06,1677.53
2006-02-07,1671.79
2006-02-08,1690.65
2006-02-09,1674.13
2006-02-10,1683.91
2006-02-13,1665.81
2006-02-14,1682.16
2006-02-15,1694
2006-02-16,1709.65
2006-02-17,1696.09
2006-02-21,1676.31
2006-02-22,1698.65
2006-02-23,1693.35
2006-02-24,1697.61
2006-02-27,1717.03
2006-02-28,1691.63
2006-03-01,1715.94
2006-03-02,1715.13
2006-03-03,1705.54
2006-03-06,1691.02
2006-03-07,1682.01
2006-03-08,1681.35
2006-03-09,1665.9
2006-03-10,1669.08
2006-03-13,1674.72
2006-03-14,1702.42
2006-03-15,1715.9
2006-03-16,1700.29
2006-03-17,1706.99
2006-03-20,1710.35
2006-03-21,1693.64
2006-03-22,1697.53
2006-03-23,1691.88
2006-03-24,1701.08
2006-03-27,1701.91
2006-03-28,1694.21
2006-03-29,1725.54
2006-03-30,1730.44
2006-03-31,1725.36
2006-04-03,1728.5
2006-04-04,1738.41
2006-04-05,1754.8
2006-04-06,1761.34
2006-04-07,1744.97
2006-04-10,1740.75
2006-04-11,1726.19
2006-04-12,1726.54
2006-04-13,1733.95
2006-04-17,1715.97
2006-04-18,1748.7
2006-04-19,1756.2
2006-04-20,1750.99
2006-04-21,1730.86
2006-04-24,1728.25
2006-04-25,1723.22
2006-04-26,1724.03
2006-04-27,1739.23
2006-04-28,1722.59
2006-05-01,1708.31
2006-05-02,1711.67
2006-05-03,1708.24
2006-05-04,1723.17
2006-05-05,1736.18
2006-05-08,1737.68
2006-05-09,1733.57
2006-05-10,1717.01
2006-05-11,1679.27
2006-05-12,1657.37
2006-05-15,1656.71
2006-05-16,1645.58
2006-05-17,1620.48
2006-05-18,1608.51
2006-05-19,1622.45
2006-05-22,1605.94
2006-05-23,1590.17
2006-05-24,1601.8
2006-05-25,1621.57
2006-05-26,1628.35
2006-05-30,1592.83
2006-05-31,1601.24
2006-06-01,1638.73
2006-06-02,1635.01
2006-06-05,1599.12
2006-06-06,1596.98
2006-06-07,1586.72
2006-06-08,1583.01
2006-06-09,1572.28
2006-06-12,1541.2
2006-06-13,1537.71
2006-06-14,1551.36
2006-06-15,1594.77
2006-06-16,1584.39
2006-06-19,1570.3
2006-06-20,1569.67
2006-06-21,1595.25
2006-06-22,1575.93
2006-06-23,1572.44
2006-06-26,1577.63
2006-06-27,1548.06
2006-06-28,1559.46
2006-06-29,1607.42
2006-06-30,1596.95
2006-07-03,1608.13
2006-07-05,1575.39
2006-07-06,1572.95
2006-07-07,1554.86
2006-07-10,1541.88
2006-07-11,1554.21
2006-07-12,1522.31
2006-07-13,1498.69
2006-07-14,1482.47
2006-07-17,1488.9
2006-07-18,1492.78
2006-07-19,1511.3
2006-07-20,1487.26
2006-07-21,1472.05
2006-07-24,1502.93
2006-07-25,1510.2
2006-07-26,1508.55
2006-07-27,1499.07
2006-07-28,1531.39
2006-07-31,1530.51
2006-08-01,1505.72
2006-08-02,1521.56
2006-08-03,1532.06
2006-08-04,1525.2
2006-08-07,1515.36
2006-08-08,1505.9
2006-08-09,1506.75
2006-08-10,1517.54
2006-08-11,1507.94
2006-08-14,1515.69
2006-08-15,1556.78
2006-08-16,1593
2006-08-17,1596.7
2006-08-18,1599.62
2006-08-21,1584.05
2006-08-22,1586.4
2006-08-23,1573.47
2006-08-24,1578.34
2006-08-25,1580.89
2006-08-28,1593.67
2006-08-29,1597.09
2006-08-30,1605.53
2006-08-31,1603.28
2006-09-01,1613.16
2006-09-05,1627.6
2006-09-06,1595.68
2006-09-07,1588.21
2006-09-08,1598.24
2006-09-11,1607.44
2006-09-12,1639.9
2006-09-13,1648.27
2006-09-14,1650.28
2006-09-15,1656.85
2006-09-18,1656.57
2006-09-19,1645.3
2006-09-20,1669.95
2006-09-21,1659.31
2006-09-22,1646.63
2006-09-25,1675.05
2006-09-26,1684.01
2006-09-27,1680.43
2006-09-28,1686.44
2006-09-29,1678.86
2006-10-02,1657.23
2006-10-03,1664.82
2006-10-04,1706.28
2006-10-05,1714.69
2006-10-06,1710.08
2006-10-09,1716.37
2006-10-10,1718.61
2006-10-11,1716.59
2006-10-12,1744.26
2006-10-13,1753.06
2006-10-16,1753.47
2006-10-17,1735.2
2006-10-18,1726.21
2006-10-19,1731.92
2006-10-20,1735.17
2006-10-23,1751.76
2006-10-24,1739.53
2006-10-25,1752.68
2006-10-26,1770.25
2006-10-27,1743.39
2006-10-30,1753.83
2006-10-31,1758.64
2006-11-01,1733.38
2006-11-02,1735.94
2006-11-03,1729.89
2006-11-06,1758.65
2006-11-07,1768.07
2006-11-08,1776.41
2006-11-09,1766.66
2006-11-10,1777.85
2006-11-13,1795.07
2006-11-14,1815.05
2006-11-15,1821.85
2006-11-16,1830.12
2006-11-17,1828.89
2006-11-20,1832.08
2006-11-21,1837.23
2006-11-22,1848.28
2006-11-24,1844.01
2006-11-27,1803.02
2006-11-28,1808.26
2006-11-29,1821.05
2006-11-30,1819.51
2006-12-01,1803.15
2006-12-04,1828.35
2006-12-05,1833.64
2006-12-06,1827.87
2006-12-07,1805.85
2006-12-08,1814.74
2006-12-11,1820.36
2006-12-12,1810.45
2006-12-13,1811.94
2006-12-14,1832.9
2006-12-15,1838.14
2006-12-18,1820.28
2006-12-19,1814.33
2006-12-20,1807.01
2006-12-21,1795.18
2006-12-22,1777.23
2006-12-26,1782.25
2006-12-27,1792.27
2006-12-28,1787.73
2006-12-29,1785.66
2007-01-03,1788.17
2007-01-04,1822.26
2007-01-05,1814.53
2007-01-08,1816.39
2007-01-09,1825.02
2007-01-10,1845.91
2007-01-11,1864.93
2007-01-12,1875.03
2007-01-16,1872.63
2007-01-17,1857.63
2007-01-18,1823.07
2007-01-19,1826.25
2007-01-22,1808.17
2007-01-23,1802.46
2007-01-24,1832.26
2007-01-25,1806.97
2007-01-26,1802.11
2007-01-29,1804.26
2007-01-30,1807.06
2007-01-31,1821.83
2007-02-01,1820.98
2007-02-02,1827.87
2007-02-05,1825.4
2007-02-06,1823.03
2007-02-07,1841.22
2007-02-08,1840.8
2007-02-09,1815.37
2007-02-12,1808.24
2007-02-13,1814.21
2007-02-14,1846.04
2007-02-15,1854.62
2007-02-16,1852.72
2007-02-20,1865.16
2007-02-21,1870.68
2007-02-22,1878.05
2007-02-23,1871.37
2007-02-26,1862.03
2007-02-27,1786.45
2007-02-28,1792.21
2007-03-01,1783.88
2007-03-02,1755.99
2007-03-05,1742.68
2007-03-06,1773.35
2007-03-07,1766.27
2007-03-08,1776.79
2007-03-09,1775.07
2007-03-12,1786.96
2007-03-13,1752.43
2007-03-14,1773.47
2007-03-15,1775.22
2007-03-16,1772.53
2007-03-19,1788.81
2007-03-20,1797.99
2007-03-21,1837.77
2007-03-22,1831.05
2007-03-23,1825.25
2007-03-26,1834.31
2007-03-27,1821.07
2007-03-28,1801.5
2007-03-29,1802.7
2007-03-30,1803.36
2007-04-02,1804.35
2007-04-03,1827.73
2007-04-04,1833.25
2007-04-05,1844.64
2007-04-09,1839.81
2007-04-10,1848.7
2007-04-11,1829.56
2007-04-12,1845.31
2007-04-13,1848.73
2007-04-16,1866.13
2007-04-17,1867.11
2007-04-18,1864.54
2007-04-19,1864.62
2007-04-20,1878.28
2007-04-23,1882.64
2007-04-24,1891.48
2007-04-25,1914.47
2007-04-26,1922.85
2007-04-27,1924.46
2007-04-30,1900.74
2007-05-01,1906.51
2007-05-02,1923.11
2007-05-03,1929.39
2007-05-04,1929.45
2007-05-07,1929.78
2007-05-08,1933.8
2007-05-09,1939.81
2007-05-10,1908.87
2007-05-11,1932.92
2007-05-14,1922.02
2007-05-15,1905.89
2007-05-16,1926.11
2007-05-17,1919.09
2007-05-18,1931.57
2007-05-21,1946.06
2007-05-22,1951.44
2007-05-23,1939.18
2007-05-24,1908.83
2007-05-25,1923.75
2007-05-29,1934.48
2007-05-30,1953.49
2007-05-31,1963.78
2007-06-01,1963.88
2007-06-04,1969.45
2007-06-05,1968.06
2007-06-06,1950.28
2007-06-07,1916.99
2007-06-08,1941.54
2007-06-11,1937.17
2007-06-12,1925.68
2007-06-13,1949.32
2007-06-14,1960.19
2007-06-15,1978.4
2007-06-18,1980.39
2007-06-19,1977.73
2007-06-20,1957.72
2007-06-21,1977.28
2007-06-22,1957.55
2007-06-25,1948.33
2007-06-26,1944.01
2007-06-27,1968.88
2007-06-28,1967.46
2007-06-29,1969.94
2007-07-02,1990.33
2007-07-03,2001.62
2007-07-05,2017.77
2007-07-06,2025.15
2007-07-09,2026.06
2007-07-10,2008.42
2007-07-11,2020.87
2007-07-12,2058.51
2007-07-13,2069.84
2007-07-16,2065.63
2007-07-17,2079.64
2007-07-18,2075.77
2007-07-19,2091.06
2007-07-20,2073.63
2007-07-23,2074.09
2007-07-24,2037.65
2007-07-25,2048.48
2007-07-26,2023.49
2007-07-27,1992.51
2007-07-30,2010.71
2007-07-31,1968.06
2007-08-01,1981.33
2007-08-02,2003.25
2007-08-03,1954.58
2007-08-06,1991.07
2007-08-07,1998.54
2007-08-08,2024.82
2007-08-09,1973.29
2007-08-10,1961.51
2007-08-13,1971.19
2007-08-14,1937.92
2007-08-15,1900.9
2007-08-16,1881.79
2007-08-17,1925.31
2007-08-20,1929.66
2007-08-21,1948.06
2007-08-22,1974.33
2007-08-23,1969.35
2007-08-24,1999.42
2007-08-27,1985.27
2007-08-28,1936.07
2007-08-29,1993.13
2007-08-30,2002.2
2007-08-31,2027.68
2007-09-04,2060.08
2007-09-05,2033.5
2007-09-06,2037.87
2007-09-07,1996.75
2007-09-10,1998.69
2007-09-11,2028.03
2007-09-12,2028.01
2007-09-13,2037.86
2007-09-14,2040.11
2007-09-17,2022.01
2007-09-18,2075.34
2007-09-19,2081.44
2007-09-20,2072.51
2007-09-21,2089.72
2007-09-24,2097.64
2007-09-25,2117.62
2007-09-26,2129.39
2007-09-27,2137.55
2007-09-28,2132.17
2007-10-01,2158.54
2007-10-02,2157.44
2007-10-03,2144.31
2007-10-04,2146.91
2007-10-05,2191.88
2007-10-08,2205.73
2007-10-09,2213.85
2007-10-10,2219.76
2007-10-11,2182.99
2007-10-12,2220.78
2007-10-15,2201.34
2007-10-16,2193.43
2007-10-17,2221.98
2007-10-18,2230.53
2007-10-19,2172.97
2007-10-22,2199.87
2007-10-23,2248.53
2007-10-24,2231.62
2007-10-25,2204.02
2007-10-26,2237.74
2007-10-29,2246.74
2007-10-30,2251.15
2007-10-31,2283.14
2007-11-01,2240.4
2007-11-02,2257.65
2007-11-05,2244.29
2007-11-06,2268.25
2007-11-07,2212.64
2007-11-08,2148.11
2007-11-09,2074.88
2007-11-12,2021.7
2007-11-13,2107.78
2007-11-14,2079.24
2007-11-15,2065.08
2007-11-16,2090.17
2007-11-19,2062.12
2007-11-20,2071.11
2007-11-21,2047.07
2007-11-23,2070.05
2007-11-26,2029.7
2007-11-27,2075.01
2007-11-28,2138.82
2007-11-29,2146.03
2007-11-30,2132.44
2007-12-03,2110.35
2007-12-04,2101.79
2007-12-05,2143.26
2007-12-06,2172.2
2007-12-07,2174.6
2007-12-10,2179.63
2007-12-11,2127.4
2007-12-12,2145.41
2007-12-13,2138.59
2007-12-14,2116.06
2007-12-17,2063.66
2007-12-18,2072.54
2007-12-19,2074.07
2007-12-20,2113.58
2007-12-21,2156.56
2007-12-24,2173.77
2007-12-26,2182.27
2007-12-27,2150.78
2007-12-28,2151.76
2007-12-31,2129.17
2008-01-02,2093.21
2008-01-03,2095.3
2008-01-04,2005.19
2008-01-07,1998.98
2008-01-08,1950.87
2008-01-09,1990.59
2008-01-10,1995.13
2008-01-11,1953.43
2008-01-14,1990.55
2008-01-15,1934.32
2008-01-16,1912.05
2008-01-17,1881.23
2008-01-18,1883.26
2008-01-22,1833.74
2008-01-23,1827.54
2008-01-24,1865.72
2008-01-25,1827.17
2008-01-28,1843.41
2008-01-29,1846.06
2008-01-30,1847.05
2008-01-31,1880.67
2008-02-01,1894.81
2008-02-04,1867.94
2008-02-05,1811.83
2008-02-06,1778.59
2008-02-07,1791.23
2008-02-08,1812.11
2008-02-11,1831.87
2008-02-12,1819.11
2008-02-13,1862.6
2008-02-14,1826.51
2008-02-15,1819.23
2008-02-19,1803.75
2008-02-20,1826.89
2008-02-21,1805.35
2008-02-22,1812.65
2008-02-25,1824.94
2008-02-26,1830.92
2008-02-27,1840.09
2008-02-28,1834.49
2008-02-29,1784.2
2008-03-03,1771.95
2008-03-04,1782.61
2008-03-05,1792.75
2008-03-06,1750.76
2008-03-07,1745.65
2008-03-10,1710.42
2008-03-11,1779.87
2008-03-12,1773.97
2008-03-13,1789.52
2008-03-14,1752.14
2008-03-17,1724.9
2008-03-18,1800.41
2008-03-19,1753.94
2008-03-20,1791.15
2008-03-24,1854.95
2008-03-25,1865.34
2008-03-26,1858.09
2008-03-27,1817.84
2008-03-28,1807.29
2008-03-31,1822.09
2008-04-01,1897.3
2008-04-02,1890.47
2008-04-03,1897
2008-04-04,1907.92
2008-04-07,1902.76
2008-04-08,1887.74
2008-04-09,1867.37
2008-04-10,1894.76
2008-04-11,1839.29
2008-04-14,1831.32
2008-04-15,1835.21
2008-04-16,1888.55
2008-04-17,1882.4
2008-04-18,1943.14
2008-04-21,1956.27
2008-04-22,1924.09
2008-04-23,1949.66
2008-04-24,1967.98
2008-04-25,1961.85
2008-04-28,1966.64
2008-04-29,1977.33
2008-04-30,1961.08
2008-05-01,2025.25
2008-05-02,2026.7
2008-05-05,2020.92
2008-05-06,2036.05
2008-05-07,1995.97
2008-05-08,2011.84
2008-05-09,2005.13
2008-05-12,2042.7
2008-05-13,2046.93
2008-05-14,2043.66
2008-05-15,2078.61
2008-05-16,2078.54
2008-05-19,2063.53
2008-05-20,2047.23
2008-05-21,2002.34
2008-05-22,2010.65
2008-05-23,2004.55
2008-05-27,2041.88
2008-05-28,2047.1
2008-05-29,2066.53
2008-05-30,2080.4
2008-06-02,2054.07
2008-06-03,2043.8
2008-06-04,2069.09
2008-06-05,2103.54
2008-06-06,2037.29
2008-06-09,2026.36
2008-06-10,2019.04
2008-06-11,1969.69
2008-06-12,1969.62
2008-06-13,2012.38
2008-06-16,2031.57
2008-06-17,2019.35
2008-06-18,1997.12
2008-06-19,2029.45
2008-06-20,1973.87
2008-06-23,1958.43
2008-06-24,1948.64
2008-06-25,1979.48
2008-06-26,1899.18
2008-06-27,1899.52
2008-06-30,1880.46
2008-07-01,1906.68
2008-07-02,1859.02
2008-07-03,1859.22
2008-07-07,1870.16
2008-07-08,1915.56
2008-07-09,1862.25
2008-07-10,1883.13
2008-07-11,1853.76
2008-07-14,1840.61
2008-07-15,1840.94
2008-07-16,1887.54
2008-07-17,1897.36
2008-07-18,1866.4
2008-07-21,1862.85
2008-07-22,1864.75
2008-07-23,1889.26
2008-07-24,1860.01
2008-07-25,1890.27
2008-07-28,1845.69
2008-07-29,1889.25
2008-07-30,1896.81
2008-07-31,1893.07
2008-08-01,1870.03
2008-08-04,1847.85
2008-08-05,1914.71
2008-08-06,1940.81
2008-08-07,1925.36
2008-08-08,1972.61
2008-08-11,1987.97
2008-08-12,1987.86
2008-08-13,1988.9
2008-08-14,2011.97
2008-08-15,2004.99
2008-08-18,1979.52
2008-08-19,1955.34
2008-08-20,1959.79
2008-08-21,1953.36
2008-08-22,1978.69
2008-08-25,1935.92
2008-08-26,1932.43
2008-08-27,1947.13
2008-08-28,1962.33
2008-08-29,1918.71
2008-09-02,1895.75
2008-09-03,1878.35
2008-09-04,1818.6
2008-09-05,1811.89
2008-09-08,1806.48
2008-09-09,1764.05
2008-09-10,1781
2008-09-11,1817.46
2008-09-12,1810.77
2008-09-15,1747.58
2008-09-16,1766.67
2008-09-17,1672.77
2008-09-18,1739.37
2008-09-19,1788.18
2008-09-22,1707.11
2008-09-23,1689.14
2008-09-24,1702.4
2008-09-25,1729.26
2008-09-26,1713.4
2008-09-29,1533.15
2008-09-30,1634.07
2008-10-01,1602.48
2008-10-02,1527.99
2008-10-03,1507.22
2008-10-06,1446.29
2008-10-07,1362.98
2008-10-08,1363.62
2008-10-09,1306.73
2008-10-10,1301.3
2008-10-13,1465
2008-10-14,1398.47
2008-10-15,1275.12
2008-10-16,1345.56
2008-10-17,1344.29
2008-10-20,1386.34
2008-10-21,1315.29
2008-10-22,1267.8
2008-10-23,1269.93
2008-10-24,1232.12
2008-10-27,1198.82
2008-10-28,1329.79
2008-10-29,1334.58
2008-10-30,1367.19
2008-10-31,1368.05
2008-11-03,1368.08
2008-11-04,1412.82
2008-11-05,1332.78
2008-11-06,1273.33
2008-11-07,1303.8
2008-11-10,1282.71
2008-11-11,1256.65
2008-11-12,1195.1
2008-11-13,1272.58
2008-11-14,1209.8
2008-11-17,1181.42
2008-11-18,1185.79
2008-11-19,1115.88
2008-11-20,1063.49
2008-11-21,1113.83
2008-11-24,1184.39
2008-11-25,1172.32
2008-11-26,1224.38
2008-11-28,1216.88
2008-12-01,1119.8
2008-12-02,1159.66
2008-12-03,1196.88
2008-12-04,1157.41
2008-12-05,1208.85
2008-12-08,1257.29
2008-12-09,1244.73
2008-12-10,1254.93
2008-12-11,1211.9
2008-12-12,1238.79
2008-12-15,1213.34
2008-12-16,1276.61
2008-12-17,1258.56
2008-12-18,1236.83
2008-12-19,1249.65
2008-12-22,1220.87
2008-12-23,1214.75
2008-12-24,1215.89
2008-12-26,1217.07
2008-12-29,1204.47
2008-12-30,1233.41
2008-12-31,1244
2009-01-02,1297.44
2009-01-05,1296.33
2009-01-06,1308.62
2009-01-07,1271.78
2009-01-08,1286.06
2009-01-09,1255.77
2009-01-12,1233.3
2009-01-13,1234.85
2009-01-14,1194.58
2009-01-15,1215.22
2009-01-16,1230.23
2009-01-20,1167.05
2009-01-21,1217.51
2009-01-22,1199.36
2009-01-23,1207.38
2009-01-26,1216.29
2009-01-27,1226.4
2009-01-28,1269.13
2009-01-29,1236.21
2009-01-30,1211.97
2009-02-02,1228.04
2009-02-03,1248.5
2009-02-04,1248.58
2009-02-05,1279.08
2009-02-06,1312.37
2009-02-09,1316.64
2009-02-10,1262.91
2009-02-11,1260.84
2009-02-12,1277.05
2009-02-13,1270.94
2009-02-17,1220.29
2009-02-18,1222.16
2009-02-19,1200.69
2009-02-20,1205.65
2009-02-23,1160.77
2009-02-24,1204.45
2009-02-25,1193.9
2009-02-26,1159.27
2009-02-27,1148.86
2009-03-02,1107.39
2009-03-03,1111.53
2009-03-04,1142.04
2009-03-05,1105.24
2009-03-06,1095.14
2009-03-09,1073.81
2009-03-10,1144.35
2009-03-11,1158.41
2009-03-12,1198.28
2009-03-13,1202.2
2009-03-16,1178.47
2009-03-17,1226.53
2009-03-18,1241.74
2009-03-19,1238.91
2009-03-20,1221.4
2009-03-23,1296.12
2009-03-24,1269.93
2009-03-25,1272.36
2009-03-26,1318.28
2009-03-27,1287.61
2009-03-30,1256.07
2009-03-31,1272.73
2009-04-01,1288.69
2009-04-02,1331.68
2009-04-03,1354.18
2009-04-06,1351.26
2009-04-07,1312.48
2009-04-08,1338.55
2009-04-09,1379.23
2009-04-13,1375.51
2009-04-14,1360.73
2009-04-15,1354.77
2009-04-16,1392.3
2009-04-17,1393.26
2009-04-20,1347.42
2009-04-21,1367.68
2009-04-22,1374.53
2009-04-23,1383.48
2009-04-24,1413.18
2009-04-27,1409.75
2009-04-28,1401.49
2009-04-29,1422.67
2009-04-30,1434.97
2009-05-01,1437.32
2009-05-04,1469.58
2009-05-05,1465.63
2009-05-06,1465.66
2009-05-07,1430.67
2009-05-08,1435.22
2009-05-11,1436.96
2009-05-12,1418.07
2009-05-13,1379.56
2009-05-14,1399.99
2009-05-15,1395.38
2009-05-18,1434.12
2009-05-19,1440.11
2009-05-20,1435.72
2009-05-21,1408.6
2009-05-22,1404.25
2009-05-26,1455.18
2009-05-27,1444.54
2009-05-28,1463.6
2009-05-29,1479.32
2009-06-01,1522.13
2009-06-02,1525.42
2009-06-03,1520.51
2009-06-04,1538.34
2009-06-05,1538.84
2009-06-08,1533.97
2009-06-09,1547.42
2009-06-10,1541.09
2009-06-11,1542.91
2009-06-12,1535.65
2009-06-15,1501.63
2009-06-16,1487.5
2009-06-17,1500.53
2009-06-18,1498.36
2009-06-19,1516.34
2009-06-22,1470.35
2009-06-23,1468.13
2009-06-24,1491.48
2009-06-25,1521.11
2009-06-26,1525.65
2009-06-29,1529.39
2009-06-30,1522.61
2009-07-01,1526.82
2009-07-02,1490.69
2009-07-06,1485.37
2009-07-07,1448.03
2009-07-08,1454.98
2009-07-09,1458.53
2009-07-10,1463.54
2009-07-13,1492.38
2009-07-14,1497.68
2009-07-15,1547.31
2009-07-16,1565.75
2009-07-17,1574.4
2009-07-20,1591.65
2009-07-21,1600.94
2009-07-22,1613.3
2009-07-23,1650.95
2009-07-24,1648.41
2009-07-27,1648.67
2009-07-28,1655.02
2009-07-29,1649
2009-07-30,1659.7
2009-07-31,1652.98
2009-08-03,1678.67
2009-08-04,1679.05
2009-08-05,1664.88
2009-08-06,1650.33
2009-08-07,1670.13
2009-08-10,1660.79
2009-08-11,1644.61
2009-08-12,1670.41
2009-08-13,1679.85
2009-08-14,1662.28
2009-08-17,1614.12
2009-08-18,1636.93
2009-08-19,1647.43
2009-08-20,1665.59
2009-08-21,1689.9
2009-08-24,1686.81
2009-08-25,1692.1
2009-08-26,1689.49
2009-08-27,1693.59
2009-08-28,1695.95
2009-08-31,1677.33
2009-09-01,1647.05
2009-09-02,1645.5
2009-09-03,1657.58
2009-09-04,1690.79
2009-09-08,1708.08
2009-09-09,1723.1
2009-09-10,1740.57
2009-09-11,1739.87
2009-09-14,1748.44
2009-09-15,1754.39
2009-09-16,1779.37
2009-09-17,1776.65
2009-09-18,1780.94
2009-09-21,1787.47
2009-09-22,1790.06
2009-09-23,1779.98
2009-09-24,1765
2009-09-25,1748.89
2009-09-28,1780.33
2009-09-29,1773.19
2009-09-30,1774.55
2009-10-01,1720.27
2009-10-02,1716.22
2009-10-05,1729.91
2009-10-06,1760.48
2009-10-07,1765.85
2009-10-08,1773.43
2009-10-09,1783.84
2009-10-12,1785.77
2009-10-13,1786.46
2009-10-14,1811.23
2009-10-15,1810.3
2009-10-16,1795.8
2009-10-19,1813.72
2009-10-20,1813.21
2009-10-21,1810.54
2009-10-22,1820.44
2009-10-23,1810.61
2009-10-26,1803.51
2009-10-27,1778.43
2009-10-28,1736.72
2009-10-29,1767
2009-10-30,1721.42
2009-11-02,1727.46
2009-11-03,1733.96
2009-11-04,1735.79
2009-11-05,1777.54
2009-11-06,1787.66
2009-11-09,1826.58
2009-11-10,1831.58
2009-11-11,1841.68
2009-11-12,1831.6
2009-11-13,1847.6
2009-11-16,1867.23
2009-11-17,1872.53
2009-11-18,1861.78
2009-11-19,1832.28
2009-11-20,1823.19
2009-11-23,1853.08
2009-11-24,1846.17
2009-11-25,1853.84
2009-11-27,1824.91
2009-11-30,1826.95
2009-12-01,1847.91
2009-12-02,1851.19
2009-12-03,1843.01
2009-12-04,1852.33
2009-12-07,1843.79
2009-12-08,1832.5
2009-12-09,1850.18
2009-12-10,1860.18
2009-12-11,1852.64
2009-12-14,1870.25
2009-12-15,1859
2009-12-16,1861.7
2009-12-17,1838.39
2009-12-18,1868.46
2009-12-21,1890.66
2009-12-22,1901.74
2009-12-23,1914.79
2009-12-24,1933.25
2009-12-28,1941.87
2009-12-29,1935.5
2009-12-30,1942.35
2009-12-31,1923.39
2010-01-04,1950.83
2010-01-05,1952.62
2010-01-06,1942.27
2010-01-07,1940.51
2010-01-08,1956.92
2010-01-11,1950.35
2010-01-12,1925.07
2010-01-13,1950.24
2010-01-14,1950.76
2010-01-15,1928.01
2010-01-19,1960.02
2010-01-20,1931.55
2010-01-21,1913.58
2010-01-22,1855.93
2010-01-25,1863.76
2010-01-26,1865.28
2010-01-27,1880.83
2010-01-28,1831.52
2010-01-29,1800.43
2010-02-01,1820.78
2010-02-02,1837.53
2010-02-03,1845.92
2010-02-04,1792.44
2010-02-05,1806.02
2010-02-08,1794.58
2010-02-09,1814.19
2010-02-10,1810.17
2010-02-11,1837.1
2010-02-12,1840.59
2010-02-16,1864.84
2010-02-17,1874.11
2010-02-18,1887.27
2010-02-19,1887.34
2010-02-22,1881.5
2010-02-23,1856.85
2010-02-24,1876.58
2010-02-25,1877.02
2010-02-26,1882.99
2010-03-01,1911.69
2010-03-02,1916.67
2010-03-03,1917.11
2010-03-04,1925.55
2010-03-05,1955.41
2010-03-08,1957.94
2010-03-09,1968.82
2010-03-10,1985.51
2010-03-11,1992.2
2010-03-12,1992.84
2010-03-15,1988.35
2010-03-16,2000.93
2010-03-17,2005.05
2010-03-18,2013.04
2010-03-19,2001.12
2010-03-22,2018.89
2010-03-23,2032.98
2010-03-24,2021.27
2010-03-25,2018.48
2010-03-26,2022.08
2010-03-29,2030.98
2010-03-30,2037.97
2010-03-31,2028.01
2010-04-01,2029.27
2010-04-05,2048.46
2010-04-06,2052.73
2010-04-07,2047.91
2010-04-08,2051.46
2010-04-09,2065.65
2010-04-12,2067.03
2010-04-13,2075.8
2010-04-14,2101.71
2010-04-15,2111.88
2010-04-16,2085.15
2010-04-19,2085.86
2010-04-20,2096.29
2010-04-21,2107.61
2010-04-22,2118.62
2010-04-23,2129.16
2010-04-26,2122.7
2010-04-27,2078.32
2010-04-28,2079.71
2010-04-29,2116.4
2010-04-30,2072.62
2010-05-03,2104.7
2010-05-04,2039.82
2010-05-05,2029.12
2010-05-06,1962.3
2010-05-07,1916.39
2010-05-10,2013.11
2010-05-11,2010.9
2010-05-12,2047.37
2010-05-13,2016.25
2010-05-14,1976.43
2010-05-17,1985.25
2010-05-18,1956.27
2010-05-19,1942.2
2010-05-20,1866.21
2010-05-21,1889.69
2010-05-24,1881.98
2010-05-25,1882.42
2010-05-26,1863.17
2010-05-27,1931.94
2010-05-28,1921.24
2010-06-01,1903.25
2010-06-02,1950.14
2010-06-03,1966.84
2010-06-04,1900.83
2010-06-07,1865.68
2010-06-08,1863.13
2010-06-09,1845.87
2010-06-10,1898.97
2010-06-11,1916.67
2010-06-14,1914.94
2010-06-15,1968.9
2010-06-16,1977.02
2010-06-17,1982.56
2010-06-18,1985.5
2010-06-21,1967.2
2010-06-22,1951.32
2010-06-23,1945.03
2010-06-24,1914.08
2010-06-25,1907.78
2010-06-28,1905.17
2010-06-29,1830.52
2010-06-30,1804.66
2010-07-01,1799.75
2010-07-02,1793.61
2010-07-06,1800.19
2010-07-07,1857.32
2010-07-08,1866.23
2010-07-09,1883.33
2010-07-12,1889.92
2010-07-13,1914.83
2010-07-14,1923.53
2010-07-15,1926.47
2010-07-16,1871.71
2010-07-19,1888.11
2010-07-20,1910.31
2010-07-21,1886.06
2010-07-22,1933.59
2010-07-23,1946.33
2010-07-26,1961.92
2010-07-27,1960.27
2010-07-28,1943.48
2010-07-29,1930.81
2010-07-30,1934.65
2010-08-02,1971.26
2010-08-03,1963.81
2010-08-04,1982.26
2010-08-05,1977.87
2010-08-06,1975.75
2010-08-09,1988.58
2010-08-10,1972.08
2010-08-11,1916.23
2010-08-12,1902.57
2010-08-13,1888.69
2010-08-16,1891.5
2010-08-17,1916.82
2010-08-18,1922.6
2010-08-19,1893.72
2010-08-20,1896.58
2010-08-23,1878.52
2010-08-24,1844.22
2010-08-25,1860.9
2010-08-26,1838.19
2010-08-27,1861.69
2010-08-30,1841.38
2010-08-31,1836.58
2010-09-01,1891.33
2010-09-02,1912.66
2010-09-03,1943.68
2010-09-07,1929.33
2010-09-08,1953.89
2010-09-09,1960.29
2010-09-10,1966.73
2010-09-13,1997.21
2010-09-14,2004.4
2010-09-15,2015.84
2010-09-16,2024.68
2010-09-17,2032.7
2010-09-20,2067.62
2010-09-21,2067.29
2010-09-22,2060.74
2010-09-23,2060.11
2010-09-24,2103.44
2010-09-27,2090.09
2010-09-28,2091.59
2010-09-29,2088.11
2010-09-30,2076.64
2010-10-01,2075.14
2010-10-04,2053.31
2010-10-05,2104.56
2010-10-06,2085.75
2010-10-07,2091.06
2010-10-08,2107.07
2010-10-11,2107.02
2010-10-12,2122.17
2010-10-13,2138.49
2010-10-14,2135.64
2010-10-15,2180.57
2010-10-18,2187.24
2010-10-19,2151.57
2010-10-20,2168.22
2010-10-21,2172.74
2010-10-22,2187.41
2010-10-25,2197.12
2010-10-26,2202.84
2010-10-27,2209.99
2010-10-28,2214.11
2010-10-29,2208.62
2010-11-01,2212.75
2010-11-02,2236.97
2010-11-03,2244.22
2010-11-04,2274.83
2010-11-05,2273.7
2010-11-08,2276.27
2010-11-09,2263.91
2010-11-10,2275.28
2010-11-11,2260.06
2010-11-12,2223.49
2010-11-15,2216.76
2010-11-16,2178.17
2010-11-17,2185.23
2010-11-18,2221.41
2010-11-19,2223.23
2010-11-22,2240
2010-11-23,2204.37
2010-11-24,2250.1
2010-11-26,2243.22
2010-11-29,2233.55
2010-11-30,2205.19
2010-12-01,2252.97
2010-12-02,2276.4
2010-12-03,2282.54
2010-12-06,2281.12
2010-12-07,2280.64
2010-12-08,2292.5
2010-12-09,2293.61
2010-12-10,2308.01
2010-12-13,2299.79
2010-12-14,2305.09
2010-12-15,2294.67
2010-12-16,2310.95
2010-12-17,2311.23
2010-12-20,2316.18
2010-12-21,2328.24
2010-12-22,2329.64
2010-12-23,2323.76
2010-12-27,2323.34
2010-12-28,2320.8
2010-12-29,2325.2
2010-12-30,2319.03
2010-12-31,2310.84
2011-01-03,2348.89
2011-01-04,2346
2011-01-05,2365.74
2011-01-06,2373.17
2011-01-07,2372.33
2011-01-10,2380.33
2011-01-11,2384.86
2011-01-12,2401.69
2011-01-13,2402.37
2011-01-14,2421.14
2011-01-18,2426.73
2011-01-19,2400.19
2011-01-20,2382.22
2011-01-21,2363.71
2011-01-24,2397.13
2011-01-25,2400.92
2011-01-26,2411.51
2011-01-27,2428.06
2011-01-28,2366.11
2011-01-31,2377.99
2011-02-01,2422.84
2011-02-02,2418.82
2011-02-03,2421.28
2011-02-04,2437.05
2011-02-07,2448.73
2011-02-08,2463.78
2011-02-09,2461.06
2011-02-10,2464.8
2011-02-11,2480.31
2011-02-14,2487.03
2011-02-15,2483.78
2011-02-16,2500.64
2011-02-17,2500.39
2011-02-18,2495.07
2011-02-22,2422.58
2011-02-23,2400.14
2011-02-24,2413.04
2011-02-25,2447.47
2011-02-28,2452.43
2011-03-01,2415.16
2011-03-02,2427.24
2011-03-03,2474.17
2011-03-04,2461.86
2011-03-07,2428.59
2011-03-08,2438.48
2011-03-09,2423.14
2011-03-10,2383.09
2011-03-11,2398.71
2011-03-14,2390.12
2011-03-15,2357.67
2011-03-16,2298.56
2011-03-17,2321.8
2011-03-18,2317.45
2011-03-21,2360.89
2011-03-22,2355.94
2011-03-23,2369.08
2011-03-24,2412.48
2011-03-25,2416.94
2011-03-28,2403.1
2011-03-29,2426.66
2011-03-30,2438.12
2011-03-31,2440.7
2011-04-01,2444.8
2011-04-04,2436.24
2011-04-05,2429.28
2011-04-06,2433.94
2011-04-07,2434.5
2011-04-08,2422.31
2011-04-11,2415.48
2011-04-12,2398.57
2011-04-13,2417.74
2011-04-14,2412.13
2011-04-15,2408.3
2011-04-18,2392.39
2011-04-19,2407.45
2011-04-20,2460.67
2011-04-21,2481.06
2011-04-25,2487.76
2011-04-26,2500.61
2011-04-27,2518.94
2011-04-28,2515.3
2011-04-29,2509.3
2011-05-02,2509.47
2011-05-03,2497.53
2011-05-04,2492.95
2011-05-05,2480.11
2011-05-06,2488.45
2011-05-09,2496.68
2011-05-10,2517.96
2011-05-11,2498.98
2011-05-12,2514.48
2011-05-13,2484.56
2011-05-16,2441.38
2011-05-17,2448.67
2011-05-18,2469.08
2011-05-19,2476.28
2011-05-20,2457.28
2011-05-23,2421.15
2011-05-24,2407.32
2011-05-25,2415.45
2011-05-26,2431.11
2011-05-27,2441.9
2011-05-31,2480
2011-06-01,2428.5
2011-06-02,2432.93
2011-06-03,2396.99
2011-06-06,2378.35
2011-06-07,2372.58
2011-06-08,2355.95
2011-06-09,2359.89
2011-06-10,2322.7
2011-06-13,2324.1
2011-06-14,2353.45
2011-06-15,2310.23
2011-06-16,2300.73
2011-06-17,2293.44
2011-06-20,2305.36
2011-06-21,2354.99
2011-06-22,2338.27
2011-06-23,2358.45
2011-06-24,2318.72
2011-06-27,2355.51
2011-06-28,2390.56
2011-06-29,2399.64
2011-06-30,2431.68
2011-07-01,2469.89
2011-07-05,2480.47
2011-07-06,2488.18
2011-07-07,2524.07
2011-07-08,2516.75
2011-07-11,2471.13
2011-07-12,2452.08
2011-07-13,2461.12
2011-07-14,2432.49
2011-07-15,2465.56
2011-07-18,2452.32
2011-07-19,2508.98
2011-07-20,2498.13
2011-07-21,2515.37
2011-07-22,2541.8
2011-07-25,2536.2
2011-07-26,2541.8
2011-07-27,2476.63
2011-07-28,2481.56
2011-07-29,2472.19
2011-08-01,2463.02
2011-08-02,2398.99
2011-08-03,2421.07
2011-08-04,2310.7
2011-08-05,2297.28
2011-08-08,2157.07
2011-08-09,2262.29
2011-08-10,2170.47
2011-08-11,2268.92
2011-08-12,2284.63
2011-08-15,2318.21
2011-08-16,2299.08
2011-08-17,2285.88
2011-08-18,2172.11
2011-08-19,2135.7
2011-08-22,2142.52
2011-08-23,2231.1
2011-08-24,2248.02
2011-08-25,2209.42
2011-08-26,2265.76
2011-08-29,2330.9
2011-08-30,2345.31
2011-08-31,2348.88
2011-09-01,2325.86
2011-09-02,2272.17
2011-09-06,2271.93
2011-09-07,2330.95
2011-09-08,2321.05
2011-09-09,2267.98
2011-09-12,2297.68
2011-09-13,2327.89
2011-09-14,2361.61
2011-09-15,2397.07
2011-09-16,2417.54
2011-09-19,2420.34
2011-09-20,2406.85
2011-09-21,2367.51
2011-09-22,2290.24
2011-09-23,2313.59
2011-09-26,2342.34
2011-09-27,2362.54
2011-09-28,2328.25
2011-09-29,2303.97
2011-09-30,2242.64
2011-10-03,2186.11
2011-10-04,2232.74
2011-10-05,2288.95
2011-10-06,2325.88
2011-10-07,2310.2
2011-10-10,2389.79
2011-10-11,2406.85
2011-10-12,2419.71
2011-10-13,2440.37
2011-10-14,2487.63
2011-10-17,2448.24
2011-10-18,2480.22
2011-10-19,2429.84
2011-10-20,2418.81
2011-10-21,2449.9
2011-10-24,2500.8
2011-10-25,2449.88
2011-10-26,2448.75
2011-10-27,2516.96
2011-10-28,2518.6
2011-10-31,2475.44
2011-11-01,2410.79
2011-11-02,2431.72
2011-11-03,2484.58
2011-11-04,2472.63
2011-11-07,2488.12
2011-11-08,2518.65
2011-11-09,2428.7
2011-11-10,2426.57
2011-11-11,2472.44
2011-11-14,2457.26
2011-11-15,2485.38
2011-11-16,2441.95
2011-11-17,2387.1
2011-11-18,2368.07
2011-11-21,2324.2
2011-11-22,2329.66
2011-11-23,2277.32
2011-11-25,2260.88
2011-11-28,2338.05
2011-11-29,2324.64
2011-11-30,2412.78
2011-12-01,2427.51
2011-12-02,2419.98
2011-12-05,2446.17
2011-12-06,2440.43
2011-12-07,2439.62
2011-12-08,2399.73
2011-12-09,2437.67
2011-12-12,2409.87
2011-12-13,2384.85
2011-12-14,2347.7
2011-12-15,2341.3
2011-12-16,2353.41
2011-12-19,2329.32
2011-12-20,2399.42
2011-12-21,2364.88
2011-12-22,2383.53
2011-12-23,2405.4
2011-12-27,2411.24
2011-12-28,2383.87
2011-12-29,2402.79
2011-12-30,2395.4
2012-01-03,2442.12
2012-01-04,2450.27
2012-01-05,2470.54
2012-01-06,2478.14
2012-01-09,2472.62
2012-01-10,2490.22
2012-01-11,2495.37
2012-01-12,2505.62
2012-01-13,2495.09
2012-01-17,2517.45
2012-01-18,2551.87
2012-01-19,2568.43
2012-01-20,2563.51
2012-01-23,2563.72
2012-01-24,2560.29
2012-01-25,2593.64
2012-01-26,2582.04
2012-01-27,2589.55
2012-01-30,2593.44
2012-01-31,2596.21
2012-02-01,2617.49
2012-02-02,2625.54
2012-02-03,2661.64
2012-02-06,2660.89
2012-02-07,2664.85
2012-02-08,2679.35
2012-02-09,2698.52
2012-02-10,2681.16
2012-02-13,2704.91
2012-02-14,2712.64
2012-02-15,2692.58
2012-02-16,2730.92
2012-02-17,2722.5
2012-02-21,2729.02
2012-02-22,2718
2012-02-23,2734.14
2012-02-24,2743.92
2012-02-27,2746.61
2012-02-28,2774.77
2012-02-29,2764.26
2012-03-01,2785.8
2012-03-02,2783.73
2012-03-05,2755.64
2012-03-06,2728.27
2012-03-07,2748.37
2012-03-08,2779.3
2012-03-09,2789.49
2012-03-12,2789.63
2012-03-13,2843.01
2012-03-14,2854.58
2012-03-15,2861.34
2012-03-16,2859.22
2012-03-19,2881
2012-03-20,2885.61
2012-03-21,2884.89
2012-03-22,2879.22
2012-03-23,2876.11
2012-03-26,2928.26
2012-03-27,2932.58
2012-03-28,2920.83
2012-03-29,2911.43
2012-03-30,2904.28
2012-04-02,2935.34
2012-04-03,2934.05
2012-04-04,2894.22
2012-04-05,2912.71
2012-04-09,2889.26
2012-04-10,2841.96
2012-04-11,2855.68
2012-04-12,2889.56
2012-04-13,2846.04
2012-04-16,2815.58
2012-04-17,2871.97
2012-04-18,2864.12
2012-04-19,2833.2
2012-04-20,2821.83
2012-04-23,2798.06
2012-04-24,2782.49
2012-04-25,2857.24
2012-04-26,2873.88
2012-04-27,2890.87
2012-04-30,2872.4
2012-05-01,2875.82
2012-05-02,2884.1
2012-05-03,2853.27
2012-05-04,2783.04
2012-05-07,2784.6
2012-05-08,2774.7
2012-05-09,2765.71
2012-05-10,2760.4
2012-05-11,2760.13
2012-05-14,2733.34
2012-05-15,2724.94
2012-05-16,2704.8
2012-05-17,2649.64
2012-05-18,2617.53
2012-05-21,2688.28
2012-05-22,2681.84
2012-05-23,2690.28
2012-05-24,2673.67
2012-05-25,2669.14
2012-05-29,2702.85
2012-05-30,2680.65
2012-05-31,2667.41
2012-06-01,2597.67
2012-06-04,2618.06
2012-06-05,2627.96
2012-06-06,2691.13
2012-06-07,2679.6
2012-06-08,2704.76
2012-06-11,2660.34
2012-06-12,2691.01
2012-06-13,2671.39
2012-06-14,2684.67
2012-06-15,2717.71
2012-06-18,2740.21
2012-06-19,2770.17
2012-06-20,2772.88
2012-06-21,2702.73
2012-06-22,2732.93
2012-06-25,2677.98
2012-06-26,2695.21
2012-06-27,2711.83
2012-06-28,2681.3
2012-06-29,2765.21
2012-07-02,2775.46
2012-07-03,2797.46
2012-07-05,2799.18
2012-07-06,2762.03
2012-07-09,2759.94
2012-07-10,2733.73
2012-07-11,2718.65
2012-07-12,2691.48
2012-07-13,2733.43
2012-07-16,2725.06248501592
2012-07-17,2740.49560019624
2012-07-18,2776.68820536058
2012-07-19,2808.34315117349
2012-07-20,2768.40757278928
2012-07-23,2738.67667895747
2012-07-24,2714.91827827123
2012-07-25,2695.66626232218
2012-07-26,2733.35287965816
2012-07-27,2799.33958708287
2012-07-30,2794.25113589805
2012-07-31,2794.68815136539
2012-08-01,2786.85922002032
2012-08-02,2776.69657588245
2012-08-03,2831.13397137392
2012-08-06,2850.45143719596
2012-08-07,2874.85781892461
2012-08-08,2871.68027010576
2012-08-09,2879.95538740533
2012-08-10,2883.73660518413
2012-08-13,2889.79407257607
2012-08-14,2890.68746085809
2012-08-15,2898.94088895896
2012-08-16,2933.51058726269
2012-08-17,2946.44725970274
2012-08-20,2950.84948226051
2012-08-21,2938.10271216421
2012-08-22,2949.99016250521
2012-08-23,2927.31449693637
2012-08-24,2944.31915567126
2012-08-27,2949.1795889879
2012-08-28,2949.33092430234
2012-08-29,2950.82264482191
2012-08-30,2918.7533843958
2012-08-31,2938.35724484675
2012-09-04,2938.13532556488
2012-09-05,2933.20867319807
2012-09-06,2999.7328592284
2012-09-07,2994.86560067622
2012-09-10,2956.03055521243
2012-09-11,2952.39587194825
2012-09-12,2959.98573892391
2012-09-13,3002.03842829491
2012-09-14,3027.36613128249
2012-09-17,3029.12398704454
2012-09-18,3030.16140677702
2012-09-19,3037.2132865028
2012-09-20,3034.73585309425
2012-09-21,3034.67273316113
2012-09-24,3015.95240529391
2012-09-25,2974.10991769737
2012-09-26,2949.92993743189
2012-09-27,2992.44316326754
2012-09-28,2968.68363929891
2012-10-01,2963.79025577389
2012-10-02,2969.81496951537
2012-10-03,2990.55570717032
2012-10-04,3000.91091157683
2012-10-05,2983.28866893458
2012-10-08,2956.74417475383
2012-10-09,2908.99742981732
2012-10-10,2895.08276070475
2012-10-11,2885.17566454565
2012-10-12,2886.1694513434
2012-10-15,2907.10568936642
2012-10-16,2947.97882064218
2012-10-17,2945.05687127803
2012-10-18,2911.6817891783
2012-10-19,2841.80778195381
2012-10-22,2859.0407107629
2012-10-23,2828.76189928333
2012-10-24,2817.65726565644
2012-10-25,2819.94762908463
2012-10-26,2828.62219942411
2012-10-31,2809.95163633277
2012-11-01,2851.97097162354
2012-11-02,2818.81935306804
2012-11-05,2837.6349835707
2012-11-06,2846.27741093032
2012-11-07,2776.04873190354
2012-11-08,2733.45132106418
2012-11-09,2745.82537547804
2012-11-12,2744.41915232319
2012-11-13,2724.43188599582
2012-11-14,2692.78796903832
2012-11-15,2684.85951555748
2012-11-16,2695.39321578515
2012-11-19,2761.2257934184
2012-11-20,2760.54574729569
2012-11-21,2766.73056387628
2012-11-23,2808.3442618718
2012-11-26,2821.29504820735
2012-11-27,2811.11082565859
2012-11-28,2836.57262255173
2012-11-29,2852.34078051239
2012-11-30,2850.04713077014
2012-12-03,2843.6461926104
2012-12-04,2839.44347215636
2012-12-05,2807.91975208184
2012-12-06,2827.51692586746
2012-12-07,2810.74968431293
2012-12-10,2818.23505651972
2012-12-11,2854.98797061434
2012-12-12,2848.44143864745
2012-12-13,2826.70096539918
2012-12-14,2799.09142975997
2012-12-17,2837.61378923604
2012-12-18,2881.64063876075
2012-12-19,2866.30703700228
2012-12-20,2869.03512284124
2012-12-21,2838.27582351224
2012-12-24,2831.21670301939
2012-12-26,2808.99979264979
2012-12-27,2804.69258956689
2012-12-28,2776.82632369527
2012-12-31,2834.96688159891
2013-01-02,2926.10521072936
2013-01-03,2910.95893039496
2013-01-04,2902.68431126415
2013-01-07,2902.39416767635
2013-01-08,2896.58204873753
2013-01-09,2906.09668201518
2013-01-10,2923.70891844634
2013-01-11,2928.05605405274
2013-01-14,2914.67631372099
2013-01-15,2901.12390406497
2013-01-16,2913.66951873615
2013-01-17,2926.90310934384
2013-01-18,2922.73970253645
2013-01-22,2925.87890597934
2013-01-23,2942.90833410085
2013-01-24,2901.74245228364
2013-01-25,2915.80492386333
2013-01-28,2921.88171803061
2013-01-29,2923.32078503725
2013-01-30,2918.16348472281
2013-01-31,2910.51260772745
2013-02-01,2945.066014716
2013-02-04,2893.67839926514
2013-02-05,2936.74145649968
2013-02-06,2927.63760763055
2013-02-07,2930.14411559197
2013-02-08,2961.14314253112
2013-02-11,2960.49471178729
2013-02-12,2947.7666189093
2013-02-13,2959.77904164265
2013-02-14,2957.34523126885
2013-02-15,2950.2957682786
2013-02-19,2971.65994244242
2013-02-20,2926.03465895255
2013-02-21,2895.62325111113
2013-02-22,2923.14479886034
2013-02-25,2884.36290752512
2013-02-26,2897.27288680367
2013-02-27,2927.60953720016
2013-02-28,2924.75555089947
2013-03-01,2934.54737550967
2013-03-04,2947.12949401526
2013-03-05,2989.54182354289
2013-03-06,2982.9885348349
2013-03-07,2990.40386763355
2013-03-08,2995.35297987438
2013-03-11,3003.74743619063
2013-03-12,2991.94547268572
2013-03-13,2989.86874856016
2013-03-14,2999.07546580483
2013-03-15,2990.64538308228
2013-03-18,2983.24328794288
2013-03-19,2977.87383881998
2013-03-20,2997.78645595918
2013-03-21,2964.64674333558
2013-03-22,2992.37667902365
2013-03-25,2980.24177889388
2013-03-26,2998.86538063852
2013-03-27,3002.93234735202
2013-03-28,3012.23515176632
2013-04-01,2989.50817727725
2013-04-02,3014.68533817403
2013-04-03,2987.33805617549
2013-04-04,2988.0501145026
2013-04-05,2963.27552819407
2013-04-08,2978.69310537507
2013-04-09,2998.51043879915
2013-04-10,3056.85783308853
2013-04-11,3056.70833968276
2013-04-12,3053.94134892824
2013-04-15,2990.85537305609
2013-04-16,3034.61921987482
2013-04-17,2974.28723923339
2013-04-18,2931.49212727695
2013-04-19,2972.66898571608
2013-04-22,3004.32194995348
2013-04-23,3031.36769836343
2013-04-24,3030.03194079093
2013-04-25,3045.57419242013
2013-04-26,3037.18901934523
2013-04-29,3065.41600153763
2013-04-30,3087.3857727031
2013-05-01,3072.31354651366
2013-05-02,3112.71921212488
2013-05-03,3149.51349244277
2013-05-06,3161.0351048891
2013-05-07,3158.6292936885
2013-05-08,3175.10910796425
2013-05-09,3170.18403708884
2013-05-10,3191.48919331716
2013-05-13,3192.82058145939
2013-05-14,3209.85879308871
2013-05-15,3217.14843659627
2013-05-16,3213.63455314154
2013-05-17,3245.42800166403
2013-05-20,3236.93723402095
2013-05-21,3243.18053828083
2013-05-22,3213.90006453911
2013-05-23,3205.6741748005
2013-05-24,3205.21619600173
2013-05-28,3227.64392945637
2013-05-29,3209.47909033715
2013-05-30,3227.76699602219
2013-05-31,3195.53511309032
2013-06-03,3205.76751234643
2013-06-04,3187.44529503726
2013-06-05,3148.31636215345
2013-06-06,3162.42536978767
2013-06-07,3205.94240011826
2013-06-10,3205.53695401801
2013-06-11,3172.68600415526
2013-06-12,3137.82225906324
2013-06-13,3177.2929777946
2013-06-14,3156.95706147387
2013-06-17,3186.43143358723
2013-06-18,3213.06094433918
2013-06-19,3173.82506665189
2013-06-20,3099.64496463127
2013-06-21,3086.36077289351
2013-06-24,3054.459826598
2013-06-25,3074.08363986013
2013-06-26,3103.83173789208
2013-06-27,3118.10268137856
2013-06-28,3121.06219528715
2013-07-01,3141.31994201445
2013-07-02,3143.80903936791
2013-07-03,3156.44622112536
2013-07-05,3179.84963664742
2013-07-08,3183.02396800739
2013-07-09,3202.59220264935
2013-07-10,3220.64072394823
2013-07-11,3283.75016147414
2013-07-12,3304.80624119468
2013-07-15,3305.6404852505
2013-07-16,3303.08224620468
2013-07-17,3311.46407069419
2013-07-18,3303.45648330096
2013-07-19,3268.15427667285
2013-07-22,3279.20932205091
2013-07-23,3253.63650394811
2013-07-24,3264.17886733952
2013-07-25,3286.19988445054
2013-07-26,3301.82367383358
2013-07-29,3294.31175011968
2013-07-30,3312.01463686387
2013-07-31,3317.22481677848
2013-08-01,3355.99362201779
2013-08-02,3374.47848461571
2013-08-05,3375.38145919155
2013-08-06,3352.99298940267
2013-08-07,3349.35901426652
2013-08-08,3364.56428213068
2013-08-09,3352.14597597409
2013-08-12,3360.04954958141
2013-08-13,3378.15959225463
2013-08-14,3366.19890884215
2013-08-15,3308.95748234701
2013-08-16,3306.46550342594
2013-08-19,3302.06318509674
2013-08-20,3315.74923147658
2013-08-21,3304.23571214006
2013-08-22,3336.98786352199
2013-08-23,3361.13776347181
2013-08-26,3359.55942657768
2013-08-27,3291.67829205136
2013-08-28,3305.41023505085
2013-08-29,3328.20452786281
2013-08-30,3307.75151883604
2013-09-03,3327.06336247171
2013-09-04,3362.42981311952
2013-09-05,3368.23856214637
2013-09-06,3371.93820748475
2013-09-09,3411.45422975144
2013-09-10,3427.74870106925
2013-09-11,3422.47295133315
2013-09-12,3417.93297892531
2013-09-13,3420.84824395901
2013-09-16,3410.52977409463
2013-09-17,3434.41720065074
2013-09-18,3477.98406082603
2013-09-19,3484.76790238116
2013-09-20,3470.90719264353
2013-09-23,3465.10411688046
2013-09-24,3464.36895544613
2013-09-25,3453.60814150143
2013-09-26,3481.33828106562
2013-09-27,3477.45646455929
2013-09-30,3464.82267360304
2013-10-01,3503.2129949356
2013-10-02,3503.43855604054
2013-10-03,3460.9846440394
2013-10-04,3491.93685480541
2013-10-07,3462.98901446172
2013-10-08,3396.46357526734
2013-10-09,3384.55888418002
2013-10-10,3458.12727044918
2013-10-11,3482.88075931132
2013-10-14,3506.78491081053
2013-10-15,3494.55179902138
2013-10-16,3534.40707275835
2013-10-17,3555.57649010766
2013-10-18,3612.22566262402
2013-10-21,3620.09163032387
2013-10-22,3626.28460161467
2013-10-23,3603.86827749395
2013-10-24,3621.45035582814
2013-10-25,3644.55652270795
2013-10-28,3643.31588314355
2013-10-29,3653.40336201018
2013-10-30,3646.66668736363
2013-10-31,3638.48146508727
2013-11-01,3640.6716248578
2013-11-04,3646.10239565051
2013-11-05,3651.67025236403
2013-11-06,3650.62839266889
2013-11-07,3581.84197871767
2013-11-08,3630.83453458218
2013-11-11,3626.66504362412
2013-11-12,3629.62099903833
2013-11-13,3673.38709960554
2013-11-14,3684.50127315777
2013-11-15,3692.52958765205
2013-11-18,3656.16351725907
2013-11-19,3647.30170680395
2013-11-20,3636.00598238906
2013-11-21,3674.57055946669
2013-11-22,3695.39218109484
2013-11-25,3701.42137094752
2013-11-26,3721.18195167073
2013-11-27,3748.50764465303
2013-11-29,3767.24073747978
2013-12-02,3760.03667230597
2013-12-03,3758.07641825797
2013-12-04,3762.14232443779
2013-12-05,3756.44024520854
2013-12-06,3785.09727486559
2013-12-09,3798.00219599294
2013-12-10,3795.87676363871
2013-12-11,3747.38895631039
2013-12-12,3738.0728742685
2013-12-13,3733.92340260948
2013-12-16,3754.87414947989
2013-12-17,3747.87843048048
2013-12-18,3791.48267647965
2013-12-19,3779.59821850878
2013-12-20,3814.77652655472
2013-12-23,3856.05112780643
2013-12-24,3860.16777490231
2013-12-26,3872.89630075097
2013-12-27,3861.72654187886
2013-12-30,3857.8702908426
2013-12-31,3881.55262582561
2014-01-02,3851.70480405136
2014-01-03,3824.8608319868
2014-01-06,3812.13638624278
2014-01-07,3845.57979809369
2014-01-08,3856.09619656419
2014-01-09,3839.92552522176
2014-01-10,3853.44337447958
2014-01-13,3796.92938299988
2014-01-14,3870.26682944478
2014-01-15,3901.90112343388
2014-01-16,3903.46478714464
2014-01-17,3881.80246716693
2014-01-21,3910.40051003257
2014-01-22,3921.22771209919
2014-01-23,3906.13298086219
2014-01-24,3828.01092673809
2014-01-27,3792.92415125344
2014-01-28,3789.35276634515
2014-01-29,3748.7763008343
2014-01-30,3818.77088415557
2014-01-31,3807.4338457945
2014-02-03,3719.41373332504
2014-02-04,3751.77577244844
2014-02-05,3736.30007931816
2014-02-06,3785.29839919719
2014-02-07,3854.90007215838
2014-02-10,3876.76623226029
2014-02-11,3920.19712165887
2014-02-12,3926.61975056589
2014-02-13,3961.55356866225
2014-02-14,3966.34076138828
2014-02-18,3985.72757589821
2014-02-19,3956.93117641637
2014-02-20,3977.72420697161
2014-02-21,3967.61979536311
2014-02-24,3992.76362057661
2014-02-25,3985.58337015397
2014-02-26,3983.01678639459
2014-02-27,4008.14959130794
2014-02-28,4004.13929857162
2014-03-03,3974.67006394315
2014-03-04,4030.5338958916
2014-03-05,4038.44930821954
2014-03-06,4031.73107460304
2014-03-07,4012.74091157438
2014-03-10,4016.10529881082
2014-03-11,4000.02260865134
2014-03-12,4017.22413870458
2014-03-13,3957.09183784318
2014-03-14,3931.49017158657
2014-03-17,3969.16366359114
2014-03-18,4017.0361883026
2014-03-19,3991.14652141955
2014-03-20,4003.3221613094
2014-03-21,3958.99659086742
2014-03-24,3920.3303467407
2014-03-25,3933.70299867318
2014-03-26,3883.08383598517
2014-03-27,3861.91242004198
2014-03-28,3870.96326661121
2014-03-31,3897.71533746775
2014-04-01,3966.58764772289
2014-04-02,3974.86345081919
2014-04-03,3944.05471788122
2014-04-04,3837.5807023273
2014-04-07,3803.29077244957
2014-04-08,3836.43338612855
2014-04-09,3904.2362756748
2014-04-10,3782.05406710661
2014-04-11,3737.68359954959
2014-04-14,3767.81563630386
2014-04-15,3782.15141868767
2014-04-16,3831.2012907565
2014-04-17,3832.76965122473
2014-04-21,3860.32909810566
2014-04-22,3891.62142834773
2014-04-23,3857.24414909642
2014-04-24,3894.10565018838
2014-04-25,3831.28325013021
2014-04-28,3844.53525786734
2014-04-29,3875.9474654312
2014-04-30,3884.6556358952
2014-05-01,3898.09028220299
2014-05-02,3890.80404166842
2014-05-05,3910.81302842788
2014-05-06,3858.30065872385
2014-05-07,3847.41363927699
2014-05-08,3843.86679378456
2014-05-09,3860.45558217902
2014-05-12,3922.5831271463
2014-05-13,3923.68159172335
2014-05-14,3904.46655671247
2014-05-15,3874.12982713161
2014-05-16,3898.06412652825
2014-05-19,3928.94454148706
2014-05-20,3912.54474135176
2014-05-21,3951.09684959998
2014-05-22,3967.66815485399
2014-05-23,3996.43686462132
2014-05-27,4046.24472199688
2014-05-28,4034.72205510516
2014-05-29,4060.28308409995
2014-05-30,4061.47826291049
2014-06-02,4057.97424707136
2014-06-03,4054.83298382155
2014-06-04,4069.58458501086
2014-06-05,4105.84581261841
2014-06-06,4125.14283404693
2014-06-09,4126.41794504744
2014-06-10,4131.98000705834
2014-06-11,4129.69933081614
2014-06-12,4092.67756360365
2014-06-13,4105.55718531013
2014-06-16,4110.30882367252
2014-06-17,4111.88598367327
2014-06-18,4137.20863226189
2014-06-19,4133.06703450166
2014-06-20,4135.06893255596
2014-06-23,4137.97786809353
2014-06-24,4131.68931767231
2014-06-25,4162.08538944692
2014-06-26,4161.86184439576
2014-06-27,4180.92246517631
2014-06-30,4186.87378218764
2014-07-01,4235.73840187154
2014-07-02,4242.05969767291
2014-07-03,4267.8862553037
2014-07-07,4254.50225742608
2014-07-08,4203.8657546326
2014-07-09,4235.70684266981
2014-07-10,4221.69733599379
2014-07-11,4248.39991584413
2014-07-14,4275.47548589953
2014-07-15,4259.14476344686
2014-07-16,4278.59859893531
2014-07-17,4219.48839903554
2014-07-18,4286.82381201624
2014-07-21,4280.55971436765
2014-07-22,4310.46692507926
2014-07-23,4337.27116095536
2014-07-24,4334.00256747547
2014-07-25,4314.39179240695
2014-07-28,4316.65447455378
2014-07-29,4308.03594726677
2014-07-30,4326.70510106116
2014-07-31,4235.8308338982
2014-08-01,4221.87318689077
2014-08-04,4253.61580849372
2014-08-05,4218.08423979579
2014-08-06,4217.48688812037
2014-08-07,4202.52701519285
2014-08-08,4235.49752891607
2014-08-11,4259.86555237107
2014-08-12,4254.6113070427
2014-08-13,4302.66285640764
2014-08-14,4324.45752984174
2014-08-15,4344.50220089038
2014-08-18,4380.44025306815
2014-08-19,4404.49361490895
2014-08-20,4405.12032839039
2014-08-21,4412.0121832154
2014-08-22,4418.25404826265
2014-08-25,4434.55372043469
2014-08-26,4439.12608691259
2014-08-27,4440.85837270149
2014-08-28,4433.3314087496
2014-08-29,4451.77881596717
2014-09-02,4466.22792696742
2014-09-03,4439.33359277056
2014-09-04,4434.07101297364
2014-09-05,4460.01059542062
2014-09-08,4466.23314439747
2014-09-09,4429.60821793572
2014-09-10,4465.91974742915
2014-09-11,4463.59843054763
2014-09-12,4438.06317405866
2014-09-15,4395.14955729262
2014-09-16,4435.92604697807
2014-09-17,4442.86780907391
2014-09-18,4475.05958688562
2014-09-19,4471.79847584274
2014-09-22,4429.41708643603
2014-09-23,4418.87961884195
2014-09-24,4465.61245237752
2014-09-25,4371.277138436
2014-09-26,4421.58509767685
2014-09-29,4414.92120840873
2014-09-30,4418.34996966926
2014-10-01,4347.88547964341
2014-10-02,4349.11186931009
2014-10-03,4394.32861322346
2014-10-06,4382.28129374065
2014-10-07,4319.3479763559
2014-10-08,4409.52480629896
2014-10-09,4331.17740057626
2014-10-10,4223.73444294421
2014-10-13,4155.14454150424
2014-10-14,4157.82510841297
2014-10-15,4131.43454037574
2014-10-16,4108.85303199378
2014-10-17,4163.62259823552
2014-10-20,4223.21243557166
2014-10-21,4333.7716855783
2014-10-22,4310.04918683934
2014-10-23,4378.45101261538
2014-10-24,4410.91482762799
2014-10-27,4415.27809739115
2014-10-28,4481.41987148586
2014-10-29,4464.23539578519
2014-10-30,4475.4407857376
2014-10-31,4538.27713208253
2014-11-03,4550.43918181353
2014-11-04,4536.18906680488
2014-11-05,4534.04872975226
2014-11-06,4548.83220020954
2014-11-07,4545.07457308636
2014-11-10,4562.632636331
2014-11-11,4574.88825198239
2014-11-12,4584.18014543962
2014-11-13,4604.04286408535
2014-11-14,4616.61028655786
2014-11-17,4604.37475067617
2014-11-18,4638.28824102794
2014-11-19,4616.98688305117
2014-11-20,4638.66468509111
2014-11-21,4648.7610153117
2014-11-24,4684.96554632496
2014-11-25,4689.24236814273
2014-11-26,4722.62654388313
2014-11-28,4744.27820874923
2014-12-01,4689.62310850267
2014-12-02,4709.47312153254
2014-12-03,4717.21094159017
2014-12-04,4716.11546770675
2014-12-05,4715.72402602519
2014-12-08,4679.41486831406
2014-12-09,4697.27574140285
2014-12-10,4621.16833735684
2014-12-11,4645.06545746876
2014-12-12,4593.44372213578
2014-12-15,4547.64384906037
2014-12-16,4473.46505750542
2014-12-17,4556.1352236172
2014-12-18,4668.45063889867
2014-12-19,4683.77422467727
2014-12-22,4696.78082268488
2014-12-23,4681.44549360443
2014-12-24,4685.59801374925
2014-12-26,4719.50777289881
2014-12-29,4718.1631534377
2014-12-30,4685.10707937881
2014-12-31,4634.70535473002
2015-01-02,4629.02888186689
2015-01-05,4553.78114139391
2015-01-06,4498.91397550552
2015-01-07,4552.84324722848
2015-01-08,4640.99988628748
2015-01-09,4611.1954080766
2015-01-12,4563.80007198032
2015-01-13,4559.6762678068
2015-01-14,4537.43715537475
2015-01-15,4475.93624686428
2015-01-16,4533.38624631284
2015-01-20,4565.20666690122
2015-01-21,4588.05788042259
2015-01-22,4673.72027309147
2015-01-23,4682.23462727799
2015-01-26,4679.57843119417
2015-01-27,4558.9544930216
2015-01-28,4531.88019876687
2015-01-29,4576.86309810927
2015-01-30,4540.82793195526
2015-02-02,4584.85585649586
2015-02-03,4629.4868033398
2015-02-04,4621.89974356867
2015-02-05,4662.92425496228
2015-02-06,4633.01967570846
2015-02-09,4619.22005086937
2015-02-10,4691.08888729156
2015-02-11,4709.27336809988
2015-02-12,4764.90260492881
2015-02-13,4804.53302297192
2015-02-17,4808.66652612309
2015-02-18,4814.77379583484
2015-02-19,4837.76903771269
2015-02-20,4871.97000088171
2015-02-23,4879.02892720821
2015-02-24,4880.8600726781
2015-02-25,4869.61622099897
2015-02-26,4893.4558460941
2015-02-27,4869.76890724445
2015-03-02,4916.91349507552
2015-03-03,4890.29340790504
2015-03-04,4875.63023314721
2015-03-05,4883.0231094561
2015-03-06,4825.08367793062
2015-03-09,4840.6022026526
2015-03-10,4748.56449833437
2015-03-11,4722.91002969162
2015-03-12,4756.83591314026
2015-03-13,4733.43994581822
2015-03-16,4794.39808240512
2015-03-17,4800.05516273851
2015-03-18,4851.5717593487
2015-03-19,4856.31389050771
2015-03-20,4891.10442565083
2015-03-23,4876.85009125448
2015-03-24,4860.87835930056
2015-03-25,4749.38657241969
2015-03-26,4734.15438056503
2015-03-27,4753.74681999203
2015-03-30,4809.15994434686
2015-03-31,4756.38206769135
2015-04-01,4731.76318078851
2015-04-02,4736.97562379686
2015-04-06,4775.35974597217
2015-04-07,4767.78670709115
2015-04-08,4803.2445417344
2015-04-09,4833.97080180987
2015-04-10,4853.80415987845
2015-04-13,4839.73882302848
2015-04-14,4827.0462904991
2015-04-15,4856.55605106767
2015-04-16,4850.30131780621
2015-04-17,4776.72359140604
2015-04-20,4848.72687384091
2015-04-21,4869.12067584144
2015-04-22,4896.38284029999
2015-04-23,4914.22356684121
2015-04-24,4979.84398799223
2015-04-27,4966.95428478783
2015-04-28,4956.56872772754
2015-04-29,4927.14237731943
2015-04-30,4846.14145783777
2015-05-01,4917.28589717786
2015-05-04,4921.18699584253
2015-05-05,4842.11835818481
2015-05-06,4809.56296805113
2015-05-07,4836.62323807873
2015-05-08,4899.36552231084
2015-05-11,4877.44963812675
2015-05-12,4858.25420605151
2015-05-13,4864.8211544044
2015-05-14,4940.18140165523
2015-05-15,4939.43509163292
2015-05-18,4959.94073663137
2015-05-19,4952.73954115305
2015-05-20,4954.66759108947
2015-05-21,4981.24491724609
2015-05-22,4978.70451700546
2015-05-26,4919.20756695784
2015-05-27,4999.79262535045
2015-05-28,4988.44369168248
2015-05-29,4958.30337676677
2015-06-01,4974.00953717348
2015-06-02,4959.75263114649
2015-06-03,4971.88064301885
2015-06-04,4935.76479727919
2015-06-05,4924.98132718081
2015-06-08,4874.88634760694
2015-06-09,4870.58895653515
2015-06-10,4934.94166682922
2015-06-11,4938.38583498672
2015-06-12,4900.93812734347
2015-06-15,4877.96411714555
2015-06-16,4903.25247228086
2015-06-17,4917.74928612437
2015-06-18,4986.92763596316
2015-06-19,4966.65401243067
2015-06-22,5000.34427700529
2015-06-23,5005.51656066621
2015-06-24,4979.02261817286
2015-06-25,4967.36957523004
2015-06-26,4934.93392941012
2015-06-29,4820.62411046683
2015-06-30,4839.37591953651
2015-07-01,4876.13219344892
2015-07-02,4880.72066822761
2015-07-06,4864.50296808443
2015-07-07,4875.95046039694
2015-07-08,4790.77016191925
2015-07-09,4791.27052623425
2015-07-10,4866.26518067962
2015-07-13,4948.08301601091
2015-07-14,4980.00596068001
2015-07-15,4985.39162675838
2015-07-16,5058.64490393484
2015-07-17,5132.07802181049
2015-07-20,5151.9809851334
2015-07-21,5146.17936753598
2015-07-22,5089.85173752403
2015-07-23,5068.01883353953
2015-07-24,5018.04852710419
2015-07-27,4975.89738572461
2015-07-28,5021.19590551775
2015-07-29,5045.06759359433
2015-07-30,5063.98107660448
2015-07-31,5053.31514654999
2015-08-03,5044.01667291804
2015-08-04,5030.05868246725
2015-08-05,5069.44622318905
2015-08-06,4991.22313100874
2015-08-07,4982.14830577523
2015-08-10,5040.60309757651
2015-08-11,4975.43855484884
2015-08-12,4991.40677224377
2015-08-13,4982.30937468713
2015-08-14,4994.9023580027
2015-08-17,5034.55991142558
2015-08-18,5010.41291504991
2015-08-19,4976.02770348176
2015-08-20,4837.28586047294
2015-08-21,4630.0601422361
2015-08-24,4455.25314089691
2015-08-25,4430.78186319862
2015-08-26,4655.22908536645
2015-08-27,4771.31420885326
2015-08-28,4776.05780461888
2015-08-31,4716.64260442049
2015-09-01,4571.0466896534
2015-09-02,4696.49064324386
2015-09-03,4672.68219109772
2015-09-04,4617.92732482476
2015-09-08,4749.03092549296
2015-09-09,4693.98969786302
2015-09-10,4741.27849697233
2015-09-11,4771.22667538163
2015-09-14,4755.86515652997
2015-09-15,4812.7302728952
2015-09-16,4838.651289321
2015-09-17,4840.07701522543
2015-09-18,4772.63155471835
2015-09-21,4786.17697707593
2015-09-22,4717.70717091844
2015-09-23,4717.15606325949
2015-09-24,4703.43957851042
2015-09-25,4663.34325986181
2015-09-28,4529.74738164065
2015-09-29,4507.5614035629
2015-09-30,4615.55399732353
2015-10-01,4629.72731886229
2015-10-02,4711.9729040212
2015-10-05,4783.21930624539
2015-10-06,4755.90752979777
2015-10-07,4785.5957402603
2015-10-08,4804.0220787767
2015-10-09,4825.95390483011
2015-10-12,4839.8175982984
2015-10-13,4807.10228674331
2015-10-14,4800.45848935197
2015-10-15,4879.19587236347
2015-10-16,4901.72525190314
2015-10-19,4927.61554299163
2015-10-20,4901.23795232201
2015-10-21,4874.0094008982
2015-10-22,4973.05883949979
2015-10-23,5106.62237694261
2015-10-26,5114.08368120365
2015-10-27,5123.34661086052
2015-10-28,5167.17030047782
2015-10-29,5158.6909973903
2015-10-30,5134.465450036
2015-11-02,5195.30410290187
2015-11-03,5212.16604497351
2015-11-04,5211.7950554148
2015-11-05,5198.46934786827
2015-11-06,5203.26160493788
2015-11-09,5146.43180777136
2015-11-10,5131.51334704287
2015-11-11,5126.21599649275
2015-11-12,5074.87871510687
2015-11-13,4978.8942036465
2015-11-16,5048.93156336055
2015-11-17,5052.42903530593
2015-11-18,5149.66902650695
2015-11-19,5151.941642042
2015-11-20,5186.25153641103
2015-11-23,5173.57707983164
2015-11-24,5167.61885522683
2015-11-25,5171.4643260994
2015-11-27,5180.64828489901
2015-11-30,5162.98782855881
2015-12-01,5220.15569951933
2015-12-02,5187.14280580855
2015-12-03,5099.17982249811
2015-12-04,5220.23502509782
2015-12-07,5195.42359928767
2015-12-08,5196.69219034752
2015-12-09,5116.5371094041
2015-12-10,5139.74260719857
2015-12-11,5023.20117389249
2015-12-14,5059.89332885886
2015-12-15,5089.97488014579
2015-12-16,5164.52758193769
2015-12-17,5090.98091786477
2015-12-18,4998.73877718071
2015-12-21,5050.03867743536
2015-12-22,5081.82324587693
2015-12-23,5120.94594225765
2015-12-24,5118.93635318539
2015-12-28,5117.36187091898
2015-12-29,5194.94413135859
2015-12-30,5151.67926545479
2015-12-31,5086.63222715733
2016-01-04,4982.5841475453
2016-01-05,4967.43324823091
2016-01-06,4922.95791577598
2016-01-07,4769.87171414971
2016-01-08,4731.1630736086
2016-01-11,4745.30414620861
2016-01-12,4800.88238901836
2016-01-13,4634.09073899245
2016-01-14,4733.62836449758
2016-01-15,4587.52534485074
2016-01-19,4594.16408158066
2016-01-20,4582.20654356868
2016-01-21,4589.20581608118
2016-01-22,4719.01254810614
2016-01-25,4648.95281040924
2016-01-26,4690.29433458372
2016-01-27,4574.07023236201
2016-01-28,4637.95415623847
2016-01-29,4741.11396833815
2016-02-01,4749.29829778695
2016-02-02,4646.03931279426
2016-02-03,4623.80406686931
2016-02-04,4621.94298080326
2016-02-05,4463.2102619181
2016-02-08,4392.51337404942
2016-02-09,4378.2912006235
2016-02-10,4399.10042922008
2016-02-11,4395.41184621467
2016-02-12,4458.73082336812
2016-02-16,4556.5010706158
2016-02-17,4661.71477633357
2016-02-18,4608.98222385413
2016-02-19,4622.96569805491
2016-02-22,4697.54940344342
2016-02-23,4621.42476413424
2016-02-24,4663.87188913724
2016-02-25,4708.89504792649
2016-02-26,4702.85204866576
2016-02-29,4665.37692444041
2016-03-01,4812.5153436756
2016-03-02,4813.37279073868
2016-03-03,4803.90645537599
2016-03-04,4807.39164984488
2016-03-07,4779.21796780677
2016-03-08,4737.24295873455
2016-03-09,4768.40015930361
2016-03-10,4761.49355493726
2016-03-11,4844.64375658642
2016-03-14,4851.34733844777
2016-03-15,4851.0726700925
2016-03-16,4893.10822318565
2016-03-17,4888.73234082276
2016-03-18,4900.46982094779
2016-03-21,4918.41172104361
2016-03-22,4930.23489946001
2016-03-23,4891.28290649477
2016-03-24,4894.58646092908
2016-03-28,4886.47559994121
2016-03-29,4964.12162210495
2016-03-30,4989.96425732115
2016-03-31,4981.94126721996
2016-04-01,5035.75002132034
2016-04-04,5015.01950126013
2016-04-05,4969.49486345198
2016-04-06,5050.76855275696
2016-04-07,4974.70444432975
2016-04-08,4974.30420020599
2016-04-11,4956.27411837567
2016-04-12,4997.78028968445
2016-04-13,5063.00576315536
2016-04-14,5062.89738445784
2016-04-15,5050.15478917235
2016-04-18,5074.89912944944
2016-04-19,5043.40577184063
2016-04-20,5047.1279231469
2016-04-21,5047.528453171
2016-04-22,4973.57263750812
2016-04-25,4973.50532936459
2016-04-26,4949.97711377435
2016-04-27,4909.78223920168
2016-04-28,4851.63157819117
2016-04-29,4826.40218645273
2016-05-02,4870.93547098621
2016-05-03,4826.84892840719
2016-05-04,4795.37258860063
2016-05-05,4795.76098254963
2016-05-06,4818.95905258167
2016-05-09,4831.27029478407
2016-05-10,4898.98976861242
2016-05-11,4853.43006820594
2016-05-12,4833.17897377312
2016-05-13,4815.79013286507
2016-05-16,4876.30159846914
2016-05-17,4814.86273629587
2016-05-18,4832.39727450505
2016-05-19,4807.16312729982
2016-05-20,4859.87801055749
2016-05-23,4851.23877196194
2016-05-24,4950.90216499419
2016-05-25,4987.50423405515
2016-05-26,5000.51466477566
2016-05-27,5028.66992263234
2016-05-31,5041.31987026781
2016-06-01,5037.05787040383
2016-06-02,5049.62897947351
2016-06-03,5025.65975006277
2016-06-06,5041.17730402122
2016-06-07,5029.42428328752
2016-06-08,5038.48995647386
2016-06-09,5029.64120600816
2016-06-10,4972.08574356184
2016-06-13,4929.54351452619
2016-06-14,4932.56451022471
2016-06-15,4915.60461459964
2016-06-16,4932.01835134997
2016-06-17,4876.44366154669
2016-06-20,4905.17991655354
2016-06-21,4919.9462796578
2016-06-22,4910.28986227839
2016-06-23,4980.24793341776
2016-06-24,4777.60304080915
2016-06-27,4683.24113613117
2016-06-28,4783.17064529754
2016-06-29,4866.14699144404
2016-06-30,4925.19181934188
2016-07-01,4947.84617729936
2016-07-05,4919.33690815011
2016-07-06,4957.20760205496
2016-07-07,4973.80552095025
2016-07-08,5050.59018495407
2016-07-11,5079.97379048495
2016-07-12,5105.51718566211
2016-07-13,5092.31024338399
2016-07-14,5126.62352208208
2016-07-15,5119.19519621479
2016-07-18,5152.49008384812
2016-07-19,5134.20304313633
2016-07-20,5194.33709340477
2016-07-21,5182.97848367118
2016-07-22,5204.31524497499
2016-07-25,5204.15558377715
2016-07-26,5211.05257813362
2016-07-27,5245.37481334907
2016-07-28,5266.56220257679
2016-07-29,5276.4028047307
2016-08-01,5305.19114715323
2016-08-02,5264.44530878463
2016-08-03,5282.54475328156
2016-08-04,5296.13002671482
2016-08-05,5349.04587525807
2016-08-08,5341.82648376843
2016-08-09,5354.19405553593
2016-08-10,5340.74442578929
2016-08-11,5363.01750712127
2016-08-12,5367.21772345887
2016-08-15,5390.31556582573
2016-08-16,5359.71063470689
2016-08-17,5369.33566324384
2016-08-18,5373.06482001205
2016-08-19,5370.34465361352
2016-08-22,5373.04851715425
2016-08-23,5384.43550957261
2016-08-24,5346.15828991913
2016-08-25,5337.1498142249
2016-08-26,5346.3912312526
2016-08-29,5355.6267606312
2016-08-30,5338.75717554539
2016-08-31,5333.28698831131
2016-09-01,5347.68908467019
2016-09-02,5364.23593998297
2016-09-06,5398.63321966751
2016-09-07,5401.49220075382
2016-09-08,5370.34392360119
2016-09-09,5233.4434886964
2016-09-12,5326.73443423143
2016-09-13,5279.99482092313
2016-09-14,5306.57441657955
2016-09-15,5389.3197608287
2016-09-16,5387.25890203852
2016-09-19,5362.86186227386
2016-09-20,5373.09173017614
2016-09-21,5427.42897044836
2016-09-22,5469.5565187627
2016-09-23,5433.26605749468
2016-09-26,5386.59074063367
2016-09-27,5441.98542826232
2016-09-28,5452.00036108485
2016-09-29,5410.70015225258
2016-09-30,5452.5216161178
2016-10-03,5444.28004704888
2016-10-04,5436.27243220291
2016-10-05,5456.85965829191
2016-10-06,5452.58044376527
2016-10-07,5442.06288137672
2016-10-10,5474.77986067195
2016-10-11,5394.39511124635
2016-10-12,5391.84595482671
2016-10-13,5373.35002369221
2016-10-14,5379.37230054006
2016-10-17,5365.59470092424
2016-10-18,5414.31671262086
2016-10-19,5410.8360377593
2016-10-20,5406.47320796842
2016-10-21,5427.98155814939
2016-10-24,5492.98931474924
2016-10-25,5472.27676523196
2016-10-26,5437.75052984467
2016-10-27,5410.73782583503
2016-10-28,5376.38008697573
2016-10-31,5371.54420865715
2016-11-01,5333.13209660216
2016-11-02,5288.5377278114
2016-11-03,5239.7428355315
2016-11-04,5218.94258943332
2016-11-07,5345.83637838585
2016-11-08,5380.76548582106
2016-11-09,5403.48895406856
2016-11-10,5315.96570665632
2016-11-11,5321.478842077
2016-11-14,5266.31493949908
2016-11-15,5340.10995290809
2016-11-16,5371.34345732571
2016-11-17,5409.92960326644
2016-11-18,5389.26723336847
2016-11-21,5446.49715465426
2016-11-22,5463.49245774291
2016-11-23,5441.16813083876
2016-11-25,5459.27773184296
2016-11-28,5445.62936767416
2016-11-29,5463.87018786619
2016-11-30,5394.74387450751
2016-12-01,5308.71414309641
2016-12-02,5314.63101546653
2016-12-05,5358.15725452934
2016-12-06,5369.96614472804
2016-12-07,5441.16587177
2016-12-08,5449.2923906728
2016-12-09,5490.46912154942
2016-12-12,5466.30893462223
2016-12-13,5535.99085230212
2016-12-14,5520.00338166147
2016-12-15,5533.67460677704
2016-12-16,5512.87578597122
2016-12-19,5535.46979519066
2016-12-20,5556.7325667569
2016-12-21,5551.23853617587
2016-12-22,5534.9581997984
2016-12-23,5541.27613570297
2016-12-27,5570.19832339527
2016-12-28,5526.30574460791
2016-12-29,5517.32754907395
2016-12-30,5456.6406181668
2017-01-03,5510.17247095306
2017-01-04,5540.46082883932
2017-01-05,5571.59874829188
2017-01-06,5618.95416174328
2017-01-09,5638.95497426979
2017-01-10,5650.47807550574
2017-01-11,5667.35883679553
2017-01-12,5657.50176661842
2017-01-13,5677.79456184692
2017-01-17,5661.12188843716
2017-01-18,5673.68930821724
2017-01-19,5668.43332936149
2017-01-20,5681.93250136561
2017-01-23,5684.74192874213
2017-01-24,5724.42726653245
2017-01-25,5780.9943741937
2017-01-26,5787.11096983642
2017-01-27,5800.0941614492
2017-01-30,5756.9376793829
2017-01-31,5742.89014440899
2017-02-01,5783.20500263235
2017-02-02,5777.60947942556
2017-02-03,5794.44646526433
2017-02-06,5801.67266426383
2017-02-07,5822.13820198029
2017-02-08,5834.36700587021
2017-02-09,5854.86565415179
2017-02-10,5871.26908369518
2017-02-13,5906.42509454416
2017-02-14,5925.62645990085
2017-02-15,5960.88155788367
2017-02-16,5958.98589952922
2017-02-17,5986.16408840706
2017-02-21,6015.39890626528
2017-02-22,6017.30523039429
2017-02-23,5995.11876887476
2017-02-24,6007.58483761173
2017-02-27,6013.10885025391
2017-02-28,5993.80953988769
2017-03-01,6062.83430062882
2017-03-02,6031.64784481901
2017-03-03,6043.14062150554
2017-03-06,6028.40626522649
2017-03-07,6018.28642247524
2017-03-08,6028.24592219299
2017-03-09,6032.94440470088
2017-03-10,6057.59470655753
2017-03-13,6067.74362247644
2017-03-14,6054.45782753815
2017-03-15,6092.79973366455
2017-03-16,6088.50144827817
2017-03-17,6084.77113108908
2017-03-20,6090.06510252628
2017-03-21,5999.19146981991
2017-03-22,6038.59218264689
2017-03-23,6024.62861671574
2017-03-24,6034.58763351549
2017-03-27,6046.15024929719
2017-03-28,6083.42346079741
2017-03-29,6109.81070317711
2017-03-30,6120.47037512335
2017-03-31,6116.52183655181
2017-04-03,6112.71365553851
2017-04-04,6123.36896659084
2017-04-05,6098.73887169457
2017-04-06,6101.47512936008
2017-04-07,6098.64951557038
2017-04-10,6102.37501953971
2017-04-11,6076.17173138947
2017-04-12,6052.1202493773
2017-04-13,6025.73242431216
2017-04-17,6077.0685715928
2017-04-18,6068.58196129085
2017-04-19,6077.56395569691
2017-04-20,6126.97087554136
2017-04-21,6125.30191449652
2017-04-24,6199.66106478345
2017-04-25,6244.86434051824
2017-04-26,6236.8638368443
2017-04-27,6271.40957459224
2017-04-28,6285.19565242295
2017-05-01,6337.09114730588
2017-05-02,6353.34205621913
2017-05-03,6333.3385748418
2017-05-04,6334.64229649518
2017-05-05,6356.91031704646
2017-05-08,6371.7257911122
2017-05-09,6393.79508958521
2017-05-10,6397.80522724485
2017-05-11,6392.71481717459
2017-05-12,6407.08625983558
2017-05-15,6427.82169269077
2017-05-16,6453.65309132541
2017-05-17,6292.48627566141
2017-05-18,6344.20968278421
2017-05-19,6372.83990618835
2017-05-22,6426.78570462097
2017-05-23,6431.47828252869
2017-05-24,6461.95424573891
2017-05-25,6516.16517336496
2017-05-26,6528.42991009152
2017-05-30,6535.59599059841
2017-05-31,6529.02028380526
2017-06-01,6560.27347854453
2017-06-02,6633.58688431261
2017-06-05,6629.93505763572
2017-06-06,6605.85642832637
2017-06-07,6630.23168906967
2017-06-08,6638.92496475917
2017-06-09,6477.21651198905
2017-06-12,6439.12844682118
2017-06-13,6488.4220957346
2017-06-14,6461.16681039679
2017-06-15,6432.03036142605
2017-06-16,6410.13529392832
2017-06-19,6512.7005724835
2017-06-20,6460.8991094073
2017-06-21,6524.17654978457
2017-06-22,6521.32867280016
2017-06-23,6547.54527260322
2017-06-26,6518.75458742013
2017-06-27,6399.16792899689
2017-06-28,6491.50222962368
2017-06-29,6378.65350350504
2017-06-30,6372.50083751192
2017-07-03,6316.11941891915
2017-07-05,6376.0719492353
2017-07-06,6318.69136341014
2017-07-07,6384.79722010765
2017-07-10,6427.33164091474
2017-07-11,6444.99361951255
2017-07-12,6523.04855789726
2017-07-13,6539.30904414611
2017-07-14,6589.79529705463
2017-07-17,6591.66147704372
2017-07-18,6637.21680945309
2017-07-19,6677.92780337972
2017-07-20,6683.64051739723
2017-07-21,6683.98095439183
2017-07-24,6706.47154075145
2017-07-25,6694.36716470398
2017-07-26,6717.04232024219
2017-07-27,6679.48643817888
2017-07-28,6670.57631138459
2017-07-31,6638.30214841615
2017-08-01,6655.05983587518
2017-08-02,6676.57586931161
2017-08-03,6651.86363526714
2017-08-04,6661.75400751589
2017-08-07,6701.07368771815
2017-08-08,6692.15456614067
2017-08-09,6684.29477304009
2017-08-10,6539.42869455279
2017-08-11,6588.48493961077
2017-08-14,6675.1533805968
2017-08-15,6678.46365397498
2017-08-16,6690.81182290552
2017-08-17,6554.04286194485
2017-08-18,6548.0142395826
2017-08-21,6543.12157925524
2017-08-22,6641.72353943253
2017-08-23,6617.41734801364
2017-08-24,6597.80547608464
2017-08-25,6584.33970892104
2017-08-28,6602.75417405329
2017-08-29,6630.24332731849
2017-08-30,6710.27841898394
2017-08-31,6773.28083870174
2017-09-01,6772.48491822376
2017-09-05,6710.08667344976
2017-09-06,6730.95400834642
2017-09-07,6746.29423589334
2017-09-08,6688.67188818455
2017-09-11,6764.63351629056
2017-09-12,6782.12511810956
2017-09-13,6792.017515499
2017-09-14,6752.53032198714
2017-09-15,6774.23030323898
2017-09-18,6766.85606935015
2017-09-19,6778.30425144498
2017-09-20,6758.53478998169
2017-09-21,6714.75949967045
2017-09-22,6711.82615279818
2017-09-25,6638.31585880719
2017-09-26,6654.14237120649
2017-09-27,6718.01478926798
2017-09-28,6713.17293200099
2017-09-29,6765.48120938114
2017-10-02,6768.44489750771
2017-10-03,6784.04859634541
2017-10-04,6789.75657608997
2017-10-05,6855.75107005899
2017-10-06,6864.25792075323
2017-10-09,6857.42077957143
2017-10-10,6863.06962876224
2017-10-11,6883.13570630653
2017-10-12,6870.38886324576
2017-10-13,6895.81578193274
2017-10-16,6920.79929370568
2017-10-17,6929.95014109895
2017-10-18,6920.60217128424
2017-10-19,6896.00014496947
2017-10-20,6914.336813045
2017-10-23,6867.94831777057
2017-10-24,6882.05910465299
2017-10-25,6853.56197761218
2017-10-26,6834.12819943816
2017-10-27,7032.8809114268
2017-10-30,7049.47312371823
2017-10-31,7073.45485507788
2017-11-01,7073.55502134164
2017-11-02,7059.70743755757
2017-11-03,7126.7120487813
2017-11-06,7148.38377721162
2017-11-07,7156.50151571845
2017-11-08,7184.89561585608
2017-11-09,7147.01732537141
2017-11-10,7147.14972963559
2017-11-13,7155.29229602066
2017-11-14,7129.9409640114
2017-11-15,7093.6906974279
2017-11-16,7187.05639628434
2017-11-17,7159.29894476744
2017-11-20,7152.74939498657
2017-11-21,7232.25972228543
2017-11-22,7241.20793608877
2017-11-24,7267.47725299184
2017-11-27,7263.71139331084
2017-11-28,7283.35799660442
2017-11-29,7157.66200743585
2017-11-30,7219.39653908675
2017-12-01,7187.99268567327
2017-12-04,7103.87088739838
2017-12-05,7105.55016621927
2017-12-06,7137.24111753554
2017-12-07,7163.85813319841
2017-12-08,7195.94517468642
2017-12-11,7251.88302105551
2017-12-12,7240.27346309985
2017-12-13,7252.76580761639
2017-12-14,7248.11003926714
2017-12-15,7334.78636573332
2017-12-18,7388.74702825061
2017-12-19,7351.94481532947
2017-12-20,7342.65924744943
2017-12-21,7342.89202104438
2017-12-22,7334.35875167884
2017-12-26,7298.05244909057
2017-12-27,7300.31010473038
2017-12-28,7307.9199611674
2017-12-29,7256.86843717269
2018-01-02,7387.97594017019
2018-01-03,7461.1146295174
2018-01-04,7472.4924013846
2018-01-05,7550.47088352065
2018-01-08,7576.95920945756
2018-01-09,7578.53807159431
2018-01-10,7561.20048696604
2018-01-11,7613.21574914335
2018-01-12,7670.01416026678
2018-01-16,7645.72373759661
2018-01-17,7728.73467657094
2018-01-18,7729.97702769816
2018-01-19,7756.02355789232
2018-01-22,7837.6754252378
2018-01-23,7902.57242376377
2018-01-24,7852.51305100877
2018-01-25,7849.05384728092
2018-01-26,7970.10605159109
2018-01-29,7930.7765385717
2018-01-30,7866.13316408622
2018-01-31,7888.24041187837
2018-02-01,7833.21226715285
2018-02-02,7672.93420875746
2018-02-05,7372.92036023821
2018-02-06,7567.46914695323
2018-02-07,7472.58204095774
2018-02-08,7159.35277420711
2018-02-09,7283.56211390132
2018-02-12,7409.91802684933
2018-02-13,7444.00736041118
2018-02-14,7586.33298061254
2018-02-15,7722.80827752045
2018-02-16,7695.23711489809
2018-02-20,7705.69205064153
2018-02-21,7682.79355999499
2018-02-22,7685.98098817573
2018-02-23,7839.14303776697
2018-02-26,7944.28015030517
2018-02-27,7844.2390166836
2018-02-28,7792.3354959283
2018-03-01,7674.24653722258
2018-03-02,7743.02255693355
2018-03-05,7822.87732336612
2018-03-06,7859.03961351153
2018-03-07,7877.68379005831
2018-03-08,7921.0707393375
2018-03-09,8074.2891606698
2018-03-12,8108.33274535177
2018-03-13,8012.45988574123
2018-03-14,8006.17155209107
2018-03-15,7995.52795851909
2018-03-16,7983.08152898765
2018-03-19,7806.73982741312
2018-03-20,7830.84265916654
2018-03-21,7794.63595846298
2018-03-22,7599.92859678343
2018-03-23,7401.84444206237
2018-03-26,7681.33531049639
2018-03-27,7426.58364111548
2018-03-28,7348.82466243632
2018-03-29,7485.67765235305
2018-04-02,7269.23381423796
2018-04-03,7347.45194526265
2018-04-04,7464.19373824096
2018-04-05,7503.76552938803
2018-04-06,7319.86476506097
2018-04-09,7364.48886485374
2018-04-10,7527.800732257
2018-04-11,7490.90214769714
2018-04-12,7573.74967573195
2018-04-13,7541.98949439349
2018-04-16,7595.28177744876
2018-04-17,7755.93319803481
2018-04-18,7775.09903754672
2018-04-19,7708.73429237356
2018-04-20,7586.83015033363
2018-04-23,7565.27047261879
2018-04-24,7406.35855273345
2018-04-25,7411.92482174263
2018-04-26,7566.34682345059
2018-04-27,7574.09673009542
2018-04-30,7516.38930493846
2018-05-01,7603.31367534136
2018-05-02,7560.66297308517
2018-05-03,7559.55256722518
2018-05-04,7704.5193679243
2018-05-07,7764.61487276943
2018-05-08,7757.5411925823
2018-05-09,7846.48733494773
2018-05-10,7926.79715848014
2018-05-11,7917.99071723865
2018-05-14,7931.74750220136
2018-05-15,7845.37656057663
2018-05-16,7896.92404987291
2018-05-17,7865.94150740288
2018-05-18,7825.70487195078
2018-05-21,7870.64763926992
2018-05-22,7857.07064075255
2018-05-23,7925.81073765271
2018-05-24,7921.32887515818
2018-05-25,7934.1177578492
2018-05-29,7895.85436785386
2018-05-30,7952.96273502701
2018-05-31,7943.13351867454
2018-06-01,8075.59539216527
2018-06-04,8143.58999599869
2018-06-05,8170.1966617431
2018-06-06,8219.59268020645
2018-06-07,8155.43609409794
2018-06-08,8155.19743053788
2018-06-11,8173.36420688392
2018-06-12,8219.77403586536
2018-06-13,8215.29644285632
2018-06-14,8300.7997851905
2018-06-15,8273.61985952332
2018-06-18,8268.66157951981
2018-06-19,8242.9258795111
2018-06-20,8302.9812274204
2018-06-21,8230.88852816158
2018-06-22,8208.10742581887
2018-06-25,8026.39323201026
2018-06-26,8060.63375511987
2018-06-27,7948.27864314847
2018-06-28,8019.40202375387
2018-06-29,8029.89195082103
2018-07-02,8095.79842101001
2018-07-03,8000.82586945431
2018-07-05,8101.0429264959
2018-07-06,8222.29767491306
2018-07-09,8300.73610643239
2018-07-10,8308.26285607044
2018-07-11,8264.20462495414
2018-07-12,8403.69536971966
2018-07-13,8414.60892619308
2018-07-16,8394.16748756105
2018-07-17,8446.63781590723
2018-07-18,8430.93367743529
2018-07-19,8387.84599490037
2018-07-20,8385.41532953076
2018-07-23,8410.00409155264
2018-07-24,8449.43988026444
2018-07-25,8566.1931273692
2018-07-26,8443.16554565905
2018-07-27,8324.55428509204
2018-07-30,8206.87306303579
2018-07-31,8251.50985466718
2018-08-01,8298.18047315728
2018-08-02,8411.46046801167
2018-08-03,8438.09140579663
2018-08-06,8489.22833501714
2018-08-07,8516.31704930475
2018-08-08,8524.67341673366
2018-08-09,8521.77430567383
2018-08-10,8458.37947217321
2018-08-13,8450.33112089582
2018-08-14,8502.96586562676
2018-08-15,8400.61863414464
2018-08-16,8424.66355988279
2018-08-17,8428.85400970101
2018-08-20,8421.93942132881
2018-08-21,8451.54127420803
2018-08-22,8483.30404228306
2018-08-23,8471.05862516031
2018-08-24,8552.8300027071
2018-08-27,8637.07265080877
2018-08-28,8649.76994103248
2018-08-29,8752.74638352436
2018-08-30,8733.35400917767
2018-08-31,8746.93357260588
2018-09-04,8711.01315748098
2018-09-05,8597.80131783202
2018-09-06,8519.01170877529
2018-09-07,8492.82943750609
2018-09-10,8512.73536427782
2018-09-11,8582.04904566804
2018-09-12,8559.49186274599
2018-09-13,8644.68349230304
2018-09-14,8626.17447087142
2018-09-17,8499.54340826329
2018-09-18,8568.6508731959
2018-09-19,8563.99024386663
2018-09-20,8653.98428355285
2018-09-21,8610.58000399933
2018-09-24,8630.79292325068
2018-09-25,8647.3063771298
2018-09-26,8647.18358463188
2018-09-27,8723.7434655776
2018-09-28,8721.54524267123
2018-10-01,8741.90159920332
2018-10-02,8723.1282948248
2018-10-03,8733.5887190809
2018-10-04,8566.55234188629
2018-10-05,8462.4768239771
2018-10-08,8409.65472200984
2018-10-09,8431.26901257729
2018-10-10,8057.12641329768
2018-10-11,7965.09011847866
2018-10-12,8186.04168611233
2018-10-15,8084.77659784407
2018-10-16,8322.39675413705
2018-10-17,8324.91851032256
2018-10-18,8139.01052315739
2018-10-19,8128.88224148512
2018-10-22,8167.74641976974
2018-10-23,8142.08268414936
2018-10-24,7765.18942421739
2018-10-25,8025.09264345692
2018-10-26,7837.53252410535
2018-10-29,7679.11829828736
2018-10-30,7789.9156601327
2018-10-31,7969.75453900237
2018-11-01,8086.52000366289
2018-11-02,7967.69353256901
2018-11-05,7935.47568042849
2018-11-06,7996.05842395369
2018-11-07,8241.22592402351
2018-11-08,8194.75051001215
2018-11-09,8058.2087580681
2018-11-12,7817.74801282406
2018-11-13,7819.8178697149
2018-11-14,7753.99213731702
2018-11-15,7893.82283728105
2018-11-16,7867.02555334794
2018-11-19,7610.40778568534
2018-11-20,7477.87451830768
2018-11-21,7534.12317502641
2018-11-23,7478.765073669
2018-11-26,7651.83277727844
2018-11-27,7677.83855334073
2018-11-28,7921.37858443689
2018-11-29,7897.71986262683
2018-11-30,7962.59175180748
2018-12-03,8092.21052887513
2018-12-04,7786.53054502659
2018-12-06,7838.71833904796
2018-12-07,7580.16348378196
2018-12-10,7659.78723494585
2018-12-11,7684.42416647181
2018-12-12,7752.87549153184
2018-12-13,7758.64569772208
2018-12-14,7560.31077160984
2018-12-17,7392.27857626421
2018-12-18,7443.04114702211
2018-12-19,7272.71877009278
2018-12-20,7158.32069654041
2018-12-21,6932.85929948559
2018-12-24,6764.08054343738
2018-12-26,7180.76131028797
2018-12-27,7210.39578312405
2018-12-28,7207.39255853295
2018-12-31,7259.55199960175
2019-01-02,7294.99505897328
2019-01-03,7051.52412867163
2019-01-04,7367.60996410581
2019-01-07,7442.83824208556
2019-01-08,7515.78821865781
2019-01-09,7571.94968310617
2019-01-10,7595.17624789925
2019-01-11,7572.75373932317
2019-01-14,7503.51490055103
2019-01-15,7651.03801980777
2019-01-16,7649.80364672921
2019-01-17,7707.03588679882
2019-01-18,7782.92499317902
2019-01-22,7624.854427516
2019-01-23,7638.56326749942
2019-01-24,7688.78928990262
2019-01-25,7786.09517719629
2019-01-28,7682.52575216577
2019-01-29,7608.77073923239
2019-01-30,7810.55887927638
2019-01-31,7924.35378338955
2019-02-01,7888.41808050908
2019-02-04,7985.29664044873
2019-02-05,8058.36844522315
2019-02-06,8030.62861901684
2019-02-07,7924.60253790478
2019-02-08,7937.28464476064
2019-02-11,7932.87228574332
2019-02-12,8053.98549720482
2019-02-13,8055.37109768339
2019-02-14,8064.49721603539
2019-02-15,8102.16911198789
2019-02-19,8115.29845874267
2019-02-20,8114.14747148144
2019-02-21,8082.92580073676
2019-02-22,8146.64678951626
2019-02-25,8175.2122826526
2019-02-26,8184.16210601265
2019-02-27,8177.37246403723
2019-02-28,8156.98177106265
2019-03-01,8219.09591826825
2019-03-04,8218.2469478109
2019-03-05,8225.08710156796
2019-03-06,8174.98931136821
2019-03-07,8077.58066588002
2019-03-08,8064.71446212327
2019-03-11,8235.22402886954
2019-03-12,8278.05637670651
2019-03-13,8342.08516607511
2019-03-14,8327.14648968431
2019-03-15,8400.88199458156
2019-03-18,8423.06473611728
2019-03-19,8449.6815829221
2019-03-20,8486.9885026561
2019-03-21,8616.36812967733
2019-03-22,8424.09339511828
2019-03-25,8413.63068291622
2019-03-26,8452.94795968945
2019-03-27,8403.85365138608
2019-03-28,8418.61844827224
2019-03-29,8485.66310293622
2019-04-01,8600.25486257485
2019-04-02,8625.67285644298
2019-04-03,8677.81202952055
2019-04-04,8674.4947441233
2019-04-05,8718.52238549057
2019-04-08,8742.56802534357
2019-04-09,8706.74161370599
2019-04-10,8756.21031390361
2019-04-11,8737.11621759936
2019-04-12,8775.37809571253
2019-04-15,8776.49399420025
2019-04-16,8805.95739451022
2019-04-17,8835.85172059684
2019-04-18,8846.20248674337
2019-04-22,8873.55855910898
2019-04-23,8985.521091051
2019-04-24,8955.27265980455
2019-04-25,8992.66845730348
2019-04-26,9004.07899755875
2019-04-29,9018.29743084487
2019-04-30,8952.14365212161
2019-05-01,8918.0803408422
2019-05-02,8886.13874937253
2019-05-03,9026.8880444435
2019-05-06,8968.98870240667
2019-05-07,8791.88709940708
2019-05-08,8766.35830913961
2019-05-09,8726.66781832734
2019-05-10,8734.5136094116
2019-05-13,8432.52725543308
2019-05-14,8522.40400227669
2019-05-15,8642.60432981589
2019-05-16,8732.14105754655
2019-05-17,8644.64989387463
2019-05-20,8498.52936617774
2019-05-21,8584.38517761761
2019-05-22,8549.66199267529
2019-05-23,8419.96414163298
2019-05-24,8411.93045838056
2019-05-28,8385.90886765348
2019-05-29,8315.16505797949
2019-05-30,8349.29003428022
2019-05-31,8213.94940349795
2019-06-03,8041.16653805179
2019-06-04,8258.65077557956
2019-06-05,8321.85907458757
2019-06-06,8386.75425797969
2019-06-07,8549.75234996376
2019-06-10,8647.4133029653
2019-06-11,8661.33299158536
2019-06-12,8613.43220986731
2019-06-13,8659.26414858621
2019-06-14,8622.86399126078
2019-06-17,8677.58423887172
2019-06-18,8803.11661711252
2019-06-19,8840.40057243793
2019-06-20,8921.4706232278
2019-06-21,8911.90107031403
2019-06-24,8905.2591985943
2019-06-25,8753.64636716691
2019-06-26,8794.59745843981
2019-06-27,8829.83588936985
2019-06-28,8846.01081383804
2019-07-01,8957.94084947272
2019-07-02,8995.49957256886
2019-07-03,9063.97112789945
2019-07-05,9045.06638743964
2019-07-08,8981.0296725195
2019-07-09,9028.53722487644
2019-07-10,9116.83135531584
2019-07-11,9109.18930968943
2019-07-12,9162.78861620079
2019-07-15,9190.11012313579
2019-07-16,9144.14283458656
2019-07-17,9099.94508471844
2019-07-18,9117.67510692966
2019-07-19,9037.80981998143
2019-07-22,9118.81378644217
2019-07-23,9175.85019417346
2019-07-24,9240.63020603312
2019-07-25,9147.49467178996
2019-07-26,9247.95268490458
2019-07-29,9215.80225590443
2019-07-30,9174.34695537945
2019-07-31,9055.05290523851
2019-08-01,9000.12907834082
2019-08-02,8875.13125606153
2019-08-05,8555.43156466964
2019-08-06,8678.9596084305
2019-08-07,8714.71201641845
2019-08-08,8914.32893759096
2019-08-09,8827.09677962022
2019-08-12,8729.44871760966
2019-08-13,8921.74493235592
2019-08-14,8651.43677000031
2019-08-15,8645.49675498645
2019-08-16,8783.20403371795
2019-08-19,8916.73160287263
2019-08-20,8853.98609340264
2019-08-21,8933.95304661625
2019-08-22,8904.24144765889
2019-08-23,8624.21339638479
2019-08-26,8751.40423905592
2019-08-27,8741.01657631949
2019-08-28,8766.52603473968
2019-08-29,8899.44168442662
2019-08-30,8886.50000636988
2019-09-03,8792.49889966285
2019-09-04,8919.2914649551
2019-09-05,9086.34374968035
2019-09-06,9074.78658441399
2019-09-09,9051.51717405314
2019-09-10,9031.10733025137
2019-09-11,9116.19063029685
2019-09-12,9152.07890475773
2019-09-13,9124.0228657423
2019-09-16,9077.15720464158
2019-09-17,9119.20438078962
2019-09-18,9118.9384066087
2019-09-19,9134.23871877139
2019-09-20,9044.92088460878
2019-09-23,9039.20591158242
2019-09-24,8913.75337992118
2019-09-25,9021.84721843177
2019-09-26,8985.37248370507
2019-09-27,8881.3759083829
2019-09-30,8960.02567684938
2019-10-01,8885.54254875311
2019-10-02,8731.33655261541
2019-10-03,8834.53751534864
2019-10-04,8968.36482036809
2019-10-07,8934.85476384795
2019-10-08,8795.06884210653
2019-10-09,8894.9846418559
2019-10-10,8952.6223240168
2019-10-11,9072.34674477348
2019-10-14,9070.56410389089
2019-10-15,9186.82380605962
2019-10-16,9160.63562532533
2019-10-17,9186.00566481234
2019-10-18,9100.81774489242
2019-10-21,9183.90910770007
2019-10-22,9107.9018098825
2019-10-23,9125.08566050579
2019-10-24,9214.56544788055
2019-10-25,9286.85328022537
2019-10-28,9381.06318477673
2019-10-29,9308.00975921652
2019-10-30,9350.09518120228
2019-10-31,9351.56798385028
2019-11-01,9441.03045437908
2019-11-04,9498.38098239306
2019-11-05,9497.86304688876
2019-11-06,9483.00057352527
2019-11-07,9514.08278372213
2019-11-08,9556.24965348082
2019-11-11,9540.07455156097
2019-11-12,9565.92640604237
2019-11-13,9561.44046594727
2019-11-14,9560.61001988922
2019-11-15,9627.99580993915
2019-11-18,9643.16578012167
2019-11-19,9655.04357580079
2019-11-20,9595.63924263848
2019-11-21,9574.63248638402
2019-11-22,9582.16953563921
2019-11-25,9697.86314439219
2019-11-26,9714.00979146533
2019-11-27,9782.62611094363
2019-11-29,9735.22980898752
2019-12-02,9625.92538251207
2019-12-03,9562.76275619514
2019-12-04,9611.99406170563
2019-12-05,9627.88368329793
2019-12-06,9730.98390246174
2019-12-09,9690.86157281537
2019-12-10,9681.24846079719
2019-12-11,9737.23921625744
2019-12-12,9813.07217480724
2019-12-13,9837.30937274041
2019-12-16,9933.07329996217
2019-12-17,9939.29207089962
2019-12-18,9944.99934014542
2019-12-19,10015.312965518
2019-12-20,10059.8302133459
2019-12-23,10080.1343691065
2019-12-24,10084.4388319788
2019-12-26,10175.8580237499
2019-12-27,10167.3556660154
2019-12-30,10096.9190721702
2019-12-31,10123.9829755467
2020-01-02,10287.2917274462
2020-01-03,10196.4859640569
2020-01-06,10259.8077827213
2020-01-07,10258.5063243329
2020-01-08,10334.9497141096
2020-01-09,10424.7002311594
2020-01-10,10398.0357990007
2020-01-13,10518.6498475523
2020-01-14,10475.4810593415
2020-01-15,10478.0864394902
2020-01-16,10581.6793265679
2020-01-17,10638.1922071622
2020-01-21,10629.9529183779
2020-01-22,10655.4037507977
2020-01-23,10688.348207841
2020-01-24,10600.7760166767
2020-01-27,10381.2699140115
2020-01-28,10542.174198668
2020-01-29,10554.5600002142
2020-01-30,10595.6679489425
2020-01-31,10428.2498021998
2020-02-03,10584.4973034468
2020-02-04,10825.5785760614
2020-02-05,10864.9017128491
2020-02-06,10957.8536053123
2020-02-07,10908.9416156254
2020-02-10,11043.5692138969
2020-02-11,11044.8214000669
2020-02-12,11155.4567917144
2020-02-13,11136.242957131
2020-02-14,11168.7354318906
2020-02-18,11176.6486064157
2020-02-19,11283.7895514315
2020-02-20,11178.5106485767
2020-02-21,10968.1931111525
2020-02-24,10542.0816449982
2020-02-25,10257.8903472232
2020-02-26,10303.1955598441
2020-02-27,9796.4847935747
2020-02-28,9825.85950972233
2020-03-02,10309.0839911415
2020-03-03,9980.0646609825
2020-03-04,10392.8657296067
2020-03-05,10072.0446850549
2020-03-06,9907.90121580414
2020-03-09,9231.60883678818
2020-03-10,9724.36031350805
2020-03-11,9299.08201665907
2020-03-12,8439.11598422477
2020-03-13,9289.24175172618
2020-03-16,8156.69573762598
2020-03-17,8683.68453443093
2020-03-18,8336.55081288171
2020-03-19,8468.24429094988
2020-03-20,8127.87099612665
2020-03-23,8142.54377669907
2020-03-24,8778.28142998949
2020-03-25,8680.42199593643
2020-03-26,9177.23394813346
2020-03-27,8818.4298468296
2020-03-30,9168.36745199216
2020-03-31,9081.81728856904
2020-04-01,8701.49091875924
2020-04-02,8877.22891260231
2020-04-03,8752.19764704341
2020-04-06,9395.75456843802
2020-04-07,9358.13748337451
2020-04-08,9567.67913373678
2020-04-09,9578.28616910553
2020-04-13,9687.81600044108
2020-04-14,10106.0444216039
2020-04-15,9989.54876799781
2020-04-16,10182.4037864446
2020-04-17,10269.1183647782
2020-04-20,10145.9904692459
2020-04-21,9769.85813657048
2020-04-22,10074.0471486341
2020-04-23,10047.146477607
2020-04-24,10215.9827222852
2020-04-27,10275.5061988112
2020-04-28,10089.4088905226
2020-04-29,10444.2185536791
2020-04-30,10465.2100746959
2020-05-01,10137.9045455015
2020-05-04,10272.7149238739
2020-05-05,10384.9376355119
2020-05-06,10449.638576703
2020-05-07,10586.35499742
2020-05-08,10727.39929854
2020-05-11,10818.937794171
2020-05-12,10602.0903517142
2020-05-13,10471.3502832351
2020-05-14,10581.8082812269
2020-05-15,10650.7843643638
2020-05-18,10859.4180638659
2020-05-19,10821.1794410038
2020-05-20,11042.100745786
2020-05-21,10917.5652237368
2020-05-22,10959.4713552706
2020-05-26,10931.517840628
2020-05-27,10992.2833890478
2020-05-28,10963.8459060489
2020-05-29,11125.59280628
2020-06-01,11176.0803111029
2020-06-02,11244.0988757204
2020-06-03,11300.1180250394
2020-06-04,11214.6197565282
2020-06-05,11441.3959232397
2020-06-08,11531.2210031414
2020-06-09,11607.6802704949
2020-06-10,11755.6787222836
2020-06-11,11168.1920433936
2020-06-12,11256.3229804917
2020-06-15,11388.0798263791
2020-06-16,11589.1704563605
2020-06-17,11627.7409036501
2020-06-18,11662.1893642713
2020-06-19,11659.7106046994
2020-06-22,11801.4706211047
2020-06-23,11894.0702352921
2020-06-24,11652.7831094036
2020-06-25,11768.2737562935
2020-06-26,11474.1461638618
2020-06-29,11604.8658469736
2020-06-30,11834.0508251458
2020-07-01,11976.6582469395
2020-07-02,12051.3968543316
2020-07-06,12356.8987551398
2020-07-07,12263.6196337702
2020-07-08,12429.8963100326
2020-07-09,12532.5968593728
2020-07-10,12627.8523466453
2020-07-13,12355.0204106062
2020-07-14,12456.7678483598
2020-07-15,12470.9365214512
2020-07-16,12383.2820632407
2020-07-17,12405.1431644618
2020-07-20,12762.7301346121
2020-07-21,12624.0540393135
2020-07-22,12667.9636514472
2020-07-23,12329.8295732383
2020-07-24,12216.2585355868
2020-07-27,12439.2836762455
2020-07-28,12273.9524272799
2020-07-29,12426.0074257276
2020-07-30,12488.5218373021
2020-07-31,12710.6518898589
2020-08-03,12884.5366650431
2020-08-04,12932.8610617462
2020-08-05,12966.5432645219
2020-08-06,13133.8559574506
2020-08-07,12988.2070542297
2020-08-10,12925.2129691498
2020-08-11,12681.4176554221
2020-08-12,13009.9171348696
2020-08-13,13034.4217789904
2020-08-14,13019.4309245851
2020-08-17,13164.1767122638
2020-08-18,13293.4654707476
2020-08-19,13203.4400617085
2020-08-20,13388.4636146438
2020-08-21,13479.5880944089
2020-08-24,13562.4859568248
2020-08-25,13674.045232039
2020-08-26,13966.1148151334
2020-08-27,13913.5349502301
2020-08-28,13995.0699061674
2020-08-31,14129.1819717676
2020-09-01,14341.9816653558
2020-09-02,14491.7866375182
2020-09-03,13735.9844375341
2020-09-04,13561.8434658871
2020-09-08,12915.5289852
2020-09-09,13297.7918886344
2020-09-10,13016.2264124874
2020-09-11,12938.3639306764
2020-09-14,13161.9179375085
2020-09-15,13349.9460542934
2020-09-16,13126.7145628565
2020-09-17,12932.2255791544
2020-09-18,12764.2042990985
2020-09-21,12816.1614454028
2020-09-22,13056.7821327984
2020-09-23,12644.7142695243
2020-09-24,12718.4725164386
2020-09-25,13015.7170504691
2020-09-28,13264.7028330724
2020-09-29,13217.0042742737
2020-09-30,13328.0225592313
2020-10-01,13522.5374732846
2020-10-02,13140.1953016042
2020-10-05,13435.9851266507
2020-10-06,13182.9400891588
2020-10-07,13430.3638375773
2020-10-08,13486.2895719689
2020-10-09,13690.5031399703
2020-10-12,14113.4535925895
2020-10-13,14107.6916918207
2020-10-14,13993.4920586881
2020-10-15,13892.1648133577
2020-10-16,13837.9854329404
2020-10-19,13583.6701368573
2020-10-20,13634.4435720789
2020-10-21,13619.8840248913
2020-10-22,13617.021457745
2020-10-23,13651.6487034107
2020-10-26,13432.2523678878
2020-10-27,13542.5012010654
2020-10-28,13009.8709953727
2020-10-29,13254.1385279274
2020-10-30,12906.6593504475
2020-11-02,12943.9293843277
2020-11-03,13171.8139200148
2020-11-04,13752.2960382234
2020-11-05,14105.9432615386
2020-11-06,14124.6118374454
2020-11-09,13820.0027528021
2020-11-10,13579.8470069483
2020-11-11,13893.6853578271
2020-11-12,13816.8267843685
2020-11-13,13947.8229751561
2020-11-16,14036.0818104773
2020-11-17,13994.1428210844
2020-11-18,13902.1761263229
2020-11-19,14008.3144739986
2020-11-20,13915.9938199005
2020-11-23,13915.4096985378
2020-11-24,14118.6850054232
2020-11-25,14203.8779213767
2020-11-27,14327.9986992709
2020-11-30,14339.9383623739
2020-12-01,14558.5832778294
2020-12-02,14560.6903187667
2020-12-03,14575.3107195321
2020-12-04,14647.0393681274
2020-12-07,14726.5717868763
2020-12-08,14772.6796727592
2020-12-09,14455.7507998114
2020-12-10,14499.5912413532
2020-12-11,14468.8038804048
2020-12-14,14571.4389858218
2020-12-15,14727.7814457032
2020-12-16,14812.2501827509
2020-12-17,14910.3462592871
2020-12-18,14895.7756590526
2020-12-21,14839.7338631984
2020-12-22,14871.9957172462
2020-12-23,14796.656964028
2020-12-24,14864.4168067167
2020-12-28,15013.9285021971
2020-12-29,15019.3431644301
2020-12-30,15022.0865040496
2020-12-31,15072.2870581013
2021-01-04,14847.7544871019
2021-01-05,14975.0429543311
2021-01-06,14765.6386621432
2021-01-07,15135.7842220303
2021-01-08,15329.7176529308
2021-01-11,15092.6016642361
2021-01-12,15080.437244177
2021-01-13,15175.818670753
2021-01-14,15088.1544341443
2021-01-15,14977.3130978187
2021-01-19,15202.6105174326
2021-01-20,15553.4321012593
2021-01-21,15680.3918909007
2021-01-22,15635.252089189
2021-01-25,15771.9876210388
2021-01-26,15780.0531143713
2021-01-27,15338.4331015924
2021-01-28,15442.403469577
2021-01-29,15120.8155651831
2021-02-01,15499.2922673997
2021-02-02,15741.9088470823
2021-02-03,15679.0337218508
2021-02-04,15866.6388233907
2021-02-05,15919.8827888625
2021-02-08,16026.5928169297
2021-02-09,16017.8371699514
2021-02-10,15980.6019124016
2021-02-11,16074.5237958747
2021-02-12,16160.4741891947
2021-02-16,16120.7622833942
2021-02-17,16038.3789959036
2021-02-18,15966.2411115293
2021-02-19,15899.9423370274
2021-02-22,15481.9356770804
2021-02-23,15447.944769554
2021-02-24,15574.1036240332
2021-02-25,15019.8761771982
2021-02-26,15115.0239148882
2021-03-01,15552.3477832364
2021-03-02,15291.3052633192
2021-03-03,14851.2544418261
2021-03-04,14596.2036946734
2021-03-05,14836.1627433904
2021-03-08,14403.5202747321
2021-03-09,14983.9936516479
2021-03-10,14934.3096810296
2021-03-11,15287.7548992263
2021-03-12,15154.0213936278
2021-03-15,15324.2808742672
2021-03-16,15406.2014401032
2021-03-17,15464.8898643019
2021-03-18,14980.8397372459
2021-03-19,15073.8431112704
2021-03-22,15331.0193914588
2021-03-23,15250.5081731173
2021-03-24,14994.0534145904
2021-03-25,14972.5327904585
2021-03-26,15205.2026542244
2021-03-29,15189.5339055641
2021-03-30,15109.0107736102
2021-03-31,15337.6212021485
2021-04-01,15616.540789359
2021-04-05,15933.3181388512
2021-04-06,15911.6565736174
2021-04-07,15956.4707144681
2021-04-08,16122.6921669904
2021-04-09,16224.3160866689
2021-04-12,16194.1944177338
2021-04-13,16390.0614295391
2021-04-14,16176.5600822621
2021-04-15,16437.0464123687
2021-04-16,16455.4607301886
2021-04-19,16298.1507874325
2021-04-20,16182.8763098552
2021-04-21,16330.3555588435
2021-04-22,16127.8606435841
2021-04-23,16337.9270829532
2021-04-26,16437.2075867467
2021-04-27,16360.0015321468
2021-04-28,16291.2550470676
2021-04-29,16372.0712164816
2021-04-30,16244.9812067081
2021-05-03,16173.623592907
2021-05-04,15874.6975888993
2021-05-05,15826.2963985679
2021-05-06,15957.4810200202
2021-05-07,16085.0991868211
2021-05-10,15662.3876637981
2021-05-11,15653.6716141625
2021-05-12,15244.4065832438
2021-05-13,15371.0304591255
2021-05-14,15705.4386340578
2021-05-17,15611.4867480693
2021-05-18,15499.8141015084
2021-05-19,15527.1628141447
2021-05-20,15828.2940428688
2021-05-21,15731.6928800837
2021-05-24,16001.5670795815
2021-05-25,16020.3091047339
2021-05-26,16073.3811358604
2021-05-27,16021.9163058549
2021-05-28,16055.6968166255
2021-06-01,16018.3088094544
2021-06-02,16044.2625810318
2021-06-03,15874.702155813
2021-06-04,16157.5800805781
2021-06-07,16195.3908228204
2021-06-08,16204.7433926132
2021-06-09,16209.6537870849
2021-06-10,16380.7602992119
2021-06-11,16425.2917437827
2021-06-14,16579.3888801454
2021-06-15,16464.8661568473
2021-06-16,16409.2461816416
2021-06-17,16621.4142140584
2021-06-18,16487.3707638108
2021-06-21,16592.061404682
2021-06-22,16748.3744616078
2021-06-23,16752.8660343162
2021-06-24,16860.5078832807
2021-06-25,16836.2063067116
2021-06-28,17047.2230615268
2021-06-29,17103.8405980047
2021-06-30,17083.1114064673
2021-07-01,17089.2760205694
2021-07-02,17287.9142324145
2021-07-06,17358.2819129927
2021-07-07,17386.6659808069
2021-07-08,17282.9520869042
2021-07-09,17405.1940264774
2021-07-12,17466.0019982181
2021-07-13,17462.0723990522
2021-07-14,17492.4733237993
2021-07-15,17368.3287940633
2021-07-16,17235.303603262
2021-07-19,17080.007834223
2021-07-20,17290.2825105272
2021-07-21,17424.6083774449
2021-07-22,17539.1094538936
2021-07-23,17741.7591956489
2021-07-26,17758.5832183947
2021-07-27,17560.1928284655
2021-07-28,17631.95989654
2021-07-29,17667.9237214665
2021-07-30,17564.3533316719
2021-08-02,17568.7298078594
2021-08-03,17683.554116328
2021-08-04,17709.3475847606
2021-08-05,17826.5154893518
2021-08-06,17744.6346814294
2021-08-09,17772.9888690559
2021-08-10,17679.5874382618
2021-08-11,17649.9163552409
2021-08-12,17723.214261216
2021-08-13,17779.4354486694
2021-08-16,17785.6148077196
2021-08-17,17623.7190334975
2021-08-18,17456.9429558037
2021-08-19,17547.0687279856
2021-08-20,17733.4587729176
2021-08-23,17992.2456472451
2021-08-24,18045.0300260807
2021-08-25,18058.5073211261
2021-08-26,17952.6027225517
2021-08-27,18134.063776734
2021-08-30,18336.589336279
2021-08-31,18311.1780844522
2021-09-01,18346.2690887499
2021-09-02,18339.5115726165
2021-09-03,18396.7693528739
2021-09-07,18423.6896112789
2021-09-08,18359.1459324568
2021-09-09,18289.3540031703
2021-09-10,18147.9628792518
2021-09-13,18140.7119728168
2021-09-14,18081.7249020701
2021-09-15,18223.5180938486
2021-09-16,18238.0637185953
2021-09-17,18023.6199060858
2021-09-20,17645.9674442282
2021-09-21,17666.1136767672
2021-09-22,17840.966715554
2021-09-23,18005.6294935442
2021-09-24,18021.1068424928
2021-09-27,17874.5965592437
2021-09-28,17363.777190519
2021-09-29,17343.9082376221
2021-09-30,17269.9947282414
2021-10-01,17390.2061292129
2021-10-04,17016.2272992409
2021-10-05,17255.1806528087
2021-10-06,17364.0783180952
2021-10-07,17517.6793829267
2021-10-08,17427.8581132072
2021-10-11,17302.013270072
2021-10-12,17241.3135664568
2021-10-13,17373.5939958352
2021-10-14,17700.2854643501
2021-10-15,17811.4093155617
2021-10-18,17992.4601742534
2021-10-19,18121.6102282498
2021-10-20,18095.7262109745
2021-10-21,18214.3562639156
2021-10-22,18056.1676091649
2021-10-25,18243.4875656671
2021-10-26,18296.7490346874
2021-10-27,18342.499713132
2021-10-28,18554.3261649323
2021-10-29,18640.9668189706
2021-11-01,18705.42146277
2021-11-02,18784.6829158659
2021-11-03,18986.9764573929
2021-11-04,19226.0920266991
2021-11-05,19244.6109849146
2021-11-08,19217.1433952588
2021-11-09,19081.0598326691
2021-11-10,18806.9099004259
2021-11-11,18862.0877323251
2021-11-12,19060.3418991858
2021-11-15,19049.0542337344
2021-11-16,19191.0211201403
2021-11-17,19192.8177017324
2021-11-18,19398.9729284409
2021-11-19,19505.3293553828
2021-11-22,19279.0477763458
2021-11-23,19191.7326895561
2021-11-24,19264.515097224
2021-11-26,18861.7167325032
2021-11-29,19301.7625953253
2021-11-30,18992.0715398892
2021-12-01,18689.2341730501
2021-12-02,18824.5969693294
2021-12-03,18496.4822275833
2021-12-06,18654.4937486771
2021-12-07,19219.0367490372
2021-12-08,19299.8815487386
2021-12-09,19012.2840843821
2021-12-10,19227.0261124922
2021-12-13,18933.3766517035
2021-12-14,18737.6204223948
2021-12-15,19178.7757930331
2021-12-16,18677.6228614382
2021-12-17,18604.0641997505
2021-12-20,18399.4180787243
2021-12-21,18824.1250988837
2021-12-22,19052.3990264931
2021-12-23,19203.2064565443
2021-12-27,19508.5256690345
2021-12-28,19415.6915102534
2021-12-29,19418.4565606644
2021-12-30,19346.1794517099
2021-12-31,19217.9442908004
2022-01-03,19431.8941519142
2022-01-04,19173.8745475656
2022-01-05,18575.954008463
2022-01-06,18568.4591611877
2022-01-07,18364.7438470543
2022-01-10,18390.9366527289
2022-01-11,18661.4778179157
2022-01-12,18733.2931897263
2022-01-13,18251.0014849259
2022-01-14,18387.6012285234
2022-01-18,17915.4899466499
2022-01-19,17723.6047202936
2022-01-20,17486.4091268494
2022-01-21,17005.7928110733
2022-01-24,17089.6325070576
2022-01-25,16665.0763507668
2022-01-26,16692.9171072683
2022-01-27,16493.1031080109
2022-01-28,17026.5426999465
2022-01-31,17586.5786659277
2022-02-01,17692.377212389
2022-02-02,17833.8038262612
2022-02-03,17081.979915137
2022-02-04,17314.3846166876
2022-02-07,17169.4823395482
2022-02-08,17376.6039581732
2022-02-09,17742.3030565273
2022-02-10,17329.1663711801
2022-02-11,16796.9694775277
2022-02-14,16815.8741492135
2022-02-15,17230.9754442375
2022-02-16,17214.3002374313
2022-02-17,16705.8973686896
2022-02-18,16514.9978211822
2022-02-22,16351.3990349719
2022-02-23,15925.7181558422
2022-02-24,16476.7546040735
2022-02-25,16729.935745864
2022-02-28,16787.2921463347
2022-03-01,16514.0023977414
2022-03-02,16795.3500865446
2022-03-03,16551.408326672
2022-03-04,16318.6390381105
2022-03-07,15707.2434338403
2022-03-08,15646.2476939684
2022-03-09,16206.1024974181
2022-03-10,16029.1140418355
2022-03-11,15688.0742111818
2022-03-14,15389.0923694326
2022-03-15,15875.2430177908
2022-03-16,16462.9267614521
2022-03-17,16653.7977698841
2022-03-18,17009.4138538126
2022-03-21,16959.6651642532
2022-03-22,17287.9104380229
2022-03-23,17043.9613893195
2022-03-24,17419.286519075
2022-03-25,17405.8550708223
2022-03-28,17680.8390603519
2022-03-29,17978.0258186367
2022-03-30,17780.7246734424
2022-03-31,17506.1174209809
2022-04-01,17532.9197914057
2022-04-04,17884.9294086934
2022-04-05,17488.6232332682
2022-04-06,17108.9476504708
2022-04-07,17147.8646919354
2022-04-08,16906.8746757704
2022-04-11,16509.1379156339
2022-04-12,16450.1766890038
2022-04-13,16777.5763626423
2022-04-14,16395.1404180938
2022-04-18,16415.8493550988
2022-04-19,16769.2756536851
2022-04-20,16519.4206475018
2022-04-21,16191.2671043234
2022-04-22,15762.2084183403
2022-04-25,15970.3221676438
2022-04-26,15352.7629912248
2022-04-27,15345.261786507
2022-04-28,15880.0040582275
2022-04-29,15170.440722665
2022-05-02,15431.3027039416
2022-05-03,15448.3282868047
2022-05-04,15974.461404159
2022-05-05,15167.8654870436
2022-05-06,14986.7735713712
2022-05-09,14390.080379703
2022-05-10,14576.9413655809
2022-05-11,14130.6417525874
2022-05-12,14106.6524853123
2022-05-13,14628.9525596812
2022-05-16,14460.4875418822
2022-05-17,14839.0475559993
2022-05-18,14091.7135604378
2022-05-19,14030.3755340145
2022-05-20,13983.1101501761
2022-05-23,14217.9342194523
2022-05-24,13905.510541097
2022-05-25,14111.4801823485
2022-05-26,14505.3727851683
2022-05-27,14984.2451951533
2022-05-31,14937.9931841045
2022-06-01,14828.3129725752
2022-06-02,15237.4648650348
2022-06-03,14829.8907272234
2022-06-06,14891.0196685265
2022-06-07,15023.5962879224
2022-06-08,14909.5984007186
2022-06-09,14501.9988170787
2022-06-10,13985.540725879
2022-06-13,13341.9780801614
2022-06-14,13371.7193591688
2022-06-15,13705.1775308441
2022-06-16,13154.0765283838
2022-06-17,13317.6995900011
2022-06-21,13651.7490070727
2022-06-22,13629.2317278753
2022-06-23,13830.1807205056
2022-06-24,14312.7629933125
2022-06-27,14197.364653609
2022-06-28,13759.3515353342
2022-06-29,13784.2034480934
2022-06-30,13601.8165882117
2022-07-01,13698.7237674835
2022-07-05,13931.9445299796
2022-07-06,14017.9060363526
2022-07-07,14321.290092015
2022-07-08,14341.3779809503
2022-07-11,14027.4706532441
2022-07-12,13891.1079815396
2022-07-13,13871.6424940333
2022-07-14,13918.7951296946
2022-07-15,14173.3517184785
2022-07-18,14047.8357742814
2022-07-19,14487.7156493484
2022-07-20,14712.7438076386
2022-07-21,14925.3114668887
2022-07-22,14661.6325868397
2022-07-25,14581.1420064528
2022-07-26,14295.7233609633
2022-07-27,14904.3337516202
2022-07-28,15042.5180551745
2022-07-29,15316.0433020088
2022-08-01,15307.5361667893
2022-08-02,15261.1877564331
2022-08-03,15677.1610947429
2022-08-04,15747.6921809741
2022-08-05,15628.3053012419
2022-08-08,15570.8797546478
2022-08-09,15392.7248135314
2022-08-10,15831.1011362426
2022-08-11,15730.8611944434
2022-08-12,16055.8847128259
2022-08-15,16175.7879733798
2022-08-16,16138.1011897815
2022-08-17,15948.6271594872
2022-08-18,15991.1511234982
2022-08-19,15679.6520832826
2022-08-22,15262.4528088343
2022-08-23,15252.0931944926
2022-08-24,15295.2248249671
2022-08-25,15563.1138132735
2022-08-26,14925.5827092833
2022-08-29,14783.0004033053
2022-08-30,14615.6484774009
2022-08-31,14533.2886473697
2022-09-01,14538.4042698738
2022-09-02,14329.8694146829
2022-09-06,14226.7141792497
2022-09-07,14520.6524522298
2022-09-08,14594.4176390316
2022-09-09,14910.7941945899
2022-09-12,15090.1625384188
2022-09-13,14254.0951586373
2022-09-14,14375.3368282053
2022-09-15,14130.2129470662
2022-09-16,14051.8925877304
2022-09-19,14160.7626366967
2022-09-20,14040.2364951733
2022-09-21,13789.1618437408
2022-09-22,13627.8502122285
2022-09-23,13402.2481072856
2022-09-26,13334.5549865291
2022-09-27,13355.4533691546
2022-09-28,13618.5843544058
2022-09-29,13229.7571710973
2022-09-30,13000.3997917814
2022-10-03,13306.7165541714
2022-10-04,13728.3511867495
2022-10-05,13717.2615773053
2022-10-06,13613.6902434642
2022-10-07,13085.1720637382
2022-10-10,12951.8208424696
2022-10-11,12791.0715564285
2022-10-12,12784.2767662924
2022-10-13,13078.1920016212
2022-10-14,12673.3825615176
2022-10-17,13112.5081076324
2022-10-18,13213.5009353691
2022-10-19,13160.9225583506
2022-10-20,13093.7499031799
2022-10-21,13406.2280173723
2022-10-24,13548.3820412994
2022-10-25,13832.5364813021
2022-10-26,13519.730520071
2022-10-27,13266.2710853126
2022-10-28,13688.0405867397
2022-10-31,13521.3149202918
2022-11-01,13383.0658635268
2022-11-02,12929.4820869153
2022-11-03,12673.8659264177
2022-11-04,12875.9866468951
2022-11-07,13018.2676817309
2022-11-08,13116.4753326406
2022-11-09,12808.1652748997
2022-11-10,13767.1038932868
2022-11-11,14017.4571547303
2022-11-14,13881.362381341
2022-11-15,14083.2877307674
2022-11-16,13884.4593662933
2022-11-17,13858.2579657406
2022-11-18,13858.4485747356
2022-11-21,13712.1609583086
2022-11-22,13915.7371099961
2022-11-23,14051.8147165429
2022-11-25,13953.6770587132
2022-11-28,13753.9366465749
2022-11-29,13654.2210507893
2022-11-30,14280.6406684455
2022-12-01,14296.8280011749
2022-12-02,14240.7771839739
2022-12-05,13994.6003027507
2022-12-06,13713.1148194643
2022-12-07,13651.026086151
2022-12-08,13818.0432839337
2022-12-09,13729.9771301526
2022-12-12,13899.9054252503
2022-12-13,14051.9163791464
2022-12-14,13942.6842275234
2022-12-15,13472.7695760452
2022-12-16,13352.2414612007
2022-12-19,13165.4935220108
2022-12-20,13151.0399429142
2022-12-21,13345.1804484598
2022-12-22,13012.9298869463
2022-12-23,13047.7337325179
2022-12-27,12854.2138646077
2022-12-28,12684.4854451991
2022-12-29,13007.8298880458
2022-12-30,12994.5733011957
2023-01-03,12904.3509498376
2023-01-04,12968.1809587295
2023-01-05,12762.3404263064
2023-01-06,13117.7642179974
2023-01-09,13198.9287581344
2023-01-10,13314.5807153766
2023-01-11,13548.3509165416
2023-01-12,13616.1823898743
2023-01-13,13713.4581741221
2023-01-17,13732.1173781543
2023-01-18,13557.5727540678
2023-01-19,13421.3869284029
2023-01-20,13805.596245775
2023-01-23,14106.8223846072
2023-01-24,14076.0491935173
2023-01-25,14038.0771950803
2023-01-26,14319.4317551006
2023-01-27,14456.2175390919
2023-01-30,14155.5039993367
2023-01-31,14380.7390048009
2023-02-01,14691.3320947976
2023-02-02,15214.7114305181
2023-02-03,14941.8782964383
2023-02-06,14814.4820698489
2023-02-07,15127.9670917509
2023-02-08,14851.615103605
2023-02-09,14717.1067048631
2023-02-10,14629.3934090029
2023-02-13,14864.2345544123
2023-02-14,14971.0363761565
2023-02-15,15091.5210148211
2023-02-16,14799.7943528524
2023-02-17,14699.7632721916
2023-02-21,14345.434447805
2023-02-22,14352.8067624997
2023-02-23,14489.9490911945
2023-02-24,14240.605030178
2023-02-27,14345.7393012357
2023-02-28,14327.2091210447
2023-03-01,14205.0138009095
2023-03-02,14334.0092226852
2023-03-03,14626.6881849822
2023-03-06,14640.5846515395
2023-03-07,14461.8203999879
2023-03-08,14536.9876203379
2023-03-09,14277.1952383793
2023-03-10,14080.1016336152
2023-03-13,14190.7903580689
2023-03-14,14522.1410141877
2023-03-15,14583.4859517446
2023-03-16,14976.3869010791
2023-03-17,14903.1621245678
2023-03-20,14954.0286080597
2023-03-21,15169.1962861718
2023-03-22,14961.7016572868
2023-03-23,15154.6663712161
2023-03-24,15199.6863696843
2023-03-27,15087.8016027459
2023-03-28,15013.3923951671
2023-03-29,15293.7198524202
2023-03-30,15434.1101666615
2023-03-31,15693.9122520572
2023-04-03,15654.6217019467
2023-04-04,15600.5174473823
2023-04-05,15442.683078356
2023-04-06,15556.7041601476
2023-04-10,15543.1719998885
2023-04-11,15439.466574107
2023-04-12,15301.547672023
2023-04-13,15612.4307228723
2023-04-14,15576.8542114938
2023-04-17,15586.6171915435
2023-04-18,15591.4753396101
2023-04-19,15587.8094641775
2023-04-20,15465.4594106026
2023-04-21,15483.0704157873
2023-04-24,15446.1391202762
2023-04-25,15154.7779474708
2023-04-26,15251.9310960207
2023-04-27,15672.9827554645
2023-04-28,15775.3573014598
2023-05-01,15758.2594034717
2023-05-02,15617.9539285737
2023-05-03,15518.5660771764
2023-05-04,15462.9981021505
2023-05-05,15793.8544931225
2023-05-08,15832.5794531808
2023-05-09,15725.2563378717
2023-05-10,15900.5892482236
2023-05-11,15952.2278711319
2023-05-12,15896.7371461206
2023-05-15,15984.1248971947
2023-05-16,15999.1829745128
2023-05-17,16199.7385662343
2023-05-18,16492.8966248377
2023-05-19,16456.040045272
2023-05-22,16511.1825011747
2023-05-23,16299.9253803745
2023-05-24,16219.1157208914
2023-05-25,16617.556639202
2023-05-26,17046.8344230496
2023-05-30,17114.6214832125
2023-05-31,16995.5595958345
2023-06-01,17221.1180654092
2023-06-02,17347.0014884321
2023-06-05,17359.4808444453
2023-06-06,17361.4390039622
2023-06-07,17057.6837572039
2023-06-08,17274.467866193
2023-06-09,17326.7246966791
2023-06-12,17631.9627006883
2023-06-13,17771.559663422
2023-06-14,17898.128672597
2023-06-15,18112.5672500203
2023-06-16,17991.4323351298
2023-06-20,17975.0102071948
2023-06-21,17735.5476190664
2023-06-22,17944.1506123475
2023-06-23,17764.2154219913
2023-06-26,17522.6973206785
2023-06-27,17829.1393004543
2023-06-28,17851.4081893385
2023-06-29,17823.0035936207
2023-06-30,18108.4313235929
2023-07-03,18145.0578025812
2023-07-05,18141.1059464207
2023-07-06,18004.7510476105
2023-07-07,17942.4070874886
2023-07-10,17952.8915395299
2023-07-11,18040.502107169
2023-07-12,18265.0250061088
2023-07-13,18580.9325999765
2023-07-14,18573.3211312513
2023-07-17,18749.5370718325
2023-07-18,18902.3589745688
2023-07-19,18884.4616838327
2023-07-20,18454.6006321369
2023-07-21,18406.3770830251
2023-07-24,18433.041662942
2023-07-25,18568.3478548425
2023-07-26,18494.4913689414
2023-07-27,18453.5205026757
2023-07-28,18796.4976424703
2023-07-31,18803.7433512901
2023-08-01,18757.4311016678
2023-08-02,18343.0084485626
2023-08-03,18322.4852388509
2023-08-04,18229.4469744169
2023-08-07,18388.5497900315
2023-08-08,18227.6651273515
2023-08-09,18024.5453083899
2023-08-10,18059.3091898428
2023-08-11,17941.8383097202
2023-08-14,18154.7940040256
2023-08-15,17954.2835998546
2023-08-16,17765.8825622456
2023-08-17,17575.749211093
2023-08-18,17551.5532360788
2023-08-21,17840.7580425367
2023-08-22,17807.6443112551
2023-08-23,18093.6319807452
2023-08-24,17698.2229734586
2023-08-25,17847.995300817
2023-08-28,17980.14671009
2023-08-29,18367.347408214
2023-08-30,18471.6303364897
2023-08-31,18521.394417532
2023-09-01,18510.0242295307
2023-09-05,18530.8487869308
2023-09-06,18367.4648162499
2023-09-07,18233.3201901617
2023-09-08,18259.2604689231
2023-09-11,18476.3068426176
2023-09-12,18271.4292408571
2023-09-13,18341.6825543212
2023-09-14,18493.4321530974
2023-09-15,18168.9583961302
2023-09-18,18196.4149819672
2023-09-19,18155.6161365835
2023-09-20,17894.0121227026
2023-09-21,17564.4841849362
2023-09-22,17572.6761245837
2023-09-25,17653.7176785766
2023-09-26,17387.0762941415
2023-09-27,17428.1159717159
2023-09-28,17576.0107938204
2023-09-29,17590.9277673167
2023-10-02,17737.1582169856
2023-10-03,17416.3030188098
2023-10-04,17668.1635311718
2023-10-05,17605.2181665191
2023-10-06,17904.3691378666
2023-10-09,17992.7513592403
2023-10-10,18093.6320007523
2023-10-11,18224.6821783064
2023-10-12,18156.5050802442
2023-10-13,17930.5252258617
2023-10-16,18142.911729992
2023-10-17,18082.2626382711
2023-10-18,17827.8622658521
2023-10-19,17677.0591692038
2023-10-20,17411.3015418284
2023-10-23,17463.8830757385
2023-10-24,17632.4908731563
2023-10-25,17197.2836123389
2023-10-26,16871.9501242576
2023-10-27,16956.6684894487
2023-10-30,17143.9182644053
2023-10-31,17232.7452771857
2023-11-01,17538.0501261837
2023-11-02,17843.2693619229
2023-11-03,18058.7869583545
2023-11-06,18126.0408143746
2023-11-07,18294.7942627044
2023-11-08,18315.3931500473
2023-11-09,18168.2578742405
2023-11-10,18579.1085383145
2023-11-13,18524.7978887273
2023-11-14,18920.5343119156
2023-11-15,18931.0475877213
2023-11-16,18952.0713592588
2023-11-17,18957.8413634964
2023-11-20,19184.3792879908
2023-11-21,19073.1288688329
2023-11-22,19154.6562672377
2023-11-24,19131.4660120866
2023-11-27,19107.4859594769
2023-11-28,19165.560148238
2023-11-29,19139.9333585092
2023-11-30,19097.1487504952
2023-12-01,19157.3290842477
2023-12-04,18968.4042871361
2023-12-05,19014.0949593225
2023-12-06,18906.7231779272
2023-12-07,19188.3529581722
2023-12-08,19262.8447835363
2023-12-11,19426.9696112184
2023-12-12,19586.4696626879
2023-12-13,19835.7248944916
2023-12-14,19807.8328625312
2023-12-15,19910.3841619869
2023-12-18,20037.7694025991
2023-12-19,20139.9744222949
2023-12-20,19831.2631905876
2023-12-21,20074.7491375207
2023-12-22,20098.7027352965
2023-12-26,20219.7667698103
2023-12-27,20254.1763242753
2023-12-28,20245.1268698308
2023-12-29,20158.4212263125
2024-01-02,19822.4445200793
2024-01-03,19614.7702171692
2024-01-04,19511.7064136222
2024-01-05,19540.4270816224
2024-01-08,19952.6657031724
2024-01-09,19987.6188200478
2024-01-10,20124.6437734817
2024-01-11,20158.0256263965
2024-01-12,20172.4489535556
2024-01-16,20169.8020669863
2024-01-17,20056.6378603427
2024-01-18,20351.4536644206
2024-01-19,20748.9799980806
2024-01-22,20768.6039631615
2024-01-23,20857.0760246545
2024-01-24,20971.0346129278
2024-01-25,20992.2337356869
2024-01-26,20877.2133533686
2024-01-29,21087.2446141176
2024-01-30,20945.8573669507
2024-01-31,20539.3553618712
2024-02-01,20788.7412713303
2024-02-02,21145.939946756
2024-02-05,21110.5704388435
2024-02-06,21063.1104260183
2024-02-07,21281.6647410321
2024-02-08,21317.2848402127
2024-02-09,21534.4632050648
2024-02-12,21439.7156831364
2024-02-13,21101.338297563
2024-02-14,21353.6708030076
2024-02-15,21401.5975507667
2024-02-16,21210.6127281997
2024-02-20,21042.850790829
2024-02-21,20964.0447658522
2024-02-22,21595.9890762874
2024-02-23,21515.6473040243
2024-02-26,21510.5166977176
2024-02-27,21555.8358285961
2024-02-28,21441.8447393097
2024-02-29,21650.1305016673
2024-03-01,21961.5738167613
2024-03-04,21871.4872412264
2024-03-05,21477.3071168429
2024-03-06,21620.9549523743
2024-03-07,21959.8352993976
2024-03-08,21624.3553973675
2024-03-11,21544.2346642131
2024-03-12,21865.5979133649
2024-03-13,21684.7992340468
2024-03-14,21622.7145053396
2024-03-15,21374.7906619834
2024-03-18,21586.9475195096
2024-03-19,21643.5981639183
2024-03-20,21897.404912702
2024-03-21,21993.7680626608
2024-03-22,22016.6581524864
2024-03-25,21941.7718199962
2024-03-26,21861.9057025167
2024-03-27,21947.6875782376
2024-03-28,21916.4896501428
2024-04-01,21962.7242894317
2024-04-02,21758.8715060771
2024-04-03,21807.5538348148
2024-04-04,21469.7511053723
2024-04-05,21745.5581498675
2024-04-08,21735.6344036851
2024-04-09,21819.7482953735
2024-04-10,21629.7099770147
2024-04-11,21985.6443756362
2024-04-12,21619.9820596954
2024-04-15,21263.7365455728
2024-04-16,21271.9406653398
2024-04-17,21007.6966152556
2024-04-18,20888.4621085431
2024-04-19,20460.1464636067
2024-04-22,20668.1865975023
2024-04-23,20981.1185461806
2024-04-24,21047.9158930211
2024-04-25,20933.0891370587
2024-04-26,21278.9755475871
2024-04-29,21356.3370144021
2024-04-30,20945.5806666998
2024-05-01,20798.8914651188
2024-05-02,21066.6969324003
2024-05-03,21486.4703868642
2024-05-06,21730.8315510005
2024-05-07,21730.1600204436
2024-05-08,21722.431284779
2024-05-09,21758.6348469953
2024-05-10,21818.9271266143
2024-05-13,21863.9007790588
2024-05-14,22014.3978805496
2024-05-15,22346.8818200607
2024-05-16,22304.4473442251
2024-05-17,22290.5807809148
2024-05-20,22444.7135912877
2024-05-21,22492.7098779218
2024-05-22,22482.9061471686
2024-05-23,22384.9892379045
2024-05-24,22607.307226665
2024-05-28,22680.7403196383
2024-05-29,22521.5123656958
2024-05-30,22284.9118754248
2024-05-31,22284.0909781213
2024-06-03,22361.4183161724
2024-06-04,22427.956138777
2024-06-05,22885.1592503512
2024-06-06,22869.2719933228
2024-06-07,22848.3647611652
2024-06-10,22938.4383237617
2024-06-11,23101.7474605319
2024-06-12,23408.3984284174
2024-06-13,23543.1924137261
2024-06-14,23646.9427233636
2024-06-17,23939.1630925982
2024-06-18,23946.92709665
2024-06-20,23758.6126679438
2024-06-21,23696.2260691464
2024-06-24,23428.484868043
2024-06-25,23700.9810150086
2024-06-26,23761.0351245053
2024-06-27,23806.7250773644
2024-06-28,23680.3874701945
2024-07-01,23836.0098966398
2024-07-02,24076.2326392218
2024-07-03,24288.3933096163
2024-07-05,24538.012718753
2024-07-08,24595.5918097727
2024-07-09,24611.8155141468
2024-07-10,24879.7828066087
2024-07-11,24321.4039366757
2024-07-12,24466.050332469
2024-07-15,24532.6967118335
2024-07-16,24546.8325438937
2024-07-17,23825.4428209554
2024-07-18,23712.2681128495
2024-07-19,23492.7078206637
2024-07-22,23854.0110915317
2024-07-23,23771.546867809
2024-07-24,22902.7835145658
2024-07-25,22659.9417792322
2024-07-26,22893.4474438454
2024-07-29,22936.8059804323
2024-07-30,22620.0463853435
2024-07-31,23303.2549276042
2024-08-01,22735.1384984226
2024-08-02,22194.1024252824
2024-08-05,21537.3484969882
2024-08-06,21757.6419431713
2024-08-07,21505.0773515506
2024-08-08,22163.3434010673
2024-08-09,22284.0466899979
2024-08-12,22321.9973506954
2024-08-13,22881.0780124778
2024-08-14,22900.6319175977
2024-08-15,23468.3029148937
2024-08-16,23494.7793002792
2024-08-19,23805.4511104043
2024-08-20,23749.4886153039
2024-08-21,23875.9661382598
2024-08-22,23475.8283709074
2024-08-23,23751.6733867988
2024-08-26,23505.5909232861
2024-08-27,23583.9804050742
2024-08-28,23306.1560693888
2024-08-29,23275.6520568068
2024-08-30,23578.1268051696
2024-09-03,22836.9804334412
2024-09-04,22793.1552582326
2024-09-05,22805.4253396929
2024-09-06,22195.6427769772
2024-09-09,22485.5902310634
2024-09-10,22688.648609909
2024-09-11,23180.4813901742
2024-09-12,23404.8872599789
2024-09-13,23518.1725019735
2024-09-16,23408.9484693818
2024-09-17,23420.6750636311
2024-09-18,23314.7313809311
2024-09-19,23915.6337388356
2024-09-20,23857.362695487
2024-09-23,23930.5439615125
2024-09-24,24042.2219878651
2024-09-25,24075.6904651709
2024-09-26,24247.9834425241
2024-09-27,24119.6026265173
2024-09-30,24183.3623903305
2024-10-01,23836.9180988485
2024-10-02,23876.6946171085
2024-10-03,23865.5513080064
2024-10-04,24156.946454482
2024-10-07,23874.6729697028
2024-10-08,24245.010156417
2024-10-09,24439.2356357653
2024-10-10,24407.0248037755
2024-10-11,24443.5374685466
2024-10-14,24644.9890732752
2024-10-15,24308.3118951605
2024-10-16,24325.4619434716
2024-10-17,24345.2066528086
2024-10-18,24506.3414415508
2024-10-21,24551.4674214007
2024-10-22,24578.2105030317
2024-10-23,24196.3525081633
2024-10-24,24396.4113906956
2024-10-25,24540.4271476836
2024-10-28,24539.2850908784
2024-10-29,24780.1921165138
2024-10-30,24583.7016653887
2024-10-31,23986.0475415463
2024-11-01,24158.9812189833
2024-11-04,24075.4522891757
2024-11-05,24393.6515544755
2024-11-06,25061.6098366709
2024-11-07,25448.3608324809
2024-11-08,25470.925371821
2024-11-11,25458.154395324
2024-11-12,25414.9753815888
2024-11-13,25373.4572946424
2024-11-14,25205.6286736209
2024-11-15,24603.1384824525
2024-11-18,24780.4127720791
2024-11-19,24956.0749954436
2024-11-20,24934.9741445279
2024-11-21,25028.4552888917
2024-11-22,25071.6193492876
2024-11-25,25106.3407673119
2024-11-26,25248.7439542261
2024-11-27,25035.1548547769
2024-11-29,25260.6146990958
2024-12-02,25543.3035298372
2024-12-03,25622.4672320313
2024-12-04,25940.0346540511
2024-12-05,25861.062839516
2024-12-06,26102.3043692997
2024-12-09,25885.4073568854
2024-12-10,25797.904693675
2024-12-11,26276.2339267258
2024-12-12,26096.6913459578
2024-12-13,26298.4822341484
2024-12-16,26681.5887465864
2024-12-17,26566.1848267049
2024-12-18,25610.1281040478
2024-12-19,25490.8175344498
2024-12-20,25706.5339549849
2024-12-23,25967.9469397809
2024-12-24,26323.5710427415
2024-12-26,26288.140215798
2024-12-27,25931.5295505474
2024-12-30,25598.5194795226
2024-12-31,25376.2219281626
2025-01-02,25332.0811754616
2025-01-03,25758.6348295592
2025-01-06,26040.9840100834
2025-01-07,25574.1955187749
2025-01-08,25585.6740538965
2025-01-10,25183.515790901
2025-01-13,25107.5848783203
2025-01-14,25074.6155692079
2025-01-15,25654.9823814676
2025-01-16,25477.8912505
2025-01-17,25900.5685958808
2025-01-21,26051.9915026531
2025-01-22,26398.0663599277
2025-01-23,26455.9691079267
2025-01-24,26302.6534537119
2025-01-27,25521.4113424347
2025-01-28,25927.0021037604
2025-01-29,25864.6951338633
2025-01-30,25981.4653548309
2025-01-31,25947.5327100167
2025-02-03,25729.5129756246
2025-02-04,26054.8960247805
2025-02-05,26165.1299845467
2025-02-06,26305.1500037652
2025-02-07,25964.9507925891
2025-02-10,26288.9040451414
2025-02-11,26213.1172386457
2025-02-12,26244.4991498347
2025-02-13,26620.8437231233
2025-02-14,26725.7474369732
2025-02-18,26786.3206214409
2025-02-19,26799.6049430715
2025-02-20,26674.3724717172
2025-02-21,26126.6217512801
2025-02-24,25811.3320565265
2025-02-25,25491.3230757681
2025-02-26,25546.616253503
2025-02-27,24843.38702613
2025-02-28,25249.7285897224
2025-03-03,24694.9997639001
2025-03-04,24607.4664541165
2025-03-05,24941.6649476823
2025-03-06,24247.4309759383
2025-03-07,24431.773703661
2025-03-10,23501.5124331557
2025-03-11,23436.2086436867
2025-03-12,23701.320362903
2025-03-13,23254.309845194
2025-03-14,23837.8580523607
2025-03-17,23968.0279785915
2025-03-18,23570.384488705
2025-03-19,23877.2379040769
2025-03-20,23808.7882262817
2025-03-21,23901.1757907284
2025-03-24,24417.1913025342
2025-03-25,24547.1168417072
2025-03-26,24098.4278910776
2025-03-27,23955.2074200191
2025-03-28,23329.9021579784
2025-03-31,23327.5191863338
2025-04-01,23518.6745649241
2025-04-02,23696.5693620531
2025-04-03,22416.0995664281
2025-04-04,21056.1583933106
2025-04-07,21096.082350603
2025-04-08,20684.2457969913
2025-04-09,23170.9696696007
2025-04-10,22201.4091536323
2025-04-11,22620.8436412994
2025-04-14,22749.0961969591
2025-04-15,22790.4966689058
2025-04-16,22097.4899617395
2025-04-17,22098.0333409417
2025-04-21,21553.6443189433
2025-04-22,22120.1995007779
2025-04-23,22624.7208872711
2025-04-24,23255.4667997542
2025-04-25,23519.941610899
2025-04-28,23513.8434865588
2025-04-29,23656.2489551677
2025-04-30,23689.8078388428
2025-05-01,23950.8915980471
2025-05-02,24334.2130395954
2025-05-05,24171.1926645803
2025-05-06,23957.7899783642
2025-05-07,24050.549050197
2025-05-08,24287.3178694984
2025-05-09,24285.5577971988
2025-05-12,25265.9612519371
2025-05-13,25664.961426421
2025-05-14,25812.3558067104
2025-05-15,25837.2528815739
2025-05-16,25954.0448079052
2025-05-19,25977.8521398767
2025-05-20,25881.4919401325
2025-05-21,25533.8416221557
2025-05-22,25573.7312190305
2025-05-23,25335.7553970411
2025-05-27,25940.6157364759
2025-05-28,25823.411660778
2025-05-29,25878.868620319
2025-05-30,25853.8361219037
2025-06-02,26036.4709355322
2025-06-03,26243.4301840541
2025-06-04,26317.3382549745
2025-06-05,26107.5179756691
2025-06-06,26370.8804018526
2025-06-09,26416.1525216794
2025-06-10,26590.9403533083
2025-06-11,26492.7947821777
2025-06-12,26556.4417533455
2025-06-13,26217.5634935509
2025-06-16,26589.8387060242
2025-06-17,26325.0135944282
2025-06-18,26326.2288793434
2025-06-20,26216.1271533554
2025-06-23,26494.8694105254
2025-06-24,26899.9868515869
2025-06-25,26957.6412004496
2025-06-26,27211.6664775326
2025-06-27,27317.5265622345
2025-06-30,27494.0500403858
2025-07-01,27250.5283048552
2025-07-02,27451.0227942357
2025-07-03,27726.5275595838
2025-07-07,27506.7809576912
2025-07-08,27527.1514323513
2025-07-09,27724.3770123843
2025-07-10,27681.6238078208
2025-07-11,27622.6985351803
2025-07-14,27713.6820273267
2025-07-15,27748.7933450631
2025-07-16,27777.14080997
2025-07-17,27987.0107773687
2025-07-18,27968.1266846564
2025-07-21,28107.6966643097
2025-07-22,27966.4510355376
2025-07-23,28086.2875699479
2025-07-24,28155.9610838141
2025-07-25,28219.5029677489
2025-07-28,28321.3891676923
2025-07-29,28263.8896390782
2025-07-30,28308.8912498161
2025-07-31,28156.5173045443
2025-08-01,27605.8949515626
2025-08-04,28121.6655197691
2025-08-05,27915.807000584
2025-08-06,28275.3682870471
2025-08-07,28365.6998112456
2025-08-08,28635.9012070299
2025-08-11,28536.4355666052
2025-08-12,28915.5552934542
2025-08-13,28927.4945254528
2025-08-14,28908.1084656203
2025-08-15,28764.6671753553
2025-08-18,28767.7079869089
2025-08-19,28369.0335845355
2025-08-20,28205.0168312055
2025-08-21,28080.1292270195
2025-08-22,28513.9639644714
2025-08-25,28426.1074473706
2025-08-26,28547.0757804011
2025-08-27,28596.3614056448
2025-08-28,28763.340016137
2025-08-29,28416.5775999094
2025-09-02,28193.6877406841
2025-09-03,28416.7622804337
2025-09-04,28684.2416472721
2025-09-05,28711.4542826462
2025-09-08,28846.3534191836
2025-09-09,28940.643280722
2025-09-10,28952.1447370013
2025-09-11,29126.2546182669
2025-09-12,29248.2070437635
2025-09-15,29495.1420617938
2025-09-16,29471.428222489
2025-09-17,29410.4520562624
2025-09-18,29691.1650514387
2025-09-19,29899.2070804176
2025-09-22,30066.6455160739
2025-09-23,29846.9768992119
2025-09-24,29754.4914587193
2025-09-25,29625.4647813583
2025-09-26,29755.3340447604
2025-09-29,29885.8782366186
2025-09-30,29970.2631161861
2025-10-01,30119.0017969233
2025-10-02,30230.6096642709
2025-10-03,30103.3307833984
2025-10-06,30337.7834422901
2025-10-07,30169.7724404347
2025-10-08,30529.7612799721
2025-10-09,30483.6043484346
2025-10-10,29419.1965604542
2025-10-13,30061.1096827206
2025-10-14,29853.4951679246
2025-10-15,30055.1654607954
2025-10-16,29948.1407075144
2025-10-17,30143.3379998149
2025-10-20,30535.7252002747
2025-10-21,30518.8585959217
2025-10-22,30217.4897341423
2025-10-23,30482.7662998183
2025-10-24,30799.4890931641
2025-10-27,31362.3049729047
2025-10-28,31594.2215822903
2025-10-29,31725.2749086783
2025-10-30,31257.6124299925
2025-10-31,31410.3909753224
2025-11-03,31549.8616681017
2025-11-04,30897.6310375613
2025-11-05,31121.5399417245
2025-11-06,30526.3323724307
2025-11-07,30441.6416473092
2025-11-10,31116.0921074995
2025-11-11,31021.0240999168
2025-11-12,31001.6721567415
2025-11-13,30365.6801105066
2025-11-14,30387.3309513046
2025-11-17,30134.7966037926
2025-11-18,29774.7989138743
2025-11-19,29941.9981093781
2025-11-20,29235.2071250165
2025-11-21,29462.3500649689
2025-11-24,30233.6910017933
2025-11-25,30409.4683942393
2025-11-26,30676.9956771658
2025-11-28,30918.7678065108
2025-12-01,30806.883395951
2025-12-02,31065.8167401118
2025-12-03,31129.2663115899
2025-12-04,31100.7669973303
2025-12-05,31238.5624034566
2025-12-08,31162.9534918167
2025-12-09,31212.702054169
2025-12-10,31344.1355471418
2025-12-11,31234.9965421493
2025-12-12,30640.3250230527
2025-12-15,30485.3100764106
2025-12-16,30565.180675677
2025-12-17,29974.9458608527
2025-12-18,30427.0591334495
2025-12-19,30824.5062976044
2025-12-22,30966.8831641658
2025-12-23,31120.2822977864
2025-12-24,31203.6370405359
2025-12-26,31189.3386629786
2025-12-29,31045.6050267735
2025-12-30,30968.9812618937
2025-12-31,30711.4855717798
2026-01-02,30661.7966778891
2026-01-05,30899.1879661488
2026-01-06,31189.1691738425
2026-01-07,31206.4310528476
2026-01-08,31027.8653353419
2026-01-09,31343.7927035348
2026-01-12,31369.8316891043
2026-01-13,31314.2261441766
2026-01-14,30980.5030289377
2026-01-15,31079.2023431526
2026-01-16,31057.5338246263
2026-01-20,30398.5341076324
2026-01-21,30810.9611388636
2026-01-22,31044.2585851944
2026-01-23,31150.2379798587
2026-01-26,31281.3130367585
2026-01-27,31556.9026492189
2026-01-28,31658.5714206647
2026-01-29,31490.5360803655
2026-01-30,31089.8102252911
2026-02-02,31316.3944601195
2026-02-03,30829.719060833
2026-02-04,30285.3853678119
2026-02-05,29868.6039997498
2026-02-06,30509.9093272505
2026-02-09,30746.2560757356
2026-02-10,30576.3983285257
2026-02-11,30666.2696011622
2026-02-12,30041.2334113247
2026-02-13,30099.8116171207
2026-02-17,30063.1778527101
2026-02-18,30303.5288514266
2026-02-19,30184.5754296089
2026-02-20,30446.783446213
2026-02-23,30077.5334813411
2026-02-24,30403.8872662429
2026-02-25,30832.4344747995
2026-02-26,30474.0406769769
2026-02-27,30387.0841611618
2026-03-02,30427.4248313289
2026-03-03,30096.5297712173
2026-03-04,30552.224722796
2026-03-05,30465.1481293698
2026-03-06,30010.136919532
2026-03-09,30406.6372692624
2026-03-10,30393.5130012873
2026-03-11,30405.2753175978
2026-03-12,29879.8381133323
2026-03-13,29697.3986361228
2026-03-16,30032.8047642995
2026-03-17,30185.1609894913
2026-03-18,29752.338584887
2026-03-19,29667.2928023605
2026-03-20,29112.4519248126
2026-03-23,29468.0852429392
2026-03-24,29241.314287318
2026-03-25,29437.5635510021
2026-03-26,28735.8504718058
2026-03-27,28182.9853172761
2026-03-30,27964.703966322
2026-03-31,28924.5070278662
2026-04-01,29267.3472769091
2026-04-02,29301.2152630254
2026-04-06,29480.0525670522
2026-04-07,29492.4888440301
2026-04-08,30346.4613526421
2026-04-09,30565.0336932565
2026-04-10,30606.8577529036
2026-04-13,30932.68604718
2026-04-14,31491.1475054651
2026-04-15,31932.9945535578
2026-04-16,32089.4871974673
2026-04-17,32503.121320126
2026-04-20,32403.0863919976
2026-04-21,32267.9766004117
2026-04-22,32825.8583226692
2026-04-23,32637.4011177092
2026-04-24,33272.3445900743
2026-04-27,33275.2509248442
2026-04-28,32938.5476724552
2026-04-29,33131.0599024967
2026-04-30,33454.16276155
2026-05-01,33769.9224856153
2026-05-04,33699.6049508141
2026-05-05,34144.7619311445
2026-05-06,34856.6763555183
2026-05-07,34813.7459039409
2026-05-08,35634.4216078047
2026-05-11,35741.1737113255
2026-05-12,35429.2900260514
2026-05-13,35798.5919048283
2026-05-14,36059.1792766686
2026-05-15,35510.2558410077
2026-05-18,35351.4882270188
2026-05-19,35138.2374569924
2026-05-20,35722.7194126121
2026-05-21,35800.0175854453
2026-05-22,35952.3956416783
2026-05-26,36586.1338213939
2026-05-27,36552.3740073958
2026-05-28,36857.6321567757
2026-05-29,36993.1598979966
2026-06-01,37213.5125215348
2026-06-02,37393.3423071717
2026-06-03,37284.4530633203
2026-06-04,37092.4240178333
2026-06-05,35328.0882368079
2026-06-08,35886.6684506345
2026-06-09,35484.5817850853
2026-06-10,34781.2564022675
2026-06-11,35925.8462188679
2026-06-12,36158.489989091
2026-06-15,37269.5742427631
2026-06-16,36566.998835397
2026-06-17,36204.9069770005
2026-06-18,37102.0640853487
2026-06-22,37031.7233080055
2026-06-23,35811.6823067536
2026-06-24,35657.1191500231
2026-06-25,35925.9096851834
2026-06-26,35533.3724219319
2026-06-29,36334.5234119148
2026-06-30,36947.8142784377
2026-07-01,36379.5295370965
2026-07-02,35793.8279649924
2026-07-06,36246.6683734445
2026-07-07,35606.0746151779
2026-07-08,35703.3056701031
2026-07-09,36283.0028591723
2026-07-10,36402.7143150971
2026-07-13,35717.983098011
2026-07-14,36111.22222578
2026-07-15,36009.0733092039
2026-07-16,35427.0886802854
2026-07-17,34898.459502059
2026-07-20,34912.5885126569
2026-07-21,35585.0371825611
2026-07-22,35393.3169776073
2026-07-23,34730.2075909791
2026-07-24,34332.7984311159
2026-07-27,34224.0067329647
2026-07-28,33888.4914585102
2026-07-29,33191.7221608027
2026-07-30,34307.4259498897
2026-07-31,34514.349288379
2026-08-03,35127.8841224556
2026-08-04,36295.3108445516
2026-08-05,35995.7870877619
2026-08-06,35856.0694211443
2026-08-07,36282.4181607121
2026-08-10,36162.8319457361
2026-08-11,36045.2360725356
2026-08-12,36310.5984217504
2026-08-13,36728.4862334293
2026-08-14,36683.4551509005
