date,value
2006-06-21,1.128906011581421
2006-06-22,1.102344036102295
2006-06-23,1.0990630388259888
2006-06-26,1.103124976158142
2006-06-27,1.0618749856948853
2006-06-28,1.0748440027236938
2006-06-29,1.1398439407348633
2006-06-30,1.128906011581421
2006-07-03,1.142030954360962
2006-07-05,1.0970309972763062
2006-07-06,1.0906250476837158
2006-07-07,1.0667190551757812
2006-07-10,1.049062967300415
2006-07-11,1.066249966621399
2006-07-12,1.024062991142273
2006-07-13,0.9914060235023499
2006-07-14,0.971094012260437
2006-07-17,0.9757810235023499
2006-07-18,0.981249988079071
2006-07-19,1.002500057220459
2006-07-20,0.9751560091972351
2006-07-21,0.953125
2006-07-24,0.9882810115814209
2006-07-25,0.9979689717292786
2006-07-26,1
2006-07-27,0.989844024181366
2006-07-28,1.0293749570846558
2006-07-31,1.027343988418579
2006-08-01,0.9921879768371582
2006-08-02,1.0104689598083496
2006-08-03,1.027343988418579
2006-08-04,1.017969012260437
2006-08-07,1.0056250095367432
2006-08-08,0.9929689764976501
2006-08-09,0.9925000071525574
2006-08-10,1.0051560401916504
2006-08-11,0.9953129887580872
2006-08-14,1.0043749809265137
2006-08-15,1.0567189455032349
2006-08-16,1.107030987739563
2006-08-17,1.114063024520874
2006-08-18,1.1124999523162842
2006-08-21,1.0921880006790161
2006-08-22,1.0950000286102295
2006-08-23,1.0765630006790161
2006-08-24,1.0848439931869507
2006-08-25,1.089063048362732
2006-08-28,1.104688048362732
2006-08-29,1.111719012260437
2006-08-30,1.1215629577636719
2006-08-31,1.120313048362732
2006-09-01,1.1304689645767212
2006-09-05,1.1507810354232788
2006-09-06,1.1059379577636719
2006-09-07,1.096094012260437
2006-09-08,1.107030987739563
2006-09-11,1.1218750476837158
2006-09-12,1.1654690504074097
2006-09-13,1.178905963897705
2006-09-14,1.1776560544967651
2006-09-15,1.1890629529953003
2006-09-18,1.1881250143051147
2006-09-19,1.1737500429153442
2006-09-20,1.2085939645767212
2006-09-21,1.1929689645767212
2006-09-22,1.1723439693450928
2006-09-25,1.2156250476837158
2006-09-26,1.2256250381469727
2006-09-27,1.2193750143051147
2006-09-28,1.2265629768371582
2006-09-29,1.2171880006790161
2006-10-02,1.1875
2006-10-03,1.195937991142273
2006-10-04,1.2507810592651367
2006-10-05,1.2671879529953003
2006-10-06,1.2601560354232788
2006-10-09,1.2664060592651367
2006-10-10,1.2734379768371582
2006-10-11,1.2687499523162842
2006-10-12,1.3109380006790161
2006-10-13,1.320937991142273
2006-10-16,1.323438048362732
2006-10-17,1.2976560592651367
2006-10-18,1.2796880006790161
2006-10-19,1.290624976158142
2006-10-20,1.2937500476837158
2006-10-23,1.3168749809265137
2006-10-24,1.3043750524520874
2006-10-25,1.3203129768371582
2006-10-26,1.341405987739563
2006-10-27,1.3034379482269287
2006-10-30,1.318750023841858
2006-10-31,1.3265630006790161
2006-11-01,1.290624976158142
2006-11-02,1.2918750047683716
2006-11-03,1.2843749523162842
2006-11-06,1.3132810592651367
2006-11-07,1.339843988418579
2006-11-08,1.357969045639038
2006-11-09,1.339063048362732
2006-11-10,1.3539060354232788
2006-11-13,1.3757810592651367
2006-11-14,1.410938024520874
2006-11-15,1.4198440313339233
2006-11-16,1.4343750476837158
2006-11-17,1.431249976158142
2006-11-20,1.4367189407348633
2006-11-21,1.4406249523162842
2006-11-22,1.4587500095367432
2006-11-24,1.4495309591293335
2006-11-27,1.3842190504074097
2006-11-28,1.388280987739563
2006-11-29,1.410938024520874
2006-11-30,1.4065630435943604
2006-12-01,1.3878129720687866
2006-12-04,1.4226560592651367
2006-12-05,1.4295309782028198
2006-12-06,1.4190629720687866
2006-12-07,1.384374976158142
2006-12-08,1.3984379768371582
2006-12-11,1.4093749523162842
2006-12-12,1.3909380435943604
2006-12-13,1.394531011581421
2006-12-14,1.424219012260437
2006-12-15,1.433593988418579
2006-12-18,1.4007810354232788
2006-12-19,1.395313024520874
2006-12-20,1.386266024520874
2006-12-21,1.3671276265166648
2006-12-22,1.3413324661880937
2006-12-26,1.3479892285124555
2006-12-27,1.3611365531214572
2006-12-28,1.3496538952204742
2006-12-29,1.3486549174416098
2007-01-03,1.3529823398662455
2007-01-04,1.4015764889898796
2007-01-05,1.381272913167084
2007-01-08,1.389926615311728
2007-01-09,1.406901873455933
2007-01-10,1.4436800758288741
2007-01-11,1.4678104424822458
2007-01-12,1.4827886338389882
2007-01-16,1.4827886338389884
2007-01-17,1.4558284226590117
2007-01-18,1.3962511045238266
2007-01-19,1.4004113111712935
2007-01-22,1.3729524998721505
2007-01-23,1.3664619375875107
2007-01-24,1.4078998354973509
2007-01-25,1.36962418219356
2007-01-26,1.3601374483754123
2007-01-29,1.3681255885580825
2007-01-30,1.3717873220535641
2007-01-31,1.3887614374931418
2007-02-01,1.3904262311683413
2007-02-02,1.4024083779587566
2007-02-05,1.3975824823821354
2007-02-06,1.3912579931700368
2007-02-07,1.424375604752124
2007-02-08,1.4248750936415562
2007-02-09,1.3804410241982081
2007-02-12,1.3694569664163914
2007-02-13,1.3844351577731338
2007-02-14,1.425873055682974
2007-02-15,1.4410174470794384
2007-02-16,1.4361915515028172
2007-02-20,1.4528333938301314
2007-02-21,1.4623189849436518
2007-02-22,1.4777956494523794
2007-02-23,1.4644821248036557
2007-02-26,1.451168600154932
2007-02-27,1.311377226179237
2007-02-28,1.3395015994403534
2007-03-01,1.3255225128296564
2007-03-02,1.2790925193034728
2007-03-05,1.2614516991972942
2007-03-06,1.3075492926440335
2007-03-07,1.2955671458536182
2007-03-08,1.3196986552116174
2007-03-09,1.3150389596747183
2007-03-12,1.3271871795376748
2007-03-13,1.276928236738841
2007-03-14,1.3123762039581013
2007-03-15,1.30871447046262
2007-03-16,1.3038885748859987
2007-03-19,1.3301822083665553
2007-03-20,1.3479892285124562
2007-03-21,1.3979147554943991
2007-03-22,1.3895943421994654
2007-03-23,1.3774449796318815
2007-03-26,1.3880957485639882
2007-03-27,1.3733189345587558
2007-03-28,1.3448569956316876
2007-03-29,1.3431931020596826
2007-03-30,1.3478534770953683
2007-04-02,1.3428596376225244
2007-04-03,1.3816405611756102
2007-04-04,1.389796979402235
2007-04-05,1.4047763390639383
2007-04-09,1.397952381743293
2007-04-10,1.4087709280965692
2007-04-11,1.379976667603605
2007-04-12,1.4039443287850877
2007-04-13,1.4089371523723653
2007-04-16,1.4335705995569024
2007-04-17,1.439396449308597
2007-04-18,1.4339040639940608
2007-04-19,1.4350694117243739
2007-04-20,1.4567063774452305
2007-04-23,1.457372163448285
2007-04-24,1.4690237359659781
2007-04-25,1.5112996868244366
2007-04-26,1.5271119456648612
2007-04-27,1.5287758392368664
2007-04-30,1.4888295679534673
2007-05-01,1.4979842207347382
2007-05-02,1.5171254095904352
2007-05-03,1.5287758392368662
2007-05-04,1.5324381067036013
2007-05-07,1.5289430793982286
2007-05-08,1.5281100532338119
2007-05-09,1.5394281613143468
2007-05-10,1.500813462037057
2007-05-11,1.5360993582847704
2007-05-14,1.5139627038509593
2007-05-15,1.4921584979687403
2007-05-16,1.519954650892754
2007-05-17,1.5036438462106374
2007-05-18,1.5282772933951745
2007-05-21,1.549581937550135
2007-05-22,1.551412055397936
2007-05-23,1.5377642677423415
2007-05-24,1.4943229691535702
2007-05-25,1.5103014522697906
2007-05-29,1.5296088654012834
2007-05-30,1.5567382164366763
2007-05-31,1.5763789670196315
2007-06-01,1.5750473950135226
2007-06-04,1.5795416727591083
2007-06-05,1.5817051280583718
2007-06-06,1.545587348517504
2007-06-07,1.4939896317021077
2007-06-08,1.5341020002756067
2007-06-11,1.527943955943712
2007-06-12,1.5073049708061101
2007-06-13,1.5370984817392872
2007-06-14,1.5642289756459422
2007-06-15,1.5936890221419608
2007-06-18,1.5920241126843895
2007-06-19,1.590026754675226
2007-06-20,1.5615658316337242
2007-06-21,1.5908597808396427
2007-06-22,1.5597346979003568
2007-06-25,1.5520778414009906
2007-06-26,1.5346015620028652
2007-06-27,1.5695551366846823
2007-06-28,1.5735497257173132
2007-06-29,1.5833690216303766
2007-07-02,1.6035094609262863
2007-07-03,1.6219837209076666
2007-07-05,1.640459123760309
2007-07-06,1.6602660986190603
2007-07-09,1.6617637679152693
2007-07-10,1.63463340099431
2007-07-11,1.6622634566282235
2007-07-12,1.7052050665040406
2007-07-13,1.730338202401532
2007-07-16,1.7285070686681643
2007-07-17,1.7458171237904936
2007-07-18,1.747648257523861
2007-07-19,1.7553051140232272
2007-07-20,1.7404909627517535
2007-07-23,1.7376617214494354
2007-07-24,1.690391931118133
2007-07-25,1.692722753564455
2007-07-26,1.655272259146216
2007-07-27,1.5893609686721708
2007-07-30,1.6341348551526176
2007-07-31,1.5645612972118375
2007-08-01,1.5835362617917381
2007-08-02,1.6148275690068201
2007-08-03,1.5507462693948804
2007-08-06,1.581205566331112
2007-08-07,1.600679076752705
2007-08-08,1.6476164185324156
2007-08-09,1.5653933074906876
2007-08-10,1.5359331340089732
2007-08-13,1.5559063331435206
2007-08-14,1.5063068632371586
2007-08-15,1.4505483331133353
2007-08-16,1.4172597948747856
2007-08-17,1.4676921639598688
2007-08-20,1.477179138307036
2007-08-21,1.51878930316244
2007-08-22,1.5542424395715158
2007-08-23,1.5479170280925627
2007-08-24,1.5936890221419602
2007-08-27,1.5623978419125741
2007-08-28,1.4954873009983165
2007-08-29,1.57771053902574
2007-08-30,1.6020106487588148
2007-08-31,1.6299730259586245
2007-09-04,1.6868969038127606
2007-09-05,1.6521106962780017
2007-09-06,1.6477826428082123
2007-09-07,1.5933555577048024
2007-09-10,1.5908597808396425
2007-09-11,1.6311383736889375
2007-09-12,1.6382956684610452
2007-09-13,1.6454529632331527
2007-09-14,1.6452857230717903
2007-09-17,1.617656810309139
2007-09-18,1.7020435036358266
2007-09-19,1.7121962639860482
2007-09-20,1.7012104774714096
2007-09-21,1.7218493356233158
2007-09-24,1.740490962751754
2007-09-25,1.7707840354121895
2007-09-26,1.7865964212383099
2007-09-27,1.810064520692534
2007-09-28,1.799245974339258
2007-10-01,1.8300375928413857
2007-10-02,1.8341984061498129
2007-10-03,1.805903707384107
2007-10-04,1.8142253340009613
2007-10-05,1.8981124656003903
2007-10-08,1.9124270551446056
2007-10-09,1.9340640208654623
2007-10-10,1.9448825672187384
2007-10-11,1.8882920268160646
2007-10-12,1.9428852092095747
2007-10-15,1.910429697135442
2007-10-16,1.901607492905763
2007-10-17,1.9422195501922161
2007-10-18,1.9553687920061185
2007-10-19,1.8618284617837264
2007-10-22,1.9011089470640707
2007-10-23,1.9670202375381156
2007-10-24,1.9548691032931642
2007-10-25,1.9327325758450489
2007-10-26,1.9570337014636898
2007-10-29,1.9761737474481245
2007-10-30,1.9765072118852829
2007-10-31,2.038423913326697
2007-11-01,1.9773392221641333
2007-11-02,1.9983115447531976
2007-11-05,1.9740102921488607
2007-11-06,2.0064669470942555
2007-11-07,1.912593279420401
2007-11-08,1.7759440991608295
2007-11-09,1.6749130097291713
2007-11-12,1.5870312890971114
2007-11-13,1.7155250670156248
2007-11-14,1.6922230648515009
2007-11-15,1.66026609861906
2007-11-16,1.6928888508545552
2007-11-19,1.6497800008173757
2007-11-20,1.6620972323524275
2007-11-21,1.611165301540086
2007-11-23,1.6504457868204303
2007-11-26,1.6061724779528082
2007-11-27,1.6557719478591704
2007-11-28,1.7551378738618653
2007-11-29,1.7684533399515636
2007-11-30,1.7553051140232276
2007-12-03,1.7231809076294244
2007-12-04,1.7067038786715119
2007-12-05,1.7671217679454545
2007-12-06,1.8065694933871612
2007-12-07,1.8187196117465463
2007-12-10,1.8293719338240266
2007-12-11,1.7504774988261795
2007-12-12,1.7739467411516658
2007-12-13,1.7478144817996575
2007-12-14,1.721017452330161
2007-12-17,1.642124160203576
2007-12-18,1.6451194987959945
2007-12-19,1.6602660986190603
2007-12-20,1.7254786294763376
2007-12-21,1.7853394446469495
2007-12-24,1.8063433846974664
2007-12-26,1.8247216653169263
2007-12-27,1.7739625218909265
2007-12-28,1.7690616114484587
2007-12-31,1.736680748641919
2008-01-02,1.6811944300455401
2008-01-03,1.6908214473400345
2008-01-04,1.5444936155073559
2008-01-07,1.5245403665566026
2008-01-08,1.4543511830930267
2008-01-09,1.5009106335352345
2008-01-10,1.5017855862659988
2008-01-11,1.4603029181750524
2008-01-14,1.4984596441548244
2008-01-15,1.430022502789482
2008-01-16,1.3880144891486539
2008-01-17,1.3498566948505295
2008-01-18,1.3425058633460043
2008-01-22,1.2695160833211359
2008-01-23,1.2807182024867176
2008-01-24,1.318001177593872
2008-01-25,1.2602396079860827
2008-01-28,1.2794937761148653
2008-01-29,1.2854444428785383
2008-01-30,1.283869341007451
2008-01-31,1.3136245443829337
2008-02-01,1.3565084455330847
2008-02-04,1.309074175899907
2008-02-05,1.2467623713488847
2008-02-06,1.1937269085931217
2008-02-07,1.2182315943452542
2008-02-08,1.2339851503122152
2008-02-11,1.2616399062667285
2008-02-12,1.252363430931675
2008-02-13,1.2969971040035604
2008-02-14,1.2560388466839376
2008-02-15,1.2514884782009108
2008-02-19,1.2395862098950061
2008-02-20,1.2509631326510289
2008-02-21,1.23188483643104
2008-02-22,1.2427362800973867
2008-02-25,1.2478119941302954
2008-02-26,1.259364655255318
2008-02-27,1.2674156359001663
2008-02-28,1.2401104871265352
2008-02-29,1.2031792558369685
2008-03-03,1.17709853343519
2008-03-04,1.1867256842694784
2008-03-05,1.2094804645600825
2008-03-06,1.1478688091493834
2008-03-07,1.1417424040167108
2008-03-10,1.096233711444164
2008-03-11,1.1956525524236497
2008-03-12,1.1723734949015163
2008-03-13,1.1912771210708581
2008-03-14,1.1433173723480041
2008-03-17,1.1139117761534039
2008-03-18,1.210355417290847
2008-03-19,1.149969256570353
2008-03-20,1.18252478942754
2008-03-24,1.279493776114865
2008-03-25,1.2891198586308008
2008-03-26,1.2637402201479038
2008-03-27,1.237835369654919
2008-03-28,1.2191065470760183
2008-03-31,1.2243579994779268
2008-04-01,1.327277652928925
2008-04-02,1.3363793246735372
2008-04-03,1.3386545756849477
2008-04-04,1.3453063263675025
2008-04-07,1.3377796229541834
2008-04-08,1.3258773546482787
2008-04-09,1.2969971040035604
2008-04-10,1.327802998478807
2008-04-11,1.2565641922338195
2008-04-14,1.2383607152048008
2008-04-15,1.2401104871265354
2008-04-16,1.331827887872158
2008-04-17,1.3346284844334502
2008-04-18,1.38783861723986
2008-04-21,1.4063926362283194
2008-04-22,1.3792622910451295
2008-04-23,1.3939650223725326
2008-04-24,1.4128686485418744
2008-04-25,1.4142689468225207
2008-04-28,1.4191698572649885
2008-04-29,1.436673185153684
2008-04-30,1.415143766013491
2008-05-01,1.5037112300965267
2008-05-02,1.5201637333456643
2008-05-05,1.5005599580359994
2008-05-06,1.5334662999322153
2008-05-07,1.4737801548122504
2008-05-08,1.4757057986427786
2008-05-09,1.4748309794518084
2008-05-12,1.5299655542305999
2008-05-13,1.5388925559245652
2008-05-14,1.5261154684276903
2008-05-15,1.5858014800078613
2008-05-16,1.5858014800078613
2008-05-19,1.5703985995401348
2008-05-20,1.5418678225365048
2008-05-21,1.4785063952040713
2008-05-22,1.4755311285921318
2008-05-23,1.4706302181496642
2008-05-27,1.5203396052544587
2008-05-28,1.5380177367335954
2008-05-29,1.5660230346475494
2008-05-30,1.5840517080861272
2008-06-02,1.548519706758854
2008-06-03,1.5296160805895123
2008-06-04,1.5556957346729383
2008-06-05,1.614506927062139
2008-06-06,1.5075613158994372
2008-06-09,1.5045860492874976
2008-06-10,1.4849822739778327
2008-06-11,1.4168946062535783
2008-06-12,1.4195203992244296
2008-06-13,1.4727305320308395
2008-06-16,1.4939092756717978
2008-06-17,1.48655737584892
2008-06-18,1.4536511674924981
2008-06-19,1.494784228402562
2008-06-20,1.4212701711461642
2008-06-23,1.3895894574799474
2008-06-24,1.3808910120450903
2008-06-25,1.4106585423301625
2008-06-26,1.310848381206918
2008-06-27,1.3145253361030038
2008-06-30,1.284406983467275
2008-07-01,1.3180275478023422
2008-07-02,1.2534134452949313
2008-07-03,1.2467587754811817
2008-07-07,1.2656703178704602
2008-07-08,1.3104975588562613
2008-07-09,1.260592478294639
2008-07-10,1.282305790043388
2008-07-11,1.2427311318301555
2008-07-14,1.2246959773389376
2008-07-15,1.2194421922049237
2008-07-16,1.2777524472492416
2008-07-17,1.2723249876842095
2008-07-18,1.2562150810586856
2008-07-21,1.2572652769834807
2008-07-22,1.2562150810586858
2008-07-23,1.2849326826103953
2008-07-24,1.2409806271612094
2008-07-25,1.2742502355499037
2008-07-28,1.2355519652347318
2008-07-29,1.2724997308809574
2008-07-30,1.2943877858264539
2008-07-31,1.2900103885905005
2008-08-01,1.2588409048599638
2008-08-04,1.2336255150075925
2008-08-05,1.3094474965271832
2008-08-06,1.3486714659854753
2008-08-07,1.3346628863795544
2008-08-08,1.3870189139499907
2008-08-11,1.4131106917004226
2008-08-12,1.4187140968236478
2008-08-13,1.4118845502174349
2008-08-14,1.4456798577492493
2008-08-15,1.4465551768815805
2008-08-18,1.4152118851243094
2008-08-19,1.3798398809502828
2008-08-20,1.371960272014991
2008-08-21,1.3556756221927198
2008-08-22,1.3938483269604878
2008-08-25,1.3420167961717262
2008-08-26,1.3365882678409646
2008-08-27,1.3498962715113016
2008-08-28,1.3572513836649187
2008-08-29,1.3147002128954681
2008-09-02,1.2816053477035212
2008-09-03,1.2581404625200963
2008-09-04,1.1770669669936664
2008-09-05,1.1730391897469241
2008-09-08,1.1597311860765869
2008-09-09,1.1161298861801994
2008-09-10,1.1262854985339834
2008-09-11,1.1718131818596522
2008-09-12,1.1763665246537987
2008-09-15,1.0994944808051295
2008-09-16,1.1066735806026955
2008-09-17,0.9963569847750103
2008-09-18,1.0683249302767346
2008-09-19,1.109125596377239
2008-09-22,1.0252492627256093
2008-09-23,1.0051117792469173
2008-09-24,1.025949705065477
2008-09-25,1.0364561397699177
2008-09-26,1.0296266599615627
2008-09-29,0.8308804544859594
2008-09-30,0.9172088039121324
2008-10-01,0.8932183531813036
2008-10-02,0.8212504076795792
2008-10-03,0.783602199693486
2008-10-06,0.710232300746297
2008-10-07,0.6391395407811877
2008-10-08,0.622853822193187
2008-10-09,0.5747003150662405
2008-10-10,0.5832802995435419
2008-10-13,0.7266928293289032
2008-10-14,0.6592759554941504
2008-10-15,0.5388026451480227
2008-10-16,0.6000905149132173
2008-10-17,0.5988645070259455
2008-10-20,0.6391395407811877
2008-10-21,0.5748751918587041
2008-10-22,0.5360009425864101
2008-10-23,0.5310979798030525
2008-10-24,0.5004551637845781
2008-10-27,0.4712120634833226
2008-10-28,0.5697973522828829
2008-10-29,0.5759252541877827
2008-10-30,0.6058687300310478
2008-10-31,0.6090212549433169
2008-11-03,0.6118229575049295
2008-11-04,0.6466683273658228
2008-11-05,0.5761011997459757
2008-11-06,0.5216427763902071
2008-11-07,0.5444060836701768
2008-11-10,0.5353005336454715
2008-11-11,0.5141129210398426
2008-11-12,0.46210654685754643
2008-11-13,0.5162141812615876
2008-11-14,0.4654338483654921
2008-11-17,0.4473975917096159
2008-11-18,0.44336984786180256
2008-11-19,0.3974924777490646
2008-11-20,0.36124515444270666
2008-11-21,0.38961186684590154
2008-11-24,0.43601593806963096
2008-11-25,0.4330382899498254
2008-11-26,0.4687600143098502
2008-11-28,0.46298179919201954
2008-12-01,0.3941651762411189
2008-12-02,0.41938053269456105
2008-12-03,0.4403933353055844
2008-12-04,0.416753640127554
2008-12-05,0.45019929427122835
2008-12-08,0.48592101863125314
2008-12-09,0.4820681181769744
2008-12-10,0.4815436547942288
2008-12-11,0.45492744705998034
2008-12-12,0.472612948163058
2008-12-15,0.45615235278259364
2008-12-16,0.4990543125037719
2008-12-17,0.4873218699120595
2008-12-18,0.4715617168714628
2008-12-19,0.4768155020054769
2008-12-22,0.4582536464032676
2008-12-23,0.4524753978865079
2008-12-24,0.4537014057737796
2008-12-26,0.45405105916191973
2008-12-29,0.44249459552732934
2008-12-30,0.46263214580387946
2008-12-31,0.4708613079305242
2009-01-02,0.5123624163708962
2009-01-05,0.5123624163708962
2009-01-06,0.5228687842774788
2009-01-07,0.4936257173751524
2009-01-08,0.5043069286752696
2009-01-09,0.48189330818236903
2009-01-12,0.4640329970846858
2009-01-13,0.4635073981383527
2009-01-14,0.4356651491179035
2009-01-15,0.44844765403869463
2009-01-16,0.45965449768407396
2009-01-20,0.4158783877930809
2009-01-21,0.44774724509775604
2009-01-22,0.43829204168491054
2009-01-23,0.4400425463538569
2009-01-26,0.44669714936974825
2009-01-27,0.4540510591619198
2009-01-28,0.48434535735584144
2009-01-29,0.46105534896488026
2009-01-30,0.4435446912553372
2009-02-02,0.455102290453515
2009-02-03,0.469636402207911
2009-02-04,0.46998605559605106
2009-02-05,0.4913496137598729
2009-02-06,0.5163890246551222
2009-02-09,0.5221683753365403
2009-02-10,0.4829445060750352
2009-02-11,0.47944236117355493
2009-02-12,0.49029841586720674
2009-02-13,0.4850457662967801
2009-02-17,0.4482728440440891
2009-02-18,0.4470468027578884
2009-02-19,0.4342642978370972
2009-02-20,0.43549033912329793
2009-02-23,0.4055468298811038
2009-02-24,0.43076218633454594
2009-02-25,0.4258591901522594
2009-02-26,0.4027451273194912
2009-02-27,0.3943400196346535
2009-03-02,0.36947545213293886
2009-03-03,0.3687750097930712
2009-03-04,0.38751057322522764
2009-03-05,0.365096919333398
2009-03-06,0.35949351421017284
2009-03-09,0.3432088977868305
2009-03-10,0.38505965961534255
2009-03-11,0.39661612324993295
2009-03-12,0.4234082765423744
2009-03-13,0.4265596324921271
2009-03-16,0.4109754250097234
2009-03-17,0.4419689965809963
2009-03-18,0.4531758068274466
2009-03-19,0.4530009968328411
2009-03-20,0.4398677363592514
2009-03-23,0.49169926714801304
2009-03-24,0.47436345283200454
2009-03-25,0.47751591094641566
2009-03-26,0.5074594201886098
2009-03-27,0.4871470599174541
2009-03-30,0.4624562002456866
2009-03-31,0.4729625681522693
2009-04-01,0.486095862024788
2009-04-02,0.5172653791542539
2009-04-03,0.5361768881446032
2009-04-06,0.5330244300301921
2009-04-07,0.5037813297289365
2009-04-08,0.5228687842774788
2009-04-09,0.5542120426358209
2009-04-13,0.5528111913550146
2009-04-14,0.5386278351534172
2009-04-15,0.5379273928135495
2009-04-16,0.564543633946727
2009-04-17,0.5648943894995255
2009-04-20,0.528472222799633
2009-04-21,0.5437056413303092
2009-04-22,0.5486086375125957
2009-04-23,0.5599913933172389
2009-04-24,0.5785521467547897
2009-04-27,0.5790777123021937
2009-04-28,0.5710222914044252
2009-04-29,0.5862568120997597
2009-04-30,0.5974636223462099
2009-05-01,0.600616147258479
2009-05-04,0.6260062803075976
2009-05-05,0.6240798300804583
2009-05-06,0.6239050200858528
2009-05-07,0.5941363542371932
2009-05-08,0.5962376144589382
2009-05-11,0.5999157049186115
2009-05-12,0.585030804212488
2009-05-13,0.5526363479614798
2009-05-14,0.5645436339467267
2009-05-15,0.5633175592615969
2009-05-18,0.59326110190272
2009-05-19,0.6000905149132169
2009-05-20,0.5951875521298594
2009-05-21,0.5734743071789684
2009-05-22,0.569096909943015
2009-05-26,0.612523399844797
2009-05-27,0.6023666519274254
2009-05-28,0.6186512349518387
2009-05-29,0.632135317776085
2009-06-01,0.6703079557459948
2009-06-02,0.6703079557459948
2009-06-03,0.6685574510770483
2009-06-04,0.6820403983377071
2009-06-05,0.6837909030066536
2009-06-08,0.6785382534362269
2009-06-09,0.6899199404751407
2009-06-10,0.6844913453465211
2009-06-11,0.6837909030066535
2009-06-12,0.678887940223296
2009-06-15,0.649645975485628
2009-06-16,0.6382632196809847
2009-06-17,0.6489455331457602
2009-06-18,0.6456181982388856
2009-06-19,0.6601523433922105
2009-06-22,0.6228538221931865
2009-06-23,0.6193516772917063
2009-06-24,0.6394892275682563
2009-06-25,0.6655798029572426
2009-06-26,0.6680318855296441
2009-06-29,0.6699583357567835
2009-06-30,0.6671566331951709
2009-07-01,0.6682066955242496
2009-07-02,0.6394892275682563
2009-07-06,0.633536135657962
2009-07-07,0.6018410195821631
2009-07-08,0.6072696147107827
2009-07-09,0.6084956225980543
2009-07-10,0.6146246600665416
2009-07-13,0.6373879673465113
2009-07-14,0.6419412433427996
2009-07-15,0.6846672909047139
2009-07-16,0.7011267507215908
2009-07-17,0.7086566060719554
2009-07-20,0.7224903088854127
2009-07-21,0.733697119131863
2009-07-22,0.7442034870384455
2009-07-23,0.7778239845756545
2009-07-24,0.7771235422357868
2009-07-27,0.7783484813573293
2009-07-28,0.7834273896988797
2009-07-29,0.777123542235787
2009-07-30,0.7860531467022993
2009-07-31,0.7806256871372671
2009-08-03,0.8042642467517099
2009-08-04,0.8037397499700353
2009-08-05,0.7927077497181906
2009-08-06,0.7788740469047333
2009-08-07,0.7967354601670747
2009-08-10,0.788154406924044
2009-08-11,0.7739710841213757
2009-08-12,0.7977855892940117
2009-08-13,0.8058410101917802
2009-08-14,0.7874539645841766
2009-08-17,0.7415766612692968
2009-08-18,0.7624145870878565
2009-08-19,0.7730958317869028
2009-08-20,0.7918324973837175
2009-08-21,0.8114444153150054
2009-08-24,0.8102184074277338
2009-08-25,0.8156470025563534
2009-08-26,0.8135457423346085
2009-08-27,0.8168718748800377
2009-08-28,0.8187983251071771
2009-08-31,0.8014625441900975
2009-09-01,0.7716949471071674
2009-09-02,0.7701193192306846
2009-09-03,0.7806256871372672
2009-09-04,0.8135457423346085
2009-09-08,0.8298303253590219
2009-09-09,0.8436640281724792
2009-09-10,0.8594231124473465
2009-09-11,0.8608239303292238
2009-09-14,0.8676533433397207
2009-09-15,0.8734316252554095
2009-09-16,0.8989977038627212
2009-09-17,0.8982973283207116
2009-09-18,0.9026746587588069
2009-09-21,0.9065264904473563
2009-09-22,0.9103793909016351
2009-09-23,0.9009230853241313
2009-09-24,0.8855136878363332
2009-09-25,0.870104290348535
2009-09-28,0.899522200644396
2009-09-29,0.8919934808576189
2009-09-30,0.8925179108414354
2009-10-01,0.8405115700580682
2009-10-02,0.8347333549402376
2009-10-05,0.848567057753695
2009-10-06,0.8779849680495561
2009-10-07,0.883062740827519
2009-10-08,0.8911170929595582
2009-10-09,0.9002226429842636
2009-10-12,0.9046011089859464
2009-10-13,0.9044251634277535
2009-10-14,0.9292908664930556
2009-10-15,0.925963598384039
2009-10-16,0.914056345797721
2009-10-19,0.9308665611673964
2009-10-20,0.9319177590600626
2009-10-21,0.9282396686003894
2009-10-22,0.9364699662906216
2009-10-23,0.9289401109402571
2009-10-26,0.9222866434879532
2009-10-27,0.8949699934138371
2009-10-28,0.8541704628769202
2009-10-29,0.8823622984876515
2009-10-30,0.8352589204876418
2009-11-02,0.8419124547378039
2009-11-03,0.8476906698556345
2009-11-04,0.8504923724172471
2009-11-05,0.8916426585069623
2009-11-06,0.902674658758807
2009-11-09,0.941372929073979
2009-11-10,0.9443495084280551
2009-11-11,0.9573079589070391
2009-11-12,0.9473271565478606
2009-11-13,0.9632609840194754
2009-11-16,0.9828729687486214
2009-11-17,0.9881266870847774
2009-11-18,0.9779699391674058
2009-11-19,0.9464507686497998
2009-11-20,0.938221606523155
2009-11-23,0.9665883189263499
2009-11-24,0.9604592814578626
2009-11-25,0.9685147691534892
2009-11-27,0.9396224244050322
2009-11-30,0.940672553531969
2009-12-01,0.9606352270160555
2009-12-02,0.9639614263593428
2009-12-03,0.9560818842219091
2009-12-04,0.9655382565972711
2009-12-07,0.9560818842219091
2009-12-08,0.9443495084280548
2009-12-09,0.963260984019475
2009-12-10,0.973066976384048
2009-12-11,0.9660626865810875
2009-12-14,0.9837492898488236
2009-12-15,0.9734177319368466
2009-12-16,0.9760446245038537
2009-12-17,0.952579806118287
2009-12-18,0.9823484719669465
2009-12-21,1.0051117792469162
2009-12-22,1.0170190318332342
2009-12-23,1.0313783001940955
2009-12-24,1.050289842583374
2009-12-28,1.0607962104899566
2009-12-29,1.0525659127997244
2009-12-30,1.0586949502682117
2009-12-31,1.0415339125478797
2010-01-04,1.0693761281693999
2010-01-05,1.0700765705092674
2010-01-06,1.0583441279175552
2010-01-07,1.0585190047100188
2010-01-08,1.0756799756324928
2010-01-11,1.0678005002929172
2010-01-12,1.0411842925586687
2010-01-13,1.0660488600603835
2010-01-14,1.0674496779422609
2010-01-15,1.043635172769625
2010-01-19,1.0763804179723606
2010-01-20,1.046262065336632
2010-01-21,1.0257748950708707
2010-01-22,0.9667631289209556
2010-01-25,0.9723665340441807
2010-01-26,0.9744677942659257
2010-01-27,0.9890019394192506
2010-01-28,0.9396224244050324
2010-01-29,0.9060019936656816
2010-02-01,0.9249134692571019
2010-02-02,0.941898561419241
2010-02-03,0.9527546161128928
2010-02-04,0.8986469483099226
2010-02-05,0.9114294532307138
2010-02-08,0.8998729561971944
2010-02-09,0.9184337430336743
2010-02-10,0.914581911345125
2010-02-11,0.9413729290739791
2010-02-12,0.9459262718681255
2010-02-16,0.9697407770407614
2010-02-17,0.9800711993891511
2010-02-18,0.9926788943153367
2010-02-19,0.9914540219916524
2010-02-22,0.9872514347503045
2010-02-23,0.9622109216903969
2010-02-24,0.9811224640796754
2010-02-25,0.9832237243014202
2010-02-26,0.989001939419251
2010-03-01,1.0168441550407712
2010-03-02,1.0229731925092584
2010-03-03,1.0254241395180725
2010-03-04,1.0319027969757708
2010-03-05,1.062371905164298
2010-03-08,1.0672748679476554
2010-03-09,1.0818090131009803
2010-03-10,1.0965179682489108
2010-03-11,1.1043974435884865
2010-03-12,1.1059731382628275
2010-03-15,1.1014209310322685
2010-03-16,1.1149038782929273
2010-03-17,1.1189315887418114
2010-03-18,1.1268110640813869
2010-03-19,1.1138526804002609
2010-03-22,1.1338153538843474
2010-03-23,1.1501000037066187
2010-03-24,1.1390680702526321
2010-03-25,1.1341649738735584
2010-03-26,1.1381927511203007
2010-03-29,1.1483494990376721
2010-03-30,1.1557034088298437
2010-03-31,1.1458974832631288
2010-04-01,1.14484742093405
2010-04-05,1.1651597144073476
2010-04-06,1.1716384386629042
2010-04-07,1.1672610414269506
2010-04-08,1.1705871739723799
2010-04-09,1.1851213191257048
2010-04-12,1.1868728925603806
2010-04-13,1.1991298987316257
2010-04-14,1.2280221098843667
2010-04-15,1.2387044233491422
2010-04-16,1.209461389845745
2010-04-19,1.2073600628261418
2010-04-20,1.2199677577523276
2010-04-21,1.2336255150075919
2010-04-22,1.2465840322844342
2010-04-23,1.2572652769834805
2010-04-26,1.251136172717135
2010-04-27,1.1996554642790302
2010-04-28,1.200705526608109
2010-04-29,1.2411553703579568
2010-04-30,1.1942268023525526
2010-05-03,1.2262716052154206
2010-05-04,1.152201330726222
2010-05-05,1.1409945204797718
2010-05-06,1.0655232277151219
2010-05-07,1.0142172624737642
2010-05-10,1.1154294438403314
2010-05-11,1.1142034359530597
2010-05-12,1.1557034088298441
2010-05-13,1.1196320310816792
2010-05-14,1.0776064258596327
2010-05-17,1.0842598933119367
2010-05-18,1.0543164174686714
2010-05-19,1.0357556974300497
2010-05-20,0.9609849138031253
2010-05-21,0.9807716417290189
2010-05-24,0.9718420372625064
2010-05-25,0.974118174276715
2010-05-26,0.9504784790986847
2010-05-27,1.0250744527310034
2010-05-28,1.0119411922574137
2010-06-01,0.9925040843207312
2010-06-02,1.0411842925586692
2010-06-03,1.0595702026026854
2010-06-04,0.9898771917537241
2010-06-07,0.952930561671086
2010-06-08,0.9489028512222017
2010-06-09,0.9320925690546682
2010-06-10,0.9851501745285596
2010-06-11,1.0035360845725758
2010-06-14,1.0037108945671813
2010-06-15,1.0571181200302837
2010-06-16,1.0672748679476554
2010-06-17,1.0734039054161426
2010-06-18,1.0763804179723608
2010-06-21,1.0607962104899573
2010-06-22,1.0399582178735396
2010-06-23,1.0326031725177807
2010-06-24,1.0003836264581651
2010-06-25,0.9963569847750102
2010-06-28,0.990227947306523
2010-06-29,0.9138815358031159
2010-06-30,0.8860392533837377
2010-07-01,0.8807866706111691
2010-07-02,0.8757076954717606
2010-07-06,0.880261038265907
2010-07-07,0.9361203463014109
2010-07-08,0.945926271868126
2010-07-09,0.9648378142574043
2010-07-12,0.9700904638278309
2010-07-13,0.9939049022026087
2010-07-14,1.0054625347997157
2010-07-15,1.0079134818085298
2010-07-16,0.9524049293258243
2010-07-19,0.9678143268136224
2010-07-20,0.9900531373119175
2010-07-21,0.9643121819121422
2010-07-22,1.0126416345972817
2010-07-23,1.0255989495126785
2010-07-26,1.0415339125478809
2010-07-27,1.040833470208013
2010-07-28,1.024898507172811
2010-07-29,1.0094891096850127
2010-07-30,1.0145680848244212
2010-08-02,1.0516906604652523
2010-08-03,1.04346036277502
2010-08-04,1.0646479753806488
2010-08-05,1.0595702026026859
2010-08-06,1.0560680577012056
2010-08-09,1.0695510049618644
2010-08-10,1.0529155995867945
2010-08-11,0.9946053445424765
2010-08-12,0.9777951291728011
2010-08-13,0.9641373719175367
2010-08-16,0.9678143268136224
2010-08-17,0.992329274326126
2010-08-18,0.9996831841182976
2010-08-19,0.9697407770407619
2010-08-20,0.972191724049576
2010-08-23,0.9531053716656921
2010-08-24,0.9186096885918681
2010-08-25,0.9348942716162814
2010-08-26,0.913355903457854
2010-08-27,0.9362951562960168
2010-08-30,0.9159827960248611
2010-08-31,0.9109049564490399
2010-09-01,0.9630861740248707
2010-09-02,0.9854997945177714
2010-09-03,1.0191202920549802
2010-09-07,1.0040616501199804
2010-09-08,1.0278761552926163
2010-09-09,1.0355808874354444
2010-09-10,1.0431096072222215
2010-09-13,1.0730530830654865
2010-09-14,1.0816330675427879
2010-09-15,1.095466770356245
2010-09-16,1.1038718780410828
2010-09-17,1.1110509778386488
2010-09-20,1.1497503837174081
2010-09-21,1.147123491150401
2010-09-22,1.1432705906961222
2010-09-23,1.1423952715637908
2010-09-24,1.1884486540325798
2010-09-27,1.1761905790956053
2010-09-28,1.1779422861259974
2010-09-29,1.1711127395197845
2010-09-30,1.1607812484056654
2010-10-01,1.1583303013968513
2010-10-04,1.1329401683477325
2010-10-05,1.1873973893420555
2010-10-06,1.168485846952777
2010-10-07,1.174965639974063
2010-10-08,1.189323839569195
2010-10-11,1.1928260512685334
2010-10-12,1.2103367089780765
2010-10-13,1.2290733745748914
2010-10-14,1.2243451549882813
2010-10-15,1.2760019425802953
2010-10-18,1.2723249876842095
2010-10-19,1.242030689490288
2010-10-20,1.2602417895396987
2010-10-21,1.2653206978812492
2010-10-22,1.2828313555907922
2010-10-25,1.2933377234973749
2010-10-26,1.3010424556402032
2010-10-27,1.310322815659514
2010-10-28,1.315400655235335
2010-10-29,1.3110232579993815
2010-11-01,1.3113728779885925
2010-11-02,1.3388654068230434
2010-11-03,1.3519975985309038
2010-11-04,1.3838675246013084
2010-11-05,1.3842172781862354
2010-11-08,1.3877193562898575
2010-11-09,1.3702086985803144
2010-11-10,1.365831301344361
2010-11-11,1.3691586362512358
2010-11-12,1.3231052537824468
2010-11-15,1.3148749560922146
2010-11-16,1.2707481574462811
2010-11-17,1.2777524472492416
2010-11-18,1.3187278565464935
2010-11-19,1.3206543067736327
2010-11-22,1.343768369606401
2010-11-23,1.3017428979800705
2010-11-24,1.3530488632214281
2010-11-26,1.3348377631720174
2010-11-29,1.3343120640288972
2010-11-30,1.2999911909496786
2010-12-01,1.355150056645315
2010-12-02,1.383692781404561
2010-12-03,1.3899966288676537
2010-12-06,1.388770487384666
2010-12-07,1.3915722567441366
2010-12-08,1.4024282446399303
2010-12-09,1.4036543861229183
2010-12-10,1.422391051719733
2010-12-13,1.412934746142229
2010-12-14,1.4159123274641765
2010-12-15,1.4048803940101897
2010-12-16,1.4248419987285468
2010-12-17,1.4292204647302296
2010-12-20,1.4321969772864478
2010-12-21,1.4472556192214474
2010-12-22,1.4486563703054665
2010-12-23,1.4409517717583544
2010-12-27,1.4411277173165475
2010-12-28,1.4369251968730579
2010-12-29,1.4427033451930305
2010-12-30,1.4353483666351297
2010-12-31,1.425893129823355
2011-01-03,1.469669239714348
2011-01-04,1.4670434159130703
2011-01-05,1.4926084257546526
2011-01-06,1.501714042577216
2011-01-07,1.4997875923500765
2011-01-10,1.5097694634749843
2011-01-11,1.513796038360281
2011-01-12,1.535159596524103
2011-01-13,1.5386618082234413
2011-01-14,1.5607246063656852
2011-01-18,1.5691297808483808
2011-01-19,1.533933588636831
2011-01-20,1.5099443402674477
2011-01-21,1.4873558429820837
2011-01-24,1.5292055026459372
2011-01-25,1.5325327039570957
2011-01-26,1.5503941840172955
2011-01-27,1.5689549040559172
2011-01-28,1.4892812244434936
2011-01-31,1.504166058351759
2011-02-01,1.559499800839859
2011-02-02,1.5545967044607854
2011-02-03,1.5591489784892023
2011-02-04,1.5780605208784808
2011-02-07,1.5932949747759575
2011-02-08,1.6158834720613218
2011-02-09,1.6087044390616139
2011-02-10,1.6144825873815865
2011-02-11,1.636370642327083
2011-02-14,1.6442513200281041
2011-02-15,1.6402235427813618
2011-02-16,1.6619368545301108
2011-02-17,1.6605359698503752
2011-02-18,1.6537065568398783
2011-02-22,1.5558216435823278
2011-02-23,1.5306062537299565
2011-02-24,1.5454912212339382
2011-02-25,1.5894420743216788
2011-02-28,1.5974976288151637
2011-03-01,1.5465412835630172
2011-03-02,1.5616009942637463
2011-03-03,1.6228877618642825
2011-03-04,1.6050274841655283
2011-03-07,1.5635263757251563
2011-03-08,1.5752587515190104
2011-03-09,1.5531959533767663
2011-03-10,1.5062673853713624
2011-03-11,1.5234272207302488
2011-03-14,1.5123952872762623
2011-03-15,1.4712460699522762
2011-03-16,1.4003270512160433
2011-03-17,1.4246671219360831
2011-03-18,1.4188888400203943
2011-03-21,1.4708952476016195
2011-03-22,1.4691447429326732
2011-03-23,1.4838536312827457
2011-03-24,1.5400625593074608
2011-03-25,1.5439143909960102
2011-03-28,1.525528547749852
2011-03-29,1.555472023593117
2011-03-30,1.5707066110863097
2011-03-31,1.5754336283114743
2011-04-01,1.5766596361987462
2011-04-04,1.5672043993869715
2011-04-05,1.557573217017004
2011-04-06,1.5651032059630845
2011-04-07,1.5644027636232167
2011-04-08,1.549168176130024
2011-04-11,1.5388365514201887
2011-04-12,1.5183493811544277
2011-04-13,1.5433898942143354
2011-04-14,1.5367353579963021
2011-04-15,1.5318323952129447
2011-04-18,1.5097694634749845
2011-04-19,1.5288557490610106
2011-04-20,1.5969719296720437
2011-04-21,1.6223621963168786
2011-04-25,1.631643625101919
2011-04-26,1.6488035940565218
2011-04-27,1.67191765688929
2011-04-28,1.667715002850084
2011-04-29,1.666314251766065
2011-05-02,1.659135085170641
2011-05-03,1.6419740474503088
2011-05-04,1.6384719693466865
2011-05-05,1.618685241420793
2011-05-06,1.6312929363469788
2011-05-09,1.6430253121408331
2011-05-10,1.6699912066621507
2011-05-11,1.6454762591496472
2011-05-12,1.6640380479539985
2011-05-13,1.62551465443129
2011-05-16,1.5689549040559183
2011-05-17,1.577010458549403
2011-05-18,1.6048515386073356
2011-05-19,1.6136074018449718
2011-05-20,1.5890924543324683
2011-05-23,1.5437396477992629
2011-05-24,1.523952786277653
2011-05-25,1.5353344733165668
2011-05-26,1.5549464580457129
2011-05-27,1.5701809119431893
2011-05-31,1.61885998461754
2011-06-01,1.5491681761300242
2011-06-02,1.5565220859221958
2011-06-03,1.5102939602566592
2011-06-06,1.4840285080752091
2011-06-07,1.4798259876317195
2011-06-08,1.4574123671388188
2011-06-09,1.4616148875823087
2011-06-10,1.418538151265454
2011-06-13,1.416436824245851
2011-06-14,1.4519837052123412
2011-06-15,1.401027493555911
2011-06-16,1.389120240969593
2011-06-17,1.3796650041578185
2011-06-20,1.3931478846206191
2011-06-21,1.4525092707597453
2011-06-22,1.433072162823063
2011-06-23,1.4596884373551695
2011-06-24,1.408732092103023
2011-06-27,1.454435854582601
2011-06-28,1.4964613262089317
2011-06-29,1.509593517916792
2011-06-30,1.5484677337901571
2011-07-01,1.5959218673429654
2011-07-05,1.6109805092779652
2011-07-06,1.6202608692972762
2011-07-07,1.6670145605102167
2011-07-08,1.6566830693960977
2011-07-11,1.598547691144243
2011-07-12,1.5719314166121365
2011-07-13,1.5855903762288466
2011-07-14,1.5491681761300249
2011-07-15,1.5899677734647997
2011-07-18,1.5735082468500645
2011-07-19,1.645476259149647
2011-07-20,1.6300667948639906
2011-07-21,1.6538813000366264
2011-07-22,1.6868014220318255
2011-07-25,1.6810231401161366
2011-07-26,1.6869773675900184
2011-07-27,1.6017001492586536
2011-07-28,1.6067779888344746
2011-07-29,1.5953963017955606
2011-08-01,1.5838386691984536
2011-08-02,1.5020647313321562
2011-08-03,1.5286810058642628
2011-08-04,1.388595744187918
2011-08-05,1.3698590785911031
2011-08-08,1.2094613898457447
2011-08-09,1.3213547491135
2011-08-10,1.2131383447418305
2011-08-11,1.319778052471288
2011-08-12,1.3418419193792614
2011-08-15,1.381240632034301
2011-08-16,1.3579518260047851
2011-08-17,1.3430680608622492
2011-08-18,1.2122631592052153
2011-08-19,1.1679614837668182
2011-08-22,1.175490136755737
2011-08-23,1.2710989797969372
2011-08-24,1.2907108309303672
2011-08-25,1.250086110388056
2011-08-26,1.311023257999381
2011-08-29,1.386844037157526
2011-08-30,1.403479509330454
2011-08-31,1.4099580999902943
2011-09-01,1.3822918967248252
2011-09-02,1.317676725451685
2011-09-06,1.3182022909990891
2011-09-07,1.3843932237444283
2011-09-08,1.37160958326005
2011-09-09,1.3106724356487247
2011-09-12,1.3455188742753472
2011-09-13,1.3800146241470295
2011-09-14,1.419589282360262
2011-09-15,1.4616148875823087
2011-09-16,1.4864794550840235
2011-09-19,1.4898067899908982
2011-09-20,1.477024218272249
2011-09-21,1.4250179442867401
2011-09-22,1.3329113129448784
2011-09-23,1.3604027730136001
2011-09-26,1.3915722567441369
2011-09-27,1.4206393446893413
2011-09-28,1.3786137394672946
2011-09-29,1.3467450157583356
2011-09-30,1.2774026936643146
2011-10-03,1.2106873977330168
2011-10-04,1.2602417895396987
2011-10-05,1.3250317040095863
2011-10-06,1.3688078139005793
2011-10-07,1.3516479785416926
2011-10-10,1.4441042298727655
2011-10-11,1.4623153299221763
2011-10-12,1.4791255452918517
2011-10-13,1.5067918821530368
2011-10-14,1.561075428716342
2011-10-17,1.5155477453906732
2011-10-18,1.5509186807989703
2011-10-19,1.4912076746706333
2011-10-20,1.47789953740458
2011-10-21,1.513621295163534
2011-10-24,1.5761340706513418
2011-10-25,1.5151969230400169
2011-10-26,1.5108195258040633
2011-10-27,1.5950454794449043
2011-10-28,1.598372814351779
2011-10-31,1.5456660980264023
2011-11-01,1.464241780149316
2011-11-02,1.487880339763759
2011-11-03,1.5503941840172963
2011-11-04,1.5349848533273562
2011-11-07,1.5561724659329852
2011-11-08,1.5918942236919391
2011-11-09,1.481927181055607
2011-11-10,1.4778995374045807
2011-11-11,1.533058403100217
2011-11-14,1.515547745390674
2011-11-15,1.5484677337901571
2011-11-16,1.4959357606615278
2011-11-17,1.4297449615119049
2011-11-18,1.4054059595575943
2011-11-21,1.3521735440890972
2011-11-22,1.3590018883338646
2011-11-23,1.2975402439408648
2011-11-25,1.27880357834405
2011-11-28,1.3667066204766927
2011-11-29,1.3504219706544212
2011-11-30,1.450057254985202
2011-12-01,1.4703696820542158
2011-12-02,1.4596884373551695
2011-12-05,1.4933088680945203
2011-12-06,1.4861298350948124
2011-12-07,1.4875305861788317
2011-12-08,1.4365743745224013
2011-12-09,1.4819271810556065
2011-12-12,1.4495327582035273
2011-12-13,1.41608720425664
2011-12-14,1.3735360334871893
2011-12-15,1.3647812390152825
2011-12-16,1.377212988383275
2011-12-19,1.3526980408707714
2011-12-20,1.43149653494658
2011-12-21,1.389645806516997
2011-12-22,1.413460311689633
2011-12-23,1.438325947957077
2011-12-27,1.4467311224397728
2011-12-28,1.4159123274641763
2011-12-29,1.4332470396155264
2011-12-30,1.4264186953707587
2012-01-03,1.478425102951984
2012-01-04,1.491207674670633
2012-01-05,1.5165978077197517
2012-01-06,1.5262289900897195
2012-01-09,1.5174741956178126
2012-01-10,1.539362250563309
2012-01-11,1.5463664067705534
2012-01-12,1.5589741016967391
2012-01-13,1.5479421682427525
2012-01-17,1.5733323012918712
2012-01-18,1.6153579065139176
2012-01-19,1.6367214646777395
2012-01-20,1.632344067441786
2012-01-23,1.632693687430997
2012-01-24,1.6269155391110246
2012-01-25,1.6671894373026794
2012-01-26,1.6551073079238978
2012-01-27,1.6668398173134682
2012-01-30,1.6687662675406076
2012-01-31,1.6727928424259044
2012-02-01,1.6990593633730837
2012-02-02,1.710791872762654
2012-02-03,1.7573696184174017
2012-02-06,1.755793990540919
2012-02-07,1.7626234035514157
2012-02-08,1.778908053373687
2012-02-09,1.8062246366499448
2012-02-10,1.7808345036008262
2012-02-13,1.812177661762381
2012-02-14,1.822159666483005
2012-02-15,1.7958930119401098
2012-02-16,1.8464985348415996
2012-02-17,1.8351169813984018
2012-02-21,1.844222464625249
2012-02-22,1.8284633803503816
2012-02-23,1.8529783278628853
2012-02-24,1.8652352004384143
2012-02-27,1.8697885432325605
2012-02-28,1.9076116280111175
2012-02-29,1.8920263517629845
2012-03-01,1.9198685005866467
2012-03-02,1.9177671735670436
2012-03-05,1.8792437800443353
2012-03-06,1.8415955720582422
2012-03-07,1.868737412137753
2012-03-08,1.9098876982274684
2012-03-09,1.9259974712572763
2012-03-12,1.9275732327294752
2012-03-13,1.998316305907515
2012-03-14,2.0139005133899186
2012-03-15,2.0233568189674225
2012-03-16,2.0200294840605477
2012-03-19,2.0517234645727593
2012-03-20,2.0576776920466413
2012-03-21,2.05872775437572
2012-03-22,2.0490977743671976
2012-03-23,2.0485720752240777
2012-03-26,2.1187895828547134
2012-03-27,2.124043367988728
2012-03-28,2.1072331526190524
2012-03-29,2.0935741930023424
2012-03-30,2.082892948303296
2012-04-02,2.125444252668463
2012-04-03,2.125793872657674
2012-04-04,2.0681840599532237
2012-04-05,2.0919985651258597
2012-04-09,2.0617053356976673
2012-04-10,1.993588086320905
2012-04-11,2.014600955729786
2012-04-12,2.0589036999339125
2012-04-13,1.9977906067643945
2012-04-16,1.9552406383563894
2012-04-17,2.0319367366468657
2012-04-18,2.020555049607952
2012-04-19,1.9788791979708324
2012-04-20,1.9653961839123155
2012-04-23,1.9317757531729647
2012-04-24,1.9086616903401965
2012-04-25,2.0100486817013694
2012-04-26,2.0340380636664688
2012-04-27,2.058203257594045
2012-04-30,2.029309844079859
2012-05-01,2.035264071553741
2012-05-02,2.0447191747697993
2012-05-03,2.002169206361794
2012-05-04,1.9028834084245083
2012-05-07,1.9055103009915153
2012-05-08,1.8911510326306538
2012-05-09,1.884847185167561
2012-05-10,1.8708386055616402
2012-05-11,1.8718898702521645
2012-05-14,1.8375689971729459
2012-05-15,1.8242608599068928
2012-05-16,1.7993952236394488
2012-05-17,1.723399434093124
2012-05-18,1.6799730777870583
2012-05-21,1.7703280020985284
2012-05-22,1.7671755439841172
2012-05-23,1.7769816031465484
2012-05-24,1.7538675403137802
2012-05-25,1.7468632505108197
2012-05-29,1.7906404291675422
2012-05-30,1.761572138860892
2012-05-31,1.7465134969258922
2012-06-01,1.6526564945108002
2012-06-04,1.6771713084275877
2012-06-05,1.6918803303733765
2012-06-06,1.7706777556834556
2012-06-07,1.7549186714085885
2012-06-08,1.7906404291675422
2012-06-11,1.7335551132447666
2012-06-12,1.7703280020985288
2012-06-13,1.7465134969258929
2012-06-14,1.759821634191946
2012-06-15,1.8028973017430712
2012-06-18,1.8368685548330785
2012-06-19,1.8743408172609788
2012-06-20,1.879594602394993
2012-06-21,1.7839857593537927
2012-06-22,1.8207587818032709
2012-06-25,1.7500157086252308
2012-06-26,1.7738302137978668
2012-06-27,1.7944922608560916
2012-06-28,1.7559687337376673
2012-06-29,1.8645348916942641
2012-07-02,1.876442144280582
2012-07-03,1.9072608056604623
2012-07-05,1.9093621326800652
2012-07-06,1.8613835023455823
2012-07-09,1.856129717211568
2012-07-10,1.8190070747728788
2012-07-11,1.7979943389597137
2012-07-12,1.7661254816550387
2012-07-13,1.8172565701039327
2012-07-16,1.8081510868770856
2012-07-17,1.825310922235972
2012-07-18,1.8757417019407145
2012-07-19,1.916366422483026
2012-07-20,1.8676873498086752
2012-07-23,1.8235604175670255
2012-07-24,1.7923909338364887
2012-07-25,1.767526366334774
2012-07-26,1.8130540496604428
2012-07-27,1.9041094163117804
2012-07-30,1.898155322433615
2012-07-31,1.8950039330849333
2012-08-01,1.8851980075182184
2012-08-02,1.8722394902413764
2012-08-03,1.9412320587504701
2012-08-06,1.9724004737152776
2012-08-07,2.0056712844654174
2012-08-08,2.0018183840111385
2012-08-09,2.014076458948113
2012-08-10,2.018278979391603
2012-08-13,2.02703377386351
2012-08-14,2.0294857896380534
2012-08-15,2.0396414687896955
2012-08-16,2.087270345539251
2012-08-17,2.105481445588662
2012-08-20,2.1124857353916227
2012-08-21,2.096375962361815
2012-08-22,2.112136115402411
2012-08-23,2.0788653046522714
2012-08-24,2.1026798098249073
2012-08-27,2.110034788382808
2012-08-28,2.110034788382808
2012-08-29,2.109684099627868
2012-08-30,2.0676584944058214
2012-08-31,2.096726651116755
2012-09-04,2.0914729995784573
2012-09-05,2.0862202832101726
2012-09-06,2.1776254034464375
2012-09-07,2.171672378334001
2012-09-10,2.1177395205256366
2012-09-11,2.110735230722676
2012-09-12,2.1240433679887296
2012-09-13,2.1783258457863055
2012-09-14,2.2193012550835576
2012-09-17,2.220702139763293
2012-09-18,2.2249047938024993
2012-09-19,2.2319089500097435
2012-09-20,2.228406871906121
2012-09-21,2.2301573765750677
2012-09-24,2.2007394662792064
2012-09-25,2.140153141018538
2012-09-26,2.106882330268398
2012-09-27,2.1636168238405173
2012-09-28,2.1303472154518235
2012-10-01,2.1205411562893923
2012-10-02,2.1352501782351814
2012-10-03,2.1594143033970283
2012-10-04,2.175524076426836
2012-10-05,2.1513599512649892
2012-10-08,2.114937751166168
2012-10-09,2.048046509676677
2012-10-10,2.027033773863512
2012-10-11,2.0112746895886446
2012-10-12,2.010223558493837
2012-10-15,2.038591272864903
2012-10-16,2.0977768470415525
2012-10-17,2.096375962361817
2012-10-18,2.048397332027334
2012-10-19,1.9496372332331682
2012-10-22,1.9706499690463335
2012-10-23,1.9314261331837574
2012-10-24,1.9146159178140818
2012-10-25,1.917066864822896
2012-10-26,1.9282736750693463
2012-10-31,1.904109416311783
2012-11-01,1.9587427164600153
2012-11-02,1.911814148454611
2012-11-05,1.941232058750472
2012-11-06,1.9496372332331677
2012-11-07,1.8561297172115703
2012-11-08,1.801496417063338
2012-11-09,1.815155376680048
2012-11-12,1.8120029185656368
2012-11-13,1.789239544487809
2012-11-14,1.7451127458418756
2012-11-15,1.7321542285650333
2012-11-16,1.746863250510822
2012-11-19,1.830914327359199
2012-11-20,1.8319655920497233
2012-11-21,1.8407203865216304
2012-11-23,1.8953535530741468
2012-11-26,1.9142650954634253
2012-11-27,1.8992064535284254
2012-11-28,1.9317757531729682
2012-11-29,1.9545401960165254
2012-11-30,1.949986853222379
2012-12-03,1.943333385770075
2012-12-04,1.9352778312765904
2012-12-05,1.894653110734279
2012-12-06,1.9188184382575715
2012-12-07,1.8957043754248033
2012-12-10,1.9076116280111215
2012-12-11,1.9576915853652075
2012-12-12,1.9471850838629088
2012-12-13,1.9174175535778366
2012-12-14,1.8816957958188827
2012-12-17,1.933176637852704
2012-12-18,1.9902619537754798
2012-12-19,1.9727512960659366
2012-12-20,1.9713504113862013
2012-12-21,1.9324761955128362
2012-12-24,1.9219698276062536
2012-12-26,1.8915723938272548
2012-12-27,1.884557452000065
2012-12-28,1.84772863946038
2012-12-31,1.9224380575875586
2013-01-02,2.0466020863924936
2013-01-03,2.027661783598747
2013-01-04,2.0129303923817594
2013-01-07,2.0167880818811117
2013-01-08,2.011176155179137
2013-01-09,2.020295485895263
2013-01-10,2.045199071267278
2013-01-11,2.0518626572181744
2013-01-14,2.032572202738114
2013-01-15,2.0132806778669603
2013-01-16,2.0287134428476685
2013-01-17,2.047303460156215
2013-01-18,2.039937296251618
2013-01-22,2.047303460156215
2013-01-23,2.0676467780751766
2013-01-24,2.013631899944367
2013-01-25,2.033975217863329
2013-01-28,2.0423930410168474
2013-01-29,2.0346767254259364
2013-01-30,2.0364298922374657
2013-01-31,2.024504531270909
2013-02-01,2.0718556896519353
2013-02-04,1.9992507942125797
2013-02-05,2.0613333438105936
2013-02-06,2.0459005788298854
2013-02-07,2.0501094904066446
2013-02-08,2.0918476516946036
2013-02-11,2.092199007570897
2013-02-12,2.07501187158868
2013-02-13,2.0897432628056674
2013-02-14,2.08728858843153
2013-02-15,2.0771163942765027
2013-02-19,2.1062287574263903
2013-02-20,2.0413403113768323
2013-02-21,1.99749762740105
2013-02-22,2.0371313998000726
2013-02-25,1.9862737739971008
2013-02-26,2.0006538093377944
2013-02-27,2.040990159690518
2013-02-28,2.034325369549642
2013-03-01,2.050810997969252
2013-03-04,2.0697513007629986
2013-03-05,2.1321840020473264
2013-03-06,2.1202586410807696
2013-03-07,2.1321840020473264
2013-03-08,2.134638676421463
2013-03-11,2.149369933839564
2013-03-12,2.1342885247351493
2013-03-13,2.1269222270316654
2013-03-14,2.1420048403260603
2013-03-15,2.1300794793595035
2013-03-18,2.1188556259555544
2013-03-19,2.112892477176173
2013-03-20,2.1392337263872214
2013-03-21,2.0938906308273286
2013-03-22,2.1329067017449224
2013-03-25,2.116386658850212
2013-03-26,2.14099173978283
2013-03-27,2.1462637686660986
2013-03-28,2.1578637607999926
2013-04-01,2.12693178931198
2013-04-02,2.1606758313463055
2013-04-03,2.1213077823062596
2013-04-04,2.123064723006638
2013-04-05,2.086860588548453
2013-04-08,2.10935675065824
2013-04-09,2.136070750413688
2013-04-10,2.220430989586405
2013-04-11,2.2162128837669366
2013-04-12,2.2144548703713283
2013-04-15,2.1276348069485587
2013-04-16,2.1845778946423455
2013-04-17,2.0991626597105983
2013-04-18,2.040110519107077
2013-04-19,2.0967027013736423
2013-04-22,2.1371246734774885
2013-04-23,2.178601775427269
2013-04-24,2.176844834726891
2013-04-25,2.2000438803863527
2013-04-26,2.1877408706158805
2013-04-29,2.227460897778379
2013-04-30,2.2583930033532957
2013-05-01,2.239411929426399
2013-05-02,2.2949491159339335
2013-05-03,2.34943103850863
2013-05-06,2.3666553058220527
2013-05-07,2.3638432352757404
2013-05-08,2.387393186362424
2013-05-09,2.3828243092026375
2013-05-10,2.4081324077718333
2013-05-13,2.416216239027607
2013-05-14,2.440470414533003
2013-05-15,2.4499602810619323
2013-05-16,2.4457424434162713
2013-05-17,2.4903834599479127
2013-05-20,2.4833535517559397
2013-05-21,2.4879224289157267
2013-05-22,2.4482034744484586
2013-05-23,2.432737354617548
2013-05-24,2.432385242408192
2013-05-28,2.4633174820700128
2013-05-29,2.439415418773973
2013-05-30,2.464723517343169
2013-05-31,2.41902830957392
2013-06-03,2.4292224005215615
2013-06-04,2.4039143019523657
2013-06-05,2.342753242526014
2013-06-06,2.3599761689703986
2013-06-07,2.426761369489375
2013-06-10,2.4302763235853617
2013-06-11,2.3814182739294822
2013-06-12,2.3258810874219478
2013-06-13,2.3828243092026384
2013-06-14,2.3536491443281
2013-06-17,2.3968843937603928
2013-06-18,2.436603348227661
2013-06-19,2.382121425652964
2013-06-20,2.2657739510593964
2013-06-21,2.2460899935828254
2013-06-24,2.2007468980229326
2013-06-25,2.2313268913884934
2013-06-26,2.2692889051553835
2013-06-27,2.291784933178267
2013-06-28,2.293894120174905
2013-07-01,2.326935010485748
2013-07-02,2.32763816220923
2013-07-03,2.347322119685801
2013-07-05,2.3814182739294827
2013-07-08,2.3856363797489513
2013-07-09,2.414810203754452
2013-07-10,2.443985368628991
2013-07-11,2.5448656506964182
2013-07-12,2.563495685109189
2013-07-15,2.5754468508441124
2013-07-16,2.568767713992457
2013-07-17,2.580367840213255
2013-07-18,2.5673616787193008
2013-07-19,2.515339446307753
2013-07-22,2.5276427242520327
2013-07-23,2.4928434182848695
2013-07-24,2.507958498601654
2013-07-25,2.537835474330637
2013-07-26,2.5652527598964707
2013-07-29,2.5561136647078597
2013-07-30,2.58212464682673
2013-07-31,2.5933726608381718
2013-08-01,2.6446917415262376
2013-08-02,2.675623981188058
2013-08-05,2.679491047493401
2013-08-06,2.64750381207255
2013-08-07,2.6376618333342643
2013-08-08,2.661563896630304
2013-08-09,2.642231783189281
2013-08-12,2.6520737619275665
2013-08-13,2.681599966316231
2013-08-14,2.66296993190346
2013-08-15,2.5743915869112746
2013-08-16,2.5694705975421317
2013-08-19,2.561386766286358
2013-08-20,2.583882794309242
2013-08-21,2.565955643446145
2013-08-22,2.614462653587899
2013-08-23,2.6517219178920186
2013-08-26,2.652424801441693
2013-08-27,2.54275646369978
2013-08-28,2.56560460393202
2013-08-29,2.6004028372039527
2013-08-30,2.566307755655502
2013-09-03,2.593021889497854
2013-09-04,2.651370878377893
2013-09-05,2.6605099735665045
2013-09-06,2.6664848859994477
2013-09-09,2.7276459454257993
2013-09-10,2.7554150750271815
2013-09-11,2.74522098407954
2013-09-12,2.7399489551962715
2013-09-13,2.744870212739222
2013-09-16,2.7290519806989555
2013-09-17,2.7663109768292675
2013-09-18,2.8320422542844437
2013-09-19,2.8450473430831673
2013-09-20,2.8246602338831144
2013-09-23,2.8127090681481905
2013-09-24,2.813764332081029
2013-09-25,2.7968921769769626
2013-09-26,2.8383692789267427
2013-09-27,2.8320422542844437
2013-09-30,2.8116551450843903
2013-10-01,2.874573279298024
2013-10-02,2.871410437411394
2013-10-03,2.8053281204420917
2013-10-04,2.8520772512751407
2013-10-07,2.804976276406543
2013-10-08,2.700228928033773
2013-10-09,2.680544970557202
2013-10-10,2.7916190753984633
2013-10-11,2.8376663953770684
2013-10-14,2.8766821981208546
2013-10-15,2.855241434030809
2013-10-16,2.9195653353437914
2013-10-17,2.9529586060377984
2013-10-18,3.048214747012601
2013-10-21,3.060868796297199
2013-10-22,3.066141897875698
2013-10-23,3.034154662454847
2013-10-24,3.059462761024043
2013-10-25,3.101994858732853
2013-10-28,3.105157700619484
2013-10-29,3.113946024467777
2013-10-30,3.108672922889278
2013-10-31,3.094612838331524
2013-11-01,3.095667834090554
2013-11-04,3.103048781796653
2013-11-05,3.1118368374711385
2013-11-06,3.1100789581624335
2013-11-07,2.993732556264096
2013-11-08,3.0745778413408265
2013-11-11,3.065086633942859
2013-11-12,3.0731718060676707
2013-11-13,3.148392950051776
2013-11-14,3.165615876496161
2013-11-15,3.1779191544404406
2013-11-18,3.1195698973865937
2013-11-19,3.0981277924275106
2013-11-20,3.0861768948663943
2013-11-21,3.1445258837464336
2013-11-22,3.180379112777397
2013-11-25,3.1944389291613438
2013-11-26,3.2278321998553507
2013-11-27,3.2721213723514433
2013-11-29,3.3083253727227246
2013-12-02,3.291453217618658
2013-12-03,3.2861811887353896
2013-12-04,3.292508213377688
2013-12-05,3.286532228249515
2013-12-06,3.3325792800543126
2013-12-09,3.3585905303469903
2013-12-10,3.3547234640416472
2013-12-11,3.268957189595774
2013-12-12,3.2531402984245457
2013-12-13,3.242595167962778
2013-12-16,3.2780962847843855
2013-12-17,3.266497231258818
2013-12-18,3.342421526966406
2013-12-19,3.320628382493197
2013-12-20,3.387413583012173
2013-12-23,3.4591197729002925
2013-12-24,3.4636886500600794
2013-12-26,3.485130755019163
2013-12-27,3.467203604156066
2013-12-30,3.456658473694299
2013-12-31,3.5009476461903914
2014-01-02,3.4471686071653695
2014-01-03,3.3983094848142597
2014-01-06,3.370541427908108
2014-01-07,3.4320535268485854
2014-01-08,3.4496285655023264
2014-01-09,3.4250236186566125
2014-01-10,3.4471686071653704
2014-01-13,3.342772298306726
2014-01-14,3.473179589284241
2014-01-15,3.5283646635824195
2014-01-16,3.532231729887762
2014-01-17,3.4907546279379815
2014-01-21,3.5434797438992036
2014-01-22,3.564217892613382
2014-01-23,3.5385587545300603
2014-01-24,3.394443491204148
2014-01-27,3.3336332031181146
2014-01-28,3.3287122137489717
2014-01-29,3.2580612877936903
2014-01-30,3.3726503467309383
2014-01-31,3.3582384181376357
2014-02-03,3.2074450906552983
2014-02-04,3.2506792673923606
2014-02-05,3.2338071122882943
2014-02-06,3.3132463620918684
2014-02-07,3.431702487334459
2014-02-10,3.4721245935252094
2014-02-11,3.5508606916053016
2014-02-12,3.5649207761630555
2014-02-13,3.6169430085746033
2014-02-14,3.633112011955188
2014-02-18,3.6686142014720255
2014-02-19,3.6187008878833082
2014-02-20,3.6482270922719726
2014-02-21,3.638033001324331
2014-02-24,3.6816190220969416
2014-02-25,3.6703710080854997
2014-02-26,3.6643960956525565
2014-02-27,3.7129031057943105
2014-02-28,3.7027090148466684
2014-03-03,3.6485781317860977
2014-03-04,3.7417261584594925
2014-03-05,3.7624643071736714
2014-03-06,3.753677324194416
2014-03-07,3.717121211613778
2014-03-10,3.722745352706403
2014-03-11,3.6925162647680643
2014-03-12,3.7181751346775784
2014-03-13,3.6151859337873207
2014-03-14,3.5631639695495805
2014-03-17,3.6281910225860443
2014-03-18,3.7150122927909477
2014-03-19,3.6763472613874795
2014-03-20,3.6942730713815384
2014-03-21,3.6042889592900043
2014-03-24,3.543830783413327
2014-03-25,3.564570004822736
2014-03-26,3.4728277452486895
2014-03-27,3.4341624456714137
2014-03-28,3.4485746424385235
2014-03-31,3.4956756173071213
2014-04-01,3.617645892124276
2014-04-02,3.636979078260529
2014-04-03,3.580035856479838
2014-04-04,3.38671043128869
2014-04-07,3.326252255412013
2014-04-08,3.38460151246586
2014-04-09,3.501650797913872
2014-04-10,3.285478305185715
2014-04-11,3.209202165442579
2014-04-14,3.2580612877936885
2014-04-15,3.27879916833406
2014-04-16,3.3642144032658075
2014-04-17,3.3663235902624455
2014-04-21,3.4172905587411555
2014-04-22,3.4724767057345645
2014-04-23,3.409909611035057
2014-04-24,3.476342699344677
2014-04-25,3.364214403265808
2014-04-28,3.3884675060759735
2014-04-29,3.4394355472499134
2014-04-30,3.4577137376271363
2014-05-01,3.479857653440664
2014-05-02,3.4665007206063914
2014-05-05,3.501650797913873
2014-05-06,3.410260382375375
2014-05-07,3.3895225018350037
2014-05-08,3.384249400256505
2014-05-09,3.4102603823753754
2014-05-12,3.5195776806031622
2014-05-13,3.5241468259367568
2014-05-14,3.487239673841993
2014-05-15,3.434514557880771
2014-05-16,3.4788037303768635
2014-05-19,3.529067815305899
2014-05-20,3.5027057936729036
2014-05-21,3.568787842468398
2014-05-22,3.597961934647706
2014-05-23,3.652093085882085
2014-05-27,3.7441861167964494
2014-05-28,3.7192301304366095
2014-05-29,3.7659792612696585
2014-05-30,3.7684402923018454
2014-06-02,3.7589493530776856
2014-06-03,3.7571922782904035
2014-06-04,3.7825003768595997
2014-06-05,3.8475274298960636
2014-06-06,3.891113450668674
2014-06-09,3.8851385382357315
2014-06-10,3.8970897039706553
2014-06-11,3.8949805169740173
2014-06-12,3.828546355969167
2014-06-13,3.8492855773785757
2014-06-16,3.855260489811519
2014-06-17,3.859127556116862
2014-06-18,3.906228530985459
2014-06-19,3.8977925875203296
2014-06-20,3.905173535226429
2014-06-23,3.907282722223067
2014-06-24,3.900252545857286
2014-06-25,3.9505176927546
2014-06-26,3.9536858768702747
2014-06-27,3.9867797692263522
2014-06-30,4.002974709869538
2014-07-01,4.091343543847341
2014-07-02,4.103665214889167
2014-07-03,4.151898702793858
2014-07-07,4.127958297363932
2014-07-08,4.030435976459978
2014-07-09,4.089582844663089
2014-07-10,4.064234148489756
2014-07-11,4.112467367790453
2014-07-14,4.166332675648798
2014-07-15,4.137463386918946
2014-07-16,4.168797923110745
2014-07-17,4.0589536625609695
2014-07-18,4.183231895965684
2014-07-21,4.173726806410671
2014-07-22,4.23040869575583
2014-07-23,4.282162507613045
2014-07-24,4.2737130317566
2014-07-25,4.236041590125462
2014-07-28,4.240970473425389
2014-07-29,4.228296125338723
2014-07-30,4.260686006625094
2014-07-31,4.086766263176276
2014-08-01,4.057545371817564
2014-08-04,4.110706668606203
2014-08-05,4.049799907030824
2014-08-06,4.041702033803239
2014-08-07,4.0177616283733135
2014-08-08,4.07374031246075
2014-08-11,4.123029414064007
2014-08-12,4.117043842649535
2014-08-13,4.206820698766749
2014-08-14,4.250124228955535
2014-08-15,4.289555295354946
2014-08-18,4.357504585063336
2014-08-19,4.405385127319192
2014-08-20,4.407849031761167
2014-08-21,4.422988358705785
2014-08-22,4.435310298351607
2014-08-25,4.467700179637978
2014-08-26,4.478261957307537
2014-08-27,4.478614634352377
2014-08-28,4.465587609220871
2014-08-29,4.501498351667757
2014-09-02,4.5271994562819335
2014-09-03,4.474037353681311
2014-09-04,4.462067016664351
2014-09-05,4.512060397941309
2014-09-08,4.526495713816222
2014-09-09,4.452561927109338
2014-09-10,4.521566830516296
2014-09-11,4.518045969355781
2014-09-12,4.47016515849593
2014-09-15,4.382149001562968
2014-09-16,4.459250703781532
2014-09-17,4.475445644424718
2014-09-18,4.540225675601455
2014-09-19,4.53212833958186
2014-09-22,4.45115363636593
2014-09-23,4.426509219866299
2014-09-24,4.520862550842594
2014-09-25,4.331451609216302
2014-09-26,4.425804940192598
2014-09-29,4.412777915061092
2014-09-30,4.426156542821459
2014-10-01,4.282866787286745
2014-10-02,4.280050205799932
2014-10-03,4.3659540609197816
2014-10-06,4.346942538789782
2014-10-07,4.224071521712496
2014-10-08,4.392006768162819
2014-10-09,4.244491065981906
2014-10-10,4.031843998599389
2014-10-13,3.9075657651946747
2014-10-14,3.9058050660104233
2014-10-15,3.8586282662202787
2014-10-16,3.8075795398487475
2014-10-17,3.9093256585669436
2014-10-20,4.024802813486351
2014-10-21,4.235337579055756
2014-10-22,4.190273081078724
2014-10-23,4.318777261129637
2014-10-24,4.384612906004942
2014-10-27,4.39623164039304
2014-10-28,4.526142768167388
2014-10-29,4.491288982439042
2014-10-30,4.513117086055854
2014-10-31,4.635283017647456
2014-11-03,4.6620397359602
2014-11-04,4.633170715834343
2014-11-05,4.630354134347529
2014-11-06,4.6613354562864995
2014-11-07,4.6507739472209355
2014-11-10,4.686332818434965
2014-11-11,4.7130895367477095
2014-11-12,4.730692768134302
2014-11-13,4.770124371741702
2014-11-14,4.798640983426715
2014-11-17,4.769067683627157
2014-11-18,4.843353878774886
2014-11-19,4.798640983426715
2014-11-20,4.841945319427484
2014-11-21,4.859899884838944
2014-11-24,4.937354532706342
2014-11-25,4.9521411826061215
2014-11-26,5.016569611153997
2014-11-28,5.061280894878201
2014-12-01,4.945803739958793
2014-12-02,4.985235343566192
2014-12-03,5.005303285206742
2014-12-04,4.997557820420003
2014-12-05,5.000021993465971
2014-12-08,4.925736872734221
2014-12-09,4.961998949205973
2014-12-10,4.80356986672664
2014-12-11,4.849690784214223
2014-12-12,4.744071395894668
2014-12-15,4.64725308606042
2014-12-16,4.494105563925854
2014-12-17,4.653942937148592
2014-12-18,4.883840558872862
2014-12-19,4.916582848600078
2014-12-22,4.9503812247688925
2014-12-23,4.9179729047844205
2014-12-24,4.923609274567931
2014-12-26,4.993357603718994
2014-12-29,4.99124409942863
2014-12-30,4.920437943104769
2014-12-31,4.816872470280259
2015-01-02,4.796793642007989
2015-01-05,4.650603324263362
2015-01-06,4.52801470028415
2015-01-07,4.641092554956722
2015-01-08,4.818633903026831
2015-01-09,4.756635447949642
2015-01-12,4.658705807394835
2015-01-13,4.651660613922351
2015-01-14,4.605513441022896
2015-01-15,4.483982375459577
2015-01-16,4.589661621331355
2015-01-20,4.660466702627601
2015-01-21,4.707670090158432
2015-01-22,4.881689110249203
2015-01-23,4.902824690666655
2015-01-26,4.8929613123024165
2015-01-27,4.642148769588098
2015-01-28,4.591422516564122
2015-01-29,4.675614379231559
2015-01-30,4.6072748737694695
2015-02-02,4.685477757595798
2015-02-03,4.775304915019131
2015-02-04,4.764385322023517
2015-02-05,4.847871429061949
2015-02-06,4.789043767934114
2015-02-09,4.758044809152423
2015-02-10,4.906700165217399
2015-02-11,4.943336031296407
2015-02-12,5.056060739397571
2015-02-13,5.142365031327759
2015-02-17,5.152581556263404
2015-02-18,5.167728157839746
2015-02-19,5.218102876833738
2015-02-20,5.287498596927202
2015-02-23,5.299828088639404
2015-02-24,5.306520673054289
2015-02-25,5.279044042251936
2015-02-26,5.332588480167667
2015-02-27,5.28608923572442
2015-03-02,5.381200691387472
2015-03-03,5.328360934073132
2015-03-04,5.289964710275165
2015-03-05,5.306169139024305
2015-03-06,5.183580515045093
2015-03-09,5.212466507050227
2015-03-10,5.025413314645863
2015-03-11,4.964472149227663
2015-03-12,5.0317538275169555
2015-03-13,4.9852551205875155
2015-03-16,5.116650370785784
2015-03-17,5.129331934041779
2015-03-18,5.231840654721106
2015-03-19,5.245931041666074
2015-03-20,5.318146021678908
2015-03-23,5.2917256055079305
2015-03-24,5.254033524797547
2015-03-25,5.013049351252973
2015-03-26,4.979565151644789
2015-03-27,5.020098996104628
2015-03-30,5.142401836845038
2015-03-31,5.024328352765707
2015-04-01,4.972516044605526
2015-04-02,4.977450473314248
2015-04-06,5.059221083031998
2015-04-07,5.041598046527646
2015-04-08,5.121607320657269
2015-04-09,5.185755431683059
2015-04-10,5.227345539683382
2015-04-13,5.200558717809228
2015-04-14,5.171656679792141
2015-04-15,5.232279968392104
2015-04-16,5.219591360596475
2015-04-17,5.058869353726765
2015-04-20,5.209369698249009
2015-04-21,5.252369950344621
2015-04-22,5.309116687213524
2015-04-23,5.351763596566722
2015-04-24,5.493452960649185
2015-04-27,5.468428549987944
2015-04-28,5.442698529466667
2015-04-29,5.377494154900393
2015-04-30,5.204435269540286
2015-05-01,5.346124095810356
2015-05-04,5.360575652631293
2015-05-05,5.19033651764937
2015-05-06,5.120902248609624
2015-05-07,5.1765911085008645
2015-05-08,5.30382891576239
2015-05-11,5.2608286636667785
2015-05-12,5.2167716102182915
2015-05-13,5.236861592170809
2015-05-14,5.388419813670716
2015-05-15,5.390887296931274
2015-05-18,5.437059028710301
2015-05-19,5.4226090853265445
2015-05-20,5.428600315388144
2015-05-21,5.487108387845175
2015-05-22,5.4800592808059125
2015-05-26,5.34894384618854
2015-05-27,5.520944854570984
2015-05-28,5.496977783075013
2015-05-29,5.434944350379761
2015-06-01,5.465255994679743
2015-06-02,5.432124600001578
2015-06-03,5.463846388396848
2015-06-04,5.384894991244889
2015-06-05,5.356698025275446
2015-06-08,5.248845127918794
2015-06-09,5.231927163462085
2015-06-10,5.367271954740536
2015-06-11,5.3863051353401765
2015-06-12,5.298189952818415
2015-06-15,5.248140055871148
2015-06-16,5.301009165384205
2015-06-17,5.330616275448936
2015-06-18,5.482173959136451
2015-06-19,5.430009921671038
2015-06-22,5.510370925105893
2015-06-23,5.520239782523339
2015-06-24,5.465961066727386
2015-06-25,5.439878779088484
2015-06-26,5.373616527544547
2015-06-29,5.121959587774892
2015-06-30,5.156500588735953
2015-07-01,5.234746913840269
2015-07-02,5.238976270501348
2015-07-06,5.214304126957733
2015-07-07,5.234746913840268
2015-07-08,5.054991726370917
2015-07-09,5.047942619331655
2015-07-10,5.205844875823181
2015-07-13,5.382780312914347
2015-07-14,5.4546820652146515
2015-07-15,5.46737067301028
2015-07-16,5.619633966557832
2015-07-17,5.7831757238057255
2015-07-20,5.8275855821842315
2015-07-21,5.81630711848389
2015-07-22,5.690126112575241
2015-07-23,5.642191431770907
2015-07-24,5.535043068649506
2015-07-27,5.439878779088482
2015-07-28,5.533633462366611
2015-07-29,5.579453464840405
2015-07-30,5.629502823975279
2015-07-31,5.616109144132005
2015-08-03,5.585092965596772
2015-08-04,5.559010677957868
2015-08-05,5.643601038053801
2015-08-06,5.467370673010279
2015-08-07,5.449043102270676
2015-08-10,5.572404357801141
2015-08-11,5.432829672049218
2015-08-12,5.465255994679739
2015-08-13,5.445518279844848
2015-08-14,5.4631413163491995
2015-08-17,5.554076249249144
2015-08-18,5.500502067688443
2015-08-19,5.4264856370576
2015-08-20,5.129008694814151
2015-08-21,4.689137316440595
2015-08-24,4.335971783212103
2015-08-25,4.285217620935782
2015-08-26,4.714514532031854
2015-08-27,4.95136818567534
2015-08-28,4.957007686431708
2015-08-31,4.829417074240164
2015-09-01,4.537579632753082
2015-09-02,4.783597071766369
2015-09-03,4.731433034300957
2015-09-04,4.62076038656612
2015-09-08,4.880171505422681
2015-09-09,4.773023142301279
2015-09-10,4.872417326335775
2015-09-11,4.927401114179371
2015-09-14,4.89708946987939
2015-09-15,5.01058186799241
2015-09-16,5.069090478261834
2015-09-17,5.074024906970557
2015-09-18,4.933040614935739
2015-09-21,4.961942115140433
2015-09-22,4.814613788113997
2015-09-23,4.817433000679787
2015-09-24,4.78782642842745
2015-09-25,4.703236068331516
2015-09-28,4.435365698340404
2015-09-29,4.391660643103346
2015-09-30,4.585514313557417
2015-10-01,4.627809493605384
2015-10-02,4.789941106757989
2015-10-05,4.931630470840451
2015-10-06,4.885105934131405
2015-10-07,4.940089721975001
2015-10-08,4.979565151644784
2015-10-09,5.021155797457499
2015-10-12,5.0500572976621925
2015-10-13,4.980270223692427
2015-10-14,4.968991222179692
2015-10-15,5.131828445192335
2015-10-16,5.176943375618485
2015-10-19,5.235451448075516
2015-10-20,5.181172732279563
2015-10-21,5.115615014970878
2015-10-22,5.324976774692566
2015-10-23,5.622453716936015
2015-10-26,5.630912430258172
2015-10-27,5.649945610857812
2015-10-28,5.745109900418836
2015-10-29,5.727486863914484
2015-10-30,5.67743750477961
2015-11-02,5.807142795301694
2015-11-03,5.845913690736226
2015-11-04,5.847323297019121
2015-11-05,5.807847867349337
2015-11-06,5.821946081427861
2015-11-09,5.698584825897396
2015-11-10,5.664043824936336
2015-11-11,5.6527653612359945
2015-11-12,5.541387641453514
2015-11-13,5.325681846740208
2015-11-16,5.477239530427722
2015-11-17,5.484289175279377
2015-11-18,5.691535718858132
2015-11-19,5.701404576275578
2015-11-20,5.776831151001709
2015-11-23,5.745814972466477
2015-11-24,5.738765865427215
2015-11-25,5.744404828371189
2015-11-27,5.762732936923185
2015-11-30,5.731716220575559
2015-12-01,5.8466187627838675
2015-12-02,5.777536223049354
2015-12-03,5.578748392792757
2015-12-04,5.836044833318778
2015-12-07,5.785995474183904
2015-12-08,5.788110152514443
2015-12-09,5.611174715423277
2015-12-10,5.659814468275256
2015-12-11,5.4018129557015895
2015-12-14,5.485698781562272
2015-12-15,5.549141820540419
2015-12-16,5.704929398701406
2015-12-17,5.547027142209879
2015-12-18,5.341189667101626
2015-12-21,5.4511577806012115
2015-12-22,5.522072814957238
2015-12-23,5.605302442376493
2015-12-24,5.601070600718555
2015-12-28,5.590490458445319
2015-12-29,5.766118882918824
2015-12-30,5.666666298930156
2015-12-31,5.527010142934296
2016-01-04,5.296365086265645
2016-01-05,5.268152091041537
2016-01-06,5.172931348710808
2016-01-07,4.850592981307026
2016-01-08,4.765952919377922
2016-01-11,4.799809267026597
2016-01-12,4.911251889669959
2016-01-13,4.569164210357945
2016-01-14,4.761015591400863
2016-01-15,4.466185271030459
2016-01-19,4.485229365683765
2016-01-20,4.459837239479356
2016-01-21,4.470417381752591
2016-01-22,4.7250433229232165
2016-01-25,4.587503087756326
2016-01-26,4.668616794346611
2016-01-27,4.434445113274946
2016-01-28,4.557173633574858
2016-01-29,4.748319528298657
2016-02-01,4.767363353887768
2016-02-02,4.565637855019125
2016-02-03,4.524022772245302
2016-02-04,4.522612337735453
2016-02-05,4.205211029244534
2016-02-08,4.077545450031759
2016-02-09,4.050037133934186
2016-02-10,4.0845986988377865
2016-02-11,4.07683996371264
2016-02-12,4.193925669716375
2016-02-16,4.376607612060102
2016-02-17,4.5804498389503
2016-02-18,4.478881334132664
2016-02-19,4.504978677591998
2016-02-22,4.649572430629111
2016-02-23,4.496514725211926
2016-02-24,4.5825657597792695
2016-02-25,4.670027228856462
2016-02-26,4.659447086583226
2016-02-29,4.576217459163972
2016-03-01,4.867521424195557
2016-03-02,4.872458752172615
2016-03-03,4.855530309284082
2016-03-04,4.8597626890704095
2016-03-07,4.801219701536445
2016-03-08,4.71728458779807
2016-03-09,4.7793544687992435
2016-03-10,4.767363353887768
2016-03-11,4.930296253387459
2016-03-14,4.945108237318633
2016-03-15,4.942992316489664
2016-03-16,5.030453785566857
2016-03-17,5.024810971270679
2016-03-18,5.043855334988181
2016-03-21,5.080532551656556
2016-03-22,5.108746085009054
2016-03-23,5.0198736432936215
2016-03-24,5.02269505044171
2016-03-28,5.009998987339506
2016-03-29,5.1637621790758095
2016-03-30,5.221599680290654
2016-03-31,5.205377261849631
2016-04-01,5.312588042835055
2016-04-04,5.270268011870503
2016-04-05,5.1750478076681645
2016-04-06,5.341507062506674
2016-04-07,5.180690083835953
2016-04-08,5.180690083835953
2016-04-11,5.14048597370037
2016-04-12,5.2286529290966826
2016-04-13,5.361256374414905
2016-04-14,5.360550888095786
2016-04-15,5.332337354743288
2016-04-18,5.3887644214482835
2016-04-19,5.322462698789171
2016-04-20,5.328810999404468
2016-04-21,5.331631868424168
2016-04-22,5.172931348710805
2016-04-25,5.172226400520076
2016-04-26,5.124969041578466
2016-04-27,5.036802086182154
2016-04-28,4.919716111114224
2016-04-29,4.863994530728347
2016-05-02,4.954277406953628
2016-05-03,4.864700017047467
2016-05-04,4.801219701536444
2016-05-05,4.800514215217324
2016-05-06,4.849888033116292
2016-05-09,4.875280159320701
2016-05-10,5.009293501020384
2016-05-11,4.920421597433342
2016-05-12,4.875280159320702
2016-05-13,4.841423811672026
2016-05-16,4.958509786739956
2016-05-17,4.835780997375848
2016-05-18,4.8696373450245245
2016-05-19,4.820263527125555
2016-05-20,4.921832031943192
2016-05-23,4.908430482521868
2016-05-24,5.108746085009052
2016-05-25,5.182101056474191
2016-05-26,5.2110195380174185
2016-05-27,5.2646251975743255
2016-05-31,5.285785482120796
2016-06-01,5.282964074972707
2016-06-02,5.308356201177117
2016-06-03,5.25616097613006
2016-06-06,5.2921332446077045
2016-06-07,5.2709734981896235
2016-06-08,5.285079995801678
2016-06-09,5.266741118403297
2016-06-10,5.1489501951446375
2016-06-13,5.059372805238476
2016-06-14,5.064310133215534
2016-06-15,5.033275192714947
2016-06-16,5.063604646896414
2016-06-17,4.946518671828485
2016-06-20,5.0036512248526
2016-06-21,5.036096599863036
2016-06-22,5.01140989540234
2016-06-23,5.15255648728071
2016-06-24,4.734056820824083
2016-06-27,4.551271704357205
2016-06-28,4.742525271740614
2016-06-29,4.908372947942913
2016-06-30,5.021995997479522
2016-07-01,5.072102972984561
2016-07-05,5.0085868989529905
2016-07-06,5.0897462969693565
2016-07-07,5.1222099484895995
2016-07-08,5.280293980632549
2016-07-11,5.342398287223685
2016-07-12,5.393211146448941
2016-07-13,5.369921829565445
2016-07-14,5.437672667486798
2016-07-15,5.422146456231135
2016-07-18,5.494130981179236
2016-07-19,5.453198340310944
2016-07-20,5.581641717383
2016-07-21,5.556941171490589
2016-07-22,5.60069680880823
2016-07-25,5.603519805257579
2016-07-26,5.617634249072809
2016-07-27,5.689619312452428
2016-07-28,5.733374411338551
2016-07-29,5.755252499213131
2016-08-01,5.815239693075134
2016-08-02,5.7270230731511536
2016-08-03,5.767249830299228
2016-08-04,5.799007598099254
2016-08-05,5.9091023058978145
2016-08-08,5.897810320100416
2016-08-09,5.92462797872196
2016-08-10,5.894281439930849
2016-08-11,5.943683070147189
2016-08-12,5.951446175775021
2016-08-15,6.002259035000277
2016-08-16,5.936625848239574
2016-08-17,5.95426917222437
2016-08-18,5.959914626691551
2016-08-19,5.954974517513068
2016-08-22,5.962032277852201
2016-08-23,5.982498059854828
2016-08-24,5.90416219671933
2016-08-25,5.884401221573883
2016-08-26,5.902750429278896
2016-08-29,5.919687869543476
2016-08-30,5.880872879835835
2016-08-31,5.865346668580171
2016-09-01,5.8956932073712816
2016-09-02,5.933096968070007
2016-09-06,6.007904489467457
2016-09-07,6.017784707824421
2016-09-08,5.9450942991561035
2016-09-09,5.643746562405652
2016-09-12,5.84346911913711
2016-09-13,5.743254629695513
2016-09-14,5.801124710828383
2016-09-15,5.980380947125695
2016-09-16,5.972617841497863
2016-09-19,5.918982524254776
2016-09-20,5.940860073697838
2016-09-21,6.055894352243363
2016-09-22,6.154697074244526
2016-09-23,6.074243559948376
2016-09-26,5.974029608938297
2016-09-27,6.089769771204038
2016-09-28,6.1130590880875335
2016-09-29,6.020607704273769
2016-09-30,6.107413095188834
2016-10-03,6.092592767653388
2016-10-04,6.076360672677508
2016-10-05,6.116587429825582
2016-10-06,6.112353204367317
2016-10-07,6.084829662025556
2016-10-10,6.157520070693874
2016-10-11,5.980380947125695
2016-10-12,5.976146721667429
2016-10-13,5.9330969680700045
2016-10-14,5.942271302706752
2016-10-17,5.911924763915642
2016-10-18,6.016373478815503
2016-10-19,6.012844598645938
2016-10-20,6.001553151280057
2016-10-21,6.0467200176066145
2016-10-24,6.191395489654551
2016-10-25,6.148345736057127
2016-10-26,6.068597567049677
2016-10-27,6.01496224980659
2016-10-28,5.931685739061091
2016-10-31,5.920393753263693
2016-11-01,5.835706013509278
2016-11-02,5.739020404237249
2016-11-03,5.628926234870207
2016-11-04,5.585876481272782
2016-11-07,5.856172333943425
2016-11-08,5.931685739061092
2016-11-09,5.981792714566131
2016-11-10,5.787716150733373
2016-11-11,5.794067488920771
2016-11-14,5.678327326655029
2016-11-15,5.836411358797978
2016-11-16,5.903456312999115
2016-11-17,5.98814405275353
2016-11-18,5.945094299156105
2016-11-21,6.06506922531163
2016-11-22,6.104590098739487
2016-11-23,6.055189006954664
2016-11-25,6.092592767653389
2016-11-28,6.066480454320543
2016-11-29,6.106707211468618
2016-11-30,5.954269172224368
2016-12-01,5.754546615492911
2016-12-02,5.772189939477707
2016-12-05,5.861112443121906
2016-12-06,5.891458981913016
2016-12-07,6.038956911978784
2016-12-08,6.05942323241293
2016-12-09,6.153991190524309
2016-12-12,6.097532876831872
2016-12-13,6.252088028805255
2016-12-14,6.223859141174795
2016-12-15,6.243619577888725
2016-12-16,6.201981053300217
2016-12-19,6.251382683516558
2016-12-20,6.300077891581163
2016-12-21,6.286598956643146
2016-12-22,6.250583105649309
2016-12-23,6.257645005523291
2016-12-27,6.326852378592111
2016-12-28,6.22657199953166
2016-12-29,6.205386299909713
2016-12-30,6.081801166355539
2017-01-03,6.18702492920662
2017-01-04,6.251995270108735
2017-01-05,6.321908994801481
2017-01-06,6.432782493067117
2017-01-09,6.475860782723361
2017-01-10,6.504108921007714
2017-01-11,6.53447557537542
2017-01-12,6.5147020402128994
2017-01-13,6.561311549200346
2017-01-17,6.520351775627455
2017-01-18,6.5500120783712354
2017-01-19,6.539418959166049
2017-01-20,6.568373449074327
2017-01-23,6.578260216655587
2017-01-24,6.667947476510852
2017-01-25,6.800713564810785
2017-01-26,6.8113061452275465
2017-01-27,6.837435767428548
2017-01-30,6.735036872284746
2017-01-31,6.706788734000393
2017-02-01,6.7978886971035095
2017-02-02,6.785882874650473
2017-02-03,6.821192912808808
2017-02-06,6.839554283511902
2017-02-07,6.888988660206626
2017-02-08,6.915117743619202
2017-02-09,6.963139417066075
2017-02-10,7.007630409970169
2017-02-13,7.087430902244174
2017-02-14,7.13262770798377
2017-02-15,7.214547255129552
2017-02-16,7.212428200257776
2017-02-17,7.2752800250765395
2017-02-21,7.344487936933783
2017-02-22,7.35084348518384
2017-02-23,7.297878427946337
2017-02-24,7.320477369604559
2017-02-27,7.34095671760258
2017-02-28,7.294347747403558
2017-03-01,7.452536567492142
2017-03-02,7.379091623468193
2017-03-03,7.40451489404527
2017-03-06,7.372736075218137
2017-03-07,7.343075772474357
2017-03-08,7.36991120751086
2017-03-09,7.37979797509212
2017-03-10,7.443356151534809
2017-03-13,7.465954554404607
2017-03-14,7.427113296915068
2017-03-15,7.519625963266035
2017-03-16,7.51397622785148
2017-03-17,7.499851889315091
2017-03-20,7.516094743934833
2017-03-21,7.292935044155708
2017-03-22,7.388202221376729
2017-03-23,7.353592246631198
2017-03-24,7.374782335022694
2017-03-27,7.40444802766172
2017-03-28,7.492739164482394
2017-03-29,7.562665593956194
2017-03-30,7.583855682347689
2017-03-31,7.5760860191965635
2017-04-03,7.564784495018078
2017-04-04,7.585974583409573
2017-04-05,7.528055619210664
2017-04-06,7.535118802379051
2017-04-07,7.527349139227925
2017-04-10,7.534412322396313
2017-04-11,7.470136655011755
2017-04-12,7.407979349802747
2017-04-13,7.345116103497334
2017-04-17,7.465192372905251
2017-04-18,7.446121185575639
2017-04-19,7.467311273967135
2017-04-20,7.585974583409574
2017-04-21,7.585974583409574
2017-04-24,7.76891356023657
2017-04-25,7.881926107589766
2017-04-26,7.859323598119127
2017-04-27,7.9511465959671614
2017-04-28,7.979399867527044
2017-05-01,8.11430844436814
2017-05-02,8.147505998034527
2017-05-03,8.094531315942122
2017-05-04,8.100182078031365
2017-05-05,8.158101042230273
2017-05-08,8.193417496958542
2017-05-09,8.251336461157452
2017-05-10,8.25839964432584
2017-05-11,8.244979757971803
2017-05-12,8.282415113761955
2017-05-15,8.333270894792477
2017-05-16,8.40531622532816
2017-05-17,7.974455585420539
2017-05-18,8.110070642244374
2017-05-19,8.182822452762796
2017-05-22,8.320556949534847
2017-05-23,8.333976835888883
2017-05-24,8.413085888479287
2017-05-25,8.552232806330483
2017-05-26,8.58189849896951
2017-05-30,8.5981443052545
2017-05-31,8.587549261058752
2017-06-01,8.662419972639057
2017-06-02,8.850303770458892
2017-06-05,8.848890810493414
2017-06-06,8.783908663126118
2017-06-07,8.84677190943153
2017-06-08,8.867255517840286
2017-06-09,8.421562031613151
2017-06-12,8.328326612685972
2017-06-13,8.463235189527069
2017-06-14,8.387657997964025
2017-06-15,8.30925542535636
2017-06-16,8.249217560095568
2017-06-19,8.51409097055759
2017-06-20,8.383420195840259
2017-06-21,8.54707703967071
2017-06-22,8.540719968321623
2017-06-23,8.603586855500012
2017-06-26,8.526592244905526
2017-06-27,8.217202377479827
2017-06-28,8.446066107645173
2017-06-29,8.155747993184276
2017-06-30,8.14585885625178
2017-07-03,7.98975115019732
2017-07-05,8.14515233535159
2017-07-06,7.996108221546408
2017-07-07,8.162811585433555
2017-07-10,8.275831217092161
2017-07-11,8.321038854188586
2017-07-12,8.52235419733947
2017-07-13,8.557672697503397
2017-07-14,8.687644519426234
2017-07-17,8.696827674376083
2017-07-18,8.815497856483583
2017-07-19,8.917214770491768
2017-07-20,8.93981858903998
2017-07-21,8.927103907424264
2017-07-24,9.00621754180178
2017-07-25,8.968073496954633
2017-07-26,9.023170270983554
2017-07-27,8.917214770491768
2017-07-28,8.893198449060717
2017-07-31,8.814084814683202
2017-08-01,8.852228859530351
2017-08-02,8.900262041309997
2017-08-03,8.840927219715018
2017-08-04,8.86353103826323
2017-08-07,8.970899041637853
2017-08-08,8.945469678406422
2017-08-09,8.92004031517499
2017-08-10,8.532949855172157
2017-08-11,8.661509174212156
2017-08-14,8.886134856811443
2017-08-15,8.897436496626778
2017-08-16,8.931342493907868
2017-08-17,8.566855313535704
2017-08-18,8.544251494987492
2017-08-21,8.534362358054995
2017-08-22,8.78865545145177
2017-08-23,8.722257037607516
2017-08-24,8.677048861593548
2017-08-25,8.637492313863563
2017-08-28,8.68128744807715
2017-08-29,8.753336951287844
2017-08-30,8.962422407588194
2017-08-31,9.129126310392886
2017-09-01,9.127713268592505
2017-09-05,8.959596862904977
2017-09-06,9.011868631168223
2017-09-07,9.055663226464267
2017-09-08,8.901674544192836
2017-09-11,9.09380781022896
2017-09-12,9.144666536691824
2017-09-13,9.170095899923258
2017-09-14,9.059901274030326
2017-09-15,9.11782413166001
2017-09-18,9.098045857795018
2017-09-19,9.12912631039289
2017-09-20,9.075441500329262
2017-09-21,8.956771857139305
2017-09-22,8.942644133723206
2017-09-25,8.756162495971067
2017-09-26,8.798544588384273
2017-09-27,8.955358815338922
2017-09-28,8.946882720206808
2017-09-29,9.072616494563587
2017-10-02,9.085330637261759
2017-10-03,9.130538274358184
2017-10-04,9.143253494891443
2017-10-05,9.324084043277143
2017-10-06,9.343862317142136
2017-10-09,9.32690904904282
2017-10-10,9.33962426957608
2017-10-11,9.396134085405382
2017-10-12,9.360815585241454
2017-10-13,9.428626501968548
2017-10-16,9.493612412929966
2017-10-17,9.514803728595341
2017-10-18,9.493612412929966
2017-10-19,9.42297541260211
2017-10-20,9.4710091332993
2017-10-23,9.348100364708197
2017-10-24,9.383418864872125
2017-10-25,9.307130775177828
2017-10-26,9.25344704294929
2017-10-27,9.776160414241398
2017-10-30,9.829845224305025
2017-10-31,9.900482224632881
2017-11-01,9.896244177066825
2017-11-02,9.8510365399704
2017-11-03,10.03751817772254
2017-11-06,10.108155178050396
2017-11-07,10.119456278948185
2017-11-08,10.202808499809302
2017-11-09,10.089788868150695
2017-11-10,10.09261495175146
2017-11-13,10.113805189581747
2017-11-14,10.044581231054272
2017-11-15,9.940038772362866
2017-11-16,10.198570452243244
2017-11-17,10.120869320748566
2017-11-20,10.10391605264925
2017-11-21,10.318653137233586
2017-11-22,10.346907506230693
2017-11-24,10.42319559592499
2017-11-27,10.411893417192111
2017-11-28,10.464165185455357
2017-11-29,10.105329094449631
2017-11-30,10.26779441077072
2017-12-01,10.180204142343547
2017-12-04,9.945689861729306
2017-12-05,9.948514867494982
2017-12-06,10.038930141687832
2017-12-07,10.109567142015688
2017-12-08,10.198570452243244
2017-12-11,10.356796643163188
2017-12-12,10.3271292323657
2017-12-13,10.363860774330009
2017-12-14,10.348320548031072
2017-12-15,10.574358733513197
2017-12-18,10.75660232369928
2017-12-19,10.635106596908559
2017-12-20,10.608264191876744
2017-12-21,10.609677233677125
2017-12-22,10.584247870445694
2017-12-26,10.469816274821794
2017-12-27,10.471229316622175
2017-12-28,10.49241955445246
2017-12-29,10.35962272676395
2018-01-02,10.718458817769676
2018-01-03,10.927543735152483
2018-01-04,10.96710028288247
2018-01-05,11.18466237323248
2018-01-08,11.268014594093598
2018-01-09,11.277903731026095
2018-01-10,11.215742825830352
2018-01-11,11.37114401098462
2018-01-12,11.532196285505327
2018-01-16,11.467210374543908
2018-01-17,11.714439875691408
2018-01-18,11.718677923257465
2018-01-19,11.793554048986467
2018-01-22,12.043608555899642
2018-01-23,12.239979330584278
2018-01-24,12.090229234796448
2018-01-25,12.074689008497511
2018-01-26,12.427874010136795
2018-01-29,12.31626742027857
2018-01-30,12.118483603793551
2018-01-31,12.207486914021107
2018-02-01,12.005465049970033
2018-02-02,11.519482142807147
2018-02-05,10.628043543576819
2018-02-06,11.169122146933537
2018-02-07,10.883749139856432
2018-02-08,9.976770314327169
2018-02-09,10.304525952735023
2018-02-12,10.680314234004978
2018-02-13,10.776380597564266
2018-02-14,11.18890042079853
2018-02-15,11.590119143135004
2018-02-16,11.50394191650821
2018-02-20,11.532196285505318
2018-02-21,11.464385368778224
2018-02-22,11.477099511476396
2018-02-23,11.930588924241027
2018-02-26,12.244217378150326
2018-02-27,11.939066097208231
2018-02-28,11.789314923585314
2018-03-01,11.416351648081035
2018-03-02,11.615548506366434
2018-03-05,11.867016055079992
2018-03-06,11.965907424404955
2018-03-07,12.019592234468583
2018-03-08,12.153802103957476
2018-03-09,12.61576868968931
2018-03-12,12.73161332711359
2018-03-13,12.41798487320429
2018-03-14,12.408095736271791
2018-03-15,12.374189200073157
2018-03-16,12.314854378478179
2018-03-19,11.792141007186073
2018-03-20,11.858539959947873
2018-03-21,11.748346411890031
2018-03-22,11.163471057567094
2018-03-23,10.57012068594713
2018-03-26,11.365492921618168
2018-03-27,10.615328323043554
2018-03-28,10.38363904819499
2018-03-29,10.765078418831383
2018-04-02,10.146298683979987
2018-04-03,10.363860774329998
2018-04-04,10.632281591142872
2018-04-05,10.804636044396457
2018-04-06,10.283334637069643
2018-04-09,10.403417322059983
2018-04-10,10.861144782390673
2018-04-11,10.748126228567154
2018-04-12,10.993942687914272
2018-04-13,10.890812193188161
2018-04-16,11.044801414377135
2018-04-17,11.515244095241083
2018-04-18,11.568927827469624
2018-04-19,11.372557052784988
2018-04-20,11.002418783046386
2018-04-23,10.943083961451407
2018-04-24,10.478292369953897
2018-04-25,10.51078586435215
2018-04-26,10.934607866319292
2018-04-27,10.952973098383902
2018-04-30,10.793333865663577
2018-05-01,11.03067422987858
2018-05-02,10.912003508853534
2018-05-03,10.904940455521801
2018-05-04,11.316047236955683
2018-05-07,11.494052779575707
2018-05-08,11.468623416344276
2018-05-09,11.734218149556387
2018-05-10,11.97155851377139
2018-05-11,11.94895523414072
2018-05-14,11.984273734304649
2018-05-15,11.720090965057832
2018-05-16,11.876905192012481
2018-05-17,11.776600780887135
2018-05-18,11.655105054096413
2018-05-21,11.790727965385688
2018-05-22,11.756822507022141
2018-05-23,11.953193281706776
2018-05-24,11.941891102973898
2018-05-25,11.96732046620533
2018-05-29,11.859951923913162
2018-05-30,12.025243323835014
2018-05-31,12.009703097536077
2018-06-01,12.386904420606413
2018-06-04,12.598815421589984
2018-06-05,12.68075460065072
2018-06-06,12.83191773823893
2018-06-07,12.631308915988239
2018-06-08,12.61859369545498
2018-06-11,12.68640569001716
2018-06-12,12.820615559506054
2018-06-13,12.809313380773176
2018-06-14,13.076321155785667
2018-06-15,12.984493917627523
2018-06-18,12.968953691328588
2018-06-19,12.88983951803353
2018-06-20,13.073496150019992
2018-06-21,12.841806875171429
2018-06-22,12.759867696110692
2018-06-25,12.204660830420334
2018-06-26,12.307791325146443
2018-06-27,11.958844371073216
2018-06-28,12.176406461423227
2018-06-29,12.21454996735283
2018-07-02,12.398206599339293
2018-07-03,12.108594466861044
2018-07-05,12.409507700237084
2018-07-06,12.783884017541743
2018-07-09,13.021224381756745
2018-07-10,13.041002655621739
2018-07-11,12.911030833698904
2018-07-12,13.334852835666046
2018-07-13,13.36169524069786
2018-07-16,13.303772383068177
2018-07-17,13.470475746955325
2018-07-18,13.411140925360346
2018-07-19,13.279756061637128
2018-07-20,13.26280279353781
2018-07-23,13.346155014398928
2018-07-24,13.46199965182321
2018-07-25,13.83072487976143
2018-07-26,13.429506157424955
2018-07-27,13.059368965521442
2018-07-30,12.684992648216781
2018-07-31,12.830504696438554
2018-08-01,12.96612760772783
2018-08-02,13.319312609367115
2018-08-03,13.39560069906141
2018-08-06,13.562304062948556
2018-08-07,13.64283020020891
2018-08-08,13.666846521639961
2018-08-09,13.655545420742172
2018-08-10,13.452110514890716
2018-08-13,13.428094193459666
2018-08-14,13.590558431945668
2018-08-15,13.264215835338197
2018-08-16,13.337678919266818
2018-08-17,13.34474197259855
2018-08-20,13.324963698733557
2018-08-21,13.416792014726788
2018-08-22,13.515683384051753
2018-08-23,13.476126836321768
2018-08-24,13.72335633746927
2018-08-27,14.000253249414259
2018-08-28,14.04404892254539
2018-08-29,14.36897847735248
2018-08-30,14.308230613957118
2018-08-31,14.342136072320665
2018-09-04,14.226291434896384
2018-09-05,13.857566206958163
2018-09-06,13.607511700044988
2018-09-07,13.522747515218576
2018-09-10,13.584908420414317
2018-09-11,13.79116833203145
2018-09-12,13.71770524810283
2018-09-13,13.986126064915704
2018-09-14,13.912664058822171
2018-09-17,13.519921431617814
2018-09-18,13.73607155800253
2018-09-19,13.719118289903212
2018-09-20,14.004491296980316
2018-09-21,13.861805332359308
2018-09-24,13.929616249086402
2018-09-25,13.973411922217533
2018-09-26,13.98330105915003
2018-09-27,14.220641423365032
2018-09-28,14.223466429130708
2018-10-01,14.270087108027514
2018-10-02,14.203688155265715
2018-10-03,14.244657744796083
2018-10-04,13.692275884871398
2018-10-05,13.364520246463544
2018-10-08,13.19216579320996
2018-10-09,13.265628877138582
2018-10-10,12.110007508661436
2018-10-11,11.806268191684634
2018-10-12,12.46177946850034
2018-10-15,12.145326008825364
2018-10-16,12.851696012103934
2018-10-17,12.86723623840287
2018-10-18,12.292251098847515
2018-10-19,12.245630419950707
2018-10-22,12.374189200073161
2018-10-23,12.293663062812808
2018-10-24,11.152169956669304
2018-10-25,11.905159561009594
2018-10-26,11.334413546855385
2018-10-29,10.897876324354984
2018-10-30,11.18466237323247
2018-10-31,11.698899649392462
2018-11-01,12.036544424732812
2018-11-02,11.67347028616103
2018-11-05,11.592944148900678
2018-11-06,11.76953664972032
2018-11-07,12.497097968664265
2018-11-08,12.344521789275674
2018-11-09,11.924938912709678
2018-11-12,11.2199808733964
2018-11-13,11.224218920962457
2018-11-14,11.036325319245025
2018-11-15,11.429066868614296
2018-11-16,11.35277877892
2018-11-19,10.60543918611106
2018-11-20,10.233888952407163
2018-11-21,10.379401000628935
2018-11-23,10.228237863040725
2018-11-26,10.700092507869968
2018-11-27,10.776380597564264
2018-11-28,11.454496231845727
2018-11-29,11.386684237283546
2018-11-30,11.561863696302806
2018-12-03,11.946129150539964
2018-12-04,11.030674229878585
2018-12-06,11.188900420798529
2018-12-07,10.440148864024296
2018-12-10,10.663362043740745
2018-12-11,10.729759918667458
2018-12-12,10.920480681820743
2018-12-13,10.93036981875324
2018-12-14,10.365273816130383
2018-12-17,9.930149635430363
2018-12-18,10.038930141687823
2018-12-19,9.564249413257816
2018-12-20,9.27746336438033
2018-12-21,8.679874406276765
2018-12-24,8.2673545830425
2018-12-26,9.284527366206943
2018-12-27,9.362275818731545
2018-12-28,9.350966756820421
2018-12-31,9.497981326190528
2019-01-02,9.568661345397802
2019-01-03,8.926886641576788
2019-01-04,9.726983898187527
2019-01-07,9.923474265304424
2019-01-08,10.121378534783087
2019-01-09,10.27263373274699
2019-01-10,10.324937335217312
2019-01-11,10.262738573197632
2019-01-14,10.076143365630093
2019-01-15,10.473364728457682
2019-01-16,10.470538002225652
2019-01-17,10.618966473957526
2019-01-18,10.82535200062378
2019-01-22,10.412580947291271
2019-01-23,10.425302833072658
2019-01-24,10.551113180982282
2019-01-25,10.816869664944685
2019-01-28,10.539804119071158
2019-01-29,10.333418592404904
2019-01-30,10.879068426964366
2019-01-31,11.19147398244153
2019-02-01,11.088281758354155
2019-02-04,11.361106675633886
2019-02-05,11.566078299938374
2019-02-06,11.48974374977554
2019-02-07,11.180164920530407
2019-02-08,11.215504930134042
2019-02-11,11.201369141990888
2019-02-12,11.536392821290299
2019-02-13,11.543461254607628
2019-02-14,11.563251573706344
2019-02-15,11.672098328749282
2019-02-19,11.710265064584947
2019-02-20,11.708852240714684
2019-02-21,11.612727371453134
2019-02-22,11.789427419471314
2019-02-25,11.87424322682174
2019-02-26,11.895447448282223
2019-02-27,11.875657129183507
2019-02-28,11.820526800481156
2019-03-01,11.992985141414037
2019-03-04,11.987331688949979
2019-03-05,12.004294203325163
2019-03-06,11.862934164910618
2019-03-07,11.574559557125966
2019-03-08,11.533565016566767
2019-03-11,12.015603265236285
2019-03-12,12.151308772695266
2019-03-13,12.328008820713448
2019-03-14,12.281359749198687
2019-03-15,12.491986982950241
2019-03-18,12.55701247120195
2019-03-19,12.647482809507938
2019-03-20,12.75109945882784
2019-03-21,13.14294104101875
2019-03-22,12.554471762076906
2019-03-25,12.521935754755152
2019-03-26,12.6351032558579
2019-03-27,12.485157234255242
2019-03-28,12.524765535867619
2019-03-29,12.721393232618555
2019-04-01,13.06230846799248
2019-04-02,13.142941041018748
2019-04-03,13.294301953177639
2019-04-04,13.282984987218308
2019-04-05,13.413126858014774
2019-04-08,13.482441385836436
2019-04-09,13.387664224228919
2019-04-10,13.531952842097185
2019-04-11,13.465467016142716
2019-04-12,13.575804736132993
2019-04-15,13.577219626689228
2019-04-16,13.669167007184274
2019-04-17,13.761115466924597
2019-04-18,13.79082169313388
2019-04-22,13.872868077471109
2019-04-23,14.22227157693717
2019-04-24,14.131738007753082
2019-04-25,14.227930059916833
2019-04-26,14.270367063396407
2019-04-29,14.312805146121255
2019-04-30,14.100616890987562
2019-05-01,13.991694061553519
2019-05-02,13.88559993398667
2019-05-03,14.321292330968113
2019-05-06,14.154370860426464
2019-05-07,13.585706811536085
2019-05-08,13.503660427198858
2019-05-09,13.379177039382057
2019-05-10,13.406053484478871
2019-05-13,12.465353083449047
2019-05-14,12.739782492868503
2019-05-15,13.087771101778328
2019-05-16,13.3537144055962
2019-05-17,13.080698807487702
2019-05-20,12.649248923684413
2019-05-21,12.90246037098672
2019-05-22,12.787879058573013
2019-05-23,12.39037899340244
2019-05-24,12.37340462370872
2019-05-28,12.280041273412163
2019-05-29,12.08341357666123
2019-05-30,12.186679002360881
2019-05-31,11.779276861787213
2019-06-03,11.284170933141928
2019-06-04,11.90093154773682
2019-06-05,12.076341282370604
2019-06-06,12.261652013162209
2019-06-07,12.73129530802164
2019-06-10,13.022700166380092
2019-06-11,13.067966950972137
2019-06-12,12.923679412349147
2019-06-13,13.073625433951802
2019-06-14,12.943483563155336
2019-06-17,13.10757633182979
2019-06-18,13.48951475937233
2019-06-19,13.588535513403276
2019-06-20,13.83608847772592
2019-06-21,13.802138659093204
2019-06-24,13.797895066669774
2019-06-25,13.319905916290805
2019-06-26,13.438782582931557
2019-06-27,13.546338433498482
2019-06-28,13.587379495947907
2019-07-01,13.939765134593456
2019-07-02,14.052981933054998
2019-07-03,14.252525217692087
2019-07-05,14.205823207348043
2019-07-08,13.996373533824222
2019-07-09,14.137893992043445
2019-07-10,14.413858453684766
2019-07-11,14.391215741821703
2019-07-12,14.556794418806495
2019-07-15,14.637461036802835
2019-07-16,14.4916951375915
2019-07-17,14.353004613461882
2019-07-18,14.398291116903417
2019-07-19,14.153461328824791
2019-07-22,14.39687668971632
2019-07-23,14.578022703482459
2019-07-24,14.780397001924564
2019-07-25,14.494525071681105
2019-07-26,14.786057949819183
2019-07-29,14.695483863220701
2019-07-30,14.559624352896098
2019-07-31,14.17327410659825
2019-08-01,14.013355297792666
2019-08-02,13.60577676681885
2019-08-05,12.619379000276401
2019-08-06,12.990162989508313
2019-08-07,13.101964281067348
2019-08-08,13.693519839612316
2019-08-09,13.433121635036933
2019-08-12,13.127438006735426
2019-08-13,13.71616255147538
2019-08-14,12.86279436116793
2019-08-15,12.845811517484076
2019-08-16,13.251975621270795
2019-08-19,13.656724218155006
2019-08-20,13.472747190583851
2019-08-21,13.706256162588652
2019-08-22,13.61709866260809
2019-08-23,12.75948503130853
2019-08-26,13.131683447727541
2019-08-27,13.086396944286006
2019-08-28,13.162818121290236
2019-08-29,13.56615121127194
2019-08-30,13.505297371049057
2019-09-03,13.237823791391959
2019-09-04,13.619928596697697
2019-09-05,14.120911148359596
2019-09-06,14.088362047609806
2019-09-09,14.021847259492304
2019-09-10,13.955332471374804
2019-09-11,14.205823207348047
2019-09-12,14.311963551012465
2019-09-13,14.21856061003979
2019-09-16,14.075624644918058
2019-09-17,14.210069728055565
2019-09-18,14.208654221153058
2019-09-19,14.249695283602481
2019-09-20,13.948256016577675
2019-09-23,13.956747978277306
2019-09-24,13.577473107061172
2019-09-25,13.884572242265188
2019-09-26,13.782677339592881
2019-09-27,13.452934412810393
2019-09-30,13.689274398620206
2019-10-01,13.46425630859963
2019-10-02,13.001484885297552
2019-10-03,13.291601176817712
2019-10-04,13.683613450725591
2019-10-07,13.591624936940015
2019-10-08,13.169893496371952
2019-10-09,13.4515199856233
2019-10-10,13.638326947284058
2019-10-11,13.983636131132485
2019-10-14,13.996373533824228
2019-10-15,14.341682717672652
2019-10-16,14.269508061375944
2019-10-17,14.348759172469778
2019-10-18,14.07137920392595
2019-10-21,14.31904000580959
2019-10-22,14.089776474796901
2019-10-23,14.14213943303556
2019-10-24,14.409613012692658
2019-10-25,14.63180008890822
2019-10-28,14.927578408038407
2019-10-29,14.703975824920336
2019-10-30,14.82143806437399
2019-10-31,14.844080776237051
2019-11-01,15.12146074478088
2019-11-04,15.295531383465304
2019-11-05,15.301192331359923
2019-11-06,15.245999439031658
2019-11-07,15.347893261988554
2019-11-08,15.469600942434319
2019-11-11,15.42572994589529
2019-11-12,15.50639656389163
2019-11-13,15.485168279215666
2019-11-14,15.493660240915299
2019-11-15,15.686127070755266
2019-11-18,15.748396417880654
2019-11-19,15.78377653243546
2019-11-20,15.592724129782592
2019-11-21,15.521963900672981
2019-11-22,15.544606612536043
2019-11-25,15.909729653873336
2019-11-26,15.969167987193712
2019-11-27,16.18994063622218
2019-11-29,16.03709828221372
2019-12-02,15.683297136665661
2019-12-03,15.45544911255548
2019-12-04,15.61253690755605
2019-12-05,15.671975240876426
2019-12-06,15.99888823356931
2019-12-09,15.864443150431802
2019-12-10,15.837554997576628
2019-12-11,16.007379115553533
2019-12-12,16.24654903545295
2019-12-13,16.344197417417735
2019-12-16,16.65695750051637
2019-12-17,16.67535585110273
2019-12-18,16.6994140698683
2019-12-19,16.920185639181355
2019-12-20,17.06029167021348
2019-12-23,17.13812727440481
2019-12-24,17.146618804218278
2019-12-26,17.459508009636092
2019-12-27,17.417033912181964
2019-12-30,17.182013525376323
2019-12-31,17.2570501614056
2020-01-02,17.82336569993439
2020-01-03,17.507645392094844
2020-01-06,17.715765445168792
2020-01-07,17.70727105774243
2020-01-08,17.97485506328439
2020-01-09,18.293408633868
2020-01-10,18.197133868950495
2020-01-13,18.60488174799437
2020-01-14,18.467550057075353
2020-01-15,18.47038223965825
2020-01-16,18.818665086072947
2020-01-17,19.009797444455344
2020-01-21,18.992806509280292
2020-01-22,19.0890812741978
2020-01-23,19.202344813968022
2020-01-24,18.873880764666602
2020-01-27,18.096612990480967
2020-01-28,18.643106491412972
2020-01-29,18.701154352589533
2020-01-30,18.83707103237827
2020-01-31,18.226866385265076
2020-02-03,18.76911377264507
2020-02-04,19.63274367270807
2020-02-05,19.782816944766626
2020-02-06,20.111280994068043
2020-02-07,19.930060194564618
2020-02-10,20.42416911932469
2020-02-11,20.42416911932469
2020-02-12,20.82483762207249
2020-02-13,20.755465351209008
2020-02-14,20.865896708396335
2020-02-18,20.901291429554384
2020-02-19,21.293463384553487
2020-02-20,20.88005330066615
2020-02-21,20.102786606641686
2020-02-24,18.54117168197434
2020-02-25,17.540207930669986
2020-02-26,17.691697294019992
2020-02-27,15.92054514482608
2020-02-28,16.08052997576361
2020-03-02,17.5940075179722
2020-03-03,16.471286919632433
2020-03-04,17.82336569993438
2020-03-05,16.75019749518365
2020-03-06,16.185298047946308
2020-03-09,13.956846706280656
2020-03-10,15.453335473636532
2020-03-11,14.105503887047764
2020-03-12,11.494789988939646
2020-03-13,13.68501550702552
2020-03-16,10.362158911882071
2020-03-17,11.759541811898707
2020-03-18,11.023332043875751
2020-03-19,11.174821407225755
2020-03-20,10.281458990848165
2020-03-23,10.33384248685893
2020-03-24,11.906783981535533
2020-03-25,11.694273773257478
2020-03-26,12.953048207651943
2020-03-27,12.002949418310322
2020-03-30,12.92189728599761
2020-03-31,12.684018797330474
2020-04-01,11.62489286247757
2020-04-02,12.086490624590475
2020-04-03,11.757991862171941
2020-04-06,13.430220350313139
2020-04-07,13.377831145966194
2020-04-08,13.959782777600154
2020-04-09,13.995181355793008
2020-04-13,14.316601050740294
2020-04-14,15.554135041884393
2020-04-15,15.19873301435005
2020-04-16,15.775022904397439
2020-04-17,16.035555921362985
2020-04-20,15.664578433001475
2020-04-21,14.499257843848884
2020-04-22,15.395550102958884
2020-04-23,15.321920455361578
2020-04-24,15.825995863138584
2020-04-27,16.01856421493002
2020-04-28,15.447939307305829
2020-04-29,16.501401340014414
2020-04-30,16.563703183323078
2020-05-01,15.562631435240315
2020-05-04,15.95201579536171
2020-05-05,16.307416742617175
2020-05-06,16.505648996552935
2020-05-07,16.94317598476163
2020-05-08,17.387782040441568
2020-05-11,17.67663348784985
2020-05-12,16.97149441520436
2020-05-13,16.54812772249591
2020-05-14,16.909192571895698
2020-05-15,17.127247943197144
2020-05-18,17.78282922242841
2020-05-19,17.668138174772803
2020-05-20,18.38743754291853
2020-05-21,17.982477721969968
2020-05-22,18.09433735869285
2020-05-26,18.022123956701343
2020-05-27,18.19345402580017
2020-05-28,18.12265578913558
2020-05-29,18.615404472902817
2020-06-01,18.8136356465597
2020-06-02,19.04726755896719
2020-06-03,19.214347810969738
2020-06-04,18.93965449850395
2020-06-05,19.681609475226967
2020-06-08,20.0058595008281
2020-06-09,20.279137647966966
2020-06-10,20.78321305574397
2020-06-11,18.7286803552315
2020-06-12,18.99062853752397
2020-06-15,19.46497034953132
2020-06-16,20.16444660031136
2020-06-17,20.26214702181288
2020-06-18,20.38816587375713
2020-06-19,20.362677773968244
2020-06-22,20.868170507629923
2020-06-23,21.200915846308103
2020-06-24,20.3513499696796
2020-06-25,20.74215165568567
2020-06-26,19.728335857708462
2020-06-29,20.14462348294567
2020-06-30,20.91206439889982
2020-07-01,21.44445823711956
2020-07-02,21.734727010412517
2020-07-06,22.80942732581371
2020-07-07,22.486592465539502
2020-07-08,23.06996034277926
2020-07-09,23.453681881035212
2020-07-10,23.80342000642523
2020-07-13,22.812259817025314
2020-07-14,23.145007316261243
2020-07-15,23.195981355281262
2020-07-16,22.871729169122375
2020-07-17,22.945358816719683
2020-07-20,24.263601522932333
2020-07-21,23.752445967405208
2020-07-22,23.91952621940776
2020-07-23,22.657922534638324
2020-07-24,22.22181179203543
2020-07-27,23.02323612085551
2020-07-28,22.451193887346644
2020-07-29,22.970844755950814
2020-07-30,23.201644177146704
2020-07-31,24.02572195398632
2020-08-03,24.661481196130772
2020-08-04,24.852634382595284
2020-08-05,24.982900891078057
2020-08-06,25.618657972664757
2020-08-07,25.04237024317512
2020-08-10,24.81865096972935
2020-08-11,23.892625114849693
2020-08-12,25.094759447522062
2020-08-13,25.193875034350505
2020-08-14,25.147150812426755
2020-08-17,25.70503058987763
2020-08-18,26.20627566700079
2020-08-19,25.86361768936089
2020-08-20,26.580084566295017
2020-08-21,26.93407034822356
2020-08-24,27.282391147728905
2020-08-25,27.707174086043157
2020-08-26,28.88240731415747
2020-08-27,28.689838962366032
2020-08-28,28.99002037462071
2020-08-31,29.49692827360931
2020-09-01,30.47109567629739
2020-09-02,31.04030541859466
2020-09-03,27.85726587244937
2020-09-04,27.118143386937952
2020-09-08,24.532629852974917
2020-09-09,25.96273327618933
2020-09-10,24.897943439192105
2020-09-11,24.58360389199494
2020-09-14,25.43883475104664
2020-09-15,26.163796941057818
2020-09-16,25.300070768929075
2020-09-17,24.546790148475168
2020-09-18,23.89828793671515
2020-09-21,24.10501658400683
2020-09-22,24.968740595577824
2020-09-23,23.433858763669523
2020-09-24,23.668905841403934
2020-09-25,24.790332539286627
2020-09-28,25.784325219898143
2020-09-29,25.55211063337533
2020-09-30,25.954237963112295
2020-10-01,26.74150199643213
2020-10-02,25.234938594966565
2020-10-05,26.328046862406524
2020-10-06,25.351044807949098
2020-10-07,26.279905314598107
2020-10-08,26.517782722986368
2020-10-09,27.32203954301805
2020-10-12,29.001348178909367
2020-10-13,28.981522900985926
2020-10-14,28.519926219151895
2020-10-15,28.11779888941493
2020-10-16,27.823282459583453
2020-10-19,26.88592880041515
2020-10-20,27.053009052417703
2020-10-21,26.98504438724359
2020-10-22,26.993539700320635
2020-10-23,27.115310895726363
2020-10-26,26.257249706020815
2020-10-27,26.662209526969377
2020-10-28,24.597764187495187
2020-10-29,25.416179142469357
2020-10-30,24.21262748391231
2020-11-02,24.28059214908642
2020-11-03,25.093344282195144
2020-11-04,27.33903016917213
2020-11-05,28.777628905463587
2020-11-06,28.825770453272007
2020-11-09,27.605228168560874
2020-11-10,26.65937703575778
2020-11-11,27.84027308573754
2020-11-12,27.576907577560394
2020-11-13,28.083815476549
2020-11-16,28.45762437584323
2020-11-17,28.273551337128836
2020-11-18,27.874256498603472
2020-11-19,28.296206945706125
2020-11-20,27.93372585070054
2020-11-23,27.93089335948894
2020-11-24,28.72948519709742
2020-11-25,29.08913596144916
2020-11-27,29.60453917351481
2020-11-30,29.680999151765967
2020-12-01,30.52773469774062
2020-12-02,30.550388145760152
2020-12-03,30.621185302145857
2020-12-04,30.91003891011189
2020-12-07,31.2357062615977
2020-12-08,31.42827461338914
2020-12-09,30.049145229194746
2020-12-10,30.24454607219778
2020-12-11,30.134102681080698
2020-12-14,30.52773469774062
2020-12-15,31.20738567059722
2020-12-16,31.552876139448717
2020-12-17,31.963500942820477
2020-12-18,31.742612000028554
2020-12-21,31.66048919991195
2020-12-22,31.81340915641426
2020-12-23,31.496239278563245
2020-12-24,31.770932591029034
2020-12-28,32.416602311577456
2020-12-29,32.476071663674524
2020-12-30,32.447753233231786
2020-12-31,32.597842859080245
2021-01-04,31.680312317277636
2021-01-05,32.19571552934328
2021-01-06,31.331989357214535
2021-01-07,32.86120836725739
2021-01-08,33.688118635308605
2021-01-11,32.685630641620044
2021-01-12,32.60633817215729
2021-01-13,33.02828861925994
2021-01-14,32.66580752425435
2021-01-15,32.15889962526575
2021-01-19,33.11041357993429
2021-01-20,34.6254722944769
2021-01-21,35.20884233227441
2021-01-22,34.98795555004024
2021-01-25,35.60813717079978
2021-01-26,35.6591112098198
2021-01-27,33.739092674328624
2021-01-28,34.07608783010308
2021-01-29,32.67147250667755
2021-02-01,34.27715149497156
2021-02-02,35.40141068406585
2021-02-03,35.09556644994573
2021-02-04,35.933804522285584
2021-02-05,36.18584222617409
2021-02-08,36.63894575548883
2021-02-09,36.62761579064243
2021-02-10,36.44920989490899
2021-02-11,36.854167555299796
2021-02-12,37.26195986745996
2021-02-16,37.069389355110765
2021-02-17,36.70974291187453
2021-02-18,36.375578086753926
2021-02-19,36.06973601319156
2021-02-22,34.200689356162655
2021-02-23,33.98829788700553
2021-02-24,34.54334949436031
2021-02-25,32.096597781957094
2021-02-26,32.436425428943146
2021-03-01,34.35361147322272
2021-03-02,33.24068008841707
2021-03-03,31.326326535349097
2021-03-04,30.27569699385211
2021-03-05,31.204555339943365
2021-03-08,29.42896144787745
2021-03-09,31.756772295528787
2021-03-10,31.567036434948946
2021-03-11,33.03112111047154
2021-03-12,32.47890415488611
2021-03-15,33.18121073632
2021-03-16,33.54369183132558
2021-03-17,33.809889830714326
2021-03-18,31.72562137387445
2021-03-19,32.01164249062888
2021-03-22,33.16138761895431
2021-03-23,32.81872964131441
2021-03-24,31.731286356297648
2021-03-25,31.64066608254625
2021-03-26,32.58368256358
2021-03-29,32.55536413313727
2021-03-30,32.238192094728504
2021-03-31,33.1868757187432
2021-04-01,34.35078114256887
2021-04-05,35.72707803555166
2021-04-06,35.65061589674276
2021-04-07,35.8261936223801
2021-04-08,36.57947424283401
2021-04-09,37.02691278972555
2021-04-12,36.91929972926231
2021-04-13,37.780195570737206
2021-04-14,36.871158181453886
2021-04-15,37.978426744394085
2021-04-16,38.08037482243413
2021-04-19,37.37806824100024
2021-04-20,36.808856338145226
2021-04-21,37.46019104111684
2021-04-22,36.55965328602608
2021-04-23,37.47718166727094
2021-04-26,37.96143611824001
2021-04-27,37.61311531873466
2021-04-28,37.31576639769158
2021-04-29,37.6272712931194
2021-04-30,37.1175352240347
2021-05-03,36.73805918175952
2021-05-04,35.4099059971429
2021-05-05,35.155035802042796
2021-05-06,35.704422426974375
2021-05-07,36.265134695636846
2021-05-10,34.42157829895458
2021-05-11,34.35644396443432
2021-05-12,32.57801974171456
2021-05-13,33.082095149491565
2021-05-14,34.52635670764847
2021-05-17,34.110069082411265
2021-05-18,33.63997708750019
2021-05-19,33.71926955696295
2021-05-20,35.024769293560034
2021-05-21,34.62830478568852
2021-05-24,35.803538013802836
2021-05-25,35.896990778765826
2021-05-26,36.13486818715409
2021-05-27,35.874335170188544
2021-05-28,36.07256634384543
2021-06-01,35.851679561611256
2021-06-02,35.987611052517224
2021-06-03,35.21167266292828
2021-06-04,36.452040225562854
2021-06-07,36.63894575548884
2021-06-08,36.66726202537382
2021-06-09,36.70124759879751
2021-06-10,37.47152100596326
2021-06-11,37.65276155346606
2021-06-14,38.372058761054035
2021-06-15,37.862318370853835
2021-06-16,37.5904597101574
2021-06-17,38.541973664825946
2021-06-18,37.9416108403166
2021-06-21,38.40037935205453
2021-06-22,39.11967655964251
2021-06-23,39.14799715064299
2021-06-24,39.635081932265905
2021-06-25,39.55012448037996
2021-06-28,40.5016384350485
2021-06-29,40.79048772189903
2021-06-30,40.6715490177049
2021-07-01,40.699869608705384
2021-07-02,41.61740231106575
2021-07-06,41.96855344122495
2021-07-07,42.115812736419564
2021-07-08,41.662709207104825
2021-07-09,42.166784614881834
2021-07-12,42.48961947515605
2021-07-13,42.47262884900196
2021-07-14,42.61988814419657
2021-07-15,42.01952964080272
2021-07-16,41.34553932925382
2021-07-19,40.66588835639722
2021-07-20,41.61173732864256
2021-07-21,42.22342579688281
2021-07-22,42.81245433543026
2021-07-23,43.78662389867609
2021-07-26,43.882911315408435
2021-07-27,42.9200673958935
2021-07-28,43.22591163001362
2021-07-29,43.395826533785524
2021-07-30,42.93139736073989
2021-08-02,42.925732378316695
2021-08-03,43.446798412247794
2021-08-04,43.58839272501921
2021-08-05,44.13777934995079
2021-08-06,43.73565202021383
2021-08-09,43.894236959139334
2021-08-10,43.45246339467099
2021-08-11,43.310869081899575
2021-08-12,43.6167133160197
2021-08-13,43.89990194156253
2021-08-16,43.93388319387071
2021-08-17,43.16360978670496
2021-08-18,42.32537387492285
2021-08-19,42.744491830813914
2021-08-20,43.633703942173796
2021-08-23,44.92504338327064
2021-08-24,45.20256702639028
2021-08-25,45.25354322596805
2021-08-26,44.72681220961376
2021-08-27,45.60469435612725
2021-08-30,46.62984011895085
2021-08-31,46.533557023334005
2021-09-01,46.697802623567206
2021-09-02,46.64116576268174
2021-09-03,46.93568435307097
2021-09-07,47.048958074841906
2021-09-08,46.74311384072178
2021-09-09,46.374967763293
2021-09-10,45.6839911467055
2021-09-13,45.62168930339684
2021-09-14,45.3554913040081
2021-09-15,46.023816633133805
2021-09-16,46.10877408501975
2021-09-17,45.015665817579794
2021-09-20,43.140954178127686
2021-09-21,43.22591163001364
2021-09-22,44.052821898064856
2021-09-23,44.85707655753879
2021-09-24,44.930708365693846
2021-09-27,44.23406244556765
2021-09-28,41.70802042425942
2021-09-29,41.606072346219385
2021-09-30,41.215270660213314
2021-10-01,41.77032226756809
2021-10-04,40.037209262002904
2021-10-05,41.107661920865574
2021-10-06,41.623062972373475
2021-10-07,42.38767139711602
2021-10-08,41.95722779749408
2021-10-11,41.31721873825335
2021-10-12,41.039695095133716
2021-10-13,41.685364815682135
2021-10-14,43.21458598628274
2021-10-15,43.75830762879112
2021-10-18,44.641854757727806
2021-10-19,45.29318946069942
2021-10-20,45.18557640023619
2021-10-21,45.74062800759096
2021-10-22,44.95902463557882
2021-10-25,45.87655733793919
2021-10-26,46.131425372481544
2021-10-27,46.36930710198531
2021-10-28,47.417104152270696
2021-10-29,47.881533325316326
2021-11-01,48.20436818559054
2021-11-02,48.6121604977507
2021-11-03,49.637301939458794
2021-11-04,50.89466012824746
2021-11-05,50.9966082062875
2021-11-08,50.86067887593928
2021-11-09,50.141377347235796
2021-11-10,48.680123002367054
2021-11-11,48.951985984179
2021-11-12,49.97712742588709
2021-11-15,49.960136799733
2021-11-16,50.662443381166895
2021-11-17,50.70775459832147
2021-11-18,51.74989098729916
2021-11-19,52.32192889969252
2021-11-22,51.126872554212525
2021-11-23,50.64545275501281
2021-11-24,51.00227318871071
2021-11-26,48.9633116279099
2021-11-29,51.13820251905893
2021-11-30,49.62031131330472
2021-12-01,47.9381701862018
2021-12-02,48.64614175005889
2021-12-03,46.95267497922507
2021-12-06,47.72294838639082
2021-12-07,50.59448087655054
2021-12-08,51.01926381486479
2021-12-09,49.512698252841474
2021-12-10,50.583150911704145
2021-12-13,49.1162359055277
2021-12-14,48.13074069855098
2021-12-15,50.28297166000722
2021-12-16,47.71161842154442
2021-12-17,47.2245336399215
2021-12-20,46.27301968525296
2021-12-21,48.345962498361956
2021-12-22,49.53535386141876
2021-12-23,50.294301624853624
2021-12-27,51.90847592622468
2021-12-28,51.48369298791043
2021-12-29,51.43838177075585
2021-12-30,51.08156565817346
2021-12-31,50.418900990355446
2022-01-03,51.46670236175633
2022-01-04,50.11872173865852
2022-01-05,47.00364685768734
2022-01-06,46.96966560537916
2022-01-07,45.93319419882467
2022-01-10,46.04080725928791
2022-01-11,47.394448543693414
2022-01-12,47.7682552824299
2022-01-13,45.34982632158491
2022-01-14,45.92186855509377
2022-01-18,43.66768519448199
2022-01-19,42.65953437892798
2022-01-20,41.53244485917984
2022-01-21,39.19330404668211
2022-01-24,39.669063184574135
2022-01-25,37.686742805774294
2022-01-26,37.749044649082954
2022-01-27,36.871158181453964
2022-01-28,39.23295028141348
2022-01-31,41.74766665899081
2022-02-01,42.24607708434462
2022-02-02,42.954048648201706
2022-02-03,39.43118577618586
2022-02-04,40.439336591739874
2022-02-07,39.80499251492235
2022-02-08,40.69986960870543
2022-02-09,42.42732195296292
2022-02-10,40.49597345262534
2022-02-11,37.941610840316635
2022-02-14,38.04355891835668
2022-02-15,39.90694059296239
2022-02-16,39.86729435823102
2022-02-17,37.4998372758483
2022-02-18,36.63328077306571
2022-02-22,35.891325796342684
2022-02-23,34.0675925170261
2022-02-24,36.350092147522865
2022-02-25,37.47152100596331
2022-02-28,37.76037029281384
2022-03-01,36.52000705129476
2022-03-02,37.72072405808246
2022-03-03,36.644606416796584
2022-03-04,35.61380215322304
2022-03-07,32.968819267162935
2022-03-08,32.64598440688872
2022-03-09,35.036097097848725
2022-03-10,34.24883306452888
2022-03-11,32.79890652394878
2022-03-14,31.558541121871954
2022-03-15,33.506878087805866
2022-03-16,36.01592948296
2022-03-17,36.85416755529985
2022-03-18,38.38904938720816
2022-03-21,38.17382758739719
2022-03-22,39.65773321972772
2022-03-23,38.519318056248686
2022-03-24,40.23544043565978
2022-03-25,40.17880357477432
2022-03-28,41.41916681629339
2022-03-29,42.812454335430274
2022-03-30,41.90059093660861
2022-03-31,40.733850861013586
2022-04-01,40.705534591128604
2022-04-04,42.34236450107694
2022-04-05,40.49030847020212
2022-04-06,38.68356797759738
2022-04-07,38.89312479498515
2022-04-08,37.7886908838143
2022-04-11,36.01026666109453
2022-04-12,35.7270780355517
2022-04-13,37.14302116326587
2022-04-14,35.43822442758567
2022-04-18,35.55150030991436
2022-04-19,37.05806371137993
2022-04-20,35.97628324822861
2022-04-21,34.53768451193715
2022-04-22,32.691295624043285
2022-04-25,33.55218930496043
2022-04-26,30.96384327978579
2022-04-27,30.929862027477615
2022-04-28,33.10475075806889
2022-04-29,30.131270189869127
2022-05-02,31.145085987846336
2022-05-03,31.24136908346318
2022-05-04,33.336965344591704
2022-05-05,30.02365712940589
2022-05-06,29.27037650895198
2022-05-09,26.94823064372384
2022-05-10,27.610890990426352
2022-05-11,25.951405471900724
2022-05-12,25.838129589572038
2022-05-13,27.724166872755035
2022-05-16,27.10115060022615
2022-05-17,28.50010310178623
2022-05-18,25.668216846357886
2022-05-19,25.413346651257786
2022-05-20,25.23777108617819
2022-05-23,26.081671980383494
2022-05-24,24.965910264924
2022-05-25,25.679544650646527
2022-05-26,27.08982495649525
2022-05-27,28.8852398053691
2022-05-31,28.69833427544311
2022-06-01,28.279216319552056
2022-06-02,29.836753760037645
2022-06-03,28.23957008482068
2022-06-06,28.454794045189406
2022-06-07,28.95886945296641
2022-06-08,28.522758710363515
2022-06-09,26.965221269877926
2022-06-10,25.04520273438675
2022-06-13,22.740047495312695
2022-06-14,22.847658395218183
2022-06-15,23.96342227123543
2022-06-16,22.0434015751865
2022-06-17,22.5531419653867
2022-06-21,23.691561449981236
2022-06-22,23.61226681996073
2022-06-23,24.31457556195237
2022-06-24,26.02503511949802
2022-06-27,25.58325939447193
2022-06-28,24.01439631025545
2022-06-29,24.08236097542956
2022-06-30,23.453681881035227
2022-07-01,23.759526115155346
2022-07-05,24.575108578917916
2022-07-06,24.875287830614838
2022-07-07,25.93441484574662
2022-07-08,26.01937013707482
2022-07-11,24.875287830614838
2022-07-12,24.40519583570376
2022-07-13,24.314575561952367
2022-07-14,24.478825483301073
2022-07-15,25.35104480794911
2022-07-18,24.926261869634857
2022-07-19,26.444153075389067
2022-07-20,27.282391147728926
2022-07-21,28.063992359183317
2022-07-22,27.078497152206594
2022-07-25,26.789643544240565
2022-07-26,25.707863081089247
2022-07-27,27.882751811680524
2022-07-28,28.409482828034818
2022-07-29,29.4629448607434
2022-08-01,29.428961447877466
2022-08-02,29.23073027422058
2022-08-03,30.822248967014346
2022-08-04,31.08844696640309
2022-08-05,30.59569936291473
2022-08-08,30.397466028700094
2022-08-09,29.700822269131653
2022-08-10,31.35464496579183
2022-08-11,30.99782669265169
2022-08-12,32.22120146857442
2022-08-15,32.70828625019733
2022-08-16,32.555364133137275
2022-08-17,31.802083512683367
2022-08-18,31.96633127347432
2022-08-19,30.70897524524341
2022-08-22,29.08347097902596
2022-08-23,29.03249694000594
2022-08-24,29.196746861354647
2022-08-25,30.210562659331853
2022-08-26,27.729829694620456
2022-08-29,27.186108052112072
2022-08-30,26.57441958387183
2022-08-31,26.26291252788626
2022-09-01,26.279905314598103
2022-09-02,25.526622533586448
2022-09-06,25.15847645615766
2022-09-07,26.16662943226942
2022-09-08,26.432825271100413
2022-09-09,27.576907577560394
2022-09-12,28.228242280532015
2022-09-13,25.118830221426286
2022-09-14,25.532287516009646
2022-09-15,24.648738226515214
2022-09-16,24.34855897481829
2022-09-19,24.739358500266608
2022-09-20,24.325903366240997
2022-09-21,23.44801905916976
2022-09-22,22.88164180808409
2022-09-23,22.134024009495626
2022-09-26,21.913135066703706
2022-09-27,21.969774088146924
2022-09-28,22.825002786640873
2022-09-29,21.539326167409477
2022-09-30,20.763389938378282
2022-10-03,21.743222323489558
2022-10-04,23.108191412183707
2022-10-05,23.068545177452332
2022-10-06,22.700401260581298
2022-10-07,20.961621112035164
2022-10-10,20.514184725701377
2022-10-11,20.004444335501177
2022-10-12,19.970460922635244
2022-10-13,20.876665820706965
2022-10-14,19.60797982762966
2022-10-17,20.938967664015628
2022-10-18,21.267465346155284
2022-10-19,21.08622479865249
2022-10-20,20.84834739026423
2022-10-21,21.845170401529597
2022-10-24,22.320927378863868
2022-10-25,23.232795098801034
2022-10-26,22.190660870381095
2022-10-27,21.369413424195326
2022-10-28,22.689073456292654
2022-10-31,22.13402400949563
2022-11-01,21.68658546260409
2022-11-02,20.20267550915806
2022-11-03,19.41541147583822
2022-11-04,20.032762765943907
2022-11-07,20.468873508546803
2022-11-08,20.752062134089634
2022-11-09,19.777892570843804
2022-11-10,22.70040126058129
2022-11-11,23.53863933292115
2022-11-14,23.1138563946069
2022-11-15,23.765188937020767
2022-11-16,23.102528590318258
2022-11-17,22.98358988612413
2022-11-18,22.989252707989575
2022-11-21,22.507832908789858
2022-11-22,23.15350262933828
2022-11-23,23.612266819960713
2022-11-25,23.289431959686503
2022-11-28,22.59845318254126
2022-11-29,22.264290517978406
2022-11-30,24.297584935798263
2022-12-01,24.342893992395087
2022-12-02,24.15032564060365
2022-12-05,23.31208756826379
2022-12-06,22.349245809306606
2022-12-07,22.15667745751517
2022-12-08,22.694736278158103
2022-12-09,22.400219848326625
2022-12-12,22.94394149083501
2022-12-13,23.442354076746568
2022-12-14,23.07987298174098
2022-12-15,21.52799836312084
2022-12-16,21.10321542480659
2022-12-19,20.531175351855474
2022-12-20,20.47453849097001
2022-12-21,21.074896994363854
2022-12-22,20.03219604300359
2022-12-23,20.128778947885575
2022-12-27,19.520882048480935
2022-12-28,19.00388555925166
2022-12-29,19.924252483181817
2022-12-30,19.907209333535416
2023-01-03,19.6288256083027
2023-01-04,19.81630892336005
2023-01-05,19.168643229955986
2023-01-06,20.225359685530826
2023-01-09,20.49238058858703
2023-01-10,20.838939079642085
2023-01-11,21.54341671669198
2023-01-12,21.747943181395733
2023-01-13,22.04905255098147
2023-01-17,22.122907644273702
2023-01-18,21.55477953886849
2023-01-19,21.123003132344692
2023-01-20,22.304708464624433
2023-01-23,23.28188949943715
2023-01-24,23.173945939615383
2023-01-25,23.048957062910482
2023-01-26,23.940918015017726
2023-01-27,24.412465382777683
2023-01-30,23.40687837614205
2023-01-31,24.128401330075075
2023-02-01,25.173757130710133
2023-02-02,26.94631621274811
2023-02-03,25.97481767264201
2023-02-06,25.543039098881483
2023-02-07,26.605440216399675
2023-02-08,25.63393950905685
2023-02-09,25.162394308533624
2023-02-10,24.84424178930148
2023-02-13,25.64530233123336
2023-02-14,25.991860822288416
2023-02-15,26.412276573872436
2023-02-16,25.37828142817716
2023-02-17,25.0146797874757
2023-02-21,23.82729196048934
2023-02-22,23.861380427018876
2023-02-23,24.276113683896273
2023-02-24,23.44096467543486
2023-02-27,23.787523166489915
2023-02-28,23.707985578491062
2023-03-01,23.3273407881432
2023-03-02,23.725028728137463
2023-03-03,24.690846940773667
2023-03-06,24.724935407303203
2023-03-07,24.117038507898567
2023-03-08,24.36701409407164
2023-03-09,23.475053141964395
2023-03-10,22.821704953853708
2023-03-13,23.168263444908764
2023-03-14,24.236344889896845
2023-03-15,24.474959821130135
2023-03-16,25.75324805829186
2023-03-17,25.497589977412165
2023-03-20,25.685071125232785
2023-03-21,26.400913751695917
2023-03-22,25.67939079776289
2023-03-23,26.30433084681393
2023-03-24,26.480451339694767
2023-03-27,26.099804382110175
2023-03-28,25.83846597376059
2023-03-29,26.78724103675039
2023-03-30,27.25878623727362
2023-03-31,28.16211001155737
2023-04-03,28.02007798520607
2023-04-04,27.83259683738545
2023-04-05,27.253105909803725
2023-04-06,27.6451135223281
2023-04-10,27.582619083975647
2023-04-11,27.2303802654507
2023-04-12,26.73610942057445
2023-04-13,27.78146522120951
2023-04-14,27.662156671974497
2023-04-17,27.690564811034143
2023-04-18,27.707607960680544
2023-04-19,27.673519494151012
2023-04-20,27.247423415097106
2023-04-21,27.281511881626646
2023-04-24,27.162205499628364
2023-04-25,26.145255670816223
2023-04-26,26.440682545695342
2023-04-27,27.87804595885477
2023-04-28,28.25869291643936
2023-05-01,28.1848356559104
2023-05-02,27.67920198885764
2023-05-03,27.338323825272475
2023-05-04,27.12811703309883
2023-05-05,28.26437324390925
2023-05-08,28.395042448084045
2023-05-09,28.03712113485248
2023-05-10,28.64501803425712
2023-05-11,28.815458199668065
2023-05-12,28.60524924025769
2023-05-15,28.91203893731332
2023-05-16,28.963170553489256
2023-05-17,29.673330685245773
2023-05-18,30.741412130233854
2023-05-19,30.60506043135244
2023-05-22,30.786861251703172
2023-05-23,30.014208848830936
2023-05-24,29.696056329598793
2023-05-25,31.12205692058171
2023-05-26,32.71849767697557
2023-05-30,32.99688140220829
2023-05-31,32.565102828447756
2023-06-01,33.37184586508626
2023-06-02,33.860434215255886
2023-06-05,33.90020300925531
2023-06-06,33.88884235431552
2023-06-07,32.724178004445456
2023-06-08,33.51387789143755
2023-06-09,33.758170982904
2023-06-12,34.911472510597555
2023-06-13,35.42278650512021
2023-06-14,35.939782994349486
2023-06-15,36.769251675341
2023-06-16,36.29202398011116
2023-06-20,36.206803897405685
2023-06-21,35.21826220765318
2023-06-22,36.030683404524844
2023-06-23,35.30348012312193
2023-06-26,34.354707227368856
2023-06-27,35.52504973747208
2023-06-28,35.644358286707096
2023-06-29,35.48528094347267
2023-06-30,36.57608586557704
2023-07-03,36.75220852569461
2023-07-05,36.72380038663497
2023-07-06,36.15567228122976
2023-07-07,35.89433387288018
2023-07-10,35.9397829943495
2023-07-11,36.26929833575815
2023-07-12,37.18966525968831
2023-07-13,38.4111415532042
2023-07-14,38.3940984035578
2023-07-17,39.09289354590107
2023-07-18,39.746241734011754
2023-07-19,39.64397850165987
2023-07-20,37.84869594250561
2023-07-21,37.61576133874221
2023-07-24,37.73506772074049
2023-07-25,38.25774453743965
2023-07-26,37.99072796885691
2023-07-27,37.780519009446536
2023-07-28,39.149709824020356
2023-07-31,39.21788242260597
2023-08-01,38.996312808255816
2023-08-02,37.269202847687154
2023-08-03,37.13285331604247
2023-08-04,36.774934170047636
2023-08-07,37.39987421909868
2023-08-08,36.746526030987994
2023-08-09,35.928422339409714
2023-08-10,36.04772872140799
2023-08-11,35.57618135364803
2023-08-14,36.38292439028653
2023-08-15,35.593226670531166
2023-08-16,34.8205721004222
2023-08-17,34.04223503560661
2023-08-18,33.951334625431244
2023-08-21,35.053504536948864
2023-08-22,34.945558809890365
2023-08-23,36.03636589923147
2023-08-24,34.45128796501411
2023-08-25,35.01373574294943
2023-08-28,35.542095054355215
2023-08-29,37.064676382983386
2023-08-30,37.473729312390894
2023-08-31,37.655530132741625
2023-09-01,37.60440068380242
2023-09-05,37.67257328238803
2023-09-06,37.00786443933756
2023-09-07,36.45110132334559
2023-09-08,36.536317071577606
2023-09-11,37.39987421909866
2023-09-12,36.57040770534387
2023-09-13,36.83742427392661
2023-09-14,37.42259986345168
2023-09-15,36.11022315976042
2023-09-18,36.20112356993579
2023-09-19,36.04204622670135
2023-09-20,35.09668097261761
2023-09-21,33.76916150715394
2023-09-22,33.79764863889836
2023-09-25,34.0996161475611
2023-09-26,33.06266890337663
2023-09-27,33.239292597678165
2023-09-28,33.763462776747744
2023-09-29,33.814740483259236
2023-10-02,34.35600468011854
2023-10-03,33.142433741632544
2023-10-04,34.03694532709491
2023-10-05,33.814740483259236
2023-10-06,34.93145473912844
2023-10-09,35.29609524168621
2023-10-10,35.66073574424398
2023-10-11,36.17920936633622
2023-10-12,35.88863714505701
2023-10-13,34.999824290000824
2023-10-16,35.80317357639491
2023-10-17,35.558180331221
2023-10-18,34.55541894918714
2023-10-19,33.934389914071936
2023-10-20,32.925929801631895
2023-10-23,33.10255132250459
2023-10-24,33.76346277674775
2023-10-25,32.08839465308719
2023-10-26,30.85203531326296
2023-10-27,31.148304091519517
2023-10-30,31.820610833146215
2023-10-31,32.14536891657603
2023-11-01,33.26208317244524
2023-11-02,34.44146824878063
2023-11-03,35.23911880476854
2023-11-06,35.5126013551157
2023-11-07,36.173512809358854
2023-11-08,36.230487072847694
2023-11-09,35.655039187266624
2023-11-10,37.21615661052067
2023-11-13,36.99395394011383
2023-11-14,38.572163207728764
2023-11-15,38.62344308766909
2023-11-16,38.691814811970296
2023-11-17,38.686116081564116
2023-11-20,39.6319010266803
2023-11-21,39.12482269197161
2023-11-22,39.4609782362138
2023-11-24,39.32423478761138
2023-11-27,39.255867410167845
2023-11-28,39.44958077540143
2023-11-29,39.35842282319082
2023-11-30,39.14761326673869
2023-12-01,39.37551466755171
2023-12-04,38.61774435726293
2023-12-05,38.805763338948
2023-12-06,38.35565926772814
2023-12-07,39.43248893104056
2023-12-08,39.74015517010949
2023-12-11,40.423855025690884
2023-12-12,41.067676809002
2023-12-13,42.093226592374094
2023-12-14,42.00206864016349
2023-12-15,42.30973487923242
2023-12-18,42.925063010512616
2023-12-19,43.34668212341689
2023-12-20,42.04081051338841
2023-12-21,43.016115741733294
2023-12-22,43.135889609973106
2023-12-26,43.63780412616756
2023-12-27,43.80320737796277
2023-12-28,43.72335813246956
2023-12-29,43.346922245323725
2024-01-02,41.886816783210804
2024-01-03,40.99136080035913
2024-01-04,40.54078042852889
2024-01-05,40.643444365799795
2024-01-08,42.30887770245453
2024-01-09,42.47428095424975
2024-01-10,43.0275252633509
2024-01-11,43.164409062559606
2024-01-12,43.2214436162751
2024-01-16,43.2043336853062
2024-01-17,42.696718759760465
2024-01-18,43.91727648539377
2024-01-19,45.62263444479511
2024-01-22,45.73670790368363
2024-01-23,46.10173426921186
2024-01-24,46.592239263788706
2024-01-25,46.683493679442
2024-01-26,46.11313943937195
2024-01-29,47.071334736747936
2024-01-30,46.41542649037587
2024-01-31,44.601699832894816
2024-02-01,45.66255906754171
2024-02-02,47.19110860498774
2024-02-05,47.020004943841236
2024-02-06,46.84889693123721
2024-02-07,47.78998229764429
2024-02-08,47.9439760278219
2024-02-09,48.86795146326009
2024-02-12,48.46870523579406
2024-02-13,46.94585610769931
2024-02-14,47.978200241217216
2024-02-15,48.21774797769683
2024-02-16,47.34510668662286
2024-02-20,46.62075436491769
2024-02-21,46.23291330761175
2024-02-22,48.93069077778439
2024-02-23,48.616994205162854
2024-02-26,48.55995965144735
2024-02-27,48.79380697857568
2024-02-28,48.24056266947453
2024-02-29,49.0732793378019
2024-03-01,50.53908956072363
2024-03-04,50.12843381163999
2024-03-05,48.343226606745446
2024-03-06,48.936395538593196
2024-03-07,50.407906170866205
2024-03-08,48.91358084681549
2024-03-11,48.54284972047846
2024-03-12,49.951625389684686
2024-03-13,49.141723413135026
2024-03-14,48.885061394229
2024-03-15,47.704428291342296
2024-03-18,48.60558903500278
2024-03-19,48.8337316013223
2024-03-20,49.99440004304864
2024-03-21,50.42814264001345
2024-03-22,50.51375036173131
2024-03-25,50.15990714391929
2024-03-26,49.834601284743094
2024-03-27,50.165615486484384
2024-03-28,49.92591734902605
2024-04-01,50.159907143919305
2024-04-02,49.26959728810857
2024-04-03,49.46363739342543
2024-04-04,47.9227158192623
2024-04-05,49.06414049766154
2024-04-08,49.09267350210776
2024-04-09,49.43510438897921
2024-04-10,48.53337784803831
2024-04-11,50.102836780837265
2024-04-12,48.48201147333175
2024-04-15,46.866898862580925
2024-04-16,46.866898862580925
2024-04-17,45.7197658416166
2024-04-18,45.16046583335755
2024-04-19,43.30565073095879
2024-04-22,44.15601525138273
2024-04-23,45.480067704158266
2024-04-24,45.77683620469864
2024-04-25,45.29173158721688
2024-04-26,46.701391761710276
2024-04-29,47.060938967897776
2024-04-30,45.26890257114614
2024-05-01,44.6011701792881
2024-05-02,45.72547418418168
2024-05-03,47.55175192794462
2024-05-06,48.61327722719108
2024-05-07,48.59044821112034
2024-05-08,48.539086190603385
2024-05-09,48.71600562241459
2024-05-10,48.949995417307846
2024-05-13,49.16686889288505
2024-05-14,49.77753092166106
2024-05-15,51.307040164883624
2024-05-16,51.095875031871515
2024-05-17,51.04451301135455
2024-05-20,51.74078276184842
2024-05-21,51.91770219365963
2024-05-22,51.90058152015398
2024-05-23,51.398351874976974
2024-05-24,52.368565464130086
2024-05-28,52.73952935544776
2024-05-29,51.997601572812414
2024-05-30,50.86188523697826
2024-05-31,50.86188523697825
2024-06-03,51.18719109615446
2024-06-04,51.44400990711845
2024-06-05,53.52140247346989
2024-06-06,53.47574444132842
2024-06-07,53.35019138422377
2024-06-10,53.7725172960584
2024-06-11,54.48590772005793
2024-06-12,55.91839691062206
2024-06-13,56.49481323819716
2024-06-14,57.05411324645621
2024-06-17,58.44094440487887
2024-06-18,58.45806507838452
2024-06-20,57.527805532997405
2024-06-21,57.18537464612595
2024-06-24,55.90127188292681
2024-06-25,57.173962315185385
2024-06-26,57.405673266576265
2024-06-27,57.66847736952158
2024-06-28,57.0228893029892
2024-07-01,57.719893573696915
2024-07-02,58.91394294534774
2024-07-03,59.868036954498066
2024-07-05,61.08493506659371
2024-07-08,61.38773100349194
2024-07-09,61.45057593667268
2024-07-10,62.74746207545716
2024-07-11,59.9537349869066
2024-07-12,60.63359616410621
2024-07-15,60.970673929237655
2024-07-16,61.00495139868788
2024-07-17,57.41138327229597
2024-07-18,56.84578323245241
2024-07-19,55.81170555539625
2024-07-22,57.44566510052918
2024-07-23,57.05145676671971
2024-07-24,52.926566069934466
2024-07-25,51.766798526516844
2024-07-26,52.812304932578414
2024-07-29,52.972272268390086
2024-07-30,51.50970878807423
2024-07-31,54.5662399795701
2024-08-01,51.92676586232852
2024-08-02,49.418695975951096
2024-08-05,46.55640958971712
2024-08-06,47.36196499206118
2024-08-07,46.31074422149692
2024-08-08,49.15589187300579
2024-08-09,49.65293697394891
2024-08-12,49.8357574089884
2024-08-13,52.29240673240751
2024-08-14,52.332398566360425
2024-08-15,54.94901958437419
2024-08-16,55.046141987005136
2024-08-19,56.491566732595885
2024-08-20,56.24019135865597
2024-08-21,56.78293829927171
2024-08-22,54.937595214151784
2024-08-23,56.12021585679721
2024-08-26,55.01186451755491
2024-08-27,55.33751355368096
2024-08-28,54.05777050840458
2024-08-29,53.89208880809021
2024-08-30,55.160407483144176
2024-09-03,51.77251289101956
2024-09-04,51.49828005906884
2024-09-05,51.601116826202485
2024-09-06,48.81310410215464
2024-09-09,50.03571657875298
2024-09-10,50.94410438944769
2024-09-11,53.115100869476656
2024-09-12,54.20059910949114
2024-09-13,54.63479491847054
2024-09-16,54.13775417631041
2024-09-17,54.194884744988435
2024-09-18,53.68641527382291
2024-09-19,56.428721799415136
2024-09-20,56.17163206097251
2024-09-23,56.46871363336805
2024-09-24,57.005750568264084
2024-09-25,57.143438734522086
2024-09-26,57.95511801209977
2024-09-27,57.274905640647404
2024-09-30,57.56070857171053
2024-10-01,55.93163273685205
2024-10-02,56.12026371799531
2024-10-03,56.02880468677192
2024-10-04,57.36064739216767
2024-10-07,56.06881692268049
2024-10-08,57.74362227315066
2024-10-09,58.64104330224861
2024-10-10,58.51529367582641
2024-10-11,58.63533038355213
2024-10-14,59.618493164170346
2024-10-15,58.01799500581419
2024-10-16,58.03514248391692
2024-10-17,58.12660151514031
2024-10-18,58.835391563094994
2024-10-21,59.0583175004437
2024-10-22,59.1726369284663
2024-10-23,57.343499914064964
2024-10-24,58.263785700968754
2024-10-25,58.93256351301487
2024-10-28,58.95542827082072
2024-10-29,60.070057957564245
2024-10-30,59.161206730066695
2024-10-31,56.17742343200661
2024-11-01,56.960525033081964
2024-11-04,56.6061278286013
2024-11-05,58.05228996201965
2024-11-06,61.20755676312026
2024-11-07,63.13386572744147
2024-11-08,63.219607478961734
2024-11-11,63.139583007144594
2024-11-12,62.91665706979589
2024-11-13,62.73946064805887
2024-11-14,61.83632233925781
2024-11-15,58.84682176149461
2024-11-18,59.68708307658126
2024-11-19,60.48161487605622
2024-11-20,60.4073076839422
2024-11-21,60.84744227893649
2024-11-22,61.001778303874296
2024-11-25,61.19040928501755
2024-11-26,61.8306050595547
2024-11-27,60.84744227893649
2024-11-29,61.85346981736055
2024-12-02,63.20246000085903
2024-12-03,63.60258235994475
2024-12-04,65.15163808399272
2024-12-05,64.79152359980894
2024-12-06,65.92330512566183
2024-12-09,64.86583515292959
2024-12-10,64.39140124072321
2024-12-11,66.71211964543366
2024-12-12,65.83756337414157
2024-12-13,66.80929159535354
2024-12-16,68.73560492068138
2024-12-17,68.12398682264656
2024-12-18,63.20817728056215
2024-12-19,62.59655918252733
2024-12-20,63.705471589567736
2024-12-23,64.9007031105193
2024-12-24,66.65075587042762
2024-12-26,66.5306546382134
2024-12-27,64.7176910857142
2024-12-30,62.98479065800693
2024-12-31,61.903875204728166
2025-01-02,61.62935934919592
2025-01-03,63.64249162205216
2025-01-06,65.08943112494116
2025-01-07,62.74458819357851
2025-01-08,62.75602889951368
2025-01-10,60.75433296924176
2025-01-13,60.376868213696355
2025-01-14,60.23388993296265
2025-01-15,62.95619761987069
2025-01-16,62.11548463102035
2025-01-17,64.16293465833127
2025-01-21,64.85494901348031
2025-01-22,66.54781133376531
2025-01-23,66.83948824820031
2025-01-24,66.0502453460057
2025-01-27,62.14408203250743
2025-01-28,64.01423602462995
2025-01-29,63.75687686464962
2025-01-30,64.28875624351305
2025-01-31,64.05999012166895
2025-02-03,63.041985460981074
2025-02-04,64.5804287945972
2025-02-05,65.1466259279153
2025-02-06,65.80432252860967
2025-02-07,64.14005760981175
2025-02-10,65.64990790529164
2025-02-11,65.34107429530472
2025-02-12,65.41542143047994
2025-02-13,67.27985943298573
2025-02-14,67.79458211629725
2025-02-18,68.09197502034898
2025-02-19,68.12629277480364
2025-02-20,67.52006189741414
2025-02-21,64.70625037977896
2025-02-24,63.144929997643345
2025-02-25,61.54357150808547
2025-02-26,61.8238077165853
2025-02-27,58.4152060274958
2025-02-28,60.2167332374107
2025-03-03,57.64312418420395
2025-03-04,57.21990969497041
2025-03-05,58.71831928451513
2025-03-06,55.487009267263154
2025-03-07,56.25337512093828
2025-03-10,51.99262410041411
2025-03-11,51.615159344868715
2025-03-12,52.80473968777737
2025-03-13,50.871670539713094
2025-03-14,53.2965853225694
2025-03-17,53.98287932475086
2025-03-18,52.15847506631647
2025-03-19,53.48531333699125
2025-03-20,53.130729993316194
2025-03-21,53.50819038551074
2025-03-24,55.76152948614626
2025-03-25,56.42495080315908
2025-03-26,54.35233677297307
2025-03-27,53.70589529770962
2025-03-28,50.87987429316095
2025-03-31,50.845547147467514
2025-04-01,51.640723584071225
2025-04-02,52.39585532115334
2025-04-03,46.79529748377881
2025-04-04,41.08031873712275
2025-04-07,41.200452835687535
2025-04-08,39.667306052575974
2025-04-09,48.98632084981015
2025-04-10,44.981833439471195
2025-04-11,46.572190677223524
2025-04-14,47.218627787942076
2025-04-15,47.32732241430565
2025-04-16,44.48413565463781
2025-04-17,44.41548572779583
2025-04-21,42.24161938779387
2025-04-22,44.39832433722157
2025-04-23,46.37196281507065
2025-04-24,49.00920415875746
2025-04-25,50.09041541038539
2025-04-28,50.06753210143806
2025-04-29,50.685368349381136
2025-04-30,50.673928877179925
2025-05-01,51.91531892689422
2025-05-02,53.51139371847471
2025-05-05,52.88211799833043
2025-05-06,51.909597008521175
2025-05-07,52.298604531535894
2025-05-08,53.339771083642226
2025-05-09,53.24824221239783
2025-05-12,57.58453105565564
2025-05-13,59.31790133637517
2025-05-14,60.02726645556264
2025-05-15,60.15884439087353
2025-05-16,60.67370356628119
2025-05-19,60.75951488369744
2025-05-20,60.324740742788066
2025-05-21,58.6485765521644
2025-05-22,58.865965804891545
2025-05-23,57.74470985374202
2025-05-27,60.42771345077859
2025-05-28,59.91285427537094
2025-05-29,60.13023916355317
2025-05-30,59.91285427537094
2025-06-02,60.83388236436758
2025-06-03,61.80068143580379
2025-06-04,62.12103903197654
2025-06-05,61.14852240671218
2025-06-06,62.32698444795756
2025-06-09,62.498607082790045
2025-06-10,63.33382821891535
2025-06-11,62.89333652417782
2025-06-12,63.17937133920203
2025-06-13,61.56041323867422
2025-06-16,63.25373881987216
2025-06-17,61.9951873795836
2025-06-18,61.96658215226321
2025-06-20,61.411673912789055
2025-06-23,62.69310866202495
2025-06-24,64.59238402374882
2025-06-25,64.90358885500439
2025-06-26,66.12915700369953
2025-06-27,66.56440685265268
2025-06-30,67.41199383452314
2025-07-01,66.2379705582679
2025-07-02,67.17146274799128
2025-07-03,68.43139123209944
2025-07-07,67.40626565551419
2025-07-08,67.4578105279541
2025-07-09,68.40848288538399
2025-07-10,68.1908601455676
2025-07-11,67.86442385118282
2025-07-14,68.32830585654003
2025-07-15,68.43711941110841
2025-07-16,68.58602148009876
2025-07-17,69.68559590651903
2025-07-18,69.50806168112462
2025-07-21,70.2239311310316
2025-07-22,69.48515333440915
2025-07-23,70.10938939745427
2025-07-24,70.41864552413253
2025-07-25,70.69926512508637
2025-07-28,71.14597133205744
2025-07-29,70.93407240192964
2025-07-30,71.1001546386265
2025-07-31,70.30983196956416
2025-08-01,67.50362722138505
2025-08-04,69.98339567517938
2025-08-05,69.01554315004297
2025-08-06,70.75080999752626
2025-08-07,71.22614836090139
2025-08-08,72.51471337073397
2025-08-11,72.04510318636781
2025-08-12,73.87772723040156
2025-08-13,73.93500028185042
2025-08-14,73.80327401124619
2025-08-15,73.11031727737505
2025-08-18,73.06450058394411
2025-08-19,71.06006612420452
2025-08-20,70.19529460530717
2025-08-21,69.55387400523517
2025-08-22,71.66712201954313
2025-08-25,71.23760034959894
2025-08-26,71.81029590952453
2025-08-27,72.01073848163442
2025-08-28,72.88696198922932
2025-08-29,71.14024315304849
2025-09-02,69.96049169778429
2025-09-03,71.02570141947115
2025-09-04,72.31999460831268
2025-09-05,72.48034866600058
2025-09-08,73.19049430621898
2025-09-09,73.58565564075016
2025-09-10,73.6314723341811
2025-09-11,74.46760295803365
2025-09-12,75.10901918878528
2025-09-15,76.38613657924068
2025-09-16,76.21432616353485
2025-09-17,75.88788549982971
2025-09-18,77.29099661256001
2025-09-19,78.29893765211838
2025-09-22,79.2095214951263
2025-09-23,78.13858359443047
2025-09-24,77.59509236215042
2025-09-25,76.89619159038762
2025-09-26,77.51489106414252
2025-09-29,78.20806629364971
2025-09-30,78.59761295789211
2025-10-01,79.3538041173545
2025-10-02,79.9954145014177
2025-10-03,79.27360281934659
2025-10-06,80.4708967472095
2025-10-07,79.60586783717528
2025-10-08,81.41612695525158
2025-10-09,81.20416825507769
2025-10-10,75.5098498726591
2025-10-13,78.72937036005811
2025-10-14,77.6810279436998
2025-10-15,78.73510464359961
2025-10-16,78.15077590595011
2025-10-17,79.1475709594362
2025-10-20,81.1239669570698
2025-10-21,81.0781363951673
2025-10-22,79.4683761514678
2025-10-23,80.831806958888
2025-10-24,82.4816634809485
2025-10-27,85.43766916401549
2025-10-28,86.72662421568339
2025-10-29,87.51718611125118
2025-10-30,84.81324414800498
2025-10-31,85.63244249613669
2025-11-03,86.40009348139617
2025-11-04,82.85975906067968
2025-11-05,83.94820649668489
2025-11-06,80.80888730729379
2025-11-07,80.26466358929117
2025-11-10,83.78207835841349
2025-11-11,83.33524130647149
2025-11-12,83.1920240785084
2025-11-13,79.7719959754467
2025-11-14,79.8521972734546
2025-11-17,78.48304092377882
2025-11-18,76.57538639835602
2025-11-19,77.44614959193171
2025-11-20,73.79697742064342
2025-11-21,74.88542485664863
2025-11-24,78.74656446939673
2025-11-25,79.64023857328074
2025-11-26,81.04949120131755
2025-11-28,82.27543032303025
2025-12-01,81.74839197308034
2025-12-02,83.03162148249264
2025-12-03,83.39825723642673
2025-12-04,83.20348390430553
2025-12-05,83.89092485027123
2025-12-08,83.51282927054004
2025-12-09,83.75343316456373
2025-12-10,84.39505228991283
2025-12-11,83.84509428836874
2025-12-12,80.59119432357845
2025-12-15,79.77772151770235
2025-12-16,80.08707562522274
2025-12-17,77.08523938025324
2025-12-18,79.33088446576035
2025-12-19,81.40467587074043
2025-12-22,82.11502772701444
2025-12-23,82.90558962258224
2025-12-24,83.35586773416115
2025-12-26,83.29855922905668
2025-12-29,82.47336572223358
2025-12-30,82.07223241865296
2025-12-31,80.69691573664792
2026-01-02,80.34161874429063
2026-01-05,81.60232716013694
2026-01-06,83.04641579707737
2026-01-07,83.19540566867867
2026-01-08,82.23268574008519
2026-01-09,83.82576424862694
2026-01-12,83.97475412022825
2026-01-13,83.67677437702562
2026-01-14,81.93469725283235
2026-01-15,82.4504475666219
2026-01-16,82.23268574008519
2026-01-20,78.77146713541075
2026-01-21,80.84590560824923
2026-01-22,82.07223241865296
2026-01-23,82.57651928261157
2026-01-26,83.27564107344502
2026-01-27,84.76556602160876
2026-01-28,85.22400783029384
2026-01-29,84.26127915765015
2026-01-30,82.18684068481166
2026-02-02,83.35586773416112
2026-02-03,80.75421549770215
2026-02-04,77.91189202314503
2026-02-05,75.68845493465503
2026-02-06,78.84023034629593
2026-02-09,80.03217555125705
2026-02-10,79.28720870515006
2026-02-11,79.67687855889974
2026-02-12,76.433421780762
2026-02-13,76.69701991852203
2026-02-17,76.52510314725885
2026-02-18,77.64828514133478
2026-02-19,77.06377161666005
2026-02-20,78.39325198744176
2026-02-23,76.50218499164717
2026-02-24,78.08380005035798
2026-02-25,80.31870058867892
2026-02-26,78.43909704271528
2026-02-27,77.92334672892572
2026-03-02,78.08380005035797
2026-03-03,76.42195833093103
2026-03-04,78.67977702486363
2026-03-05,78.23279866600949
2026-03-06,75.86037170591817
2026-03-09,77.86604696787147
2026-03-10,77.83166536242886
2026-03-11,77.82020191259792
2026-03-12,75.16124991508471
2026-03-13,74.22144814210289
2026-03-16,75.86037170591817
2026-03-17,76.61679325780587
2026-03-18,74.43920122458938
2026-03-19,73.95784126029264
2026-03-20,71.20720352425747
2026-03-23,72.8690496157095
2026-03-24,71.7917126769071
2026-03-25,72.71203214639226
2026-03-26,69.27302701649039
2026-03-27,66.54474838901697
2026-03-30,65.52451090014681
2026-03-31,69.92643764133805
2026-04-01,71.63447877994129
2026-04-02,71.7605719614506
2026-04-06,72.62032324392607
2026-04-07,72.66617769515916
2026-04-08,76.89615680360801
2026-04-09,77.96224874371127
2026-04-10,78.16858940133908
2026-04-13,79.7734514652861
2026-04-14,82.65075487280652
2026-04-15,84.95489075867661
2026-04-16,85.74586473722358
2026-04-17,87.95829172062749
2026-04-20,87.43096990436796
2026-04-21,86.74317062755604
2026-04-22,89.62047403507646
2026-04-23,88.61170234547514
2026-04-24,91.9819214256062
2026-04-27,92.03924167610816
2026-04-28,90.18217575745793
2026-04-29,91.2941221487943
2026-04-30,92.9104587578525
2026-05-01,94.68727282746308
2026-05-04,94.32044596344058
2026-05-05,96.73921360447227
2026-05-06,100.70553180479136
2026-05-07,100.48773409373702
2026-05-08,105.14185157086803
2026-05-11,105.76087354375144
2026-05-12,103.96112787560317
2026-05-13,106.09331175580972
2026-05-14,107.64086231509711
2026-05-15,104.35087759232108
2026-05-18,103.39941740737942
2026-05-19,102.17283926088143
2026-05-20,105.52014423415942
2026-05-21,105.89842815160847
2026-05-22,106.72379078211968
2026-05-26,110.50669992334865
2026-05-27,110.2659706137566
2026-05-28,112.10010493386912
2026-05-29,112.86814731387838
2026-06-01,114.20935721553796
2026-06-02,115.24106050367699
2026-06-03,114.63350433006244
2026-06-04,113.51009213945721
2026-06-05,102.64284082663899
2026-06-08,105.74940774448261
2026-06-09,103.30771725075552
2026-06-10,99.16944704477287
2026-06-11,105.66916464128525
2026-06-12,107.04476319490908
2026-06-15,113.69350994438962
2026-06-16,109.42914218397652
2026-06-17,107.25110385253687
2026-06-18,112.23766828756843
2026-06-22,111.97400737943866
2026-06-23,104.56868404921771
2026-06-24,103.664227449222
2026-06-25,105.27017279946897
2026-06-26,102.2303414209688
2026-06-29,107.46115485147783
2026-06-30,110.99425212551272
2026-07-01,107.71352019272973
2026-07-02,103.93953111615781
2026-07-06,106.84171503706295
2026-07-07,102.88419309978244
2026-07-08,103.40038856925528
2026-07-09,106.84171503706297
2026-07-10,107.48409317716175
2026-07-13,103.38891503054045
2026-07-14,105.68313267574557
2026-07-15,105.08663993876038
2026-07-16,101.5994280678391
2026-07-17,98.5481231506241
2026-07-20,98.68577060821912
2026-07-21,102.35652409159478
2026-07-22,101.26676545907488
2026-07-23,97.5042499212178
2026-07-24,95.21003227601268
2026-07-27,94.6135395390275
2026-07-28,92.76669363449771
2026-07-29,88.99270455792579
2026-07-30,94.8429578028497
2026-07-31,95.97859308673742
2026-08-03,99.36256936446244
2026-08-04,106.06168068762345
2026-08-05,104.157484593011
2026-08-06,103.3889150305405
2026-08-07,105.77490348197281
2026-08-10,105.10957826444434
2026-08-11,104.36396453114929
2026-08-12,105.90108615259875
2026-08-13,108.32148646842982
2026-08-14,108.00029739838043
2026-08-17,107.6446877121865
