date,value
1999-03-10,51.0625
1999-03-11,51.3125
1999-03-12,50.0625
1999-03-15,51.5
1999-03-16,51.9375
1999-03-17,51.5625
1999-03-18,52.5625
1999-03-19,51.21875
1999-03-22,50.59375
1999-03-23,48.8125
1999-03-24,50.46875
1999-03-25,52.3125
1999-03-26,51.75
1999-03-29,53.625
1999-03-30,53.25
1999-03-31,52.46875
1999-04-01,53.5625
1999-04-05,55.5
1999-04-06,55.609375
1999-04-07,55.03125
1999-04-08,55.46875
1999-04-09,55.8125
1999-04-12,55.4375
1999-04-13,54.6875
1999-04-14,52.8125
1999-04-15,53.53125
1999-04-16,51.96875
1999-04-19,49.53125
1999-04-20,50.65625
1999-04-21,53.15625
1999-04-22,54.59375
1999-04-23,55.3125
1999-04-26,56.5859375
1999-04-27,55.71875
1999-04-28,53.8125
1999-04-29,53.375
1999-04-30,53.71875
1999-05-03,53.4375
1999-05-04,52.59375
1999-05-05,54.1875
1999-05-06,52.21875
1999-05-07,52.96875
1999-05-10,53.5
1999-05-11,54.34375
1999-05-12,55.46875
1999-05-13,54.4375
1999-05-14,53.40625
1999-05-17,54.3671875
1999-05-18,54.125
1999-05-19,54.875
1999-05-20,53.3671875
1999-05-21,52.875
1999-05-24,51.53125
1999-05-25,49.84375
1999-05-26,51.234375
1999-05-27,51.1875
1999-05-28,52.03125
1999-06-01,50.875
1999-06-02,51.734375
1999-06-03,51
1999-06-04,52.5625
1999-06-07,53.65625
1999-06-08,52.3125
1999-06-09,53.1875
1999-06-10,52.578125
1999-06-11,51.78125
1999-06-14,50.8046875
1999-06-15,51.5625
1999-06-16,54.2109375
1999-06-17,54.8125
1999-06-18,55.0625
1999-06-21,56.7109375
1999-06-22,55
1999-06-23,55.8671875
1999-06-24,54.7578125
1999-06-25,54.6875
1999-06-28,55.984375
1999-06-29,56.75
1999-06-30,57.625
1999-07-01,58.015625
1999-07-02,58.75
1999-07-06,58.375
1999-07-07,58.46875
1999-07-08,59.25
1999-07-09,59.84375
1999-07-12,59.53125
1999-07-13,59.25
1999-07-14,60.2578125
1999-07-15,60.8125
1999-07-16,61.375
1999-07-19,60.75
1999-07-20,58.40625
1999-07-21,58.6875
1999-07-22,57.1953125
1999-07-23,57.28125
1999-07-26,55.875
1999-07-27,57
1999-07-28,58.1171875
1999-07-29,56.875
1999-07-30,56.59375
1999-08-02,56.4375
1999-08-03,56.0703125
1999-08-04,55.0546875
1999-08-05,55.9296875
1999-08-06,55.328125
1999-08-09,54.6171875
1999-08-10,54.125
1999-08-11,55.90625
1999-08-12,55.25
1999-08-13,57.65625
1999-08-16,58.1171875
1999-08-17,58.40625
1999-08-18,57.75
1999-08-19,57.0625
1999-08-20,57.96875
1999-08-23,59.8125
1999-08-24,60.21875
1999-08-25,61.5
1999-08-26,60.4765625
1999-08-27,59.875
1999-08-30,59.03125
1999-08-31,59.6875
1999-09-01,60.1171875
1999-09-02,59.90625
1999-09-03,62.65625
1999-09-07,62.375
1999-09-08,61.53125
1999-09-09,62.40625
1999-09-10,63.125
1999-09-13,62.3671875
1999-09-14,62.7109375
1999-09-15,61.5
1999-09-16,61.46875
1999-09-17,63.3125
1999-09-20,63.4609375
1999-09-21,61.9375
1999-09-22,62.59375
1999-09-23,60
1999-09-24,60.078125
1999-09-27,60.5
1999-09-28,60.78125
1999-09-29,59.5625
1999-09-30,60.1875
1999-10-01,60.2109375
1999-10-04,61.5625
1999-10-05,62
1999-10-06,63.2421875
1999-10-07,63.09375
1999-10-08,63.7578125
1999-10-11,64.65625
1999-10-12,63.1875
1999-10-13,61.3125
1999-10-14,61.6953125
1999-10-15,59.875
1999-10-18,59.1171875
1999-10-19,59.4375
1999-10-20,61.25
1999-10-21,62.25
1999-10-22,61.96875
1999-10-25,62
1999-10-26,61.5
1999-10-27,61.40625
1999-10-28,63.53125
1999-10-29,65.75
1999-11-01,65.40625
1999-11-02,65.4453125
1999-11-03,66.75
1999-11-04,67.5
1999-11-05,68.1875
1999-11-08,69.5625
1999-11-09,69.09375
1999-11-10,70
1999-11-11,71.25
1999-11-12,72.1875
1999-11-15,72.046875
1999-11-16,73.875
1999-11-17,72.875
1999-11-18,75.109375
1999-11-19,75.78125
1999-11-22,74.625
1999-11-23,74.96875
1999-11-24,77.4375
1999-11-26,77.6875
1999-11-29,76.40625
1999-11-30,73.5
1999-12-01,75.09375
1999-12-02,77.4765625
1999-12-03,79.125
1999-12-06,79.84375
1999-12-07,79.84375
1999-12-08,78.875
1999-12-09,79.25
1999-12-10,79.90625
1999-12-13,80.9921875
1999-12-14,79.53125
1999-12-15,81.0625
1999-12-16,83.0625
1999-12-17,83.78125
1999-12-20,84.875
1999-12-21,89.4375
1999-12-22,89.15625
1999-12-23,90.21875
1999-12-27,89.6875
1999-12-28,89.125
1999-12-29,92.5
1999-12-30,91.5
1999-12-31,91.375
2000-01-03,94.75
2000-01-04,88.25
2000-01-05,86
2000-01-06,80.09375
2000-01-07,90
2000-01-10,92.5
2000-01-11,88
2000-01-12,86.0625
2000-01-13,91.25
2000-01-14,93.375
2000-01-18,93.875
2000-01-19,96
2000-01-20,95.0625
2000-01-21,96.25
2000-01-24,91.625
2000-01-25,93
2000-01-26,89.25
2000-01-27,90.5625
2000-01-28,86
2000-01-31,89.6875
2000-02-01,92.09375
2000-02-02,92.875
2000-02-03,96.5
2000-02-04,97.15625
2000-02-07,98.5
2000-02-08,102.625
2000-02-09,99
2000-02-10,102.25
2000-02-11,99.875
2000-02-14,99.75
2000-02-15,100.46875
2000-02-16,100
2000-02-17,102.125
2000-02-18,98.4375
2000-02-22,98.75
2000-02-23,104.25
2000-02-24,106.5
2000-02-25,104.0625
2000-02-28,104
2000-02-29,106.75
2000-03-01,107.625
2000-03-02,105.1328125
2000-03-03,111.0625
2000-03-06,111.9375
2000-03-07,110.25
2000-03-08,111.25
2000-03-09,115
2000-03-10,114.5
2000-03-13,111.5
2000-03-14,107.375
2000-03-15,102.875
2000-03-16,108.75
2000-03-17,110.8125
2000-03-20,107.6875
2000-03-21,111.75
2000-03-22,114
2000-03-23,116
2000-03-24,117.5625
2000-03-27,117.75
2000-03-28,114.75
2000-03-29,110
2000-03-30,107.25
2000-03-31,109.5
2000-04-03,102.9375
2000-04-04,101.9375
2000-04-05,100.125
2000-04-06,102.5
2000-04-07,106.625
2000-04-10,100.125
2000-04-11,97.75
2000-04-12,92
2000-04-13,88
2000-04-14,80.375
2000-04-17,89.625
2000-04-18,92
2000-04-19,89.1875
2000-04-20,87.25
2000-04-24,84.75
2000-04-25,90.46875
2000-04-26,87.375
2000-04-27,91.25
2000-04-28,94.75
2000-05-01,95.625
2000-05-02,90.125
2000-05-03,89.125
2000-05-04,89.3125
2000-05-05,91.4375
2000-05-08,87.875
2000-05-09,86
2000-05-10,79.75
2000-05-11,84.625
2000-05-12,84.625
2000-05-15,88.3125
2000-05-16,90.8125
2000-05-17,88.9375
2000-05-18,85.75
2000-05-19,81.6875
2000-05-22,81.625
2000-05-23,74.8125
2000-05-24,79.5
2000-05-25,77.75
2000-05-26,77.75
2000-05-30,85.5625
2000-05-31,83.125
2000-06-01,87.375
2000-06-02,93.625
2000-06-05,93.859375
2000-06-06,91.25
2000-06-07,93.6875
2000-06-08,93.25
2000-06-09,93.75
2000-06-12,90.75
2000-06-13,94.25
2000-06-14,92.125
2000-06-15,93.75
2000-06-16,94.25
2000-06-19,98
2000-06-20,97.625
2000-06-21,98.875
2000-06-22,95.25
2000-06-23,91.5
2000-06-26,94
2000-06-27,92.875
2000-06-28,94
2000-06-29,91.640625
2000-06-30,93.4375
2000-07-03,95.25
2000-07-05,91.5625
2000-07-06,94
2000-07-07,95.9375
2000-07-10,94.484375
2000-07-11,95
2000-07-12,97.25
2000-07-13,98.5
2000-07-14,100.625
2000-07-17,101.75
2000-07-18,99.5
2000-07-19,97.25
2000-07-20,100.375
2000-07-21,97
2000-07-24,95
2000-07-25,95.75
2000-07-26,95.625
2000-07-27,91.875
2000-07-28,86.875
2000-07-31,89.4375
2000-08-01,88.25
2000-08-02,86.6875
2000-08-03,90.4375
2000-08-04,90.125
2000-08-07,92.25
2000-08-08,94.125
2000-08-09,91.625
2000-08-10,89.8125
2000-08-11,91.0625
2000-08-14,93
2000-08-15,93
2000-08-16,93.9375
2000-08-17,95.75
2000-08-18,95.25
2000-08-21,95.5
2000-08-22,95.5
2000-08-23,97.0625
2000-08-24,98.5625
2000-08-25,98.03125
2000-08-28,98.5
2000-08-29,99
2000-08-30,98.875
2000-08-31,101.625
2000-09-01,102.625
2000-09-05,99.5
2000-09-06,96
2000-09-07,98.125
2000-09-08,95.125
2000-09-11,92.8125
2000-09-12,91.375
2000-09-13,93.5
2000-09-14,93
2000-09-15,91.3125
2000-09-18,89.875
2000-09-19,93.1875
2000-09-20,94.625
2000-09-21,87.75
2000-09-22,92.9375
2000-09-25,90.46875
2000-09-26,89.4375
2000-09-27,89.5625
2000-09-28,91.5625
2000-09-29,88.75
2000-10-02,86.75
2000-10-03,84
2000-10-04,85.625
2000-10-05,85.875
2000-10-06,83
2000-10-09,82.625
2000-10-10,78.3125
2000-10-11,77.0625
2000-10-12,75.125
2000-10-13,81.25
2000-10-16,82
2000-10-17,78.25
2000-10-18,78
2000-10-19,85.0625
2000-10-20,86.3125
2000-10-23,86.1875
2000-10-24,82.5
2000-10-25,77.875
2000-10-26,79.875
2000-10-27,79.71875
2000-10-30,76.765625
2000-10-31,81.703125
2000-11-01,81
2000-11-02,82
2000-11-03,83.0625
2000-11-06,82.4375
2000-11-07,82.125
2000-11-08,75.703125
2000-11-09,75.6875
2000-11-10,71.75
2000-11-13,71.859375
2000-11-14,75.84375
2000-11-15,77.375
2000-11-16,72.875
2000-11-17,72.828125
2000-11-20,69.859375
2000-11-21,69.75
2000-11-22,66.625
2000-11-24,70.4375
2000-11-27,69.5625
2000-11-28,65.453125
2000-11-29,62.9375
2000-11-30,62.984375
2000-12-01,64
2000-12-04,65
2000-12-05,70.6875
2000-12-06,68
2000-12-07,66.5
2000-12-08,68
2000-12-11,74.375
2000-12-12,71.65625
2000-12-13,68.734375
2000-12-14,65.375
2000-12-15,63.875
2000-12-18,64
2000-12-19,59.125
2000-12-20,55.734375
2000-12-21,56.0625
2000-12-22,60.5
2000-12-26,60.875
2000-12-27,61.5625
2000-12-28,61.4375
2000-12-29,58.375
2001-01-02,53.4375
2001-01-03,62.4375
2001-01-04,61.3125
2001-01-05,56.625
2001-01-08,57.25
2001-01-09,57.25
2001-01-10,60.1875
2001-01-11,61.9375
2001-01-12,62.734375
2001-01-16,61.984375
2001-01-17,63.875
2001-01-18,66.5625
2001-01-19,66.3125
2001-01-22,66.375
2001-01-23,67.765625
2001-01-24,67.125
2001-01-25,64.5
2001-01-26,65.546875
2001-01-29,67
2001-01-30,66.75
2001-01-31,64.30000305175781
2001-02-01,65.1500015258789
2001-02-02,61.54999923706055
2001-02-05,61.5
2001-02-06,61.599998474121094
2001-02-07,60.599998474121094
2001-02-08,58.790000915527344
2001-02-09,56.400001525878906
2001-02-12,57.08000183105469
2001-02-13,55.25
2001-02-14,57.45000076293945
2001-02-15,58.400001525878906
2001-02-16,55.130001068115234
2001-02-20,52.9900016784668
2001-02-21,51.5
2001-02-22,51
2001-02-23,51.18000030517578
2001-02-26,52.150001525878906
2001-02-27,49
2001-02-28,47.45000076293945
2001-03-01,48.79999923706055
2001-03-02,46.70000076293945
2001-03-05,47.54999923706055
2001-03-06,49.400001525878906
2001-03-07,49.41999816894531
2001-03-08,48.5
2001-03-09,45.099998474121094
2001-03-12,42.29999923706055
2001-03-13,44.45000076293945
2001-03-14,43.75
2001-03-15,42.150001525878906
2001-03-16,41.20000076293945
2001-03-19,43.2599983215332
2001-03-20,40.349998474121094
2001-03-21,40.349998474121094
2001-03-22,42.79999923706055
2001-03-23,42.79999923706055
2001-03-26,41.810001373291016
2001-03-27,43.25
2001-03-28,39.70000076293945
2001-03-29,38.95000076293945
2001-03-30,39.150001525878906
2001-04-02,37.400001525878906
2001-04-03,34.65999984741211
2001-04-04,34.04999923706055
2001-04-05,37.310001373291016
2001-04-06,35.95000076293945
2001-04-09,37.04999923706055
2001-04-10,39.79999923706055
2001-04-11,41
2001-04-12,42.79999923706055
2001-04-16,40.25
2001-04-17,41.25
2001-04-18,45.54999923706055
2001-04-19,48.29999923706055
2001-04-20,48.400001525878906
2001-04-23,45.150001525878906
2001-04-24,44.29999923706055
2001-04-25,45.099998474121094
2001-04-26,43.95000076293945
2001-04-27,45.150001525878906
2001-04-30,46.150001525878906
2001-05-01,48.04999923706055
2001-05-02,48.97999954223633
2001-05-03,46.79999923706055
2001-05-04,48.20000076293945
2001-05-07,47.20000076293945
2001-05-08,48.20000076293945
2001-05-09,46.54999923706055
2001-05-10,45.77000045776367
2001-05-11,45.54999923706055
2001-05-14,44.81999969482422
2001-05-15,45.150001525878906
2001-05-16,47.150001525878906
2001-05-17,47.900001525878906
2001-05-18,48.040000915527344
2001-05-21,51.04999923706055
2001-05-22,50.900001525878906
2001-05-23,48.650001525878906
2001-05-24,49.900001525878906
2001-05-25,48.9900016784668
2001-05-29,46.119998931884766
2001-05-30,44.43000030517578
2001-05-31,44.72999954223633
2001-06-01,46.04999923706055
2001-06-04,45.83000183105469
2001-06-05,47.849998474121094
2001-06-06,47.47999954223633
2001-06-07,48.70000076293945
2001-06-08,47.349998474121094
2001-06-11,46.04999923706055
2001-06-12,45.79999923706055
2001-06-13,44.54999923706055
2001-06-14,42.25
2001-06-15,42.599998474121094
2001-06-18,42.029998779296875
2001-06-19,41.81999969482422
2001-06-20,42.77000045776367
2001-06-21,43.349998474121094
2001-06-22,43.25
2001-06-25,43.36000061035156
2001-06-26,43.5099983215332
2001-06-27,43.790000915527344
2001-06-28,44.349998474121094
2001-06-29,45.70000076293945
2001-07-02,45.45000076293945
2001-07-03,45.63999938964844
2001-07-05,43.45000076293945
2001-07-06,41.650001525878906
2001-07-09,42.0099983215332
2001-07-10,40.5
2001-07-11,41
2001-07-12,43.599998474121094
2001-07-13,43.150001525878906
2001-07-16,42.349998474121094
2001-07-17,43.29999923706055
2001-07-18,41.650001525878906
2001-07-19,42.63999938964844
2001-07-20,41.650001525878906
2001-07-23,40.61000061035156
2001-07-24,40.150001525878906
2001-07-25,40.5
2001-07-26,41.099998474121094
2001-07-27,41.95000076293945
2001-07-30,41.70000076293945
2001-07-31,41.7599983215332
2001-08-01,43.099998474121094
2001-08-02,43.90999984741211
2001-08-03,43.18000030517578
2001-08-06,42.5
2001-08-07,42.279998779296875
2001-08-08,40.5
2001-08-09,40.66999816894531
2001-08-10,40.279998779296875
2001-08-13,41.099998474121094
2001-08-14,40.599998474121094
2001-08-15,39.099998474121094
2001-08-16,39.560001373291016
2001-08-17,37.7599983215332
2001-08-20,38.279998779296875
2001-08-21,36.689998626708984
2001-08-22,37.689998626708984
2001-08-23,37.31999969482422
2001-08-24,39.29999923706055
2001-08-27,39.349998474121094
2001-08-28,38.119998931884766
2001-08-29,37.560001373291016
2001-08-30,36.16999816894531
2001-08-31,36.630001068115234
2001-09-04,35.470001220703125
2001-09-05,35.33000183105469
2001-09-06,33.900001525878906
2001-09-07,33.70000076293945
2001-09-10,34.099998474121094
2001-09-17,31.200000762939453
2001-09-18,30.5
2001-09-19,29.969999313354492
2001-09-20,28.969999313354492
2001-09-21,28.190000534057617
2001-09-24,29.610000610351562
2001-09-25,29.700000762939453
2001-09-26,28.670000076293945
2001-09-27,28.479999542236328
2001-09-28,28.979999542236328
2001-10-01,28.729999542236328
2001-10-02,28.81999969482422
2001-10-03,31
2001-10-04,31.299999237060547
2001-10-05,31.760000228881836
2001-10-08,31.860000610351562
2001-10-09,31.09000015258789
2001-10-10,32.5
2001-10-11,34.70000076293945
2001-10-12,34.54999923706055
2001-10-15,34.400001525878906
2001-10-16,34.959999084472656
2001-10-17,32.45000076293945
2001-10-18,33.33000183105469
2001-10-19,33.54999923706055
2001-10-22,34.45000076293945
2001-10-23,34.630001068115234
2001-10-24,35.380001068115234
2001-10-25,36.79999923706055
2001-10-26,36.0099983215332
2001-10-29,34.040000915527344
2001-10-30,33.380001068115234
2001-10-31,33.900001525878906
2001-11-01,35.34000015258789
2001-11-02,35.599998474121094
2001-11-05,36.7599983215332
2001-11-06,38.189998626708984
2001-11-07,38.13999938964844
2001-11-08,37.75
2001-11-09,37.72999954223633
2001-11-12,38
2001-11-13,39.36000061035156
2001-11-14,39.63999938964844
2001-11-15,39.47999954223633
2001-11-16,39.369998931884766
2001-11-19,40.4900016784668
2001-11-20,38.619998931884766
2001-11-21,38.41999816894531
2001-11-23,39.279998779296875
2001-11-26,40.25
2001-11-27,40.20000076293945
2001-11-28,38.75
2001-11-29,39.95000076293945
2001-11-30,39.650001525878906
2001-12-03,38.970001220703125
2001-12-04,40.83000183105469
2001-12-05,42.849998474121094
2001-12-06,42.90999984741211
2001-12-07,41.72999954223633
2001-12-10,41
2001-12-11,41.22999954223633
2001-12-12,41.560001373291016
2001-12-13,39.7599983215332
2001-12-14,40.11000061035156
2001-12-17,40.79999923706055
2001-12-18,41.2599983215332
2001-12-19,40.5099983215332
2001-12-20,38.790000915527344
2001-12-21,39.47999954223633
2001-12-24,39.31999969482422
2001-12-26,39.689998626708984
2001-12-27,40.0099983215332
2001-12-28,40.33000183105469
2001-12-31,38.90999984741211
2002-01-02,40.11000061035156
2002-01-03,41.5
2002-01-04,41.66999816894531
2002-01-07,41.209999084472656
2002-01-08,41.4900016784668
2002-01-09,41.11000061035156
2002-01-10,41.380001068115234
2002-01-11,40.849998474121094
2002-01-14,39.959999084472656
2002-01-15,40.34000015258789
2002-01-16,38.779998779296875
2002-01-17,39.650001525878906
2002-01-18,38.59000015258789
2002-01-22,37.400001525878906
2002-01-23,38.43000030517578
2002-01-24,38.939998626708984
2002-01-25,38.83000183105469
2002-01-28,39.04999923706055
2002-01-29,37.97999954223633
2002-01-30,38.27000045776367
2002-01-31,38.5099983215332
2002-02-01,38.13999938964844
2002-02-04,36.91999816894531
2002-02-05,36.310001373291016
2002-02-06,36.060001373291016
2002-02-07,35.189998626708984
2002-02-08,36.16999816894531
2002-02-11,36.630001068115234
2002-02-12,36.33000183105469
2002-02-13,36.95000076293945
2002-02-14,36.880001068115234
2002-02-15,35.779998779296875
2002-02-19,34.68000030517578
2002-02-20,35.150001525878906
2002-02-21,33.47999954223633
2002-02-22,33.650001525878906
2002-02-25,35.0099983215332
2002-02-26,34.880001068115234
2002-02-27,34.400001525878906
2002-02-28,33.779998779296875
2002-03-01,35.7400016784668
2002-03-04,37.150001525878906
2002-03-05,37.41999816894531
2002-03-06,37.599998474121094
2002-03-07,37.68000030517578
2002-03-08,38.66999816894531
2002-03-11,38.529998779296875
2002-03-12,38
2002-03-13,37.08000183105469
2002-03-14,36.86000061035156
2002-03-15,37.22999954223633
2002-03-18,37.439998626708984
2002-03-19,37.380001068115234
2002-03-20,36.060001373291016
2002-03-21,37.02000045776367
2002-03-22,36.68000030517578
2002-03-25,35.560001373291016
2002-03-26,35.88999938964844
2002-03-27,35.61000061035156
2002-03-28,36.060001373291016
2002-04-01,36.75
2002-04-02,35.09000015258789
2002-04-03,35.029998779296875
2002-04-04,34.7599983215332
2002-04-05,34.369998931884766
2002-04-08,34.79999923706055
2002-04-09,33.59000015258789
2002-04-10,33.84000015258789
2002-04-11,33
2002-04-12,33.52000045776367
2002-04-15,33.790000915527344
2002-04-16,35.20000076293945
2002-04-17,35.02000045776367
2002-04-18,34.349998474121094
2002-04-19,34.459999084472656
2002-04-22,33.59000015258789
2002-04-23,33.0099983215332
2002-04-24,32.5
2002-04-25,32.41999816894531
2002-04-26,31.040000915527344
2002-04-29,31.1200008392334
2002-04-30,31.729999542236328
2002-05-01,31.559999465942383
2002-05-02,30.510000228881836
2002-05-03,29.739999771118164
2002-05-06,28.969999313354492
2002-05-07,28.700000762939453
2002-05-08,31.770000457763672
2002-05-09,30.950000762939453
2002-05-10,29.559999465942383
2002-05-13,30.760000228881836
2002-05-14,32.56999969482422
2002-05-15,32.810001373291016
2002-05-16,32.86000061035156
2002-05-17,32.93000030517578
2002-05-20,32.209999084472656
2002-05-21,31.329999923706055
2002-05-22,31.399999618530273
2002-05-23,32.029998779296875
2002-05-24,31.239999771118164
2002-05-28,31.100000381469727
2002-05-29,30.280000686645508
2002-05-30,30.540000915527344
2002-05-31,30.040000915527344
2002-06-03,28.979999542236328
2002-06-04,29.360000610351562
2002-06-05,29.65999984741211
2002-06-06,28.8799991607666
2002-06-07,28.299999237060547
2002-06-10,28.25
2002-06-11,27.459999084472656
2002-06-12,27.860000610351562
2002-06-13,27.68000030517578
2002-06-14,27.6200008392334
2002-06-17,28.559999465942383
2002-06-18,29.020000457763672
2002-06-19,27.34000015258789
2002-06-20,26.459999084472656
2002-06-21,25.81999969482422
2002-06-24,26.329999923706055
2002-06-25,25.459999084472656
2002-06-26,25.649999618530273
2002-06-27,26.209999084472656
2002-06-28,26.100000381469727
2002-07-01,24.850000381469727
2002-07-02,23.950000762939453
2002-07-03,24.75
2002-07-05,26.34000015258789
2002-07-08,25.3799991607666
2002-07-09,24.65999984741211
2002-07-10,23.899999618530273
2002-07-11,24.799999237060547
2002-07-12,24.799999237060547
2002-07-15,25.56999969482422
2002-07-16,25.190000534057617
2002-07-17,25.649999618530273
2002-07-18,24.729999542236328
2002-07-19,23.989999771118164
2002-07-22,23.399999618530273
2002-07-23,22.399999618530273
2002-07-24,23.6200008392334
2002-07-25,22.25
2002-07-26,22.670000076293945
2002-07-29,23.829999923706055
2002-07-30,24.309999465942383
2002-07-31,23.850000381469727
2002-08-01,22.729999542236328
2002-08-02,22.25
2002-08-05,21.440000534057617
2002-08-06,22.5
2002-08-07,22.799999237060547
2002-08-08,23.56999969482422
2002-08-09,23.329999923706055
2002-08-12,23.399999618530273
2002-08-13,22.600000381469727
2002-08-14,24.040000915527344
2002-08-15,24.530000686645508
2002-08-16,24.700000762939453
2002-08-19,25.299999237060547
2002-08-20,25.190000534057617
2002-08-21,25.75
2002-08-22,26.15999984741211
2002-08-23,25.149999618530273
2002-08-26,25.25
2002-08-27,24.3700008392334
2002-08-28,23.479999542236328
2002-08-29,23.790000915527344
2002-08-30,23.489999771118164
2002-09-03,22.639999389648438
2002-09-04,22.729999542236328
2002-09-05,22.170000076293945
2002-09-06,22.850000381469727
2002-09-09,23.079999923706055
2002-09-10,23.649999618530273
2002-09-11,23.450000762939453
2002-09-12,22.809999465942383
2002-09-13,22.989999771118164
2002-09-16,22.65999984741211
2002-09-17,22.18000030517578
2002-09-18,21.93000030517578
2002-09-19,21.579999923706055
2002-09-20,21.670000076293945
2002-09-23,21.020000457763672
2002-09-24,21.030000686645508
2002-09-25,21.8700008392334
2002-09-26,21.600000381469727
2002-09-27,21.309999465942383
2002-09-30,20.719999313354492
2002-10-01,21.979999542236328
2002-10-02,21.25
2002-10-03,20.739999771118164
2002-10-04,20.350000381469727
2002-10-07,20.15999984741211
2002-10-08,20.200000762939453
2002-10-09,20.059999465942383
2002-10-10,21.079999923706055
2002-10-11,22.219999313354492
2002-10-14,22.479999542236328
2002-10-15,23.559999465942383
2002-10-16,22.780000686645508
2002-10-17,23.549999237060547
2002-10-18,23.809999465942383
2002-10-21,24.290000915527344
2002-10-22,24.139999389648438
2002-10-23,24.600000381469727
2002-10-24,23.979999542236328
2002-10-25,24.700000762939453
2002-10-28,24.489999771118164
2002-10-29,23.920000076293945
2002-10-30,24.559999465942383
2002-10-31,24.549999237060547
2002-11-01,25.25
2002-11-04,25.899999618530273
2002-11-05,26.100000381469727
2002-11-06,26.469999313354492
2002-11-07,25.540000915527344
2002-11-08,25.06999969482422
2002-11-11,24.309999465942383
2002-11-12,24.93000030517578
2002-11-13,25.229999542236328
2002-11-14,26.100000381469727
2002-11-15,26.440000534057617
2002-11-18,26.049999237060547
2002-11-19,25.649999618530273
2002-11-20,26.739999771118164
2002-11-21,27.729999542236328
2002-11-22,27.719999313354492
2002-11-25,27.989999771118164
2002-11-26,27.049999237060547
2002-11-27,27.90999984741211
2002-11-29,27.719999313354492
2002-12-02,28
2002-12-03,27.170000076293945
2002-12-04,26.56999969482422
2002-12-05,26.200000762939453
2002-12-06,26.469999313354492
2002-12-09,25.219999313354492
2002-12-10,25.600000381469727
2002-12-11,25.719999313354492
2002-12-12,25.860000610351562
2002-12-13,25.040000915527344
2002-12-16,25.850000381469727
2002-12-17,25.93000030517578
2002-12-18,25.3799991607666
2002-12-19,25.059999465942383
2002-12-20,25.31999969482422
2002-12-23,25.670000076293945
2002-12-24,25.350000381469727
2002-12-26,25.280000686645508
2002-12-27,24.81999969482422
2002-12-30,24.6299991607666
2002-12-31,24.3700008392334
2003-01-02,25.399999618530273
2003-01-03,25.68000030517578
2003-01-06,26.31999969482422
2003-01-07,26.649999618530273
2003-01-08,25.899999618530273
2003-01-09,26.700000762939453
2003-01-10,27.100000381469727
2003-01-13,26.940000534057617
2003-01-14,27.079999923706055
2003-01-15,26.739999771118164
2003-01-16,26.440000534057617
2003-01-17,25.309999465942383
2003-01-21,25.030000686645508
2003-01-22,24.93000030517578
2003-01-23,25.510000228881836
2003-01-24,24.81999969482422
2003-01-27,24.530000686645508
2003-01-28,24.780000686645508
2003-01-29,25.149999618530273
2003-01-30,24.5
2003-01-31,24.440000534057617
2003-02-03,24.489999771118164
2003-02-04,24.190000534057617
2003-02-05,24.079999923706055
2003-02-06,24.209999084472656
2003-02-07,23.809999465942383
2003-02-10,24.020000457763672
2003-02-11,24.149999618530273
2003-02-12,23.81999969482422
2003-02-13,23.940000534057617
2003-02-14,24.489999771118164
2003-02-18,25.25
2003-02-19,25.079999923706055
2003-02-20,24.979999542236328
2003-02-21,25.170000076293945
2003-02-24,24.739999771118164
2003-02-25,24.770000457763672
2003-02-26,24.219999313354492
2003-02-27,24.770000457763672
2003-02-28,25.15999984741211
2003-03-03,24.649999618530273
2003-03-04,24.5
2003-03-05,24.549999237060547
2003-03-06,24.489999771118164
2003-03-07,24.540000915527344
2003-03-10,24.010000228881836
2003-03-11,23.799999237060547
2003-03-12,24.229999542236328
2003-03-13,25.6200008392334
2003-03-14,25.719999313354492
2003-03-17,26.600000381469727
2003-03-18,26.93000030517578
2003-03-19,26.700000762939453
2003-03-20,26.799999237060547
2003-03-21,27.170000076293945
2003-03-24,26.040000915527344
2003-03-25,26.40999984741211
2003-03-26,26.559999465942383
2003-03-27,26.3700008392334
2003-03-28,26.079999923706055
2003-03-31,25.25
2003-04-01,25.450000762939453
2003-04-02,26.149999618530273
2003-04-03,26.479999542236328
2003-04-04,26.049999237060547
2003-04-07,26.09000015258789
2003-04-08,26.059999465942383
2003-04-09,25.459999084472656
2003-04-10,25.770000457763672
2003-04-11,25.510000228881836
2003-04-14,26.030000686645508
2003-04-15,26.280000686645508
2003-04-16,26.219999313354492
2003-04-17,26.81999969482422
2003-04-21,26.920000076293945
2003-04-22,27.43000030517578
2003-04-23,27.6299991607666
2003-04-24,27.479999542236328
2003-04-25,26.950000762939453
2003-04-28,27.479999542236328
2003-04-29,27.729999542236328
2003-04-30,27.450000762939453
2003-05-01,27.690000534057617
2003-05-02,28.280000686645508
2003-05-05,28.25
2003-05-06,28.610000610351562
2003-05-07,28.290000915527344
2003-05-08,27.770000457763672
2003-05-09,28.40999984741211
2003-05-12,28.84000015258789
2003-05-13,28.65999984741211
2003-05-14,28.600000381469727
2003-05-15,28.920000076293945
2003-05-16,28.700000762939453
2003-05-19,27.690000534057617
2003-05-20,27.770000457763672
2003-05-21,27.690000534057617
2003-05-22,28.09000015258789
2003-05-23,28.100000381469727
2003-05-27,29.100000381469727
2003-05-28,29.190000534057617
2003-05-29,29.309999465942383
2003-05-30,29.790000915527344
2003-06-02,29.579999923706055
2003-06-03,29.860000610351562
2003-06-04,30.420000076293945
2003-06-05,30.639999389648438
2003-06-06,30.1299991607666
2003-06-09,29.729999542236328
2003-06-10,30.18000030517578
2003-06-11,30.520000457763672
2003-06-12,30.649999618530273
2003-06-13,29.959999084472656
2003-06-16,30.8799991607666
2003-06-17,30.760000228881836
2003-06-18,30.920000076293945
2003-06-19,30.420000076293945
2003-06-20,30.3799991607666
2003-06-23,29.90999984741211
2003-06-24,29.68000030517578
2003-06-25,29.520000457763672
2003-06-26,30.219999313354492
2003-06-27,29.829999923706055
2003-06-30,29.950000762939453
2003-07-01,30.350000381469727
2003-07-02,30.969999313354492
2003-07-03,30.579999923706055
2003-07-07,31.889999389648438
2003-07-08,32.279998779296875
2003-07-09,32.20000076293945
2003-07-10,31.600000381469727
2003-07-11,31.84000015258789
2003-07-14,32.220001220703125
2003-07-15,32.2599983215332
2003-07-16,32.15999984741211
2003-07-17,31.18000030517578
2003-07-18,31.280000686645508
2003-07-21,30.8799991607666
2003-07-22,31.34000015258789
2003-07-23,31.600000381469727
2003-07-24,31.18000030517578
2003-07-25,31.799999237060547
2003-07-28,31.889999389648438
2003-07-29,31.649999618530273
2003-07-30,31.420000076293945
2003-07-31,31.799999237060547
2003-08-01,31.459999084472656
2003-08-04,31.450000762939453
2003-08-05,30.209999084472656
2003-08-06,30.190000534057617
2003-08-07,30.309999465942383
2003-08-08,30.06999969482422
2003-08-11,30.399999618530273
2003-08-12,30.860000610351562
2003-08-13,30.8700008392334
2003-08-14,30.899999618530273
2003-08-15,31.170000076293945
2003-08-18,31.969999313354492
2003-08-19,32.369998931884766
2003-08-20,32.290000915527344
2003-08-21,32.63999938964844
2003-08-22,32.439998626708984
2003-08-25,32.5099983215332
2003-08-26,32.540000915527344
2003-08-27,32.79999923706055
2003-08-28,33.09000015258789
2003-08-29,33.38999938964844
2003-09-02,33.869998931884766
2003-09-03,33.849998474121094
2003-09-04,34.15999984741211
2003-09-05,33.939998626708984
2003-09-08,34.5
2003-09-09,34.09000015258789
2003-09-10,33.27000045776367
2003-09-11,33.63999938964844
2003-09-12,33.81999969482422
2003-09-15,33.4900016784668
2003-09-16,34.400001525878906
2003-09-17,34.2599983215332
2003-09-18,34.779998779296875
2003-09-19,34.58000183105469
2003-09-22,33.91999816894531
2003-09-23,34.52000045776367
2003-09-24,33.220001220703125
2003-09-25,32.790000915527344
2003-09-26,32.58000183105469
2003-09-29,33.13999938964844
2003-09-30,32.41999816894531
2003-10-01,33.150001525878906
2003-10-02,33.2599983215332
2003-10-03,34.189998626708984
2003-10-06,34.439998626708984
2003-10-07,34.650001525878906
2003-10-08,34.43000030517578
2003-10-09,34.689998626708984
2003-10-10,35.0099983215332
2003-10-13,35.2400016784668
2003-10-14,35.33000183105469
2003-10-15,35.18000030517578
2003-10-16,35.459999084472656
2003-10-17,34.61000061035156
2003-10-20,35.040000915527344
2003-10-21,35.25
2003-10-22,34.56999969482422
2003-10-23,34.16999816894531
2003-10-24,34.20000076293945
2003-10-27,34.209999084472656
2003-10-28,35.36000061035156
2003-10-29,35.31999969482422
2003-10-30,35.38999938964844
2003-10-31,35.18000030517578
2003-11-03,35.7599983215332
2003-11-04,35.52000045776367
2003-11-05,35.84000015258789
2003-11-06,35.939998626708984
2003-11-07,35.630001068115234
2003-11-10,35.189998626708984
2003-11-11,35.060001373291016
2003-11-12,35.810001373291016
2003-11-13,35.77000045776367
2003-11-14,35.040000915527344
2003-11-17,34.68000030517578
2003-11-18,33.880001068115234
2003-11-19,34.209999084472656
2003-11-20,33.880001068115234
2003-11-21,34.22999954223633
2003-11-24,35.18000030517578
2003-11-25,35.18000030517578
2003-11-26,35.34000015258789
2003-11-28,35.380001068115234
2003-12-01,35.900001525878906
2003-12-02,35.70000076293945
2003-12-03,35.25
2003-12-04,35.630001068115234
2003-12-05,35.040000915527344
2003-12-08,35.2400016784668
2003-12-09,34.43000030517578
2003-12-10,34.560001373291016
2003-12-11,35.29999923706055
2003-12-12,35.2400016784668
2003-12-15,34.779998779296875
2003-12-16,34.849998474121094
2003-12-17,34.90999984741211
2003-12-18,35.560001373291016
2003-12-19,35.459999084472656
2003-12-22,35.56999969482422
2003-12-23,35.84000015258789
2003-12-24,35.91400152587891
2003-12-26,35.86397897432458
2003-12-29,36.45420921052765
2003-12-30,36.574258754836166
2003-12-31,36.4742174679124
2004-01-02,36.374179997173535
2004-01-05,37.104464218884985
2004-01-06,37.35456171191705
2004-01-07,37.694694455088054
2004-01-08,37.99481068348956
2004-01-09,37.744713190457496
2004-01-12,38.34494946344539
2004-01-13,37.96480020550488
2004-01-14,38.09485197041332
2004-01-15,38.1948894411522
2004-01-16,38.58504091969264
2004-01-20,38.555030441707956
2004-01-21,38.39496819881482
2004-01-22,38.1648789631675
2004-01-23,38.024821161474236
2004-01-26,38.60504917707738
2004-01-27,37.754719227242305
2004-01-28,37.1144664394849
2004-01-29,37.25452424117817
2004-01-30,37.08445596150022
2004-02-02,36.98441849076135
2004-02-03,36.944401975991845
2004-02-04,36.34416951918884
2004-02-05,36.48422350469721
2004-02-06,37.144480733654476
2004-02-09,37.13447469686965
2004-02-10,37.19449946902391
2004-02-11,37.59465698434918
2004-02-12,37.264526461778104
2004-02-13,36.95440419659178
2004-02-17,37.45459918265592
2004-02-18,37.56464269017961
2004-02-19,36.994420711361286
2004-02-20,36.874374983237665
2004-02-23,36.46421524731247
2004-02-24,36.37417999717353
2004-02-25,36.59426701222092
2004-02-26,36.684298446174964
2004-02-27,36.584260975436095
2004-03-01,37.06444770411548
2004-03-02,36.63427971080553
2004-03-03,36.4342009531429
2004-03-04,36.7743336963139
2004-03-05,36.64428574759035
2004-03-08,35.78394976097046
2004-03-09,35.673906253446766
2004-03-10,35.20372174536731
2004-03-11,34.88359725958105
2004-03-12,35.52384623115356
2004-03-15,34.903605516965804
2004-03-16,34.96363028912006
2004-03-17,35.51384401055363
2004-03-18,35.35378176766051
2004-03-19,34.76355153145743
2004-03-22,34.32338131754755
2004-03-23,34.04326953034591
2004-03-24,34.433421008886356
2004-03-25,35.35378176766051
2004-03-26,35.233736039536886
2004-03-29,35.80395801835521
2004-03-30,35.92400374647884
2004-03-31,35.85397675372465
2004-04-01,36.17410123951091
2004-04-02,37.11446643948493
2004-04-05,37.464605219440756
2004-04-06,36.99442071136131
2004-04-07,36.9544041965918
2004-04-08,36.9544041965918
2004-04-12,37.18449343223912
2004-04-13,36.644285747590374
2004-04-14,36.82435624786826
2004-04-15,36.164099018910996
2004-04-16,36.10407424675674
2004-04-19,36.54424446066662
2004-04-20,35.69391451083154
2004-04-21,36.00403677601786
2004-04-22,36.93439593920705
2004-04-23,37.22450994700863
2004-04-26,36.95440419659181
2004-04-27,36.88437720383762
2004-04-28,36.21411775428043
2004-04-29,35.65389799606204
2004-04-30,34.78355978884222
2004-05-03,35.11368649522841
2004-05-04,35.26374651752161
2004-05-05,35.543854488538365
2004-05-06,35.27374873812155
2004-05-07,34.98363854650487
2004-05-10,34.68351850191847
2004-05-11,35.20372174536736
2004-05-12,35.27374873812155
2004-05-13,35.02365124508948
2004-05-14,34.76355153145748
2004-05-17,34.433421008886405
2004-05-18,34.743543274072735
2004-05-19,34.70352675930323
2004-05-20,34.863589002196356
2004-05-21,35.033657281874305
2004-05-24,35.273748738121554
2004-05-25,35.97402248184832
2004-05-26,36.204111717495636
2004-05-27,36.434200953142955
2004-05-28,36.5642527180514
2004-06-01,36.514233982681965
2004-06-02,36.434200953142955
2004-06-03,35.994030739233075
2004-06-04,36.20411171749564
2004-06-07,37.064447704115544
2004-06-08,37.11446643948498
2004-06-09,36.59426701222098
2004-06-10,36.85436672585298
2004-06-14,36.33416348240409
2004-06-15,36.80434799048354
2004-06-16,36.744323218329285
2004-06-17,36.40419047515827
2004-06-18,36.45420921052771
2004-06-21,36.164099018911024
2004-06-22,36.69430448295984
2004-06-23,37.134474696869724
2004-06-24,37.06444770411554
2004-06-25,37.344559491317185
2004-06-28,37.03443722613086
2004-06-29,37.384572189901796
2004-06-30,37.75471922724238
2004-07-01,37.054445483515615
2004-07-02,36.83435846846823
2004-07-06,36.044049474602524
2004-07-07,36.11407646735672
2004-07-08,35.71392276821634
2004-07-09,35.76394150358578
2004-07-12,35.61388148129258
2004-07-13,35.563862745923146
2004-07-14,35.20372174536739
2004-07-15,35.08367601724377
2004-07-16,34.6835185019185
2004-07-19,34.61349150916431
2004-07-20,35.443817017799525
2004-07-21,34.41341656768657
2004-07-22,34.88359725958113
2004-07-23,34.223340030623866
2004-07-26,34.073283824515556
2004-07-27,34.54346451641012
2004-07-28,34.39340831030181
2004-07-29,34.793562009442184
2004-07-30,34.903605516965875
2004-08-02,34.97363250972006
2004-08-03,34.24334828800861
2004-08-04,34.253354324793435
2004-08-05,33.61310153703603
2004-08-06,32.73276110921627
2004-08-09,32.81279032257039
2004-08-10,33.22295005849559
2004-08-11,32.93283605069402
2004-08-12,32.48266361618421
2004-08-13,32.532682351553646
2004-08-16,32.90282557270933
2004-08-17,33.272968793865026
2004-08-18,33.8631990300681
2004-08-19,33.683128529790224
2004-08-20,34.023261272961236
2004-08-23,34.103294302500245
2004-08-24,34.093292081900316
2004-08-25,34.56347277379488
2004-08-26,34.41341656768657
2004-08-27,34.573478810579694
2004-08-30,33.99325079497655
2004-08-31,34.03326730974605
2004-09-01,34.283364802778124
2004-09-02,34.79356200944219
2004-09-03,34.15331303786968
2004-09-07,34.44342704567125
2004-09-08,34.313375280762806
2004-09-09,34.60348928856438
2004-09-10,35.1336947526132
2004-09-13,35.59387704009273
2004-09-14,35.64389577546216
2004-09-15,35.263746517521646
2004-09-16,35.33377351027583
2004-09-17,35.443817017799525
2004-09-20,35.443817017799525
2004-09-21,35.5838710033079
2004-09-22,34.96363028912014
2004-09-23,34.933615994950564
2004-09-24,34.81357026682694
2004-09-27,34.51345403842544
2004-09-28,34.58348103117962
2004-09-29,35.093682054028584
2004-09-30,35.15370300999795
2004-10-01,36.11407646735672
2004-10-04,36.32416126180417
2004-10-05,36.374179997173606
2004-10-06,36.66429400497518
2004-10-07,36.254134269049985
2004-10-08,35.59387704009272
2004-10-11,35.76394150358578
2004-10-12,35.70391673143152
2004-10-13,35.623887518077396
2004-10-14,35.46382527518427
2004-10-15,35.64389577546215
2004-10-18,36.154092982126215
2004-10-19,35.89399326849422
2004-10-20,36.06405773198728
2004-10-21,36.614271453420855
2004-10-22,35.81396023895522
2004-10-25,35.643895775462155
2004-10-26,35.83396849633996
2004-10-27,36.7443232183293
2004-10-28,36.97441245397661
2004-10-29,36.91439149800725
2004-11-01,37.05444548351562
2004-11-02,37.17449121163924
2004-11-03,37.42458870467131
2004-11-04,37.63466968293387
2004-11-05,37.97480242610488
2004-11-08,38.014818940874385
2004-11-09,37.934785911335375
2004-11-10,37.80473796261182
2004-11-11,38.304932948675955
2004-11-12,38.67507616983165
2004-11-15,38.8451444495096
2004-11-16,38.60504917707746
2004-11-17,39.12525242052635
2004-11-18,39.30532292080424
2004-11-19,38.69508442721641
2004-11-22,39.0652276483721
2004-11-23,39.00520669240273
2004-11-24,39.34533943557374
2004-11-26,39.22528989126523
2004-11-29,39.2152876706653
2004-11-30,39.13525464112629
2004-12-01,39.935565855591925
2004-12-02,40.08562587788512
2004-12-03,40.14565065003938
2004-12-06,40.28570463554776
2004-12-07,39.595436928605814
2004-12-08,39.825526164253134
2004-12-09,40.065617620500376
2004-12-10,39.945571892376755
2004-12-13,40.295706856147696
2004-12-14,40.49578561381033
2004-12-15,40.34572940770202
2004-12-16,39.9655801497615
2004-12-17,39.86454122051873
2004-12-20,39.591841852766166
2004-12-21,40.07663944449447
2004-12-22,40.12713847122744
2004-12-23,40.157437116701466
2004-12-27,39.98573965524361
2004-12-28,40.36953919350598
2004-12-29,40.42003822023895
2004-12-30,40.389739574764924
2004-12-31,40.31903631394424
2005-01-03,39.894839865992765
2005-01-04,39.167641551985916
2005-01-05,38.925244682536146
2005-01-06,38.73334298699058
2005-01-07,38.935342946751234
2005-01-10,38.915142565492296
2005-01-11,38.64244319773973
2005-01-12,38.965645445054044
2005-01-13,38.45054535502294
2005-01-14,38.81414451202637
2005-01-18,39.10704426103788
2005-01-19,38.4606474720668
2005-01-20,37.7233470410161
2005-01-21,37.4203490277895
2005-01-24,36.895150673543306
2005-01-25,37.076950252045016
2005-01-26,37.52135093408421
2005-01-27,37.47084805452246
2005-01-28,37.28904847602075
2005-01-31,37.77384992057784
2005-02-01,37.89504835530272
2005-02-02,37.95564949907955
2005-02-03,37.52135093408421
2005-02-04,38.1273469605374
2005-02-07,38.04654543550163
2005-02-08,38.117248696322314
2005-02-09,37.48095017156632
2005-02-10,37.521350934084204
2005-02-11,38.07684793380443
2005-02-14,38.24854539526228
2005-02-15,38.50104438175591
2005-02-16,38.359645565772084
2005-02-17,37.84454932856975
2005-02-18,37.72334704101609
2005-02-22,37.258749830546726
2005-02-23,37.3092488572797
2005-02-24,37.78394818479292
2005-02-25,37.996046408768656
2005-02-28,37.59205034207612
2005-03-01,38.00614852581251
2005-03-02,37.98594814455357
2005-03-03,37.67284801428311
2005-03-04,37.895048355302706
2005-03-07,38.440447090807844
2005-03-08,38.05664755254548
2005-03-09,37.94554738203568
2005-03-10,37.895048355302706
2005-03-11,37.541547462514366
2005-03-14,37.713248776800995
2005-03-15,37.410250763574396
2005-03-16,36.98605046279415
2005-03-17,37.076950252045
2005-03-18,36.874950292284346
2005-03-21,36.94565355310503
2005-03-22,36.49115460685075
2005-03-23,36.62245130579072
2005-03-24,36.63255342283458
2005-03-28,36.70325283082649
2005-03-29,36.41035308181498
2005-03-30,37.09715063330395
2005-03-31,36.935551436061175
2005-04-01,36.561854014842666
2005-04-04,36.824451265551374
2005-04-05,36.925453171846094
2005-04-06,36.864852028069265
2005-04-07,37.30924885727969
2005-04-08,37.0062508440531
2005-04-11,36.84465164681033
2005-04-12,37.02645122531204
2005-04-13,36.420455198858846
2005-04-14,35.90535510882774
2005-04-15,35.087260858398814
2005-04-18,35.097359122613895
2005-04-19,35.339759844892434
2005-04-20,35.04686009588092
2005-04-21,35.97605451681965
2005-04-22,35.44075789835837
2005-04-25,35.73365764736988
2005-04-26,35.40035713584049
2005-04-27,35.45085616257346
2005-04-28,35.097359122613895
2005-04-29,35.32965772784858
2005-05-02,35.471056543832404
2005-05-03,35.652856122334114
2005-05-04,36.08715468732945
2005-05-05,36.11745333280348
2005-05-06,36.21845523909819
2005-05-09,36.390152700556044
2005-05-10,36.12755544984733
2005-05-11,36.30935502834904
2005-05-12,36.208353122054326
2005-05-13,36.60225477736055
2005-05-16,36.84465164681032
2005-05-17,37.06685198782992
2005-05-18,37.57184996081717
2005-05-19,37.88494623825885
2005-05-20,38.03644717128653
2005-05-23,38.22834501400333
2005-05-24,38.34954730155699
2005-05-25,38.187948104314216
2005-05-26,38.571743789747806
2005-05-27,38.591944171006745
2005-05-31,38.46064747206678
2005-06-01,38.77374374950846
2005-06-02,39.04644311726103
2005-06-03,38.48084400049695
2005-06-06,38.49094611754081
2005-06-07,38.16774772305527
2005-06-08,38.0869461980195
2005-06-09,38.329346920298036
2005-06-10,37.925347000776725
2005-06-13,38.107146579278435
2005-06-14,37.95564949907952
2005-06-15,38.0768479338044
2005-06-16,38.27884789356506
2005-06-17,38.28389525337136
2005-06-20,38.28389525337136
2005-06-21,38.26367620262829
2005-06-22,38.223241957531755
2005-06-23,37.798649604706455
2005-06-24,37.374061108270766
2005-06-27,37.202201105149456
2005-06-28,37.55602870856881
2005-06-29,37.47515250559652
2005-06-30,37.18198205440638
2005-07-01,37.13143635574351
2005-07-05,37.51559060708267
2005-07-06,37.33362300678463
2005-07-07,37.46504490841979
2005-07-08,38.182803856045616
2005-07-11,38.53662760307535
2005-07-12,38.7185952033734
2005-07-13,38.809579003522416
2005-07-14,39.19373325486157
2005-07-15,39.31504370293039
2005-07-18,39.15329515337542
2005-07-19,39.608214154120525
2005-07-20,39.89127315174432
2005-07-21,39.90138460531067
2005-07-22,39.850835050258176
2005-07-25,39.69919795426955
2005-07-26,39.850835050258176
2005-07-27,40.15411695501466
2005-07-28,40.34619215248943
2005-07-29,40.012587456202766
2005-08-01,40.08335220560871
2005-08-02,40.51805215561075
2005-08-03,40.497833104867674
2005-08-04,40.103567399962174
2005-08-05,39.9114922024874
2005-08-08,39.618321751297266
2005-08-09,39.8811655545676
2005-08-10,39.53744940471459
2005-08-11,39.86094650382453
2005-08-12,39.638540802040346
2005-08-15,39.88116555456761
2005-08-16,39.23417135634773
2005-08-17,39.46668465530865
2005-08-18,39.26449800426753
2005-08-19,39.24427895352446
2005-08-22,39.26449800426753
2005-08-23,39.15329515337544
2005-08-24,38.92078185441452
2005-08-25,39.01176565456355
2005-08-26,38.880343752928376
2005-08-29,39.18362180129524
2005-08-30,39.04209230248334
2005-08-31,39.40602750307943
2005-09-01,39.34537035085021
2005-09-02,39.193733254861584
2005-09-06,39.76996270367552
2005-09-07,39.84072745308146
2005-09-08,39.830619855904736
2005-09-09,40.053021701299315
2005-09-12,40.164224552191406
2005-09-13,40.06313315486566
2005-09-14,39.60821415412055
2005-09-15,39.58799510337748
2005-09-16,39.83061985590474
2005-09-19,39.517230353971534
2005-09-20,39.35548180441656
2005-09-21,38.92078185441453
2005-09-22,39.06231135322642
2005-09-23,39.17351420411851
2005-09-26,39.18362180129524
2005-09-27,39.09263800114622
2005-09-28,39.10274945471256
2005-09-29,39.62843320486361
2005-09-30,39.891273151744336
2005-10-03,39.9923684054597
2005-10-04,39.729524602189365
2005-10-05,39.18362180129524
2005-10-06,38.668049504710524
2005-10-07,38.75903330485954
2005-10-10,38.5467390566417
2005-10-11,38.354660002777315
2005-10-12,37.899744858421826
2005-10-13,38.192911453222344
2005-10-14,38.47597430723575
2005-10-17,38.59728475530457
2005-10-18,38.32433335485751
2005-10-19,39.092638001146206
2005-10-20,38.728706656939735
2005-10-21,38.97132755307738
2005-10-24,39.58799510337745
2005-10-25,39.43635415099921
2005-10-26,39.23417135634771
2005-10-27,38.44564380292632
2005-10-28,38.738814254116456
2005-10-31,39.29482465218731
2005-11-01,39.26449800426751
2005-11-02,39.78007030085222
2005-11-03,40.37651880040922
2005-11-04,40.51805215561073
2005-11-07,40.568597854273605
2005-11-08,40.57870545145033
2005-11-09,40.598924502193405
2005-11-10,41.04373204937217
2005-11-11,41.15493490026426
2005-11-14,41.15493490026426
2005-11-15,40.96285970278949
2005-11-16,41.21559205249348
2005-11-17,41.7614948533876
2005-11-18,41.9030243521995
2005-11-21,42.004115749525255
2005-11-22,42.15575670190349
2005-11-23,42.256848099229245
2005-11-25,42.34783189937827
2005-11-28,41.99400815234853
2005-11-29,41.79182150130741
2005-11-30,41.69073010398166
2005-12-01,42.46914234744709
2005-12-02,42.570237601162454
2005-12-05,42.256848099229245
2005-12-06,42.39837759804114
2005-12-07,42.317505251458456
2005-12-08,42.01422720309159
2005-12-09,42.175975752646565
2005-12-12,42.32761284863519
2005-12-13,42.4994728517565
2005-12-14,42.3579433529446
2005-12-15,42.428708102350555
2005-12-16,42.13655012311508
2005-12-19,41.46771231250342
2005-12-20,41.49811649119476
2005-12-21,41.68052610031484
2005-12-22,41.95414051399498
2005-12-23,41.95414051399498
2005-12-27,41.5893212957548
2005-12-28,41.538652818945216
2005-12-29,41.26503840526508
2005-12-30,40.950887663834486
2006-01-03,41.862935709434936
2006-01-04,42.29869156835993
2006-01-05,42.48109731172303
2006-01-06,43.25127207595386
2006-01-09,43.423545670257845
2006-01-10,43.45394984894918
2006-01-11,43.78836488849802
2006-01-12,43.57555496644358
2006-01-13,43.555286802568354
2006-01-17,43.27154023982909
2006-01-18,42.774979889278406
2006-01-19,43.089130630709
2006-01-20,41.80213121780925
2006-01-23,41.81226336686837
2006-01-24,41.99467297598846
2006-01-25,41.812263366868365
2006-01-26,42.10614594442373
2006-01-27,42.67364293565923
2006-01-30,42.75471172540317
2006-01-31,42.56216996722396
2006-02-01,42.7141792634097
2006-02-02,41.98454082692934
2006-02-03,41.46771231250342
2006-02-06,41.35624320982513
2006-02-07,41.17383360070504
2006-02-08,41.65012192162351
2006-02-09,41.254902390448976
2006-02-10,41.50824864025388
2006-02-13,41.03196031933541
2006-02-14,41.447448014385174
2006-02-15,41.710926413249204
2006-02-16,42.09601379536462
2006-02-17,41.761594890058795
2006-02-21,41.29543871819945
2006-02-22,41.812263366868386
2006-02-23,41.700794264190094
2006-02-24,41.812263366868386
2006-02-27,42.27842340448472
2006-02-28,41.65012192162353
2006-03-01,42.21761891285903
2006-03-02,42.248019225793385
2006-03-03,42.00480899080459
2006-03-06,41.63998977256441
2006-03-07,41.39677567181863
2006-03-08,41.41704383569386
2006-03-09,41.06236063226979
2006-03-10,41.102896960020246
2006-03-13,41.22450207751464
2006-03-14,41.923736335303666
2006-03-15,42.27842340448472
2006-03-16,41.92373633530366
2006-03-17,42.03419715578195
2006-03-20,42.13560500859535
2006-03-21,41.68940504037013
2006-03-22,41.790812893183535
2006-03-23,41.66912269611513
2006-03-24,41.88208150810024
2006-03-27,41.892224614458556
2006-03-28,41.71982662252184
2006-03-29,42.51081870615888
2006-03-30,42.64265200958559
2006-03-31,42.520961812517186
2006-04-03,42.57166573892388
2006-04-04,42.804906895163995
2006-04-05,43.21054604334082
2006-04-06,43.33223624040922
2006-04-07,42.916457854335704
2006-04-10,42.85561082157069
2006-04-11,42.51081870615887
2006-04-12,42.52096181251718
2006-04-13,42.69335593599228
2006-04-17,42.247155967767064
2006-04-18,43.0584303956591
2006-04-19,43.25111073185082
2006-04-20,43.098995084169104
2006-04-21,42.59194808317888
2006-04-24,42.551383394668875
2006-04-25,42.46011477975217
2006-04-26,42.44997554185547
2006-04-27,42.855610821570686
2006-04-28,42.439832435497166
2006-05-01,42.02405404942365
2006-05-02,42.135605008595356
2006-05-03,42.07476184429196
2006-05-04,42.419553959703784
2006-05-05,42.75420296875729
2006-05-08,42.79476765726729
2006-05-09,42.63251277168889
2006-05-10,42.25729520566376
2006-05-11,41.31419134280663
2006-05-12,40.756436546948095
2006-05-15,40.7260149647964
2006-05-16,40.42178753789459
2006-05-17,39.87417584839436
2006-05-18,39.600370003644244
2006-05-19,39.904597430546055
2006-05-22,39.51924449508585
2006-05-23,39.13388769116403
2006-05-24,39.39755042955583
2006-05-25,39.91474053690436
2006-05-26,40.04657384033107
2006-05-30,39.18459161757072
2006-05-31,39.367128847404125
2006-06-01,40.30009734082618
2006-06-02,40.19868561955116
2006-06-05,39.326564158894115
2006-06-06,39.29614257674242
2006-06-07,39.0020543877373
2006-06-08,38.94121122343391
2006-06-09,38.687687722938804
2006-06-12,37.92711722145347
2006-06-13,37.77500157377176
2006-06-14,38.16035837769358
2006-06-15,39.19473472392904
2006-06-16,38.90673063472041
2006-06-19,38.59214691330609
2006-06-20,38.642889095306934
2006-06-21,39.25175656846726
2006-06-22,38.754511830887836
2006-06-23,38.71392350480614
2006-06-26,38.81540012663787
2006-06-27,38.08475606197749
2006-06-28,38.36889757105929
2006-06-29,39.535894206464086
2006-06-30,39.343087076549814
2006-07-03,39.57648640363077
2006-07-05,38.71392350480614
2006-07-06,38.67333130763945
2006-07-07,38.247120979559234
2006-07-10,37.91224503064655
2006-07-11,38.19638266864337
2006-07-12,37.475888588817156
2006-07-13,36.84672501707349
2006-07-14,36.47125299990913
2006-07-17,36.562583507991675
2006-07-18,36.68436009949173
2006-07-19,37.16130486740282
2006-07-20,36.61332568999252
2006-07-21,36.227707559078986
2006-07-24,36.9482016389052
2006-07-25,37.16130486740282
2006-07-26,37.130862655070295
2006-07-27,36.88731334315517
2006-07-28,37.658549604982234
2006-07-31,37.64839962014807
2006-08-01,37.0192360484044
2006-08-02,37.43529639165045
2006-08-03,37.668695718731406
2006-08-04,37.49618468740048
2006-08-07,37.252635375485355
2006-08-08,37.0192360484044
2006-08-09,37.06997435932026
2006-08-10,37.333819769818724
2006-08-11,37.06997435932026
2006-08-14,37.31352367123539
2006-08-15,38.25727096439338
2006-08-16,39.16042606038469
2006-08-17,39.3024948793831
2006-08-18,39.36338317513312
2006-08-21,38.98791115796877
2006-08-22,38.99806114280293
2006-08-23,38.703773519971946
2006-08-24,38.81540012663783
2006-08-25,38.88643453613704
2006-08-28,39.180722158968024
2006-08-29,39.30249487938309
2006-08-30,39.48515589554819
2006-08-31,39.44456369838151
2006-09-01,39.65767079796411
2006-09-05,40.04328505779266
2006-09-06,39.24160658363308
2006-09-07,39.05894943855297
2006-09-08,39.29234876563393
2006-09-11,39.53589420646407
2006-09-12,40.26653827112445
2006-09-13,40.540529795372095
2006-09-14,40.58112199253878
2006-09-15,40.72623469211497
2006-09-18,40.73638662387992
2006-09-19,40.46223798656916
2006-09-20,41.05115073486
2006-09-21,40.797309834383896
2006-09-22,40.48254572340381
2006-09-25,41.19330101939785
2006-09-26,41.396374514439685
2006-09-27,41.345607109005414
2006-09-28,41.45729772494366
2006-09-29,41.27453196673648
2006-10-02,40.75669436071457
2006-10-03,40.92930818715679
2006-10-04,41.9345159839915
2006-10-05,42.13758947903334
2006-10-06,42.04620659992975
2006-10-09,42.1883568844676
2006-10-10,42.25943202673653
2006-10-11,42.17820495270265
2006-10-12,42.84834477502738
2006-10-13,43.08187793866882
2006-10-16,43.12249341233814
2006-10-17,42.64527127998554
2006-10-18,42.44219778494371
2006-10-19,42.543736469117
2006-10-20,42.645271279985536
2006-10-23,43.08187793866882
2006-10-24,42.78742156452339
2006-10-25,43.08187793866882
2006-10-26,43.47786912368278
2006-10-27,42.85849670679232
2006-10-30,43.13264534410308
2006-10-31,43.234184028276374
2006-11-01,42.64527127998553
2006-11-02,42.68588675365485
2006-11-03,42.5741961377166
2006-11-06,43.193568554607054
2006-11-07,43.48802492875248
2006-11-08,43.69109455048956
2006-11-09,43.48802492875248
2006-11-10,43.69109455048956
2006-11-13,44.13785701424255
2006-11-14,44.60492334152544
2006-11-15,44.78768909973262
2006-11-16,44.980606789704744
2006-11-17,44.980606789704744
2006-11-20,45.071989668808335
2006-11-21,45.132912879312315
2006-11-22,45.417213448388026
2006-11-24,45.33598637435414
2006-11-27,44.310466967380016
2006-11-28,44.44246532015292
2006-11-29,44.7470736260633
2006-11-30,44.716613957463686
2006-12-01,44.330774704214676
2006-12-04,44.939991316035425
2006-12-05,45.10244933740794
2006-12-06,44.939991316035425
2006-12-07,44.371390177883995
2006-12-08,44.57446367292583
2006-12-11,44.736921694298346
2006-12-12,44.47292498875253
2006-12-13,44.55415593609116
2006-12-14,45.05168193197367
2006-12-15,45.167434776980485
2006-12-18,44.72013319837744
2006-12-19,44.57780626708286
2006-12-20,44.41515079504427
2006-12-21,44.10000799935143
2006-12-22,43.64253827236403
2006-12-26,43.82552616315899
2006-12-27,44.04917889146669
2006-12-28,43.835690433531
2006-12-29,43.876355271043735
2007-01-03,43.95768494606921
2007-01-04,44.79129472501855
2007-01-05,44.57780626708286
2007-01-08,44.60830683422359
2007-01-09,44.83195568451894
2007-01-10,45.36058693814746
2007-01-11,45.828224813519235
2007-01-12,46.06204181219895
2007-01-16,46.03154124505822
2007-01-17,45.65540119309628
2007-01-18,44.81162714377493
2007-01-19,44.90311721116006
2007-01-22,44.415150795044276
2007-01-23,44.30332830890278
2007-01-24,45.03527599407028
2007-01-25,44.45581563255702
2007-01-26,44.293160160518426
2007-01-29,44.33382499803116
2007-01-30,44.35415741678753
2007-01-31,44.801458995390576
2007-02-01,44.73029746874946
2007-02-02,44.89295294078806
2007-02-05,44.85228810327532
2007-02-06,44.79129472501857
2007-02-07,45.19793146610888
2007-02-08,45.18776719573687
2007-02-09,44.608306834223605
2007-02-12,44.43548321380065
2007-02-13,44.58797441546724
2007-02-14,45.34025451939111
2007-02-15,45.604572085211544
2007-02-16,45.45208088354496
2007-02-20,45.797724246378515
2007-02-21,45.94004729966074
2007-02-22,46.17386429834045
2007-02-23,46.01120882630185
2007-02-26,45.7875599760065
2007-02-27,43.90685196017212
2007-02-28,44.049178891466696
2007-03-01,43.845858581915365
2007-03-02,43.18506854537663
2007-03-05,42.84959333092743
2007-03-06,43.56120859733856
2007-03-07,43.38838885492796
2007-03-08,43.68320310987677
2007-03-09,43.642538272364035
2007-03-12,43.927184378928494
2007-03-13,43.07324218122278
2007-03-14,43.70353552863315
2007-03-15,43.601873434851306
2007-03-16,43.56832819367765
2007-03-19,44.0159117508496
2007-03-20,44.33125709277393
2007-03-21,45.185733734523005
2007-03-22,45.02297572460075
2007-03-23,44.8805629509759
2007-03-26,45.06366619719557
2007-03-27,44.74832473572829
2007-03-28,44.2702213838817
2007-03-29,44.3210825343967
2007-03-30,44.28039206180188
2007-04-02,44.34142777069412
2007-04-03,44.921253423570725
2007-04-04,45.1043566697904
2007-04-05,45.3281503886049
2007-04-09,45.21625352919765
2007-04-10,45.450217925932336
2007-04-11,44.972114574085744
2007-04-12,45.328150388604904
2007-04-13,45.41970201171474
2007-04-16,45.83676965466909
2007-04-17,45.938491955699114
2007-04-18,45.785904623697036
2007-04-19,45.92832127777893
2007-04-20,46.18263091081103
2007-04-23,46.253837297623456
2007-04-24,46.48780169435813
2007-04-25,47.108317819829566
2007-04-26,47.35245289448443
2007-04-27,47.37279813078184
2007-04-30,46.7522820053104
2007-05-01,46.71159153271557
2007-05-02,47.22021079877976
2007-05-03,47.393143367079254
2007-05-04,47.43383383967408
2007-05-07,47.43383383967408
2007-05-08,47.535556140704095
2007-05-09,47.63728232219116
2007-05-10,46.98624640204508
2007-05-11,47.58641729121911
2007-05-14,47.260901271374586
2007-05-15,46.894694778935246
2007-05-16,47.35245289448442
2007-05-17,47.12866305612697
2007-05-18,47.51521090440667
2007-05-21,47.82038168795378
2007-05-22,47.8610721605486
2007-05-23,47.637282322191155
2007-05-24,46.95573048782748
2007-05-25,47.2507305934544
2007-05-29,47.61693708589374
2007-05-30,48.00348493417344
2007-05-31,48.22727865298794
2007-06-01,48.257794567205536
2007-06-04,48.40021122128743
2007-06-05,48.40021122128743
2007-06-06,47.88141739684601
2007-06-07,47.13883373404714
2007-06-08,47.718659386923754
2007-06-11,47.627107763813925
2007-06-12,47.342282216564236
2007-06-13,47.8610721605486
2007-06-14,48.17641750247294
2007-06-15,48.620948412738805
2007-06-18,48.631130853416565
2007-06-19,48.620948412738805
2007-06-20,48.16283955228458
2007-06-21,48.60059129830982
2007-06-22,48.14247855439233
2007-06-25,47.93887245893308
2007-06-26,47.6640048125826
2007-06-27,48.39698520285058
2007-06-28,48.376624204958325
2007-06-29,48.45806431306407
2007-07-02,48.895816059089306
2007-07-03,49.18086614611755
2007-07-05,49.537173900573784
2007-07-06,49.74077999603303
2007-07-09,49.77131955113977
2007-07-10,49.35392880300679
2007-07-11,49.68987944303404
2007-07-12,50.45339938840877
2007-07-13,50.799528585650506
2007-07-16,50.74862414918825
2007-07-17,51.1354753422145
2007-07-18,51.07439234853775
2007-07-19,51.227097890997996
2007-07-20,50.9522302446475
2007-07-23,50.97259124253976
2007-07-24,50.21925373784279
2007-07-25,50.29051528873404
2007-07-26,49.862942099923295
2007-07-27,48.85509794676808
2007-07-30,49.42519035389806
2007-07-31,48.386802762172834
2007-08-01,48.763475397984585
2007-08-02,49.211405701224315
2007-08-03,48.27481921549708
2007-08-06,48.83473694887582
2007-08-07,49.18086614611756
2007-08-08,49.72041899814079
2007-08-09,48.57004785973982
2007-08-10,48.13229611371458
2007-08-13,48.45806431306407
2007-08-14,47.63346525747585
2007-08-15,46.72742221031863
2007-08-16,46.26930946640114
2007-08-17,47.144812958451624
2007-08-20,47.36877616833986
2007-08-21,47.86761090804185
2007-08-22,48.51914730674083
2007-08-23,48.38680276217283
2007-08-24,49.06888259944182
2007-08-27,48.74311440009233
2007-08-28,47.58256470447687
2007-08-29,48.94672049555158
2007-08-30,49.20122714400982
2007-08-31,49.75095855324755
2007-09-04,50.57556149229903
2007-09-05,50.066548195382545
2007-09-06,50.02582619959804
2007-09-07,49.09942215454857
2007-09-10,49.06888259944182
2007-09-11,49.81204154692429
2007-09-12,49.822220104138786
2007-09-13,50.06654819538254
2007-09-14,50.10727019116704
2007-09-17,49.68987944303405
2007-09-18,50.942051687433015
2007-09-19,51.07439234853776
2007-09-20,50.931869246755255
2007-09-21,51.29428857822216
2007-09-24,51.528555114150365
2007-09-25,52.017459695931166
2007-09-26,52.27209774178376
2007-09-27,52.53692348533267
2007-09-28,52.363767593709426
2007-10-01,52.96471353734028
2007-10-02,52.974897349568366
2007-10-03,52.60822182733394
2007-10-04,52.73044700141208
2007-10-05,53.79992601689934
2007-10-08,54.13605010244952
2007-10-09,54.37031663837772
2007-10-10,54.50272562468395
2007-10-11,53.636957822972406
2007-10-12,54.52309713460834
2007-10-15,54.10549089482881
2007-10-16,53.85085284897622
2007-10-17,54.543468644532744
2007-10-18,54.777735180460944
2007-10-19,53.41287509927229
2007-10-22,54.05456406275194
2007-10-23,55.185157608012396
2007-10-24,54.767551368232866
2007-10-25,54.03419255282755
2007-10-26,54.930519562159795
2007-10-29,55.15460228585991
2007-10-30,55.26663976224174
2007-10-31,56.050925409723924
2007-11-01,55.00181790416106
2007-11-02,55.429607956168674
2007-11-05,55.07311624616233
2007-11-06,55.694433699717585
2007-11-07,54.33975743075702
2007-11-08,52.68970398156329
2007-11-09,50.9276091705195
2007-11-12,49.63404743133212
2007-11-13,51.681339495849215
2007-11-14,51.01927902244517
2007-11-15,50.74426946666818
2007-11-16,51.212802538524585
2007-11-19,50.62204429259004
2007-11-20,50.825755506365766
2007-11-21,50.224809562734904
2007-11-23,50.764640976592574
2007-11-26,49.88868547718472
2007-11-27,50.88686615067071
2007-11-28,52.435065935710696
2007-11-29,52.65914865941082
2007-11-30,52.261913929555675
2007-12-03,51.82393617985174
2007-12-04,51.610037268379706
2007-12-05,52.53692348533266
2007-12-06,53.29064992519414
2007-12-07,53.300837622890455
2007-12-10,53.51473264889427
2007-12-11,52.27209774178375
2007-12-12,52.74063081364016
2007-12-13,52.455437445635084
2007-12-14,51.915606031777415
2007-12-17,50.652599614742506
2007-12-18,50.81556780866944
2007-12-19,50.80538399644136
2007-12-20,51.84430768977614
2007-12-21,52.865912421362175
2007-12-24,53.26355708581248
2007-12-26,53.52864963933948
2007-12-27,52.88630475462424
2007-12-28,52.83532586618903
2007-12-31,52.223571426086814
2008-01-02,51.397699431452935
2008-01-03,51.61181309654472
2008-01-04,49.34831855661462
2008-01-07,49.11380866882091
2008-01-08,47.8393170107414
2008-01-09,48.85891033720501
2008-01-10,48.930285448342154
2008-01-11,47.97186523222484
2008-01-14,48.807931448769814
2008-01-15,47.46206856899305
2008-01-16,46.95227190576124
2008-01-17,46.29973279913491
2008-01-18,46.23855579934874
2008-01-22,45.045633474317455
2008-01-23,44.872300586309905
2008-01-24,45.7899361359031
2008-01-25,44.85191214248772
2008-01-28,45.19857402906294
2008-01-29,45.280139472671294
2008-01-30,45.23935480614718
2008-01-31,46.01424791234586
2008-02-01,46.483259909053544
2008-02-04,45.83072080242721
2008-02-05,44.52563869973467
2008-02-06,43.64879170610546
2008-02-07,43.95466892615657
2008-02-08,44.45426747803741
2008-02-11,44.93347758609607
2008-02-12,44.67857925448016
2008-02-13,45.65738791441966
2008-02-14,44.831519809225654
2008-02-15,44.67857925448016
2008-02-19,44.59701381087181
2008-02-20,44.80092936461263
2008-02-21,44.37270203442905
2008-02-22,44.53583681108563
2008-02-25,44.760148587528384
2008-02-26,44.93347758609606
2008-02-27,45.157789362538814
2008-02-28,44.98445647453127
2008-02-29,43.79153414949999
2008-03-03,43.506045373271064
2008-03-04,43.75074948297588
2008-03-05,43.964863148067664
2008-03-06,42.99624871003926
2008-03-07,42.894290933168854
2008-03-10,42.068418938534975
2008-03-11,43.66918403936752
2008-03-12,43.546830039795175
2008-03-13,43.8832977044593
2008-03-14,43.07781804308748
2008-03-17,42.292730714977715
2008-03-18,44.17898070259932
2008-03-19,43.08801226499857
2008-03-20,43.9679231726678
2008-03-24,45.48828239972712
2008-03-25,45.74337594241087
2008-03-26,45.61072621033812
2008-03-27,44.60055406864631
2008-03-28,44.37607439792923
2008-03-31,44.61075999010805
2008-04-01,46.5188585995053
2008-04-02,46.41682273939922
2008-04-03,46.5188585995053
2008-04-04,46.79436009269398
2008-04-07,46.692320340169346
2008-04-08,46.33519093737952
2008-04-09,45.81480182296884
2008-04-10,46.46784066945227
2008-04-11,45.18216703457178
2008-04-14,44.978095314359635
2008-04-15,45.039315273455856
2008-04-16,46.29437503636967
2008-04-17,46.192339176263594
2008-04-18,47.66167658085131
2008-04-21,47.99840192555477
2008-04-22,47.28413922755655
2008-04-23,47.804528341967234
2008-04-24,48.23308751773359
2008-04-25,48.11064370712258
2008-04-28,48.20247753818546
2008-04-29,48.56980897001847
2008-04-30,48.17186366621879
2008-05-01,49.6922228932781
2008-05-02,49.76364877383607
2008-05-05,49.62079701272013
2008-05-06,49.92690848545692
2008-05-07,49.01877609628974
2008-05-08,49.38611142054131
2008-05-09,49.19223783695379
2008-05-12,50.09016819707779
2008-05-13,50.22281792915053
2008-05-14,50.11057614758271
2008-05-15,50.98809855720178
2008-05-16,51.028910565793076
2008-05-19,50.66157913396007
2008-05-20,50.27383585920357
2008-05-21,49.161627857405676
2008-05-22,49.33508959806972
2008-05-23,49.18203580791061
2008-05-27,50.04935229606793
2008-05-28,50.25342790869864
2008-05-29,50.70239114255136
2008-05-30,51.028910565793076
2008-06-02,50.40648559127632
2008-06-03,50.130984098087644
2008-06-04,50.77381702310934
2008-06-05,51.57991355217044
2008-06-06,50.02894434556301
2008-06-09,49.763648773836074
2008-06-10,49.528963181657254
2008-06-11,48.33512337783966
2008-06-12,48.38614130789269
2008-06-13,49.355497548574654
2008-06-16,49.79425875338419
2008-06-17,49.528963181657254
2008-06-18,48.99836814578482
2008-06-19,49.763648773836074
2008-06-20,48.42083402969768
2008-06-23,48.04302598322479
2008-06-24,47.797962778294576
2008-06-25,48.574001454186124
2008-06-26,46.61348023390679
2008-06-27,46.61348023390679
2008-06-30,46.12334603362755
2008-07-01,46.776857002263405
2008-07-02,45.65363831150347
2008-07-03,45.57195187492987
2008-07-07,45.84765090188342
2008-07-08,46.940233770620026
2008-07-09,45.69448347739498
2008-07-10,46.23566829222449
2008-07-11,45.500474782224444
2008-07-14,45.16350800643364
2008-07-15,45.17372124551122
2008-07-16,46.29693604106175
2008-07-17,46.60326699482922
2008-07-18,45.53110670903837
2008-07-21,45.72511540420891
2008-07-22,45.72511540420891
2008-07-23,46.32756796787568
2008-07-24,45.63321572855773
2008-07-25,46.22545894835633
2008-07-28,45.357516701604176
2008-07-29,46.29693604106175
2008-07-30,46.53178990212379
2008-07-31,46.41946764352686
2008-08-01,45.82722831893767
2008-08-04,45.36772994068176
2008-08-05,46.89938860472852
2008-08-06,47.61416342699223
2008-08-07,47.2465647243875
2008-08-08,48.31872501017835
2008-08-11,48.7578008054885
2008-08-12,48.808855315248174
2008-08-13,48.70674629572883
2008-08-14,49.26835369350409
2008-08-15,49.17645401785291
2008-08-18,48.60463338100007
2008-08-19,48.002180817333304
2008-08-20,48.08387114911632
2008-08-21,47.859226631922446
2008-08-22,48.49231501761255
2008-08-25,47.47120924158138
2008-08-26,47.40994149274412
2008-08-27,47.71627244651159
2008-08-28,48.104293732062075
2008-08-29,47.093397299899074
2008-09-02,46.51136731917806
2008-09-03,46.072291523867904
2008-09-04,44.58147802571265
2008-09-05,44.36704674759636
2008-09-08,44.28535641581335
2008-09-09,43.345940971565184
2008-09-10,43.70332643509233
2008-09-11,44.52021027687539
2008-09-12,44.346624164650606
2008-09-15,42.968132925092284
2008-09-16,43.30509580567368
2008-09-17,41.058662319363215
2008-09-18,42.447366797999116
2008-09-19,43.83403031154997
2008-09-22,41.770049935196276
2008-09-23,41.453299140088184
2008-09-24,41.739394117765336
2008-09-25,42.403547627660714
2008-09-26,41.97440516114498
2008-09-29,38.64342550211065
2008-09-30,39.75715739089181
2008-10-01,39.33823093168523
2008-10-02,37.55012952569954
2008-10-03,36.967719665284335
2008-10-06,35.618980630875264
2008-10-07,33.36086493363375
2008-10-08,33.0952019705749
2008-10-09,32.206261220112495
2008-10-10,32.001905994163785
2008-10-13,35.89485960124326
2008-10-14,34.34176534088548
2008-10-15,31.266230688724985
2008-10-16,32.96237048904547
2008-10-17,33.003242313785556
2008-10-20,33.92283888167889
2008-10-21,32.1653893953724
2008-10-22,31.27644864491
2008-10-23,31.1538351195656
2008-10-24,30.15249879994382
2008-10-27,29.314645881530666
2008-10-28,32.55366393489978
2008-10-29,32.47192223429547
2008-10-30,33.55500025452156
2008-10-31,33.6060880865708
2008-11-03,33.53456434215151
2008-11-04,34.48481282972405
2008-11-05,32.68649346755333
2008-11-06,31.225358863984887
2008-11-07,31.86907646151022
2008-11-10,31.43993204611862
2008-11-11,30.755344572729065
2008-11-12,29.33507984502484
2008-11-13,31.123181251010532
2008-11-14,29.61095881539284
2008-11-17,28.98767907911342
2008-11-18,28.957025210558353
2008-11-19,27.444802774940662
2008-11-20,26.116497704025768
2008-11-21,27.250665505176972
2008-11-24,28.916153385818262
2008-11-25,28.78332385316471
2008-11-26,29.9890153987352
2008-11-28,29.754008253107294
2008-12-01,27.516326519359957
2008-12-02,28.435921138377424
2008-12-03,29.243122137111385
2008-12-04,28.41548522600738
2008-12-05,29.570088939528627
2008-12-08,30.734908660359025
2008-12-09,30.663384915939737
2008-12-10,30.561207302965382
2008-12-11,29.723354384552227
2008-12-12,30.326200157337475
2008-12-15,29.79487812897152
2008-12-16,31.225358863984898
2008-12-17,30.84730422951841
2008-12-18,30.30576424496743
2008-12-19,30.554055676891792
2008-12-22,29.888945750374113
2008-12-23,29.73545959490171
2008-12-24,29.817319007932483
2008-12-26,29.807086337343343
2008-12-29,29.561508098251025
2008-12-30,30.175454671822997
2008-12-31,30.43126558150446
2009-01-02,31.751250812268317
2009-01-05,31.741018141679174
2009-01-06,32.058223123213125
2009-01-07,31.147536909285485
2009-01-08,31.474974561408576
2009-01-09,30.768935904216693
2009-01-12,30.206152683590428
2009-01-13,30.21638535417957
2009-01-14,29.295464517980434
2009-01-15,29.776390277258283
2009-01-16,30.10382792938137
2009-01-20,28.609891201966825
2009-01-21,29.827551678521626
2009-01-22,29.428487283956905
2009-01-23,29.57174076884017
2009-01-26,29.78662294784742
2009-01-27,30.001503175172314
2009-01-28,31.055444825665575
2009-01-29,30.26754675544292
2009-01-30,29.735459594901716
2009-02-02,30.09359525879223
2009-02-03,30.56428834748094
2009-02-04,30.605217078155146
2009-02-05,31.28055772357961
2009-02-06,32.09915380556969
2009-02-09,32.23217461986382
2009-02-10,31.045212155076438
2009-02-11,30.901958670193174
2009-02-12,31.280557723579612
2009-02-13,31.13730423869635
2009-02-17,29.899178420963263
2009-02-18,29.919643762141547
2009-02-19,29.459185295724335
2009-02-20,29.54104470875511
2009-02-23,28.50756839944013
2009-02-24,29.448952625135195
2009-02-25,29.254535787306228
2009-02-26,28.4359416569985
2009-02-27,28.1698980767279
2009-03-02,27.259209911117907
2009-03-03,27.23874652162198
2009-03-04,27.965248568309793
2009-03-05,27.126189096823786
2009-03-06,26.911306917816535
2009-03-09,26.338291026601127
2009-03-10,27.965248568309793
2009-03-11,28.395010974641938
2009-03-12,29.336395200336998
2009-03-13,29.40802194277863
2009-03-16,28.916865464593993
2009-03-17,30.01173584576146
2009-03-18,30.390336850830256
2009-03-19,30.369871509651976
2009-03-20,29.90838862858662
2009-03-23,31.671322397150828
2009-03-24,31.087094425502908
2009-03-25,31.230588466269854
2009-03-26,32.194053202035725
2009-03-27,31.589325523146904
2009-03-30,30.810354242629785
2009-03-31,31.07684457188246
2009-04-01,31.538078210004333
2009-04-02,32.55279025891277
2009-04-03,33.157515982841915
2009-04-06,33.07552106379767
2009-04-07,32.20430305565618
2009-04-08,32.74753356778198
2009-04-09,33.762243661730736
2009-04-13,33.71099634858816
2009-04-14,33.301013933528225
2009-04-15,33.20876720590385
2009-04-16,34.06973536042489
2009-04-17,34.14148238080836
2009-04-20,33.044773457896
2009-04-21,33.5060031860985
2009-04-22,33.60850172230301
2009-04-23,33.936489218318705
2009-04-24,34.5309650886274
2009-04-27,34.57196450310921
2009-04-28,34.31572402747698
2009-04-29,34.78720556425962
2009-04-30,35.135692767516225
2009-05-01,35.227939495140596
2009-05-04,35.924913901653795
2009-05-05,35.89416629575213
2009-05-06,35.904414194412894
2009-05-07,35.06394574713275
2009-05-08,35.08444545437365
2009-05-11,35.207439787899695
2009-05-12,34.77695766559886
2009-05-13,33.84424249069434
2009-05-14,34.22347729985261
2009-05-15,34.20297759261171
2009-05-18,35.09469726295379
2009-05-19,35.25869101096164
2009-05-20,35.13569276751623
2009-05-21,34.48996958406497
2009-05-22,34.37722314919969
2009-05-26,35.65842552736081
2009-05-27,35.41243295038936
2009-05-28,35.82241927536867
2009-05-29,36.26315320624964
2009-06-01,37.2983630074393
2009-06-02,37.34961032058187
2009-06-03,37.23686779563596
2009-06-04,37.65710201927603
2009-06-05,37.69809752383847
2009-06-08,37.5853510889732
2009-06-09,37.872343080426454
2009-06-10,37.73909693832027
2009-06-11,37.73909693832027
2009-06-12,37.56485529165166
2009-06-15,36.79613386475499
2009-06-16,36.43739485291826
2009-06-17,36.785882056174856
2009-06-18,36.71413503579138
2009-06-19,37.10772056275924
2009-06-22,35.999416780446204
2009-06-23,35.91731817414605
2009-06-24,36.52278169424016
2009-06-25,37.24112884065848
2009-06-26,37.32322353228163
2009-06-29,37.40532213858179
2009-06-30,37.33348781540766
2009-07-01,37.354012466982695
2009-07-02,36.53304206268918
2009-07-06,36.338063744741824
2009-07-07,35.43499864882516
2009-07-08,35.6197165983235
2009-07-09,35.68129055304862
2009-07-10,35.8352195678459
2009-07-13,36.522781694240166
2009-07-14,36.656189972139416
2009-07-15,37.88763774922567
2009-07-16,38.3391722545225
2009-07-17,38.54441485559588
2009-07-20,38.91384683991555
2009-07-21,39.18066339571405
2009-07-22,39.50904999156065
2009-07-23,40.38132615277625
2009-07-24,40.07346420850469
2009-07-27,40.38132615277625
2009-07-28,40.10425314320575
2009-07-29,40.371065784327236
2009-07-30,40.60709340542467
2009-07-31,40.48394941065145
2009-08-03,41.08941293074556
2009-08-04,41.08941293074556
2009-08-05,40.77128670334797
2009-08-06,40.41211508747731
2009-08-07,40.925219632822255
2009-08-10,40.63787842544872
2009-08-11,40.28896717802708
2009-08-12,40.91495534969623
2009-08-13,41.140722602344646
2009-08-14,40.668667360149776
2009-08-17,39.4885253399856
2009-08-18,40.05293955692964
2009-08-19,40.33001648117715
2009-08-20,40.802071723372016
2009-08-21,41.345965203418025
2009-08-24,41.30491590026794
2009-08-25,41.428059895041166
2009-08-26,41.356225571867036
2009-08-27,41.45884882974223
2009-08-28,41.499894218215296
2009-08-31,41.07914864761952
2009-09-01,40.3094918296021
2009-09-02,40.27870680957805
2009-09-03,40.54551945069954
2009-09-04,41.41779952659215
2009-09-08,41.80776007716387
2009-09-09,42.16693169303453
2009-09-10,42.56715261205527
2009-09-11,42.60820191520535
2009-09-14,42.77239521312865
2009-09-15,42.905803491027896
2009-09-16,43.53178774802004
2009-09-17,43.52152737957102
2009-09-18,43.59438697231335
2009-09-21,43.72792413191785
2009-09-22,43.810102051200275
2009-09-23,43.60466117145309
2009-09-24,43.21432389177932
2009-09-25,42.834260811245294
2009-09-28,43.56357221181188
2009-09-29,43.36840553120443
2009-09-30,43.39922029170591
2009-10-01,42.115219691359584
2009-10-02,41.99195673089482
2009-10-05,42.33093085178764
2009-10-06,43.08078673217483
2009-10-07,43.20405361109846
2009-10-08,43.38895001102504
2009-10-09,43.635475931954566
2009-10-12,43.72792413191785
2009-10-13,43.73819833105759
2009-10-14,44.333972572019675
2009-10-15,44.23125409137552
2009-10-16,43.94363529234591
2009-10-19,44.385331812341754
2009-10-20,44.39560601148149
2009-10-21,44.31342809219907
2009-10-22,44.48805421144478
2009-10-23,44.303157811518204
2009-10-26,44.15935037123283
2009-10-27,43.491668491669195
2009-10-28,42.515827251714214
2009-10-29,43.23486837159993
2009-10-30,42.07413073171836
2009-11-02,42.24875685096407
2009-11-03,42.382290092109706
2009-11-04,42.45419773071126
2009-11-05,43.501938772350066
2009-11-06,43.75873889241933
2009-11-09,44.693491172733104
2009-11-10,44.806483852517
2009-11-11,45.0941026515466
2009-11-12,44.837302531477334
2009-11-13,45.207091412871634
2009-11-16,45.669332412688085
2009-11-17,45.81313985297346
2009-11-18,45.55633973290419
2009-11-19,44.84757281215821
2009-11-20,44.62158745259042
2009-11-23,45.340628572476135
2009-11-24,45.18655085150989
2009-11-25,45.38171753211734
2009-11-27,44.6934911727331
2009-11-30,44.74485433151404
2009-12-01,45.20709141287163
2009-12-02,45.26872485233344
2009-12-03,45.08382845240686
2009-12-04,45.32008409265552
2009-12-07,45.10437293222746
2009-12-08,44.82702833233759
2009-12-09,45.27899905147317
2009-12-10,45.5049804925821
2009-12-11,45.33035829179525
2009-12-14,45.76178061265136
2009-12-15,45.50498049258209
2009-12-16,45.56661393204391
2009-12-17,45.01192473226417
2009-12-18,45.744318047748294
2009-12-21,46.25876158114598
2009-12-22,46.536561560167854
2009-12-23,46.87609617615881
2009-12-24,47.308226860264384
2009-12-28,47.55516148324806
2009-12-29,47.35967042862562
2009-12-30,47.50371398999415
2009-12-31,47.07158330588857
2010-01-04,47.76093575669299
2010-01-05,47.760935756692994
2010-01-06,47.47284863395595
2010-01-07,47.503713989994154
2010-01-08,47.89469217434635
2010-01-11,47.6992050446166
2010-01-12,47.102448661926786
2010-01-13,47.688913976008735
2010-01-14,47.73007040065479
2010-01-15,47.17447044261104
2010-01-19,47.9358485989924
2010-01-20,47.2464922232953
2010-01-21,46.80407439547455
2010-01-22,45.43565271268821
2010-01-25,45.589987342664585
2010-01-26,45.63113984241796
2010-01-27,45.99125267073195
2010-01-28,44.80803097396019
2010-01-29,44.02607853014848
2010-02-01,44.50965278261529
2010-02-02,44.91092203557534
2010-02-03,45.157852733666324
2010-02-04,43.851165687849075
2010-02-05,44.22156565987824
2010-02-08,43.902609256210305
2010-02-09,44.35532207753158
2010-02-10,44.26272208452429
2010-02-11,44.93149632300568
2010-02-12,45.02409631601297
2010-02-16,45.600274486379746
2010-02-17,45.857496253078594
2010-02-18,46.14558337581565
2010-02-19,46.1250090883853
2010-02-22,46.032409095378
2010-02-23,45.43565271268819
2010-02-24,45.89865267772464
2010-02-25,45.888361609116785
2010-02-26,46.05298338280834
2010-03-01,46.721761546182414
2010-03-02,46.86580510755093
2010-03-03,46.91724867591216
2010-03-04,47.071583305888545
2010-03-05,47.781513969016
2010-03-08,47.87411396202329
2010-03-09,48.141626797329984
2010-03-10,48.532601056789495
2010-03-11,48.717801042804076
2010-03-12,48.72809211141193
2010-03-15,48.604626762366436
2010-03-16,48.913292097426506
2010-03-17,49.04704459018718
2010-03-18,49.21167028877141
2010-03-19,48.91432176947184
2010-03-22,49.35721471433663
2010-03-23,49.69711396003497
2010-03-24,49.460216271718394
2010-03-25,49.38811714610499
2010-03-26,49.43961596024204
2010-03-29,49.676513648558604
2010-03-30,49.841312211261766
2010-03-31,49.6044145229452
2010-04-01,49.6044145229452
2010-04-05,50.067911708394
2010-04-06,50.21210995962081
2010-04-07,50.08851201987036
2010-04-08,50.20181176843647
2010-04-09,50.50050646207445
2010-04-12,50.541707085027156
2010-04-13,50.79920508482009
2010-04-14,51.40690052149571
2010-04-15,51.633500018627934
2010-04-16,51.01550246166031
2010-04-19,50.984603958999614
2010-04-20,51.242101958792546
2010-04-21,51.53049846124617
2010-04-22,51.818898892807454
2010-04-23,52.03519626964768
2010-04-26,51.92189652108156
2010-04-27,50.819805396296445
2010-04-28,50.85070389895715
2010-04-29,51.736497646902045
2010-04-30,50.71680776802234
2010-05-03,51.42750083297206
2010-05-04,49.882512834214495
2010-05-05,49.62501483442157
2010-05-06,47.96672708709789
2010-05-07,46.77193652522301
2010-05-10,49.20271827192547
2010-05-11,49.151219457788415
2010-05-12,50.078209899578354
2010-05-13,49.285115588723215
2010-05-14,48.33752483545692
2010-05-17,48.49202520697574
2010-05-18,47.82252883587106
2010-05-19,47.441432896327676
2010-05-20,45.68014359162223
2010-05-21,46.184841400023736
2010-05-24,45.999442525844216
2010-05-25,46.04064314879692
2010-05-26,45.52564714921106
2010-05-27,47.24573190185614
2010-05-28,46.96763359058686
2010-06-01,46.53503883690642
2010-06-02,47.637129961691535
2010-06-03,48.09032502684833
2010-06-04,46.44233939981667
2010-06-07,45.59774627482448
2010-06-08,45.515345028919064
2010-06-09,45.13424908937568
2010-06-10,46.42173908834032
2010-06-11,46.86463596231276
2010-06-14,46.854337771128414
2010-06-15,48.110925338324684
2010-06-16,48.30662633279621
2010-06-17,48.46112277520737
2010-06-18,48.501293248996596
2010-06-21,48.0885147105562
2010-06-22,47.7170187498173
2010-06-23,47.520947172611564
2010-06-24,46.798586698614805
2010-06-25,46.807876227305684
2010-06-28,46.64244099473834
2010-06-29,44.843329389317304
2010-06-30,44.160908561941135
2010-07-01,44.03683312358739
2010-07-02,43.91275768523365
2010-07-06,44.04717109999726
2010-07-07,45.4533725489632
2010-07-08,45.70152736995775
2010-07-09,46.13579337633937
2010-07-12,46.270210735390044
2010-07-13,46.86991591862608
2010-07-14,47.10772881892369
2010-07-15,47.14908466885022
2010-07-16,45.84628270541829
2010-07-19,46.23919286187338
2010-07-20,46.79753430660873
2010-07-21,46.15647327344617
2010-07-22,47.32486182211449
2010-07-23,47.624714413732505
2010-07-26,48.01762062590053
2010-07-27,47.996940728793724
2010-07-28,47.614372493035575
2010-07-29,47.26282213079409
2010-07-30,47.3662216163281
2010-08-02,48.25543352619814
2010-08-03,48.04864244370427
2010-08-04,48.53460622070936
2010-08-05,48.42087270305256
2010-08-06,48.348491091035214
2010-08-09,48.67936550045696
2010-08-10,48.25543352619813
2010-08-11,46.94229358635633
2010-08-12,46.57006332700804
2010-08-13,46.23919286187336
2010-08-16,46.3219085060135
2010-08-17,46.911271768552595
2010-08-18,47.09738689822674
2010-08-19,46.38394819733391
2010-08-20,46.44598394436724
2010-08-23,45.99103804087882
2010-08-24,45.132844004525445
2010-08-25,45.567110010907065
2010-08-26,45.01910654258157
2010-08-27,45.567110010907065
2010-08-30,45.09148421031184
2010-08-31,44.936386954154365
2010-09-01,46.2805487117999
2010-09-02,46.79753430660873
2010-09-03,47.57301269882198
2010-09-07,47.25248415438423
2010-09-08,47.82116751981653
2010-09-09,48.00728264949067
2010-09-10,48.183055858467874
2010-09-13,48.85513870943418
2010-09-14,49.061933736215124
2010-09-15,49.372124304243
2010-09-16,49.568577410327016
2010-09-17,49.73608389847473
2010-09-20,50.60664686164689
2010-09-21,50.59628080477414
2010-09-22,50.4615497398746
2010-09-23,50.440821579621414
2010-09-24,51.466843767946294
2010-09-27,51.18701953476678
2010-09-28,51.166291374513605
2010-09-29,51.08338268699318
2010-09-30,50.85537687770047
2010-10-01,50.79319239694092
2010-10-04,50.24390998745464
2010-10-05,51.4668437679463
2010-10-06,51.021198206233635
2010-10-07,51.207747695019975
2010-10-08,51.56011851233947
2010-10-11,51.580846672592656
2010-10-12,51.93321748991215
2010-10-13,52.358134891371634
2010-10-14,52.2544940901057
2010-10-15,53.36342891944333
2010-10-18,53.166513373784234
2010-10-19,52.66904938818476
2010-10-20,53.05251046913788
2010-10-21,53.156151270403804
2010-10-22,53.51888419110373
2010-10-25,53.777980264030056
2010-10-26,53.92307343231003
2010-10-27,54.08889476084318
2010-10-28,54.20289766548954
2010-10-29,54.078532657462745
2010-11-01,54.119988977969115
2010-11-02,54.700361651089004
2010-11-03,54.9490956206349
2010-11-04,55.62274303814796
2010-11-05,55.62274303814796
2010-11-08,55.69529357578027
2010-11-09,55.39474118234757
2010-11-10,55.674565415527084
2010-11-11,55.32219459820759
2010-11-12,54.42053741790949
2010-11-15,54.213263722362285
2010-11-16,53.321972598936945
2010-11-17,53.47742787059735
2010-11-18,54.33762873038908
2010-11-19,54.37908505089545
2010-11-22,54.835092715988544
2010-11-23,53.96452975281638
2010-11-24,55.0527324684085
2010-11-26,54.689999547708574
2010-11-29,54.64854322720221
2010-11-30,53.985257913069574
2010-12-01,55.12527905254849
2010-12-02,55.68492751890752
2010-12-03,55.8300206871875
2010-12-06,55.809292526934314
2010-12-07,55.840386744060254
2010-12-08,56.04766439309978
2010-12-09,56.09948281698658
2010-12-10,56.47258179455927
2010-12-13,56.27566624890017
2010-12-14,56.3793070501661
2010-12-15,56.1305730806202
2010-12-16,56.565856538952445
2010-12-17,56.61560156169706
2010-12-20,56.65714000404087
2010-12-21,56.99982225006755
2010-12-22,56.98943962014355
2010-12-23,56.84405903326412
2010-12-27,56.87521088436002
2010-12-28,56.771364778500505
2010-12-29,56.89598010553193
2010-12-30,56.7609821485765
2010-12-31,56.55329389818136
2011-01-03,57.43596797202975
2011-01-04,57.394429529685944
2011-01-05,57.88249632391595
2011-01-06,58.0694113918153
2011-01-07,58.01749031954749
2011-01-10,58.235565161190536
2011-01-11,58.31863808455426
2011-01-12,58.73401458534455
2011-01-13,58.75478380651646
2011-01-14,59.190925567154764
2011-01-18,59.3570753752061
2011-01-19,58.682089551752846
2011-01-20,58.26671701228645
2011-01-21,57.82018866040025
2011-01-24,58.61978584956103
2011-01-25,58.702858772924756
2011-01-26,59.014393129179425
2011-01-27,59.377844596378004
2011-01-28,57.872109732668065
2011-01-31,58.15248827650293
2011-02-01,59.24284663942258
2011-02-02,59.14938712481096
2011-02-03,59.253233230670475
2011-02-04,59.58553284677315
2011-02-07,59.86591139060801
2011-02-08,60.260514708902505
2011-02-09,60.15667256436688
2011-02-10,60.250132078978496
2011-02-11,60.686273839616796
2011-02-14,60.83165838782012
2011-02-15,60.748581503132506
2011-02-16,61.1431887827509
2011-02-17,61.122419561578994
2011-02-18,60.98742160462356
2011-02-22,59.22207741825066
2011-02-23,58.734014585344546
2011-02-24,59.04554498027532
2011-02-25,59.865911390608
2011-02-28,59.99052275631553
2011-03-01,59.024775759103406
2011-03-02,59.336306154034176
2011-03-03,60.50974140164144
2011-03-04,60.19821100671067
2011-03-07,59.38822722630199
2011-03-08,59.62706732779305
2011-03-09,59.222077418250656
2011-03-10,58.29786886338234
2011-03-11,58.66132429190482
2011-03-14,58.453636041509675
2011-03-15,57.622887001252984
2011-03-16,56.231380873326565
2011-03-17,56.750599518652486
2011-03-18,56.62287093963753
2011-03-21,57.714771223452836
2011-03-22,57.610782231442144
2011-03-23,57.93315048683075
2011-03-24,58.96265896220994
2011-03-25,59.108245137795215
2011-03-28,58.78587291548085
2011-03-29,59.35782427231694
2011-03-30,59.638595344130955
2011-03-31,59.72178971128012
2011-04-01,59.75298561549817
2011-04-04,59.555404943907554
2011-04-05,59.39941748896575
2011-04-06,59.54500366455102
2011-04-07,59.503410447902205
2011-04-08,59.22263540916243
2011-04-11,59.02505077064605
2011-04-12,58.61948814810829
2011-04-13,59.118642450225984
2011-04-14,59.01465345821529
2011-04-15,58.91066446620461
2011-04-18,58.49470056431032
2011-04-19,58.8586660032735
2011-04-20,60.189748109179774
2011-04-21,60.66810381951017
2011-04-25,60.82409127445197
2011-04-26,61.16725812162787
2011-04-27,61.58322202352216
2011-04-28,61.48963034394223
2011-04-29,61.43763584793689
2011-05-02,61.32324557656967
2011-05-03,61.032069258473356
2011-05-04,60.93847757889343
2011-05-05,60.60570804414831
2011-05-06,60.80329268266469
2011-05-09,61.03206925847336
2011-05-10,61.55202215237834
2011-05-11,61.104862346266
2011-05-12,61.46883175215495
2011-05-13,60.740896907302826
2011-05-16,59.6905938070621
2011-05-17,59.85697857443466
2011-05-18,60.35613287655236
2011-05-19,60.53291495635568
2011-05-20,60.075357837812575
2011-05-23,59.191435538018645
2011-05-24,58.82747009905547
2011-05-25,59.05625064178991
2011-05-26,59.42021608075309
2011-05-27,59.72178971128017
2011-05-31,60.6889024112975
2011-06-01,59.36822158474775
2011-06-02,59.49300916854573
2011-06-03,58.59868955632105
2011-06-06,58.12033384599065
2011-06-07,58.01634485397996
2011-06-08,57.60038095208567
2011-06-09,57.704373911022124
2011-06-10,56.820451611228194
2011-06-13,56.820451611228194
2011-06-14,57.548386456080316
2011-06-15,56.45648617226501
2011-06-16,56.2381069088871
2011-06-17,56.06236187868503
2011-06-20,56.35418921877344
2011-06-21,57.56319331094598
2011-06-22,57.14629767879815
2011-06-23,57.67784090193765
2011-06-24,56.677286613763684
2011-06-27,57.584038688930754
2011-06-28,58.43867930706052
2011-06-29,58.678395190111615
2011-06-30,59.460078973219275
2011-07-01,60.356410347318615
2011-07-05,60.65866236432408
2011-07-06,60.856687491405594
2011-07-07,61.69048273155056
2011-07-08,61.52372368352157
2011-07-11,60.40852180435592
2011-07-12,59.94993541623852
2011-07-13,60.20007200035735
2011-07-14,59.50176972918885
2011-07-15,60.29387421336425
2011-07-18,59.970780794223316
2011-07-19,61.3361192575078
2011-07-20,61.075557996471915
2011-07-21,61.48203690340132
2011-07-22,62.117803040615456
2011-07-25,61.99273474855604
2011-07-26,62.1490730955173
2011-07-27,60.54401477333241
2011-07-28,60.64823768740703
2011-07-29,60.45021256032551
2011-08-01,60.16880592130483
2011-08-02,58.6471291110591
2011-08-03,59.209942389100455
2011-08-04,56.458412132848075
2011-08-05,56.10405263465462
2011-08-08,52.72717694225584
2011-08-09,55.270253418660324
2011-08-10,53.00858358127651
2011-08-11,55.34321025368243
2011-08-12,55.83306669670168
2011-08-15,56.656441235778914
2011-08-16,56.17700946967672
2011-08-17,55.84349137361873
2011-08-18,53.1023857942834
2011-08-19,52.14351828622969
2011-08-22,52.33112271224348
2011-08-23,54.488569635552665
2011-08-24,54.91588994461755
2011-08-25,54.01956254636753
2011-08-26,55.374480308584275
2011-08-29,56.9170024968148
2011-08-30,57.29221134884237
2011-08-31,57.38601356184927
2011-09-01,56.86489103977749
2011-09-02,55.53081467969621
2011-09-06,55.54123935661327
2011-09-07,56.948268575867324
2011-09-08,56.687707314831435
2011-09-09,55.42659176562159
2011-09-12,56.13531871370714
2011-09-13,56.885736417762274
2011-09-14,57.698686279922455
2011-09-15,58.55332689805222
2011-09-16,59.08904069170803
2011-09-19,59.10992437892245
2011-09-20,58.848884263476336
2011-09-21,57.82560748890631
2011-09-22,55.94611945432552
2011-09-23,56.54129059889017
2011-09-26,57.19910882194201
2011-09-27,57.794279966506664
2011-09-28,56.9380687064959
2011-09-29,56.25936679622964
2011-09-30,54.80798439165423
2011-10-03,53.3983653783516
2011-10-04,54.49473306659406
2011-10-05,55.89390824471146
2011-10-06,56.83365425357989
2011-10-07,56.45775585003252
2011-10-10,58.41033479828574
2011-10-11,58.80711688904753
2011-10-12,59.09948054373723
2011-10-13,59.64244446184387
2011-10-14,60.74925598527157
2011-10-17,59.80950997640314
2011-10-18,60.550866931468704
2011-10-19,59.381404346397765
2011-10-20,59.08904069170806
2011-10-21,59.830393663617556
2011-10-24,61.072947162360926
2011-10-25,59.872161038046386
2011-10-26,59.79907012437396
2011-10-27,61.44884158275223
2011-10-28,61.54281618363907
2011-10-31,60.50909955703986
2011-11-01,58.93241502917795
2011-11-02,59.43361157285577
2011-11-03,60.6657212364139
2011-11-04,60.35247389450978
2011-11-07,60.78057952451516
2011-11-08,61.48016910515189
2011-11-09,59.31875726791057
2011-11-10,59.28742974551092
2011-11-11,60.404681120967794
2011-11-14,60.02878670057648
2011-11-15,60.69704875881356
2011-11-16,59.69465168830189
2011-11-17,58.29548049334054
2011-11-18,57.84649117612075
2011-11-21,56.739679652693056
2011-11-22,56.92762885446674
2011-11-23,55.6433119644506
2011-11-25,55.21520633444522
2011-11-28,57.13646174345484
2011-11-29,56.78144702712188
2011-11-30,58.88020780271995
2011-12-01,59.28742974551092
2011-12-02,59.12036423095165
2011-12-05,59.767746585130375
2011-12-06,59.600681070571106
2011-12-07,59.600681070571106
2011-12-08,58.59828400005944
2011-12-09,59.53803000892786
2011-12-12,58.869767950690786
2011-12-13,58.22238559651207
2011-12-14,57.31396711004329
2011-12-15,57.15734543066926
2011-12-16,57.450753405147
2011-12-19,56.885251052041646
2011-12-20,58.571283626200795
2011-12-21,57.73350458169967
2011-12-22,58.225697523243426
2011-12-23,58.7283689447897
2011-12-27,58.947238769102476
2011-12-28,58.265947979580055
2011-12-29,58.685204465182494
2011-12-30,58.51750267060675
2012-01-03,59.63900917151818
2012-01-04,59.89055986421871
2012-01-05,60.38318563505265
2012-01-06,60.592813877853864
2012-01-09,60.393665247945926
2012-01-10,60.833884957661105
2012-01-11,60.959660304011365
2012-01-12,61.200731383818606
2012-01-13,60.980623528124106
2012-01-17,61.53613497297009
2012-01-18,62.353684720062226
2012-01-19,62.741494370332475
2012-01-20,62.64716186098824
2012-01-23,62.66812508510098
2012-01-24,62.55282935164401
2012-01-25,63.33893226340395
2012-01-26,63.11882440770945
2012-01-27,63.30748942639793
2012-01-30,63.359895487516695
2012-01-31,63.44374438564148
2012-02-01,63.95733338058816
2012-02-02,64.15647801216993
2012-02-03,65.03691343327411
2012-02-06,64.98450737215535
2012-02-07,65.12076632972507
2012-02-08,65.46664953176983
2012-02-09,65.93831207849104
2012-02-10,65.47713314298929
2012-02-13,66.08505064895402
2012-02-14,66.25275244352976
2012-02-15,65.79157350802801
2012-02-16,66.69297215324494
2012-02-17,66.48334391044372
2012-02-21,66.6720089291322
2012-02-22,66.36804817698675
2012-02-23,66.80826788670193
2012-02-24,67.03885535528971
2012-02-27,67.13319186296012
2012-02-28,67.8144746558302
2012-02-29,67.51052190033708
2012-03-01,68.04506612274416
2012-03-02,67.99266405995157
2012-03-05,67.29040604799025
2012-03-06,66.63008248090674
2012-03-07,67.14366747752725
2012-03-08,67.86688471527515
2012-03-09,68.14987824498169
2012-03-12,68.18132907864005
2012-03-13,69.44957415001448
2012-03-14,69.69064123149556
2012-03-15,69.8897898614035
2012-03-16,69.84052357387341
2012-03-19,70.33398618648296
2012-03-20,70.45997919722473
2012-03-21,70.47048061734569
2012-03-22,70.32349277659857
2012-03-23,70.28149510635131
2012-03-26,71.50989692269643
2012-03-27,71.61488709319629
2012-03-28,71.331412831823
2012-03-29,71.05843198033412
2012-03-30,70.92194555970795
2012-04-02,71.65688476344351
2012-04-03,71.63588993343816
2012-04-04,70.65946612834003
2012-04-05,71.10042965058138
2012-04-09,70.56496936772457
2012-04-10,69.43105630175836
2012-04-11,69.76702965349983
2012-04-12,70.56496936772456
2012-04-13,69.4940568122475
2012-04-16,68.71711192802813
2012-04-17,70.11350442536227
2012-04-18,69.93502033448885
2012-04-19,69.14758204038509
2012-04-20,68.95859652939073
2012-04-23,68.32864749615501
2012-04-24,67.96117789428723
2012-04-25,69.76702965349985
2012-04-26,70.17649692561488
2012-04-27,70.59646561785087
2012-04-30,70.09250959535692
2012-05-01,70.20800118597772
2012-05-02,70.4074801068565
2012-05-03,69.66203948299999
2012-05-04,67.92967363392437
2012-05-07,67.99267414441353
2012-05-08,67.74068812293
2012-05-09,67.53070778193027
2012-05-10,67.39422136130412
2012-05-11,67.38371994118317
2012-05-14,66.75377090794746
2012-05-15,66.5332851417085
2012-05-16,66.08182019934621
2012-05-17,64.68543170713036
2012-05-18,63.84549832777666
2012-05-21,65.63035525698393
2012-05-22,65.55686133661037
2012-05-23,65.68285434735213
2012-05-24,65.25238824011346
2012-05-25,65.16839289961895
2012-05-29,65.99782886396997
2012-05-30,65.44137375110782
2012-05-31,65.15789548461626
2012-06-01,63.42552963554065
2012-06-04,63.908490828029244
2012-06-05,64.17097025939717
2012-06-06,65.64085667710486
2012-06-07,65.37837724573694
2012-06-08,66.00832627897266
2012-06-11,64.89541605324835
2012-06-12,65.68285434735213
2012-06-13,65.23138940498984
2012-06-14,65.47287000123414
2012-06-15,66.28445752445688
2012-06-18,66.90531542271924
2012-06-19,67.59983007315704
2012-06-20,67.65244834704203
2012-06-21,65.96876393798969
2012-06-22,66.66328260263819
2012-06-25,65.37947780690047
2012-06-26,65.78987465225495
2012-06-27,66.18975025135884
2012-06-28,65.45313857328662
2012-06-29,67.51565207473098
2012-07-02,67.71558385296687
2012-07-03,68.28382749155493
2012-07-05,68.32592050497865
2012-07-06,67.47355906130727
2012-07-09,67.34728002103613
2012-07-10,66.68432910935006
2012-07-11,66.3160252774193
2012-07-12,65.69516737915694
2012-07-13,66.69485436981134
2012-07-16,66.50543982361532
2012-07-17,66.85269714883422
2012-07-18,67.75767686639061
2012-07-19,68.50480979071341
2012-07-20,67.59983007315702
2012-07-23,66.77903638244807
2012-07-24,66.25288575728374
2012-07-25,65.81092115896682
2012-07-26,66.68432910935007
2012-07-27,68.2627849990538
2012-07-30,68.2101667251688
2012-07-31,68.18912423266764
2012-08-01,67.98918442601034
2012-08-02,67.74715160592932
2012-08-03,69.03096041587774
2012-08-06,69.55711104104209
2012-08-07,70.13587994009143
2012-08-08,70.10431218712898
2012-08-09,70.31476922582617
2012-08-10,70.35686223924988
2012-08-13,70.52522626452334
2012-08-14,70.55680204590718
2012-08-15,70.73569133164192
2012-08-16,71.57752751485204
2012-08-17,71.8932211013192
2012-08-20,71.99844962066778
2012-08-21,71.71433181558444
2012-08-22,72.00897488112906
2012-08-23,71.41968875003985
2012-08-24,71.86165334835675
2012-08-27,71.97740712816662
2012-08-28,71.97740712816662
2012-08-29,71.97740712816662
2012-08-30,71.25131669634497
2012-08-31,71.72485707604574
2012-09-04,71.65118828123818
2012-09-05,71.57752751485202
2012-09-06,73.16650465080633
2012-09-07,73.06127613145775
2012-09-10,72.12472866093891
2012-09-11,72.00897488112903
2012-09-12,72.2194319198262
2012-09-13,73.19807240376875
2012-09-14,73.85050206920424
2012-09-17,73.88206982216667
2012-09-18,73.94520532809155
2012-09-19,74.08200962882397
2012-09-20,74.00834886243781
2012-09-21,74.02939456630753
2012-09-24,73.59671712916266
2012-09-25,72.56252626944442
2012-09-26,71.97155201258043
2012-09-27,72.9635379015969
2012-09-28,72.36201642771282
2012-10-01,72.25648789833699
2012-10-02,72.46754495708868
2012-10-03,72.93188014791522
2012-10-04,73.18515022867939
2012-10-05,72.7946938648577
2012-10-08,72.12984883229956
2012-10-09,70.97957417487467
2012-10-10,70.62076751342397
2012-10-11,70.39915518634149
2012-10-12,70.3674974326598
2012-10-15,70.88459286251893
2012-10-16,71.8871340198662
2012-10-17,71.84492099785372
2012-10-18,71.01123192855637
2012-10-19,69.31219603627999
2012-10-22,69.67099464642
2012-10-23,69.00615766517255
2012-10-24,68.76344285273917
2012-10-25,68.76344285273917
2012-10-26,68.96394464316006
2012-10-31,68.54182247434599
2012-11-01,69.51270587801157
2012-11-02,68.77399006975926
2012-11-05,69.22776999225502
2012-11-06,69.35440905829245
2012-11-07,67.71868867337942
2012-11-08,66.65283603432415
2012-11-09,66.93776789442535
2012-11-12,66.92721262609456
2012-11-13,66.46288146092336
2012-11-14,65.68196068196929
2012-11-15,65.46034432923145
2012-11-16,65.74527618933264
2012-11-19,67.30712177289617
2012-11-20,67.3282282839024
2012-11-21,67.46541859261528
2012-11-23,68.48906223531343
2012-11-26,68.78454533809007
2012-11-27,68.55237774267678
2012-11-28,69.14334394823005
2012-11-29,69.55491890002403
2012-11-30,69.4388351023174
2012-12-03,69.30164076794917
2012-12-04,69.25942774593669
2012-12-05,68.4890622353134
2012-12-06,68.93228688947836
2012-12-07,68.52071998899508
2012-12-10,68.72122983072667
2012-12-11,69.61823440738739
2012-12-12,69.47049285599907
2012-12-13,68.92173162114756
2012-12-14,68.2674499082309
2012-12-17,69.17500975322243
2012-12-18,70.23031114960226
2012-12-19,69.92427277849482
2012-12-20,69.92427277849482
2012-12-21,69.19294343591233
2012-12-24,69.05498495395544
2012-12-26,68.4500776151749
2012-12-27,68.3439550831596
2012-12-28,67.68598243005633
2012-12-31,69.1186568538386
2013-01-02,71.31542646273947
2013-01-03,70.94399355237077
2013-01-04,70.71051912395896
2013-01-07,70.73174848834014
2013-01-08,70.59378190975305
2013-01-09,70.85909228810644
2013-01-10,71.2835905127979
2013-01-11,71.37910645925282
2013-01-14,71.06073076657668
2013-01-15,70.71051912395896
2013-01-16,70.99705886669354
2013-01-17,71.33665582712067
2013-01-18,71.1774679807826
2013-01-22,71.2942051949885
2013-01-23,71.72931000524036
2013-01-24,70.74236317053074
2013-01-25,71.10318139870886
2013-01-28,71.26236924504693
2013-01-29,71.27298392723752
2013-01-30,71.12440266645983
2013-01-31,70.96522291675196
2013-02-01,71.80360468394429
2013-02-04,70.55133937425107
2013-02-05,71.59135152328345
2013-02-06,71.35787709487164
2013-02-07,71.42155709138498
2013-02-08,72.15380822993181
2013-02-11,72.175037594313
2013-02-12,71.87789126601804
2013-02-13,72.13258696218084
2013-02-14,72.11135759779965
2013-02-15,71.89911253376901
2013-02-19,72.4191186082852
2013-02-20,71.30481987717909
2013-02-21,70.54072469206048
2013-02-22,71.25175456285632
2013-02-25,70.37092216353182
2013-02-26,70.6362325418852
2013-02-27,71.35787709487164
2013-02-28,71.20930393072416
2013-03-01,71.50645025901912
2013-03-04,71.82482595169526
2013-03-05,72.88606746510882
2013-03-06,72.70565835101976
2013-03-07,72.89668214729942
2013-03-08,72.98157531493354
2013-03-11,73.19382847559436
2013-03-12,72.92851809724097
2013-03-13,72.83300215078604
2013-03-14,73.07709126138845
2013-03-15,72.8743957516525
2013-03-18,72.71483845754362
2013-03-19,72.5765597975405
2013-03-20,73.08713340018363
2013-03-21,72.25744520932271
2013-03-22,72.9594859418123
2013-03-25,72.69355982343785
2013-03-26,73.08713340018363
2013-03-27,73.1828710228174
2013-03-28,73.36369883561096
2013-04-01,72.86375643459962
2013-04-02,73.43815782413897
2013-04-03,72.76802692738694
2013-04-04,72.78929744607161
2013-04-05,72.18298622079472
2013-04-08,72.5659204804876
2013-04-09,73.05522356444607
2013-04-10,74.480583663531
2013-04-11,74.44867382779344
2013-04-12,74.3954934733712
2013-04-15,72.92757610607472
2013-04-16,73.89555107235985
2013-04-17,72.44891233916915
2013-04-18,71.44902753714648
2013-04-19,72.4276337050634
2013-04-22,73.17223170576452
2013-04-23,73.8742724382541
2013-04-24,73.84236260251653
2013-04-25,74.23593617926231
2013-04-26,74.00191989662542
2013-04-29,74.68269011043033
2013-04-30,75.22518166423211
2013-05-01,74.87415724027677
2013-05-02,75.82085357245613
2013-05-03,76.71436955021326
2013-05-06,77.01220550432527
2013-05-07,76.96965635153482
2013-05-08,77.34195129417483
2013-05-09,77.23558246990928
2013-05-10,77.70361503518306
2013-05-13,77.79934454239574
2013-05-14,78.20354932077332
2013-05-15,78.3631066148822
2013-05-16,78.27800830930131
2013-05-17,79.03324562705532
2013-05-20,78.91623748573687
2013-05-21,79.00132767589668
2013-05-22,78.30992626045997
2013-05-23,78.12909033224531
2013-05-24,78.08654929487597
2013-05-28,78.5971228975191
2013-05-29,78.22482795487909
2013-05-30,78.63967205030956
2013-05-31,77.91635268371421
2013-06-03,78.05463134371732
2013-06-04,77.65042656533974
2013-06-05,76.63991056168526
2013-06-06,77.01220550432527
2013-06-07,78.0652706607702
2013-06-10,78.09718049650776
2013-06-11,77.32068077549017
2013-06-12,76.42716479773306
2013-06-13,77.39513976401818
2013-06-14,76.88455804595395
2013-06-17,77.62915604665507
2013-06-18,78.26737710766953
2013-06-19,77.39513976401818
2013-06-20,75.55492745408169
2013-06-21,75.15497619513074
2013-06-24,74.40801816937676
2013-06-25,74.95222695618384
2013-06-26,75.62449732059429
2013-06-27,75.94461869967517
2013-06-28,76.05132582603548
2013-07-01,76.52084695149905
2013-07-02,76.55285827528395
2013-07-03,76.86231464059114
2013-07-05,77.4492160474206
2013-07-08,77.523911849996
2013-07-09,77.99342483422768
2013-07-10,78.44160779091195
2013-07-11,79.99955463122159
2013-07-12,80.35169547531927
2013-07-15,80.53309840425497
2013-07-16,80.42639127789467
2013-07-17,80.62913237560967
2013-07-18,80.42639127789468
2013-07-19,79.59405615332783
2013-07-22,79.82881671605962
2013-07-23,79.24192345046204
2013-07-24,79.49802218197313
2013-07-25,79.9995546312216
2013-07-26,80.42639127789468
2013-07-29,80.27699967274388
2013-07-30,80.70382817818508
2013-07-31,80.85321978333587
2013-08-01,81.67488175289714
2013-08-02,82.13372972335512
2013-08-05,82.18707921591931
2013-08-06,81.69621992167643
2013-08-07,81.54682831652563
2013-08-08,81.9523267944194
2013-08-09,81.62152411910103
2013-08-12,81.81360020304231
2013-08-13,82.2724481735003
2013-08-14,81.96299180819311
2013-08-15,80.57578288304546
2013-08-16,80.54377155926056
2013-08-19,80.40504496788348
2013-08-20,80.75718581198117
2013-08-21,80.47974077045889
2013-08-22,81.26939141623525
2013-08-23,81.81360020304233
2013-08-26,81.85628468183282
2013-08-27,80.1809575601573
2013-08-28,80.49041392546448
2013-08-29,81.05596902228275
2013-08-30,80.53309840425497
2013-09-03,80.99194637471295
2013-09-04,81.85628468183282
2013-09-05,81.99500313197801
2013-09-06,82.0910452445646
2013-09-09,83.05142566427105
2013-09-10,83.45691600093294
2013-09-11,83.29685124077653
2013-09-12,83.24350174821232
2013-09-13,83.29685124077653
2013-09-16,83.07276383305035
2013-09-17,83.62765391609491
2013-09-18,84.63071067335997
2013-09-19,84.83345991230686
2013-09-20,84.54320982023178
2013-09-23,84.3719656307137
2013-09-24,84.3719656307137
2013-09-25,84.08297932261944
2013-09-26,84.73586463704069
2013-09-27,84.62883599787168
2013-09-30,84.42547586741732
2013-10-01,85.28172131229292
2013-10-02,85.24961353711838
2013-10-03,84.25423167789923
2013-10-04,84.98203785631497
2013-10-07,84.27563413942833
2013-10-08,82.64877759307878
2013-10-09,82.39190722592079
2013-10-10,84.13649772508478
2013-10-11,84.80008835315147
2013-10-14,85.39945526510733
2013-10-15,85.06766403395487
2013-10-16,86.03092995223774
2013-10-17,86.52326822502461
2013-10-18,87.92537034515246
2013-10-21,88.11802516196138
2013-10-22,88.2464562626595
2013-10-23,87.7113049010527
2013-10-24,88.09661453467055
2013-10-25,88.7280973875627
2013-10-28,88.7494998490918
2013-10-29,88.89934157708078
2013-10-30,88.81372356520261
2013-10-31,88.61036343474827
2013-11-01,88.63176589627737
2013-11-04,88.76020516273724
2013-11-05,88.85652848826084
2013-11-06,88.83512602673173
2013-11-07,87.16545639156222
2013-11-08,88.34278775394486
2013-11-11,88.20365133960131
2013-11-12,88.34278775394486
2013-11-13,89.41309047715849
2013-11-14,89.69137147160733
2013-11-15,89.8626156611254
2013-11-18,88.9849677547207
2013-11-19,88.72809738756271
2013-11-20,88.51403194346294
2013-11-21,89.4130904771585
2013-11-22,89.89472343629996
2013-11-25,90.10878888039973
2013-11-26,90.57971652589575
2013-11-27,91.2111993787879
2013-11-29,91.75705605404013
2013-12-02,91.48948037323672
2013-12-03,91.41455950924224
2013-12-04,91.5001775211204
2013-12-05,91.38244356830597
2013-12-06,92.04603419637264
2013-12-09,92.42063851634506
2013-12-10,92.356422965996
2013-12-11,91.16838628996793
2013-12-12,90.93291838433905
2013-12-13,90.81518443152461
2013-12-16,91.3182280179569
2013-12-17,91.13627851479339
2013-12-18,92.1958759243616
2013-12-19,91.93900555720363
2013-12-20,92.87230789869358
2013-12-23,93.84934998304458
2013-12-24,93.89228950655449
2013-12-26,94.20365429635515
2013-12-27,93.9674459598554
2013-12-30,93.82787202985055
2013-12-31,94.43986263285491
2014-01-02,93.69902888500368
2014-01-03,93.02262080529542
2014-01-06,92.67904727714279
2014-01-07,93.5379851932439
2014-01-08,93.74197659995265
2014-01-09,93.43061181015197
2014-01-10,93.7312458147947
2014-01-13,92.34621272558716
2014-01-14,94.1070280812993
2014-01-15,94.88007056750249
2014-01-16,94.89080135266043
2014-01-17,94.353967202957
2014-01-21,95.07333118905326
2014-01-22,95.32027031071098
2014-01-23,94.99817473575236
2014-01-24,93.1299859969483
2014-01-27,92.2281085573373
2014-01-28,92.17442186579133
2014-01-29,91.18664899628239
2014-01-30,92.87230789869359
2014-01-31,92.62536058559682
2014-02-03,90.49950193997711
2014-02-04,91.16517923452743
2014-02-05,90.92897089802767
2014-02-06,92.0885264358934
2014-02-07,93.7312458147947
2014-02-10,94.26807996449814
2014-02-11,95.34174826390502
2014-02-12,95.52426990885881
2014-02-13,96.23288672691903
2014-02-14,96.42614734846983
2014-02-18,96.89856402146934
2014-02-19,96.23288672691903
2014-02-20,96.68383363816359
2014-02-21,96.55499049331671
2014-02-24,97.07035488126519
2014-02-25,96.96298149817326
2014-02-26,96.8770942597144
2014-02-27,97.50304189529592
2014-02-28,97.39522567418086
2014-03-03,96.67290305395792
2014-03-04,97.9019323026194
2014-03-05,98.17145640496136
2014-03-06,98.08521494338129
2014-03-07,97.60006662403207
2014-03-10,97.68631631083497
2014-03-11,97.26585936919935
2014-03-12,97.63240820027744
2014-03-13,96.2524461123223
2014-03-14,95.59480664459012
2014-03-17,96.43572052786136
2014-03-18,97.6000666240321
2014-03-19,97.07180168650427
2014-03-20,97.34132578884623
2014-03-21,96.17266829406479
2014-03-24,95.32980802585026
2014-03-25,95.64318063095122
2014-03-26,94.4113066629052
2014-03-27,93.88181075553064
2014-03-28,94.06551762352845
2014-03-31,94.73547924992411
2014-04-01,96.39959157825633
2014-04-02,96.64813131480574
2014-04-03,95.88091214132172
2014-04-04,93.33071488432024
2014-04-07,92.444629955651
2014-04-08,93.29829020578346
2014-04-09,94.89756966556409
2014-04-10,91.95835870873114
2014-04-11,90.88857515632507
2014-04-14,91.60176144317545
2014-04-15,91.90433406635849
2014-04-16,93.12539980822557
2014-04-17,93.14700801632243
2014-04-21,93.83858609507595
2014-04-22,94.58419706046311
2014-04-23,93.7521450184275
2014-04-24,94.64902992901469
2014-04-25,93.1362080344045
2014-04-28,93.43877241332655
2014-04-29,94.18438337871372
2014-04-30,94.4329148710021
2014-05-01,94.71387104182728
2014-05-02,94.5409724000084
2014-05-05,95.03804362884618
2014-05-06,93.80616966080017
2014-05-07,93.53602171615393
2014-05-08,93.44958063950548
2014-05-09,93.79536967888224
2014-05-12,95.34061625202922
2014-05-13,95.4054491205808
2014-05-14,94.90837789174302
2014-05-15,94.16276692635584
2014-05-16,94.77870391037884
2014-05-19,95.43786555485657
2014-05-20,95.0920765154798
2014-05-21,95.99976965224592
2014-05-22,96.4212080306142
2014-05-23,97.12358609128565
2014-05-27,98.33385185123481
2014-05-28,98.03128747231277
2014-05-29,98.65803268251472
2014-05-30,98.66883266443264
2014-06-02,98.57158336160528
2014-06-03,98.52835870115057
2014-06-04,98.89575594862418
2014-06-05,99.72781623492081
2014-06-06,100.3005285584891
2014-06-09,100.22488746375859
2014-06-10,100.39778610557747
2014-06-11,100.3761696532196
2014-06-12,99.46847651645349
2014-06-13,99.76023266919661
2014-06-16,99.84668199010605
2014-06-17,99.9007066324787
2014-06-18,100.46261897412907
2014-06-19,100.3977861055775
2014-06-20,100.51556302472312
2014-06-23,100.53723749688083
2014-06-24,100.43971890494929
2014-06-25,101.07898357137655
2014-06-26,101.13315321899267
2014-06-27,101.57738896794592
2014-06-30,101.7507516796513
2014-07-01,102.86674727049021
2014-07-02,103.04010171580651
2014-07-03,103.69019535192356
2014-07-07,103.37598990313845
2014-07-08,102.12997227852048
2014-07-09,102.88841347625883
2014-07-10,102.56337079139486
2014-07-11,103.22429339720168
2014-07-14,103.84188359147122
2014-07-15,103.48433746475975
2014-07-16,103.89606150547641
2014-07-17,102.5200301134685
2014-07-18,104.14526833695564
2014-07-21,104.01524630317661
2014-07-22,104.6761771753725
2014-07-23,105.34794528364726
2014-07-24,105.22876048594708
2014-07-25,104.81702817884133
2014-07-28,104.84953162068881
2014-07-29,104.66533993929364
2014-07-30,105.0770722463994
2014-07-31,102.95342035995382
2014-08-01,102.57419976108464
2014-08-04,103.27847131120687
2014-08-05,102.48751840523194
2014-08-06,102.4116742854581
2014-08-07,102.08663160059412
2014-08-08,102.82340659256384
2014-08-11,103.43015955075454
2014-08-12,103.38681887282819
2014-08-13,104.48114825789847
2014-08-14,105.02289433239417
2014-08-15,105.53213696504238
2014-08-18,106.34475607678594
2014-08-19,106.94067179889778
2014-08-20,106.9406717988978
2014-08-21,107.15737518852951
2014-08-22,107.31990066415605
2014-08-25,107.69912126302522
2014-08-26,107.80746882464655
2014-08-27,107.82913503041519
2014-08-28,107.70995849910408
2014-08-29,108.1108453037419
2014-09-02,108.42505901891609
2014-09-03,107.7858026188779
2014-09-04,107.68828402694633
2014-09-05,108.23003010144204
2014-09-08,108.43589625499492
2014-09-09,107.53659578739865
2014-09-10,108.42505901891606
2014-09-11,108.33837766306337
2014-09-12,107.78580261887787
2014-09-15,106.74564288142372
2014-09-16,107.67744679086746
2014-09-17,107.839972266494
2014-09-18,108.65259137823757
2014-09-19,108.58541982483355
2014-09-22,107.57537311365056
2014-09-23,107.28212920191551
2014-09-24,108.43336220900281
2014-09-25,106.15261397648001
2014-09-26,107.2821292019155
2014-09-29,107.14094290601119
2014-09-30,107.2929922357749
2014-10-01,105.57699747293636
2014-10-02,105.57699747293634
2014-10-03,106.61962499963056
2014-10-06,106.39155100498499
2014-10-07,104.8819124551402
2014-10-08,106.923723659158
2014-10-09,105.19687414852704
2014-10-10,102.56858340710617
2014-10-13,100.96119412466071
2014-10-14,100.97205715852013
2014-10-15,100.32041599009462
2014-10-16,99.69049260332092
2014-10-17,101.00463797403134
2014-10-20,102.51427652387612
2014-10-21,105.20773718238644
2014-10-22,104.664701494354
2014-10-23,106.23950167522123
2014-10-24,107.10836209049992
2014-10-27,107.18438675538178
2014-10-28,108.80263078561964
2014-10-29,108.40078139349151
2014-10-30,108.62885538813708
2014-10-31,110.12763919018947
2014-11-03,110.45345563136871
2014-11-04,110.08419534081884
2014-11-05,110.09505837467825
2014-11-06,110.44260088357633
2014-11-07,110.34485015097565
2014-11-10,110.73583650924435
2014-11-11,111.08337901814242
2014-11-12,111.27887219727678
2014-11-13,111.75674625428677
2014-11-14,112.10428876318484
2014-11-17,111.76760928814618
2014-11-18,112.60388060184663
2014-11-19,112.09342572932542
2014-11-20,112.59301756798722
2014-11-21,112.81023681484041
2014-11-24,113.68995197791149
2014-11-25,113.86371908932702
2014-11-26,114.6022479564938
2014-11-28,115.13442889673382
2014-12-01,113.8311382738158
2014-12-02,114.28729454917396
2014-12-03,114.49364247610072
2014-12-04,114.43934387893769
2014-12-05,114.4501986267301
2014-12-08,113.63564509468145
2014-12-09,113.99405063743895
2014-12-10,112.20203120971853
2014-12-11,112.73421214995855
2014-12-12,111.50694619192238
2014-12-15,110.35571318483508
2014-12-16,108.5854198248335
2014-12-17,110.56206939782885
2014-12-18,113.22294095476094
2014-12-19,113.7192752421799
2014-12-22,114.0027036794886
2014-12-23,113.59936353088801
2014-12-24,113.69747689322057
2014-12-26,114.50414887361559
2014-12-29,114.48234220785007
2014-12-30,113.71927524217993
2014-12-31,112.5528681279092
2015-01-02,112.21493965979903
2015-01-05,110.56888570036068
2015-01-06,109.08634846693913
2015-01-07,110.49257900379367
2015-01-08,112.60737647551686
2015-01-09,111.86610785880609
2015-01-12,110.69970074453535
2015-01-13,110.66699074588706
2015-01-14,110.05653717335096
2015-01-15,108.62850828753707
2015-01-16,109.90392378021696
2015-01-20,110.7760074411024
2015-01-21,111.3428559989136
2015-01-22,113.40314512302915
2015-01-23,113.65387187849572
2015-01-26,113.52305683432105
2015-01-27,110.57978903324347
2015-01-28,110.01293215862609
2015-01-29,111.0703308944877
2015-01-30,110.20915056648501
2015-02-02,111.16844425682022
2015-02-03,112.23673800875842
2015-02-04,112.13863296323204
2015-02-05,113.10882166964386
2015-02-06,112.42205308373457
2015-02-09,112.06232626666502
2015-02-10,113.80648527162974
2015-02-11,114.22072043630693
2015-02-12,115.55064427659445
2015-02-13,116.54263964877181
2015-02-17,116.65164802718095
2015-02-18,116.81516475319775
2015-02-19,117.39291664389172
2015-02-20,118.1777902753274
2015-02-23,118.29769366981314
2015-02-24,118.38490369926292
2015-02-25,118.09058024587763
2015-02-26,118.69013048553099
2015-02-27,118.16688694244465
2015-03-02,119.23518069438283
2015-03-03,118.67923546945438
2015-03-04,118.22138697324613
2015-03-05,118.4285087139878
2015-03-06,117.08768985762367
2015-03-09,117.42561832573385
2015-03-10,115.2454174903264
2015-03-11,114.58045557018264
2015-03-12,115.33262751977618
2015-03-13,114.83117400884305
2015-03-16,116.3137112422646
2015-03-17,116.49903463404692
2015-03-18,117.64363508255212
2015-03-19,117.81805514145167
2015-03-20,118.5789419062864
2015-03-23,118.34949871529646
2015-03-24,117.92338874119932
2015-03-25,115.22468668137691
2015-03-26,114.83135311516251
2015-03-27,115.2902394971424
2015-03-30,116.61228241102515
2015-03-31,115.37764880870354
2015-04-01,114.77672854729485
2015-04-02,114.85320961095817
2015-04-06,115.79283887071361
2015-04-07,115.5961720876064
2015-04-08,116.51394485156618
2015-04-09,117.24597908031659
2015-04-10,117.72672195809214
2015-04-13,117.43172595133672
2015-04-14,117.09301695298996
2015-04-15,117.82505118174035
2015-04-16,117.66116914232664
2015-04-17,115.82561527859635
2015-04-20,117.56283158286766
2015-04-21,118.06542262062811
2015-04-22,118.71005587362812
2015-04-23,119.15801400771018
2015-04-24,120.77505292834836
2015-04-27,120.4691286736951
2015-04-28,120.22875723480732
2015-04-29,119.47486651026125
2015-04-30,117.59560799075038
2015-05-01,119.14709409562309
2015-05-04,119.3437608787303
2015-05-05,117.39894120764319
2015-05-06,116.59042591522947
2015-05-07,117.28968373609713
2015-05-08,118.7537605294087
2015-05-11,118.29486581161805
2015-05-12,117.75949836597485
2015-05-13,117.99986980486263
2015-05-14,119.72616619704687
2015-05-15,119.72616619704687
2015-05-18,120.25060539479225
2015-05-19,120.11949976326129
2015-05-20,120.19598082692461
2015-05-21,120.81875758412896
2015-05-22,120.69857186468506
2015-05-26,119.31097613503682
2015-05-27,121.23393931032825
2015-05-28,120.96079146355774
2015-05-29,120.23968548270517
2015-06-01,120.64393896100665
2015-06-02,120.26153364269008
2015-06-03,120.62209080102176
2015-06-04,119.70430970125122
2015-06-05,119.42024194239363
2015-06-08,118.20746483586768
2015-06-09,118.01079805276048
2015-06-10,119.62782863758791
2015-06-11,119.8026472607102
2015-06-12,118.8193133451742
2015-06-15,118.22931299585258
2015-06-16,118.87394624885259
2015-06-17,119.20171866349075
2015-06-18,120.93894330357283
2015-06-19,120.34238507190173
2015-06-22,121.22942701061315
2015-06-23,121.32799186773563
2015-06-24,120.7037756228872
2015-06-25,120.4628485888969
2015-06-26,119.66340964475438
2015-06-29,116.83801463680149
2015-06-30,117.25415601500772
2015-07-01,118.18500362854265
2015-07-02,118.21785579589074
2015-07-06,117.94407659455234
2015-07-07,118.23976281084158
2015-07-08,116.18093786952679
2015-07-09,116.11523353483058
2015-07-10,117.88932576733157
2015-07-13,119.95909586104364
2015-07-14,120.74758129771074
2015-07-15,120.87898996710314
2015-07-16,122.58737786490792
2015-07-17,124.39431390967884
2015-07-20,124.82141715043866
2015-07-21,124.74475930826704
2015-07-22,123.33205762675149
2015-07-23,122.87210221864356
2015-07-24,121.66747540377023
2015-07-27,120.65996994806366
2015-07-28,121.70032757111832
2015-07-29,122.16028297922624
2015-07-30,122.74069354925113
2015-07-31,122.59832301730515
2015-08-03,122.21503380644701
2015-08-04,121.98506027993213
2015-08-05,122.92686140094247
2015-08-06,120.95564780927471
2015-08-07,120.80233212493147
2015-08-10,122.1821816390989
2015-08-11,120.61616427324012
2015-08-12,121.03230565144635
2015-08-13,120.83518429227956
2015-08-14,121.02136049904908
2015-08-17,122.02886595475564
2015-08-18,121.40464970990722
2015-08-19,120.6052107657647
2015-08-20,117.26510952248309
2015-08-21,112.13996253922508
2015-08-24,107.82519965250685
2015-08-25,107.42000342669787
2015-08-26,112.82988311876971
2015-08-27,115.68813864914888
2015-08-28,115.6662399892762
2015-08-31,114.23163129280984
2015-09-01,110.66155652301336
2015-09-02,113.78263774725552
2015-09-03,113.2241258371033
2015-09-04,111.87713684536214
2015-09-08,115.0310702369524
2015-09-09,113.73883207243202
2015-09-10,114.97631105465345
2015-09-11,115.6114808069773
2015-09-14,115.26104376346727
2015-09-15,116.61898626268386
2015-09-16,117.2760546748804
2015-09-17,117.31986034970392
2015-09-18,115.65528414237895
2015-09-21,116.0175665922217
2015-09-22,114.2830097496699
2015-09-23,114.37083732097085
2015-09-24,113.95366892083865
2015-09-25,112.98758238792463
2015-09-28,109.7709708763867
2015-09-29,109.20010841432693
2015-09-30,111.71411610685368
2015-10-01,112.21911207828683
2015-10-02,114.18421001372997
2015-10-05,115.81995874464366
2015-10-06,115.27104898756004
2015-10-07,115.96267226623405
2015-10-08,116.42376282771492
2015-10-09,116.9507115041242
2015-10-12,117.23614692300318
2015-10-13,116.47864877800436
2015-10-14,116.29202147076349
2015-10-15,118.202225080219
2015-10-16,118.69624888701317
2015-10-19,119.37689162535001
2015-10-20,118.76211537763977
2015-10-21,118.03755047795426
2015-10-22,120.44177789420394
2015-10-23,123.81208346766944
2015-10-26,123.88893049863321
2015-10-27,124.14143267219887
2015-10-28,125.17337732004131
2015-10-29,124.97576947246328
2015-10-30,124.41588755074069
2015-11-02,125.82109518876304
2015-11-03,126.26022466956958
2015-11-04,126.27119683420855
2015-11-05,125.93087546504013
2015-11-06,126.01870303634108
2015-11-09,124.67936188894534
2015-11-10,124.36099322475305
2015-11-11,124.20729916282549
2015-11-12,122.99969937238116
2015-11-13,120.58449141579432
2015-11-16,122.31904825834611
2015-11-17,122.3958952893099
2015-11-18,124.74522837957194
2015-11-19,124.83305595087288
2015-11-20,125.67838166717264
2015-11-23,125.31609921732989
2015-11-24,125.2063189410528
2015-11-25,125.31609921732989
2015-11-27,125.49174598423359
2015-11-30,125.17337732004131
2015-12-01,126.42489927183429
2015-12-02,125.64544004616114
2015-12-03,123.51567588415148
2015-12-04,126.40293819115998
2015-12-07,125.83207572910023
2015-12-08,125.8430478937392
2015-12-09,123.93284428428369
2015-12-10,124.49273458170447
2015-12-11,121.62742497967211
2015-12-14,122.54958935123746
2015-12-15,123.2961069558991
2015-12-16,125.12947191008902
2015-12-17,123.30708749623626
2015-12-18,120.94897352500053
2015-12-21,122.29248525115229
2015-12-22,123.09638429924027
2015-12-23,124.01041387054407
2015-12-24,123.98838440518917
2015-12-28,123.92231281268312
2015-12-29,125.8715088094047
2015-12-30,124.73722659344854
2015-12-31,123.1844853571012
2016-01-04,120.58556296265863
2016-01-05,120.37632505068372
2016-01-06,119.22003017293129
2016-01-07,115.48683396431187
2016-01-08,114.53976859675504
2016-01-11,114.8921644264195
2016-01-12,116.2246614198938
2016-01-13,112.21615570679344
2016-01-14,114.60584018926112
2016-01-15,111.04883769458426
2016-01-19,111.29111140281219
2016-01-20,110.94973030582518
2016-01-21,111.0598524272617
2016-01-22,114.27546542317224
2016-01-25,112.57956626913536
2016-01-26,113.59270322919825
2016-01-27,110.7625218592052
2016-01-28,112.32627782822999
2016-01-29,114.67191178176718
2016-02-01,114.98026548428048
2016-02-02,112.49146521127443
2016-02-03,111.95186093498997
2016-02-04,111.94084620231253
2016-02-05,108.05347734332612
2016-02-08,106.40162031644039
2016-02-09,106.0712455503515
2016-02-10,106.47870664162387
2016-02-11,106.32453399125687
2016-02-12,107.94334682011026
2016-02-16,110.3770902332877
2016-02-17,112.87689683719188
2016-02-18,111.58845037264805
2016-02-19,111.91881673695761
2016-02-22,113.73586114688779
2016-02-23,111.863759877129
2016-02-24,112.9319620987998
2016-02-25,114.04420644762176
2016-02-26,113.90104852993221
2016-02-29,112.8768968371919
2016-03-01,116.4999709243748
2016-03-02,116.54402145330526
2016-03-03,116.3237688086529
2016-03-04,116.36781933758337
2016-03-07,115.65201294557701
2016-03-08,114.69394124712204
2016-03-09,115.43176870270396
2016-03-10,115.2555749887614
2016-03-11,117.27083417620972
2016-03-14,117.46905735550718
2016-03-15,117.42500682657669
2016-03-16,118.4711879846719
2016-03-17,118.40510799038654
2016-03-18,118.59012269882119
2016-03-21,119.05401049908568
2016-03-22,119.41849738214908
2016-03-23,118.43549343206635
2016-03-24,118.46862707113338
2016-03-28,118.3029504491352
2016-03-29,120.2026910711666
2016-03-30,120.78807449911889
2016-03-31,120.61135052187736
2016-04-01,121.89257407688945
2016-04-04,121.42868627662496
2016-04-05,120.25791099405733
2016-04-06,122.23496624946615
2016-04-07,120.47881596560927
2016-04-08,120.3904539769885
2016-04-11,119.94865246054768
2016-04-12,120.95375112111712
2016-04-13,122.50005221532848
2016-04-14,122.5110911439088
2016-04-15,122.20183261039914
2016-04-18,122.85349174314854
2016-04-19,122.10243169319806
2016-04-20,122.20183261039915
2016-04-21,122.21287996564251
2016-04-22,120.36836769316484
2016-04-25,120.36836769316484
2016-04-26,119.78297583854952
2016-04-27,118.8220665989535
2016-04-28,117.38621377718658
2016-04-29,116.76769671016726
2016-05-02,117.8721962879378
2016-05-03,116.7787440654106
2016-05-04,116.02768401546011
2016-05-05,115.99454194973003
2016-05-06,116.61306744341239
2016-05-09,116.94441226074572
2016-05-10,118.54594170451082
2016-05-11,117.47457576580732
2016-05-12,116.95545961598907
2016-05-13,116.5247054547916
2016-05-16,117.98264456038218
2016-05-17,116.50261917096792
2016-05-18,116.92232597692202
2016-05-19,116.314847838483
2016-05-20,117.5960713934951
2016-05-23,117.44144212674026
2016-05-24,119.79402319379281
2016-05-25,120.65553151618774
2016-05-26,121.00897104400778
2016-05-27,121.63853546627047
2016-05-31,121.87047936640272
2016-06-01,121.88152672164607
2016-06-02,122.13556533226503
2016-06-03,121.56122083289304
2016-06-06,122.00302234933388
2016-06-07,121.69376381582421
2016-06-08,121.9036214321328
2016-06-09,121.70481117106758
2016-06-10,120.3241866988544
2016-06-13,119.31908803828496
2016-06-14,119.31908803828496
2016-06-15,118.97669586570827
2016-06-16,119.33013539352831
2016-06-17,117.93514905613891
2016-06-20,118.6771646001412
2016-06-21,119.05370248719203
2016-06-22,118.76575628279373
2016-06-23,120.4601936732698
2016-06-24,115.4987045710342
2016-06-27,113.20622896344182
2016-06-28,115.68697351455961
2016-06-29,117.73580298376679
2016-06-30,119.0980025532051
2016-07-01,119.69604077032142
2016-07-05,118.96510235516581
2016-07-06,119.9396869087066
2016-07-07,120.29407898743771
2016-07-08,122.15463951311946
2016-07-11,122.85234654173502
2016-07-12,123.47253056717106
2016-07-13,123.17351568329973
2016-07-14,124.01520003880124
2016-07-15,123.81585396642913
2016-07-18,124.63538406423727
2016-07-19,124.18131472463328
2016-07-20,125.63211442609779
2016-07-21,125.34416822169949
2016-07-22,125.8646834356363
2016-07-25,125.87576056448297
2016-07-26,126.0197294419953
2016-07-27,126.89463673466322
2016-07-28,127.33762894542052
2016-07-29,127.61449802097212
2016-08-01,128.2900507918943
2016-08-02,127.31547468772713
2016-08-03,127.73631264079106
2016-08-04,128.10178184836886
2016-08-05,129.3310812197679
2016-08-08,129.18711234225557
2016-08-09,129.4861272261269
2016-08-10,129.15388940508916
2016-08-11,129.7076275561924
2016-08-12,129.79621923884494
2016-08-15,130.34995738994817
2016-08-16,129.6301045530129
2016-08-17,129.8626735625514
2016-08-18,129.89589649971782
2016-08-19,129.8626735625514
2016-08-22,129.96234237405065
2016-08-23,130.19491138358916
2016-08-24,129.35323547746128
2016-08-25,129.1428122762425
2016-08-26,129.33108121976792
2016-08-29,129.5082814838203
2016-08-30,129.08743508138272
2016-08-31,128.9545433327171
2016-09-01,129.28678115375484
2016-09-02,129.70762755619242
2016-09-06,130.51608052515388
2016-09-07,130.59360352833338
2016-09-08,129.829450625385
2016-09-09,126.56239046425182
2016-09-12,128.83272026352446
2016-09-13,127.68094389530494
2016-09-14,128.2900507918943
2016-09-15,130.28351151561532
2016-09-16,130.22149453256648
2016-09-19,129.65526348238032
2016-09-20,129.8995203460117
2016-09-21,131.1763121973694
2016-09-22,132.21994360940414
2016-09-23,131.37615795210849
2016-09-26,130.27700206576722
2016-09-27,131.56489881198624
2016-09-28,131.78694588589502
2016-09-29,130.8321282210921
2016-09-30,131.80915567561766
2016-10-03,131.6204148157399
2016-10-04,131.42056906100083
2016-10-05,131.886872998541
2016-10-06,131.82026057047895
2016-10-07,131.5315925979552
2016-10-10,132.36428183094245
2016-10-11,130.47684782050626
2016-10-12,130.3658242835519
2016-10-13,129.8995203460117
2016-10-14,130.05495499185844
2016-10-17,129.69967459127267
2016-10-18,130.85433801081467
2016-10-19,130.84323311595335
2016-10-20,130.68779847010663
2016-10-21,131.1763121973694
2016-10-24,132.75286844555924
2016-10-25,132.33097561691142
2016-10-26,131.4316654853092
2016-10-27,130.83212822109203
2016-10-28,130.0105438829661
2016-10-31,129.8884154511504
2016-11-01,128.91139646717772
2016-11-02,127.87886147945142
2016-11-03,126.62427941781634
2016-11-04,126.18017679944589
2016-11-07,129.17785464997885
2016-11-08,130.0216487778274
2016-11-09,130.62118604204457
2016-11-10,128.5117049576996
2016-11-11,128.56722096145324
2016-11-14,127.26821932037292
2016-11-15,129.03352489899342
2016-11-16,129.79960170391863
2016-11-17,130.74331447386027
2016-11-18,130.25480074659748
2016-11-21,131.60930992087853
2016-11-22,132.00900143035665
2016-11-23,131.47607659420152
2016-11-25,131.89797789340224
2016-11-28,131.5982050260172
2016-11-29,132.05341253924897
2016-11-30,130.4546465013365
2016-12-01,128.20083566600613
2016-12-02,128.45618895394594
2016-12-05,129.45541772764122
2016-12-06,129.76628701933467
2016-12-07,131.40946416613946
2016-12-08,131.64261613490956
2016-12-09,132.67515112263587
2016-12-12,132.0756138584187
2016-12-13,133.7409923243932
2016-12-14,133.46342924673078
2016-12-15,133.67437989633115
2016-12-16,133.1803142298709
2016-12-19,133.72595026917998
2016-12-20,134.2381897297343
2016-12-21,134.1379660106883
2016-12-22,133.7593638393256
2016-12-23,133.84844120596094
2016-12-27,134.53884389548142
2016-12-28,133.49210625233323
2016-12-29,133.3028051666519
2016-12-30,131.9331461400216
2017-01-03,133.11350408097056
2017-01-04,133.83731184494124
2017-01-05,134.5945246833621
2017-01-06,135.77488262431103
2017-01-09,136.22030344026956
2017-01-10,136.52095760601668
2017-01-11,136.88843041635963
2017-01-12,136.67685361724784
2017-01-13,137.1445501466368
2017-01-17,136.73253440512846
2017-01-18,137.0109213531406
2017-01-19,136.94411120424022
2017-01-20,137.24476536998733
2017-01-23,137.35611845005312
2017-01-24,138.28036515642034
2017-01-25,139.67229989648106
2017-01-26,139.81705805099702
2017-01-27,140.0843156379894
2017-01-30,138.9930350636758
2017-01-31,138.71464811566366
2017-02-01,139.6722998964811
2017-02-02,139.54980895970013
2017-02-03,139.95068684449325
2017-02-06,140.11772071243962
2017-02-07,140.62995167729852
2017-02-08,140.86379569414527
2017-02-09,141.37602665900414
2017-02-10,141.84371469269763
2017-02-13,142.64547895797932
2017-02-14,143.12429635269257
2017-02-15,143.9705865577488
2017-02-16,143.9260521222788
2017-02-17,144.54963616720346
2017-02-21,145.26230607445893
2017-02-22,145.31798686233955
2017-02-23,144.77234232733505
2017-02-24,145.0507292753472
2017-02-27,145.2289010000088
2017-02-28,144.78348867974572
2017-03-01,146.3647245054878
2017-03-02,145.6297788848019
2017-03-03,145.89703647179428
2017-03-06,145.5740980969213
2017-03-07,145.32911622335934
2017-03-08,145.58524444933192
2017-03-09,145.69658903370225
2017-03-10,146.30904371760712
2017-03-13,146.5540255911691
2017-03-14,146.19768214184595
2017-03-15,147.09967012617363
2017-03-16,146.9994379114322
2017-03-17,146.9482235485212
2017-03-20,147.08212186257924
2017-03-21,144.85039248564487
2017-03-22,145.83235886005403
2017-03-23,145.4641214696506
2017-03-24,145.76540970302503
2017-03-27,145.99973175262653
2017-03-28,146.89242690874903
2017-03-29,147.57310504978375
2017-03-30,147.81859664338603
2017-03-31,147.71817290784253
2017-04-03,147.62890168955587
2017-04-04,147.86322373915738
2017-04-05,147.2606642991524
2017-04-06,147.33876597343826
2017-04-07,147.2606642991524
2017-04-10,147.31646093892456
2017-04-11,146.6804098936612
2017-04-12,146.08900297091313
2017-04-13,145.5087485654219
2017-04-17,146.71388447217572
2017-04-18,146.49071493983107
2017-04-19,146.72505401617647
2017-04-20,147.952494957444
2017-04-21,147.9190203789295
2017-04-24,149.70441069117453
2017-04-25,150.7868008011272
2017-04-26,150.5747837860394
2017-04-27,151.47863145941878
2017-04-28,151.74644511427869
2017-05-01,153.09663185234737
2017-05-02,153.35327596320653
2017-05-03,152.86230980274584
2017-05-04,152.9180894157741
2017-05-05,153.47602176000768
2017-05-08,153.81078457189662
2017-05-09,154.34641188161646
2017-05-10,154.4356660731592
2017-05-11,154.31292027635806
2017-05-12,154.65885263224777
2017-05-15,155.14981879270846
2017-05-16,155.7970223552287
2017-05-17,151.83571633256537
2017-05-18,153.16358100937643
2017-05-19,153.81078457189665
2017-05-22,155.1051916969371
2017-05-23,155.26141207225277
2017-05-24,155.97556479180201
2017-05-25,157.30344649535698
2017-05-26,157.58241266747376
2017-05-30,157.7163109815318
2017-05-31,157.66051434175967
2017-06-01,158.27424332576538
2017-06-02,160.08195569926806
2017-06-05,160.04846409400966
2017-06-06,159.4124300754902
2017-06-07,160.03731157675278
2017-06-08,160.20470149606922
2017-06-09,156.1987343241467
2017-06-12,155.36183580779633
2017-06-13,156.6227683543223
2017-06-14,155.94209021328754
2017-06-15,155.25025955499595
2017-06-16,154.5784967532831
2017-06-19,157.1632113719418
2017-06-20,155.93239488686623
2017-06-21,157.47650700935526
2017-06-22,157.4317407335352
2017-06-23,158.03596594378385
2017-06-26,157.29747605273852
2017-06-27,154.44423207248641
2017-06-28,156.6708847779116
2017-06-29,153.9519054784562
2017-06-30,154.00785478656542
2017-07-03,152.38542729138888
2017-07-05,153.88477313805785
2017-07-06,152.49730883427554
2017-07-07,154.1421194673621
2017-07-10,155.1491557933326
2017-07-11,155.58553307925362
2017-07-12,157.43174073353524
2017-07-13,157.77860254114788
2017-07-14,159.0206020585126
2017-07-17,159.09893450453183
2017-07-18,160.16190306527977
2017-07-19,161.10178997752018
2017-07-20,161.3143871043361
2017-07-21,161.24725476393775
2017-07-24,161.98574465498308
2017-07-25,161.57173343364036
2017-07-26,162.09762619786977
2017-07-27,161.07942391294188
2017-07-28,160.94514215881344
2017-07-31,160.2626015758773
2017-08-01,160.63184652139998
2017-08-02,161.06822380732098
2017-08-03,160.44163253249405
2017-08-04,160.7325450319975
2017-08-07,161.75076439025713
2017-08-08,161.47103492304285
2017-08-09,161.25843779622693
2017-08-10,157.80098567905796
2017-08-11,158.99823599393434
2017-08-14,161.045840669411
2017-08-15,161.15773928562942
2017-08-16,161.4374687528437
2017-08-17,158.13666445438145
2017-08-18,158.02476583816303
2017-08-21,157.82336881696799
2017-08-22,160.22903540567816
2017-08-23,159.65839343896042
2017-08-24,159.18844998284024
2017-08-25,158.85277120751675
2017-08-28,159.34509780154698
2017-08-29,159.9716890763739
2017-08-30,161.85146290085467
2017-08-31,163.58578901224962
2017-09-01,163.36200885314452
2017-09-05,161.89622917667472
2017-09-06,162.38855577070495
2017-09-07,162.76898374851677
2017-09-08,161.3591533801562
2017-09-11,163.21654406672695
2017-09-12,163.60817215015965
2017-09-13,163.83195230926472
2017-09-14,162.8696822591143
2017-09-15,163.4291411935429
2017-09-18,163.21543402699058
2017-09-19,163.49577657354646
2017-09-20,162.99116341189608
2017-09-21,161.99314463058715
2017-09-22,161.83615348894588
2017-09-25,160.13166601487575
2017-09-26,160.5465675083381
2017-09-27,161.99314463058712
2017-09-28,161.9370726991257
2017-09-29,163.10329016406772
2017-10-02,163.24907376371715
2017-10-03,163.5966957837263
2017-10-04,163.75368692536753
2017-10-05,165.35725518925784
2017-10-06,165.5815258043523
2017-10-09,165.39089492598444
2017-10-10,165.51424633089908
2017-10-11,166.0076348398065
2017-10-12,165.70487720926695
2017-10-13,166.3440493178238
2017-10-16,166.91595906367854
2017-10-17,167.12900502603006
2017-10-18,166.92716660567035
2017-10-19,166.31040958109716
2017-10-20,166.75896792203727
2017-10-23,165.67123747254033
2017-10-24,165.9515800190962
2017-10-25,165.32359834178007
2017-10-26,164.79657009614604
2017-10-27,169.59603312432282
2017-10-30,169.97729488105855
2017-10-31,170.6164669896154
2017-11-01,170.56041216890512
2017-11-02,170.23520523287965
2017-11-03,171.87241323349656
2017-11-06,172.455513410592
2017-11-07,172.55644973152297
2017-11-08,173.25169377154123
2017-11-09,172.34338665842034
2017-11-10,172.3321620056774
2017-11-13,172.54522507878005
2017-11-14,171.91726051221505
2017-11-15,171.109872609274
2017-11-16,173.29654105025972
2017-11-17,172.6349367469681
2017-11-20,172.50037780006164
2017-11-21,174.37306395776486
2017-11-22,174.58612703086752
2017-11-24,175.22529913942435
2017-11-27,175.1468121239793
2017-11-28,175.59535335416828
2017-11-29,172.53401753678824
2017-11-30,173.98057754828616
2017-12-01,173.24048622954948
2017-12-04,171.24444866693162
2017-12-05,171.3565754191033
2017-12-06,172.13032358531774
2017-12-07,172.7134408731643
2017-12-08,173.47596438663578
2017-12-11,174.82160518795385
2017-12-12,174.58612703086754
2017-12-13,174.92254150888485
2017-12-14,174.7991901039702
2017-12-15,176.7840030138451
2017-12-18,178.2630964493444
2017-12-19,177.20681968106578
2017-12-20,177.01579345751875
2017-12-21,177.03827217388803
2017-12-22,176.835998019038
2017-12-26,175.88086690130277
2017-12-27,175.90332847143532
2017-12-28,176.11683341135165
2017-12-29,175.02684714163746
2018-01-02,178.09454894216668
2018-01-03,179.8250328853931
2018-01-04,180.1396663296161
2018-01-05,181.94881720701665
2018-01-08,182.65675102963672
2018-01-09,182.667981814703
2018-01-10,182.24097193487037
2018-01-11,183.48827492669605
2018-01-12,184.83672356906513
2018-01-16,184.30858518492582
2018-01-17,186.29751435457038
2018-01-18,186.33124100224268
2018-01-19,186.9155504579501
2018-01-22,188.9157275588977
2018-01-23,190.47766399494634
2018-01-24,189.24160893442368
2018-01-25,189.17418993155258
2018-01-26,192.07330993243056
2018-01-29,191.14065753106462
2018-01-30,189.56747316371295
2018-01-31,190.35405677427042
2018-02-01,188.73594926665365
2018-02-02,184.97156157480734
2018-02-05,177.67876984740033
2018-02-06,182.3870578719156
2018-02-07,180.02730704024322
2018-02-08,172.4311126536795
2018-02-09,175.40891673496833
2018-02-12,178.52154167576265
2018-02-13,179.4429804382991
2018-02-14,182.80281982044528
2018-02-15,186.19638585026377
2018-02-16,185.36486195320447
2018-02-20,185.73566646899553
2018-02-21,185.20754523109295
2018-02-22,185.18506651472367
2018-02-23,188.97191577670253
2018-02-26,191.47775254542015
2018-02-27,189.1067537824447
2018-02-28,187.89317743829133
2018-03-01,184.8254756377621
2018-03-02,186.52226722578973
2018-03-05,188.58986332960845
2018-03-06,189.38767772523218
2018-03-07,189.8259183901311
2018-03-08,190.87096437334347
2018-03-09,194.57916384738493
2018-03-12,195.61296189929428
2018-03-13,192.94980840846517
2018-03-14,192.91608176079288
2018-03-15,192.7475342536151
2018-03-16,192.17445558297396
2018-03-19,188.08083394622386
2018-03-20,188.69987738717816
2018-03-21,187.8782244835411
2018-03-22,183.24092891686732
2018-03-23,178.4122732897365
2018-03-26,185.04181222860146
2018-03-27,179.0538498844621
2018-03-28,176.99407574959665
2018-03-29,180.23568975524194
2018-04-02,175.0355977587426
2018-04-03,177.00532515182238
2018-04-04,179.79672262319912
2018-04-05,180.82096781485907
2018-04-06,176.29623496908238
2018-04-09,177.53433902565087
2018-04-10,181.45129500735888
2018-04-11,180.40451666192763
2018-04-12,182.57685351769018
2018-04-13,181.6313713162704
2018-04-16,183.015820649733
2018-04-17,186.95527543589253
2018-04-18,187.3379612074868
2018-04-19,185.61585806065273
2018-04-20,182.67814966170164
2018-04-23,182.21666655054744
2018-04-24,178.35600910394783
2018-04-25,178.56985079419647
2018-04-26,182.32922927144452
2018-04-27,182.4417748176817
2018-04-30,181.14738940066468
2018-05-01,183.2184129377559
2018-05-02,182.13788638564736
2018-05-03,182.11537040653596
2018-05-04,185.57082610242992
2018-05-07,187.11285294035252
2018-05-08,186.9215100545554
2018-05-09,188.95876821030947
2018-05-10,190.9172290265036
2018-05-11,190.73715271759212
2018-05-14,191.06355712873784
2018-05-15,188.94750163342385
2018-05-16,190.196872266878
2018-05-17,189.46526610502661
2018-05-18,188.48603569692955
2018-05-21,189.54404626992667
2018-05-22,189.296422023681
2018-05-23,190.89473022205215
2018-05-24,190.8384488616036
2018-05-25,191.02979174740074
2018-05-29,190.18562286465226
2018-05-30,191.54753904434358
2018-05-31,191.42374409588064
2018-06-01,194.42898325750602
2018-06-04,196.18485178567727
2018-06-05,196.79264582440584
2018-06-06,197.94072031384854
2018-06-07,196.33116271325164
2018-06-08,196.3424292901373
2018-06-11,196.8714431639658
2018-06-12,197.90695493251144
2018-06-13,197.89570553028568
2018-06-14,199.8991983047026
2018-06-15,199.2013403495285
2018-06-18,199.08653819037946
2018-06-19,198.52255366292795
2018-06-20,199.9325149815567
2018-06-21,198.1954502100405
2018-06-22,197.755542967086
2018-06-25,193.30005143106564
2018-06-26,194.08964353865125
2018-06-27,191.4501828694824
2018-06-28,193.0970252626752
2018-06-29,193.61588138952314
2018-07-02,194.9130561295267
2018-07-03,192.6571180197207
2018-07-05,195.04840690845367
2018-07-06,198.08264641997346
2018-07-09,199.8648395920932
2018-07-10,200.011481076892
2018-07-11,198.99629860061418
2018-07-12,202.42533416592673
2018-07-13,202.59452263958545
2018-07-16,202.10948699602739
2018-07-17,203.33898634656748
2018-07-18,202.95546378720465
2018-07-19,201.9402985223687
2018-07-20,201.895187333207
2018-07-23,202.53812074455192
2018-07-24,203.37282404129922
2018-07-25,206.2153108788585
2018-07-26,203.09083177757347
2018-07-27,200.34985802420942
2018-07-30,197.51866189252195
2018-07-31,199.03013629534593
2018-08-01,199.78587349675792
2018-08-02,202.5042830498202
2018-08-03,203.12466947230524
2018-08-06,204.32031391667172
2018-08-07,205.06477762365373
2018-08-08,205.31293219264774
2018-08-09,205.18885490815072
2018-08-10,203.6209786102932
2018-08-13,203.39538824160095
2018-08-14,204.66998156986088
2018-08-15,202.1658888910609
2018-08-16,202.8314037141495
2018-08-17,202.8765149033112
2018-08-20,202.69603572378065
2018-08-21,203.44049943076269
2018-08-22,204.2300743269064
2018-08-23,203.9368085687507
2018-08-24,205.83178831949564
2018-08-27,207.9298114500729
2018-08-28,208.2343679141004
2018-08-29,210.6369475087052
2018-08-30,210.2647156552142
2018-08-31,210.53541721306811
2018-09-04,209.63305573829922
2018-09-05,206.92591967966692
2018-09-06,205.07605111808365
2018-09-07,204.28647622193992
2018-09-10,204.9745380338884
2018-09-11,206.55368782617586
2018-09-12,205.94459210956265
2018-09-13,208.1441283243351
2018-09-14,207.53503260772192
2018-09-17,204.54590428536383
2018-09-18,206.2378578677183
2018-09-19,206.07994288848957
2018-09-20,208.35844519859734
2018-09-21,207.2192026492644
2018-09-24,207.79445860577283
2018-09-25,208.07695691902458
2018-09-26,208.2238615594607
2018-09-27,209.98664827537908
2018-09-28,209.94143888955475
2018-10-01,210.3708418432426
2018-10-02,209.8962467460591
2018-10-03,210.12224194819476
2018-10-04,206.08817500097052
2018-10-05,203.56827763228813
2018-10-08,202.3252953993776
2018-10-09,202.98069355520116
2018-10-10,194.05373651104824
2018-10-11,191.64686260692673
2018-10-12,196.98043214050628
2018-10-15,194.59614568696827
2018-10-16,200.25740567729528
2018-10-17,200.33649623899484
2018-10-18,195.69222327944274
2018-10-19,195.51143746313141
2018-10-22,196.51713076861452
2018-10-23,195.79393577638314
2018-10-24,186.83308031402632
2018-10-25,193.29664310061293
2018-10-26,188.3246796843134
2018-10-29,184.4487938604883
2018-10-30,187.48847846984987
2018-10-31,191.89546250197455
2018-11-01,194.42663635361998
2018-11-02,191.39826271187889
2018-11-05,190.92366761469538
2018-11-06,192.37005759915812
2018-11-07,198.40421743205687
2018-11-08,197.13863050623416
2018-11-09,193.81644758362086
2018-11-12,187.95177984174168
2018-11-13,188.10997820746954
2018-11-14,186.67488194829855
2018-11-15,189.94056175979577
2018-11-16,189.2738698786805
2018-11-19,183.12670382354958
2018-11-20,179.84973028676063
2018-11-21,181.21701246719508
2018-11-23,179.90623339787672
2018-11-26,184.0646002926249
2018-11-27,184.68610003024452
2018-11-28,190.62985833382325
2018-11-29,190.00835859620364
2018-11-30,191.3869517442585
2018-12-03,194.731739359784
2018-12-04,187.26248326771426
2018-12-06,188.58457330465305
2018-12-07,182.35831668782254
2018-12-10,184.26800804417704
2018-12-11,184.87819681417622
2018-12-12,186.50538985727894
2018-12-13,186.56189296839503
2018-12-14,182.01931526345467
2018-12-17,177.8948295445817
2018-12-18,179.01352907229702
2018-12-19,174.61785600779274
2018-12-20,172.08666491381862
2018-12-21,166.75311262256776
2018-12-24,162.62975896602725
2018-12-26,172.78421006156876
2018-12-27,173.45285788193107
2018-12-28,173.36219113279336
2018-12-31,174.82415139196806
2019-01-02,175.52681437455692
2019-01-03,169.79227651168037
2019-01-04,177.05677037235643
2019-01-07,179.16472473429468
2019-01-08,180.78536477414607
2019-01-09,182.2586691850344
2019-01-10,182.77998137643362
2019-01-11,182.11133355607132
2019-01-14,180.5020376679335
2019-01-15,184.0266275609347
2019-01-16,183.99262969162234
2019-01-17,185.44326309199766
2019-01-18,187.27921720652273
2019-01-22,183.5279690871343
2019-01-23,183.76595417232093
2019-01-24,184.95593147699665
2019-01-25,187.16587944687203
2019-01-28,184.85393786905954
2019-01-29,183.1086505036722
2019-01-30,187.7665315286096
2019-01-31,190.5771488731367
2019-02-01,189.7724922826107
2019-02-04,192.12977588144915
2019-02-05,193.82973851872472
2019-02-06,193.25175744750015
2019-02-07,190.65647147056086
2019-02-08,191.0304653259112
2019-02-11,190.84913182763572
2019-02-12,193.67107603096224
2019-02-13,193.80706750821173
2019-02-14,194.04506988631255
2019-02-15,194.86105333563793
2019-02-19,195.24637404978765
2019-02-20,195.21237618047527
2019-02-21,194.498386339087
2019-02-22,195.93769288066292
2019-02-25,196.6516827220512
2019-02-26,196.85566993792543
2019-02-27,196.73100531947532
2019-02-28,196.27768886670083
2019-03-01,197.6376555179384
2019-03-04,197.67165338725079
2019-03-05,197.8189890162139
2019-03-06,196.69700745016294
2019-03-07,194.28305497149913
2019-03-08,193.98840100648712
2019-03-11,198.02297623208815
2019-03-12,199.11095992882676
2019-03-13,200.60691805731386
2019-03-14,200.2669393641901
2019-03-15,202.12556448922814
2019-03-18,202.60607688561618
2019-03-19,203.28730347468687
2019-03-20,204.0934037032983
2019-03-21,207.28379699365715
2019-03-22,202.73096784946875
2019-03-25,202.34494753367423
2019-03-26,203.2873034746869
2019-03-27,201.98162206635337
2019-03-28,202.44712632474128
2019-03-29,203.97987748799443
2019-04-01,206.68203702286806
2019-04-02,207.4654424030058
2019-04-03,208.6575802717236
2019-04-04,208.57811365344202
2019-04-05,209.65670798254408
2019-04-08,210.1903314349767
2019-04-09,209.45233307609814
2019-04-10,210.57635175077124
2019-04-11,210.07678789536095
2019-04-12,210.98508423935127
2019-04-15,211.01914383637364
2019-04-16,211.74577744670353
2019-04-17,212.48375848127026
2019-04-18,212.7562525817609
2019-04-22,213.3579952282382
2019-04-23,216.07151951166045
2019-04-24,215.39031024690158
2019-04-25,216.26452966955773
2019-04-26,216.457539827455
2019-04-29,216.8776370645837
2019-04-30,215.19728276469246
2019-05-01,214.50470875138492
2019-05-02,213.57371755892095
2019-05-03,216.97981585565077
2019-05-06,215.65143959884358
2019-05-07,211.45058849773915
2019-05-08,210.91696504530654
2019-05-09,209.7815989463966
2019-05-10,210.04272829833857
2019-05-13,202.75368002225417
2019-05-14,204.97898787450302
2019-05-15,207.87417489158574
2019-05-16,209.9632443557452
2019-05-17,207.8174031217779
2019-05-20,204.30912603398102
2019-05-21,206.4436198437115
2019-05-22,205.52397607548434
2019-05-23,202.37900713069652
2019-05-24,202.27682833962947
2019-05-28,201.5161351322772
2019-05-29,199.8584930051715
2019-05-30,200.6986701551171
2019-05-31,197.49692944052137
2019-06-03,193.14847520277888
2019-06-04,198.58688851817212
2019-06-05,200.06286791161742
2019-06-06,201.6523735203666
2019-06-07,205.54667092395806
2019-06-10,207.94229408563052
2019-06-11,208.226135610358
2019-06-12,207.02265031740333
2019-06-13,208.24884778314347
2019-06-14,207.36326361193866
2019-06-17,208.6121732504643
2019-06-18,211.64359865563642
2019-06-19,212.438351460011
2019-06-20,214.41389470886654
2019-06-21,214.0959935871167
2019-06-24,214.10280162587532
2019-06-25,210.42744879851742
2019-06-26,211.40602307834624
2019-06-27,212.21392286391986
2019-06-28,212.48701941734203
2019-07-01,215.35445509651248
2019-07-02,216.20786229301618
2019-07-03,217.83503437624245
2019-07-05,217.3912633285651
2019-07-08,215.86651330450582
2019-07-09,216.94749228088773
2019-07-10,219.10945023365156
2019-07-11,218.9501482514754
2019-07-12,220.21319159680542
2019-07-15,220.91866932321201
2019-07-16,219.78079306120708
2019-07-17,218.69981408482516
2019-07-18,218.95014825147535
2019-07-19,217.3457385550211
2019-07-22,219.07531533480045
2019-07-23,220.50903317438568
2019-07-24,222.05654558521695
2019-07-25,219.95148491807615
2019-07-26,222.21584756739307
2019-07-29,221.45347255536342
2019-07-30,220.49766066230663
2019-07-31,217.44816061418808
2019-08-01,216.36716427519232
2019-08-02,213.1811246316696
2019-08-05,205.64837197061954
2019-08-06,208.52719752448292
2019-08-07,209.65370127440877
2019-08-08,214.21657883450754
2019-08-09,212.20255035184078
2019-08-12,209.7674958456548
2019-08-13,214.36450830460464
2019-08-14,207.95825939348043
2019-08-15,207.71931510152316
2019-08-16,211.05328421514298
2019-08-19,214.41001571553474
2019-08-20,212.7487260960713
2019-08-21,214.6376048580268
2019-08-22,213.94349964369925
2019-08-23,207.17313935729268
2019-08-26,210.30229907780623
2019-08-27,209.858510667515
2019-08-28,210.60951316746556
2019-08-29,213.8297050724532
2019-08-30,213.31766422707375
2019-09-03,211.24672109617012
2019-09-04,214.29623850690254
2019-09-05,218.22190813829678
2019-09-06,218.00570887049764
2019-09-09,217.5505653107412
2019-09-10,216.92472989411573
2019-09-11,218.96152076355446
2019-09-12,219.87182524568118
2019-09-13,219.08668784687953
2019-09-16,218.10811356705074
2019-09-17,219.15497500719547
2019-09-18,219.06394282272143
2019-09-19,219.4280541980038
2019-09-20,217.10679426306382
2019-09-23,217.20237239654944
2019-09-24,214.31774385574283
2019-09-25,216.72350311205005
2019-09-26,215.92538763788443
2019-09-27,213.24598133431505
2019-09-30,215.2754824247415
2019-10-01,213.51962838157718
2019-10-02,209.84827980280286
2019-10-03,212.1514279404915
2019-10-04,215.27548242474148
2019-10-07,214.6255946092111
2019-10-08,211.41030704492786
2019-10-09,213.47401184156055
2019-10-10,215.12725476610626
2019-10-11,217.89787675209635
2019-10-14,217.87506848208804
2019-10-15,220.6456904680781
2019-10-16,220.09839637355384
2019-10-17,220.67989417428433
2019-10-18,218.55917740143715
2019-10-21,220.49746280944294
2019-10-22,218.7416087662786
2019-10-23,219.16346607456347
2019-10-24,221.29557828360856
2019-10-25,223.06284516058332
2019-10-28,225.26338217965332
2019-10-29,223.5189061750744
2019-10-30,224.60208153031255
2019-10-31,224.70469264893117
2019-11-01,226.74558917555555
2019-11-04,228.14801072045998
2019-11-05,228.2734301090869
2019-11-06,227.76033972076883
2019-11-07,228.52425148872823
2019-11-08,229.43639091532287
2019-11-11,229.12855755946705
2019-11-12,229.78984081119535
2019-11-13,229.84685278740986
2019-11-14,229.66442142256844
2019-11-15,231.35188545093288
2019-11-18,231.5343168157743
2019-11-19,231.87635387783632
2019-11-20,230.48534516674235
2019-11-21,229.97227217603677
2019-11-22,230.120499834672
2019-11-25,232.84550528064545
2019-11-26,233.29017085893864
2019-11-27,234.92060551347606
2019-11-29,233.8488603896608
2019-12-02,231.45449656955148
2019-12-03,229.64163055017264
2019-12-04,230.8045913564086
2019-12-05,231.26066976851217
2019-12-06,233.73483643723182
2019-12-09,232.6744867496145
2019-12-10,232.48064255096264
2019-12-11,233.7120281672235
2019-12-12,235.45648677418995
2019-12-13,236.23181137595978
2019-12-16,238.6033669260608
2019-12-17,238.74018175088563
2019-12-18,238.92261311572705
2019-12-19,240.41623294543967
2019-12-20,241.3853843482488
2019-12-23,242.02158873276412
2019-12-24,242.14727931765492
2019-12-26,244.28400182556692
2019-12-27,244.07833583314468
2019-12-30,242.4786533301996
2019-12-31,242.9357004924034
2020-01-02,246.99205943908112
2020-01-03,244.72962891104672
2020-01-06,246.30647126054376
2020-01-07,246.27219359514007
2020-01-08,248.12325726786676
2020-01-09,250.22571954560667
2020-01-10,249.585829109197
2020-01-13,252.46527504972977
2020-01-14,251.47118788255904
2020-01-15,251.57402087877017
2020-01-16,253.98498214514345
2020-01-17,255.24188799405147
2020-01-21,255.12761748588468
2020-01-22,255.80176815246642
2020-01-23,256.62446699261864
2020-01-24,254.46488689602697
2020-01-27,249.2087747897563
2020-01-28,253.03659272010046
2020-01-29,253.44794214017656
2020-01-30,254.35063382309184
2020-01-31,250.3171324650938
2020-02-03,254.09925265331023
2020-02-04,259.91526235322755
2020-02-05,260.7722388587835
2020-02-06,263.0232318748623
2020-02-07,261.8920166108451
2020-02-10,265.05712138656315
2020-02-11,265.1028191286909
2020-02-12,267.6851861573144
2020-02-13,267.3423920680457
2020-02-14,268.1079556541145
2020-02-18,268.2107886503256
2020-02-19,270.78171816699336
2020-02-20,268.267923904409
2020-02-21,263.1146447943494
2020-02-24,252.96803738929307
2020-02-25,246.08936775616598
2020-02-26,247.357693681798
2020-02-27,234.9715307726186
2020-02-28,235.15435661159276
2020-03-02,247.28913835099058
2020-03-03,239.35924629660934
2020-03-04,249.34588545137115
2020-03-05,241.77020756298262
2020-03-06,237.69100846285687
2020-03-09,221.17993127619232
2020-03-10,233.22330009610303
2020-03-11,223.0652726143227
2020-03-12,202.61210698914724
2020-03-13,219.77447725371383
2020-03-16,193.44816667453767
2020-03-17,208.11960026519955
2020-03-18,201.789408148995
2020-03-19,203.00059882054364
2020-03-20,195.0478491774827
2020-03-23,195.18840448294213
2020-03-24,210.30330675929818
2020-03-25,208.74601273856084
2020-03-26,219.73866099756498
2020-03-27,212.18121859556723
2020-03-30,219.8989699053309
2020-03-31,218.0210580690618
2020-04-01,208.75745713470107
2020-04-02,212.99420753053687
2020-04-03,209.97122707526566
2020-04-06,224.98307736927805
2020-04-07,224.8914697830746
2020-04-08,229.66642129999073
2020-04-09,229.99848351166273
2020-04-13,232.4832803182141
2020-04-14,242.5942383206862
2020-04-15,239.81171249088354
2020-04-16,244.18588300220475
2020-04-17,246.52181529713047
2020-04-20,243.60190429656348
2020-04-21,234.6131086484525
2020-04-22,241.57512794866875
2020-04-23,241.05985056458988
2020-04-24,244.8614692940495
2020-04-27,246.830988716522
2020-04-28,242.18201291895105
2020-04-29,250.77002756146703
2020-04-30,250.66697557912337
2020-05-01,243.60190429656348
2020-05-04,246.44166957942784
2020-05-05,249.2356398053707
2020-05-06,250.77002756146706
2020-05-07,253.9991294537861
2020-05-08,257.48013036771397
2020-05-11,259.78171200185847
2020-05-12,254.34263606159834
2020-05-13,251.15934669856125
2020-05-14,254.01057384992635
2020-05-15,255.6594754568671
2020-05-18,260.422947632922
2020-05-19,259.77026760571823
2020-05-20,264.95742705200905
2020-05-21,262.07184923986273
2020-05-22,262.9764632333963
2020-05-26,262.26650880840987
2020-05-27,263.69784458216253
2020-05-28,263.3543379743503
2020-05-29,267.21321362923214
2020-06-01,268.0147581680616
2020-06-02,269.812524286628
2020-06-03,271.0262942271926
2020-06-04,269.12547612628254
2020-06-05,274.46150008419903
2020-06-08,276.59132841443744
2020-06-09,278.5951984976912
2020-06-10,281.9387967684941
2020-06-11,267.9689631111402
2020-06-12,270.09879144137864
2020-06-15,273.3851327867594
2020-06-16,278.0799211136124
2020-06-17,278.96161137014445
2020-06-18,279.71736085205237
2020-06-19,279.6715657951309
2020-06-22,283.01974643709315
2020-06-23,285.42851219523124
2020-06-24,279.5442278056199
2020-06-25,282.2053429530465
2020-06-26,275.5410647686202
2020-06-29,278.546294310748
2020-06-30,284.0061983672979
2020-07-01,287.32113261489525
2020-07-02,289.27109084835513
2020-07-06,296.38272999756265
2020-07-07,294.34097175391975
2020-07-08,298.21796009627525
2020-07-09,300.72997242449327
2020-07-10,302.78317722803314
2020-07-13,296.55477844372064
2020-07-14,298.6538394963891
2020-07-15,299.26176734266096
2020-07-16,297.2200441037884
2020-07-17,297.56417600087474
2020-07-20,306.0063464702178
2020-07-21,302.8175869172647
2020-07-22,303.8843222882147
2020-07-23,295.9468505974487
2020-07-24,293.1365976260432
2020-07-27,298.3670804178689
2020-07-28,294.5703930186439
2020-07-29,297.9656107069867
2020-07-30,299.5255982966168
2020-07-31,304.8707917208046
2020-08-03,308.9886478877814
2020-08-04,310.1356842018619
2020-08-05,310.9041789296245
2020-08-06,315.0220701013715
2020-08-07,311.3859495836372
2020-08-10,310.05538325873135
2020-08-11,304.18256293140223
2020-08-12,311.8332755436481
2020-08-13,312.5444674623851
2020-08-14,312.17740744073444
2020-08-17,315.8020463938014
2020-08-18,318.8416856251608
2020-08-19,316.6967333185934
2020-08-20,321.08986699942295
2020-08-21,323.3151202491208
2020-08-24,325.33391536342907
2020-08-25,327.8917839407757
2020-08-26,334.8887124576211
2020-08-27,333.8449052112354
2020-08-28,335.5425315577919
2020-08-31,338.23807389683526
2020-09-01,344.0191467211369
2020-09-02,347.27672565255324
2020-09-03,329.6697112304627
2020-09-04,325.2765425448628
2020-09-08,309.64246698795205
2020-09-09,318.7384565574659
2020-09-10,312.383865576124
2020-09-11,310.2159851449923
2020-09-14,315.618516382976
2020-09-15,320.0919510069361
2020-09-16,314.98762540736953
2020-09-17,310.06686482339865
2020-09-18,306.10957553791263
2020-09-21,306.8436955812139
2020-09-22,312.54446746238506
2020-09-23,303.00111692809
2020-09-24,304.4119841961264
2020-09-25,311.48917865133205
2020-09-28,317.9584802650361
2020-09-29,316.5246848724354
2020-09-30,318.69256530356705
2020-10-01,323.7509996492347
2020-10-02,314.64352851505356
2020-10-05,321.35369795337886
2020-10-06,315.6185163829761
2020-10-07,321.07842043952604
2020-10-08,322.78749334597956
2020-10-09,327.7197354946178
2020-10-12,337.8366041859531
2020-10-13,337.8251226212858
2020-10-14,335.00342308998336
2020-10-15,332.7552417157212
2020-10-16,330.93145817690555
2020-10-19,325.52889193415155
2020-10-20,326.2286022882213
2020-10-21,325.9762528989327
2020-10-22,325.96477133426544
2020-10-23,326.6071088697689
2020-10-26,321.7092764103623
2020-10-27,324.2212887385803
2020-10-28,311.58096115912997
2020-10-29,317.0293836510126
2020-10-30,308.98864788778144
2020-11-02,309.6768766771839
2020-11-03,315.03351666126866
2020-11-04,329.0961930734227
2020-11-05,337.6760373044625
2020-11-06,337.92835168898074
2020-11-09,331.0232056799332
2020-11-10,325.09304753880815
2020-11-11,332.36525356950636
2020-11-12,330.80526597987625
2020-11-13,333.7072664543092
2020-11-16,336.3110612903251
2020-11-17,335.24429091460473
2020-11-18,332.7666882756183
2020-11-19,335.3704831116342
2020-11-20,333.07641048347307
2020-11-23,333.0878920481404
2020-11-24,337.76778480749016
2020-11-25,339.84391773559435
2020-11-27,342.97533947475154
2020-11-30,343.67501482405095
2020-12-01,348.0796300695478
2020-12-02,348.526991034329
2020-12-03,349.02020824823876
2020-12-04,350.44252207617217
2020-12-07,352.4269075012488
2020-12-08,353.6198350692283
2020-12-09,345.61350899522876
2020-12-10,347.00141313393055
2020-12-11,346.232918406168
2020-12-14,348.744930734386
2020-12-15,352.4727987551478
2020-12-16,354.41129292632553
2020-12-17,356.7282936790509
2020-12-18,355.6500767434336
2020-12-21,354.98596092006153
2020-12-22,355.9512169546797
2020-12-23,354.15859359491185
2020-12-24,355.7213790600062
2020-12-28,359.3066257795419
2020-12-29,359.6283777910813
2020-12-30,359.63988020631666
2020-12-31,360.5246894709652
2021-01-04,355.4340992258339
2021-01-05,358.36433950705543
2021-01-06,353.4001706244963
2021-01-07,361.94962129493024
2021-01-08,366.6035405811854
2021-01-11,361.3061172718515
2021-01-12,360.731557603507
2021-01-13,363.1676849863536
2021-01-14,361.22567050188195
2021-01-15,358.3643395070555
2021-01-19,363.59285352999433
2021-01-20,372.0503550152232
2021-01-21,375.02656988904727
2021-01-22,373.94642997543156
2021-01-25,377.03752872825316
2021-01-26,377.58911863446605
2021-01-27,367.0631813021933
2021-01-28,369.23503368133845
2021-01-29,361.4669757434517
2021-02-01,370.49907196536424
2021-02-02,376.5434158298782
2021-02-03,375.04957471951803
2021-02-04,379.4851585263351
2021-02-05,380.7721665724926
2021-02-08,383.32321290267595
2021-02-09,383.2428012010455
2021-02-10,382.3694592832933
2021-02-11,384.4723322393651
2021-02-12,386.6212148563785
2021-02-16,385.5755120517907
2021-02-17,383.7254116841849
2021-02-18,382.0477072717538
2021-02-19,380.381470206219
2021-02-22,370.52204172749583
2021-02-23,369.4188969834093
2021-02-24,372.46405621196755
2021-02-25,359.47898666637735
2021-02-26,360.9843652603121
2021-03-01,371.8435219510204
2021-03-02,365.8795897881369
2021-03-03,355.26173833899827
2021-03-04,349.44719730081863
2021-03-05,354.7101484327854
2021-03-08,344.6668566519913
2021-03-09,358.2609229749539
2021-03-10,357.23822500083696
2021-03-11,365.4659236597315
2021-03-12,362.5011761328038
2021-03-15,366.37370268651176
2021-03-16,368.38466152571766
2021-03-17,369.90150746654865
2021-03-18,358.57120763959705
2021-03-19,359.83524592362284
2021-03-22,366.5747971676987
2021-03-23,364.9755593086785
2021-03-24,358.8201420511868
2021-03-25,358.1988384765197
2021-03-26,363.57189426180275
2021-03-29,363.46834951799417
2021-03-30,361.6389888204112
2021-03-31,367.17310250323584
2021-04-01,373.43206450453613
2021-04-05,380.8875669532796
2021-04-06,380.6229643119294
2021-04-07,381.5433854425496
2021-04-08,385.5242577446142
2021-04-09,387.85986059758295
2021-04-12,387.3536535540127
2021-04-13,391.87528292606584
2021-04-14,387.1695623055256
2021-04-15,393.03730845890607
2021-04-16,393.4975541360316
2021-04-19,389.89634589459865
2021-04-20,387.0545008862442
2021-04-21,390.3680731353815
2021-04-22,385.66235251484125
2021-04-23,390.5176494692658
2021-04-26,393.0603418098517
2021-04-27,391.3575240952074
2021-04-28,390.0344055530101
2021-04-29,391.4380705998859
2021-04-30,388.8723449083544
2021-05-03,386.80137980855136
2021-05-04,379.8406028397209
2021-05-05,378.5634807757838
2021-05-06,381.416842459611
2021-05-07,384.5118085456583
2021-05-10,374.8012146368092
2021-05-11,374.2834558059507
2021-05-12,364.5958952480472
2021-05-13,367.41470690545606
2021-05-14,375.52606295528494
2021-05-17,373.2479732560492
2021-05-18,370.72827915459334
2021-05-19,371.15397480530055
2021-05-20,378.333357937221
2021-05-21,376.23939459828784
2021-05-24,382.5673864287939
2021-05-25,383.0966268233097
2021-05-26,384.43126204097973
2021-05-27,382.9930820795011
2021-05-28,384.201139202417
2021-06-01,382.92405225029535
2021-06-02,383.6718988079012
2021-06-03,379.6795098303638
2021-06-04,386.1225630801513
2021-06-07,387.2731070493342
2021-06-08,387.4571982978213
2021-06-09,387.54922636615714
2021-06-10,391.58764693377015
2021-06-11,392.6116128081989
2021-06-14,396.373914058989
2021-06-15,393.78519012832743
2021-06-16,392.34701016684875
2021-06-17,397.328850104212
2021-06-18,394.21088577903464
2021-06-21,396.6580703299248
2021-06-22,400.3555995887049
2021-06-23,400.5513978695731
2021-06-24,403.02794732805216
2021-06-25,402.53261634497954
2021-06-28,407.4280654988095
2021-06-29,408.9024581908123
2021-06-30,408.25741358507946
2021-07-01,408.41869231265997
2021-07-02,413.106813232996
2021-07-06,414.8921982752396
2021-07-07,415.76763101971756
2021-07-08,413.2565268556562
2021-07-09,415.8367404308822
2021-07-12,417.46088189783995
2021-07-13,417.46088189783995
2021-07-14,418.2095906203197
2021-07-15,415.27230003664505
2021-07-16,411.90885818565164
2021-07-19,408.53388638203256
2021-07-20,413.27958676090765
2021-07-21,416.4702550839895
2021-07-22,419.223242187127
2021-07-23,424.11869134095696
2021-07-26,424.4527084441544
2021-07-27,419.77611747644397
2021-07-28,421.3887289907761
2021-07-29,422.1374728655504
2021-07-30,419.9373962040244
2021-08-02,419.97195090960673
2021-08-03,422.51757462695576
2021-08-04,423.12806452710623
2021-08-05,425.81194221907907
2021-08-06,423.94588266075056
2021-08-09,424.7291812411072
2021-08-10,422.5521293325379
2021-08-11,421.82644536301484
2021-08-12,423.34692271322564
2021-08-13,424.8328453578541
2021-08-16,425.0171488383913
2021-08-17,421.27357007369784
2021-08-18,417.21896380646905
2021-08-19,419.23473698745784
2021-08-20,423.5773108519708
2021-08-23,429.91259799222127
2021-08-24,431.22571195664364
2021-08-25,431.7210077874216
2021-08-26,428.97958578920435
2021-08-27,433.14935097351116
2021-08-30,438.0102454217587
2021-08-31,437.65316841331
2021-09-01,438.3788172305386
2021-09-02,438.1714889970447
2021-09-03,439.51919281934397
2021-09-07,440.14117751982553
2021-09-08,438.6092053692837
2021-09-09,437.10025797169857
2021-09-10,433.7828656266185
2021-09-13,433.48336807670876
2021-09-14,432.2508934760766
2021-09-15,435.46458655211524
2021-09-16,435.7640841020249
2021-09-17,430.6036921038676
2021-09-20,421.71588970921823
2021-09-21,422.2347970709526
2021-09-22,426.1786689805821
2021-09-23,430.1109978848098
2021-09-24,430.5145807687956
2021-09-27,427.078143599678
2021-09-28,414.99286328866805
2021-09-29,414.31249461966763
2021-09-30,412.7902959744008
2021-10-01,415.350344535226
2021-10-04,406.632348937192
2021-10-05,412.1214703108022
2021-10-06,414.7622495252604
2021-10-07,418.56771094633774
2021-10-08,416.4804681098192
2021-10-11,413.286187709511
2021-10-12,411.8447197178772
2021-10-13,415.14278159053225
2021-10-14,422.7883334488922
2021-10-15,425.4521634820643
2021-10-18,429.7304306274483
2021-10-19,432.98239086267563
2021-10-20,432.41734667142384
2021-10-21,435.05809069379245
2021-10-22,431.4025475745794
2021-10-25,435.81919001642586
2021-10-26,437.19147035982843
2021-10-27,438.20626945667294
2021-10-28,443.0726668041122
2021-10-29,445.25214810757586
2021-11-01,446.7743467528427
2021-11-02,448.6424836392658
2021-11-03,453.4050995143582
2021-11-04,459.21710831041077
2021-11-05,459.65532021060176
2021-11-08,459.0325961844308
2021-11-09,455.8729096082382
2021-11-10,449.1729691984915
2021-11-11,450.41838205874365
2021-11-12,455.1579471151222
2021-11-15,455.05413045068576
2021-11-16,458.294582872601
2021-11-17,458.5367396414104
2021-11-18,463.28781251110104
2021-11-19,465.8709118906401
2021-11-22,460.46252117066297
2021-11-23,458.3637705208323
2021-11-24,459.83983233658176
2021-11-26,451.12183673854776
2021-11-29,460.91227607625575
2021-11-30,454.1431480182778
2021-12-01,446.41686550628486
2021-12-02,449.6342319173966
2021-12-03,441.8157109384585
2021-12-06,445.3559647720126
2021-12-07,458.76735340481815
2021-12-08,460.8200024172211
2021-12-09,454.039366545931
2021-12-10,458.97495154160146
2021-12-13,452.34419878008606
2021-12-14,447.66231355862664
2021-12-15,457.86787878572216
2021-12-16,446.09397808384244
2021-12-17,443.86835995086136
2021-12-20,439.5681712305359
2021-12-21,449.40587635971235
2021-12-22,454.87899685189427
2021-12-23,458.3083435559435
2021-12-27,465.88292158955414
2021-12-28,463.723674582392
2021-12-29,463.6543976984701
2021-12-30,462.2688247825535
2021-12-31,459.3821704942117
2022-01-03,463.8045093594606
2022-01-04,457.7887316890504
2022-01-05,443.7249604532441
2022-01-06,443.4131792381165
2022-01-07,438.60978227381827
2022-01-10,438.8984477026525
2022-01-11,445.4915914682101
2022-01-12,447.25822248317616
2022-01-13,436.06954764256494
2022-01-14,438.7830097211021
2022-01-18,427.85988452303167
2022-01-19,423.16043812209534
2022-01-20,417.6642370810992
2022-01-21,406.08298148577103
2022-01-24,407.9419699334732
2022-01-25,398.48528766586713
2022-01-26,397.8617957105703
2022-01-27,393.8551181488527
2022-01-28,406.2099773604682
2022-01-31,419.19992165800636
2022-02-01,422.05193750438724
2022-02-02,425.4812842084365
2022-02-03,408.23063536230745
2022-02-04,413.3804519836942
2022-02-07,410.0550206055278
2022-02-08,414.662109573728
2022-02-09,423.4491035509296
2022-02-10,413.8653901711473
2022-02-11,400.7368921057654
2022-02-14,401.23338818636523
2022-02-15,411.2096823208645
2022-02-16,411.1057669949817
2022-02-17,398.8779036580633
2022-02-18,394.3285336806383
2022-02-22,390.3680172165493
2022-02-23,380.36867777071484
2022-02-24,393.1507561790083
2022-02-25,399.24736862648706
2022-02-28,400.43666878378474
2022-03-01,394.30541789434506
2022-03-02,400.92164220871695
2022-03-03,395.1945299671409
2022-03-04,389.4673824880858
2022-03-07,375.1033879302986
2022-03-08,373.35987270162593
2022-03-09,386.8001167446563
2022-03-10,382.5047737541045
2022-03-11,374.5722534077379
2022-03-14,367.37873347317674
2022-03-15,378.9022348402506
2022-03-16,392.95448342038935
2022-03-17,397.7116840495801
2022-03-18,405.8520350477124
2022-03-21,404.72508098504625
2022-03-22,412.67900763089017
2022-03-23,406.7482440303226
2022-03-24,415.7889010772651
2022-03-25,415.4420872391118
2022-03-28,421.8699624347537
2022-03-29,429.1302261231272
2022-03-30,424.3902370751043
2022-03-31,419.13002726985144
2022-04-01,418.3323201609351
2022-04-04,426.9451930992704
2022-04-05,417.4652502843882
2022-04-06,408.40148407529006
2022-04-07,409.37259810328305
2022-04-08,403.64992280560756
2022-04-11,394.1006172230947
2022-04-12,392.4358402376314
2022-04-13,400.4128760456309
2022-04-14,391.2566026255828
2022-04-18,391.55719813942477
2022-04-19,400.30883189418495
2022-04-20,394.47054022340376
2022-04-21,386.3085252746679
2022-04-22,376.1927100482864
2022-04-25,381.0251710260957
2022-04-26,366.6434044657735
2022-04-27,366.20408341667013
2022-04-28,379.2101315648749
2022-04-29,362.1461851044579
2022-05-02,368.1925650781311
2022-05-03,368.58563252175946
2022-05-04,381.04831546941494
2022-05-05,361.8571618122756
2022-05-06,357.52181242954066
2022-05-09,343.5330780316832
2022-05-10,347.7065927170011
2022-05-11,337.39422612822364
2022-05-12,336.5965190193073
2022-05-13,349.0707741886224
2022-05-16,345.0244480980698
2022-05-17,353.9610609935663
2022-05-18,336.58498207881127
2022-05-19,334.781444276923
2022-05-20,333.7409674812994
2022-05-23,339.29023585989825
2022-05-24,332.07619049583604
2022-05-25,336.72370761407257
2022-05-26,346.0533526720338
2022-05-27,357.3484055104639
2022-05-31,356.40040064462664
2022-06-01,353.76450963117037
2022-06-02,363.45257603010816
2022-06-03,353.99574237738165
2022-06-06,355.17494470826665
2022-06-07,358.2385845491666
2022-06-08,355.6605193628449
2022-06-09,346.13428766132415
2022-06-10,333.92594662203567
2022-06-13,318.39962383348023
2022-06-14,318.9776704178449
2022-06-15,326.9431340041848
2022-06-16,313.7521419964073
2022-06-17,317.5672353407486
2022-06-21,325.5639134426442
2022-06-22,325.089057644593
2022-06-23,329.9305790573567
2022-06-24,341.23517985039894
2022-06-27,338.73336775612586
2022-06-28,328.41326031482697
2022-06-29,328.71438407123594
2022-06-30,324.6373189890107
2022-07-01,326.78010842876495
2022-07-05,332.3744922535199
2022-07-06,334.50568777472716
2022-07-07,341.66376601619993
2022-07-08,342.09231683468823
2022-07-11,334.78369438866736
2022-07-12,331.5405431063247
2022-07-13,330.85717351099026
2022-07-14,332.0386220887826
2022-07-15,338.06155673202585
2022-07-18,335.2006512886087
2022-07-19,345.5091648113605
2022-07-20,350.98775083989574
2022-07-21,356.0261921313956
2022-07-22,349.783149772322
2022-07-25,347.79093988442855
2022-07-26,340.95720858377143
2022-07-27,355.36597502584254
2022-07-28,358.8407572479373
2022-07-29,365.38492336341983
2022-08-01,365.16485099490217
2022-08-02,364.0760830708608
2022-08-03,373.9908275307654
2022-08-04,375.73977721304715
2022-08-05,372.6703933196593
2022-08-08,371.4657922520856
2022-08-09,367.2613001077809
2022-08-10,377.5119147324229
2022-08-11,375.3691252926686
2022-08-12,382.6777830860022
2022-08-15,385.7703194691714
2022-08-16,384.8668775053193
2022-08-17,380.4770594008254
2022-08-18,381.39209528322453
2022-08-19,373.95604577512427
2022-08-22,364.1108294791892
2022-08-23,363.8097057227803
2022-08-24,364.8637272384932
2022-08-25,371.31521270022483
2022-08-26,356.0956849480525
2022-08-29,352.58615631762933
2022-08-30,348.65963543995224
2022-08-31,346.63267914373034
2022-09-01,346.78325869559114
2022-09-02,341.88383838471765
2022-09-06,339.42829592269476
2022-09-07,346.2852150604459
2022-09-08,348.08050506960313
2022-09-09,355.6902866193456
2022-09-12,359.9179312534317
2022-09-13,340.18119368199876
2022-09-14,342.8799256550081
2022-09-15,337.16970868672075
2022-09-16,335.10800598217037
2022-09-19,337.7129117657206
2022-09-20,335.0209820098023
2022-09-21,329.02208023424197
2022-09-22,324.97255330238346
2022-09-23,319.68146889164404
2022-09-26,318.3586800837872
2022-09-27,318.48633437365555
2022-09-28,324.8217052372407
2022-09-29,315.4578647090246
2022-09-30,310.1087781549275
2022-10-03,317.3840103671082
2022-10-04,327.3628223383602
2022-10-05,327.18878049794324
2022-10-06,324.61285502874034
2022-10-07,312.2437740215115
2022-10-10,309.12249384543946
2022-10-11,304.87569588754576
2022-10-12,304.7712707832956
2022-10-13,311.91888411595187
2022-10-14,302.54342899492667
2022-10-17,312.5338555589878
2022-10-18,315.00535592394056
2022-10-19,313.85660895650074
2022-10-20,312.25535320397677
2022-10-21,319.5770437873939
2022-10-24,323.0928306051924
2022-10-25,329.77628514961145
2022-10-26,322.48943834462165
2022-10-27,316.6181908589297
2022-10-28,326.3069212927055
2022-10-31,322.51266753023987
2022-11-01,319.21731010340693
2022-11-02,308.27544300828504
2022-11-03,302.25334745745045
2022-11-04,307.11511685838
2022-11-07,310.49167020384493
2022-11-08,312.75432036029736
2022-11-09,305.5370902914743
2022-11-10,328.08221888564645
2022-11-11,334.12750821175536
2022-11-14,331.2034990617185
2022-11-15,335.7868015179809
2022-11-16,331.2034990617185
2022-11-17,330.4724879216233
2022-11-18,330.48410251443244
2022-11-21,327.0843553936933
2022-11-22,331.7952767294802
2022-11-23,335.12540711405256
2022-11-25,332.9207945113018
2022-11-28,328.035795924754
2022-11-29,325.5527163773361
2022-11-30,340.39326233917376
2022-12-01,340.8109981665184
2022-12-02,339.4534009905782
2022-12-05,333.75623075564715
2022-12-06,326.8406614067656
2022-12-07,325.5062934164436
2022-12-08,329.35858473261084
2022-12-09,327.25839723411025
2022-12-12,331.3659263093264
2022-12-13,334.9281360880174
2022-12-14,332.4450565405995
2022-12-15,321.2827246441682
2022-12-16,318.2194466114538
2022-12-19,313.75799256506895
2022-12-20,313.5137423430073
2022-12-21,318.061638172277
2022-12-22,310.2802044882324
2022-12-23,310.9780622655514
2022-12-27,306.58138078680963
2022-12-28,302.53366369305377
2022-12-29,309.9079900094447
2022-12-30,309.7218827700508
2023-01-03,307.62823844544096
2023-01-04,309.0937752741373
2023-01-05,304.2550935388758
2023-01-06,312.65299192376983
2023-01-09,314.67688596697417
2023-01-10,317.34045930850334
2023-01-11,322.83049863348015
2023-01-12,324.5752140694305
2023-01-13,326.80846544583056
2023-01-17,327.47146583061
2023-01-18,323.214355907332
2023-01-19,320.0389610352249
2023-01-20,328.7974311038425
2023-01-23,336.1019716425015
2023-01-24,335.4157211639202
2023-01-25,334.6713277026711
2023-01-26,341.1965463948886
2023-01-27,344.5929413952556
2023-01-30,337.625686950192
2023-01-31,342.68536881371324
2023-02-01,350.01319494250055
2023-02-02,362.5751318828124
2023-02-03,356.1313062670644
2023-02-06,353.11876854054935
2023-02-07,360.4349518742725
2023-02-08,354.02601914739046
2023-02-09,350.8971599592134
2023-02-10,348.5941583014079
2023-02-13,354.1772334979184
2023-02-14,356.7943066518439
2023-02-15,359.5277012674314
2023-02-16,352.7814469506275
2023-02-17,350.2923380534281
2023-02-21,341.999118335132
2023-02-22,342.2550113522577
2023-02-23,345.24429898497095
2023-02-24,339.46347375400245
2023-02-27,341.8944396685341
2023-02-28,341.4524394120145
2023-03-01,338.70743749768934
2023-03-02,341.5105823946823
2023-03-03,348.57087271127966
2023-03-06,348.9663372838693
2023-03-07,344.68597726678945
2023-03-08,346.40744260893797
2023-03-09,340.4056172497096
2023-03-10,335.62507849711596
2023-03-13,338.1142228906418
2023-03-14,345.88401377962236
2023-03-15,347.6985149933046
2023-03-16,356.864092429576
2023-03-17,355.1775199762934
2023-03-20,356.4360598355153
2023-03-21,361.52683290103295
2023-03-22,356.6107934147844
2023-03-23,360.83952378851825
2023-03-24,362.16757009313204
2023-03-27,359.68624661425787
2023-03-28,357.7757313446908
2023-03-29,364.29939086238375
2023-03-30,367.7475971806032
2023-03-31,373.86352131261197
2023-04-03,372.9548711493283
2023-04-04,371.6967538275065
2023-04-05,368.02720645851804
2023-04-06,370.508494386308
2023-04-10,370.298814091185
2023-04-11,367.9223307598723
2023-04-12,364.672179532214
2023-04-13,371.81325473071394
2023-04-14,371.1142848625532
2023-04-17,371.4288053052376
2023-04-18,371.45209126544535
2023-04-19,371.2773576861763
2023-04-20,368.4465670487639
2023-04-21,368.83098092315595
2023-04-24,368.0621531743719
2023-04-25,361.11909751534887
2023-04-26,363.3091865117465
2023-04-27,373.1878729557434
2023-04-28,375.762375826533
2023-05-01,375.3313544806411
2023-05-02,372.0578817416908
2023-05-03,369.62316573431644
2023-05-04,368.3184409409947
2023-05-05,376.1468252520093
2023-05-08,377.07876137550073
2023-05-09,374.69065283962624
2023-05-10,378.76793559429876
2023-05-11,380.0027669559129
2023-05-12,378.63977393544525
2023-05-15,380.6900760684276
2023-05-16,381.1210974143195
2023-05-17,385.73424166244536
2023-05-18,392.8986028211531
2023-05-19,392.01327416916143
2023-05-22,393.32965971812916
2023-05-23,388.3436912490887
2023-05-24,386.3516573432523
2023-05-25,395.7527149698575
2023-05-26,405.86436766918507
2023-05-30,407.7049895070444
2023-05-31,405.38673885179327
2023-06-01,410.06981208271105
2023-06-02,413.14522973110024
2023-06-05,413.43646421357687
2023-06-06,413.36657078186926
2023-06-07,406.3536572422229
2023-06-08,411.3978228362406
2023-06-09,412.9704961518311
2023-06-12,419.9484629756237
2023-06-13,423.1753637941585
2023-06-14,426.25078144254763
2023-06-15,431.3299293035035
2023-06-16,428.6156040182143
2023-06-20,428.00284808912687
2023-06-21,422.1701572304582
2023-06-22,427.1512980077099
2023-06-23,422.91675874832924
2023-06-26,417.247364721745
2023-06-27,424.4215673579236
2023-06-28,425.24983509179685
2023-06-29,424.3982494104601
2023-06-30,430.94254706584474
2023-07-03,431.9574295792659
2023-07-05,431.9457528055743
2023-07-06,428.6561066173044
2023-07-07,427.2329286237924
2023-07-10,427.37290750841333
2023-07-11,429.4843743511776
2023-07-12,434.9087697297556
2023-07-13,442.2929406928655
2023-07-14,442.1996333030915
2023-07-17,446.3291527990867
2023-07-18,449.98042297260054
2023-07-19,449.87543880913483
2023-07-20,439.5049329743801
2023-07-21,438.1867391443338
2023-07-24,438.88666916735804
2023-07-25,441.86132726531116
2023-07-26,440.3914777769523
2023-07-27,439.3416005423759
2023-07-28,447.3440709124277
2023-07-31,447.5773571868226
2023-08-01,446.53915672593786
2023-08-02,436.7402432033584
2023-08-03,436.0403131803342
2023-08-04,433.9988713798001
2023-08-07,437.6734595007775
2023-08-08,433.95219988495325
2023-08-09,429.1810630345526
2023-08-10,429.9743004473508
2023-08-11,427.23292862379253
2023-08-14,432.0274190215765
2023-08-15,427.44293255064366
2023-08-16,422.9167587483295
2023-08-17,418.2972419563216
2023-08-18,417.7723211389933
2023-08-21,424.50323357392585
2023-08-22,423.8966465405954
2023-08-23,430.58088748068104
2023-08-24,421.37691981766005
2023-08-25,424.6432124585466
2023-08-28,427.8395512570425
2023-08-29,437.18349780468435
2023-08-30,439.6215583116175
2023-08-31,440.9397521416638
2023-09-01,440.47314399295425
2023-09-05,441.0330951313576
2023-09-06,437.14850308352914
2023-09-07,434.02218932726345
2023-09-08,434.6287763605939
2023-09-11,439.74989602246654
2023-09-12,434.87377500860026
2023-09-13,436.53023927650713
2023-09-14,440.0998432340188
2023-09-15,432.56401661259633
2023-09-18,433.01430746686947
2023-09-19,432.09139968185764
2023-09-20,425.864775763456
2023-09-21,418.0610052234547
2023-09-22,418.11943786762487
2023-09-25,420.10539909001767
2023-09-26,413.7969908606176
2023-09-27,414.7666376306856
2023-09-28,418.23626750456555
2023-09-29,418.53998177893163
2023-10-02,422.0329989710396
2023-10-03,414.62645632691664
2023-10-04,420.2689677120145
2023-10-05,419.03065199352267
2023-10-06,426.0516960522811
2023-10-09,428.224577563499
2023-10-10,430.596073022656
2023-10-11,433.6685106520574
2023-10-12,432.16149033374194
2023-10-13,426.72925090429743
2023-10-16,431.55402613360997
2023-10-17,430.14048378540696
2023-10-18,424.4979367489093
2023-10-19,420.525978652724
2023-10-20,414.25261574926617
2023-10-23,415.50262512687203
2023-10-24,419.5446738749417
2023-10-25,409.27596555707066
2023-10-26,401.4722306684691
2023-10-27,403.39979489809133
2023-10-30,407.944207519866
2023-10-31,409.89512341631644
2023-11-01,417.00960979378755
2023-11-02,424.57972105990746
2023-11-03,429.56802925981714
2023-11-06,431.32036685972827
2023-11-07,435.3974965851399
2023-11-08,435.6778591926778
2023-11-09,432.3250589557385
2023-11-10,442.044700066248
2023-11-13,440.6661673925875
2023-11-14,450.1521492292157
2023-11-15,450.4909444809238
2023-11-16,450.87647871768814
2023-11-17,450.98161469551485
2023-11-20,456.47225111772985
2023-11-21,453.82039305103496
2023-11-22,455.6778666287728
2023-11-24,455.0353571026986
2023-11-27,454.63816485822
2023-11-28,455.82974159165565
2023-11-29,455.3858103621209
2023-11-30,454.2409369623417
2023-12-01,455.5376853250038
2023-12-04,451.30871628810894
2023-12-05,452.4418960287741
2023-12-06,449.8250476366217
2023-12-07,456.11010419919353
2023-12-08,458.1428400580422
2023-12-11,462.0563655100573
2023-12-12,465.7363029909904
2023-12-13,471.65917698362614
2023-12-14,471.2503267314333
2023-12-15,473.5283442204779
2023-12-18,476.5049702817456
2023-12-19,478.93972147137595
2023-12-20,471.82279492555523
2023-12-21,477.3126483884615
2023-12-22,478.02669870580536
2023-12-26,480.95305830342437
2023-12-27,481.93162723732206
2023-12-28,481.6973812873782
2023-12-29,479.61272100016805
2024-01-02,471.4966027814998
2024-01-03,466.50745712318985
2024-01-04,464.106596970378
2024-01-05,464.6570427859236
2024-01-08,474.2605548789989
2024-01-09,475.1974671969465
2024-01-10,478.41815243364795
2024-01-11,479.41364410953844
2024-01-12,479.6595773383397
2024-01-16,479.61272100016816
2024-01-17,476.9073482606121
2024-01-18,483.67664161938796
2024-01-19,493.2684306926919
2024-01-22,493.91258918458055
2024-01-23,495.9621161533905
2024-01-24,498.71430949020424
2024-01-25,499.3233346636927
2024-01-26,496.3485826557926
2024-01-29,501.43140524953174
2024-01-30,498.0935970378584
2024-01-31,488.33786439232495
2024-02-01,494.08825577658155
2024-02-02,502.4386199451937
2024-02-05,501.78277417444764
2024-02-06,500.7755594787858
2024-02-07,505.9286487093253
2024-02-08,506.8655967681868
2024-02-09,511.85470668558276
2024-02-12,509.85203605494434
2024-02-13,501.8998614085056
2024-02-14,507.36918624556074
2024-02-15,508.87999041859655
2024-02-16,504.2656239838312
2024-02-20,500.45935961318406
2024-02-21,498.45665324163167
2024-02-22,513.0493109930169
2024-02-23,511.538506819981
2024-02-26,511.269127551637
2024-02-27,512.4988651774713
2024-02-28,509.7700463983725
2024-02-29,514.1384796043365
2024-03-01,521.8798185994601
2024-03-04,520.0176812424224
2024-03-05,510.6835484176912
2024-03-06,513.8925463755352
2024-03-07,521.6924647286017
2024-03-08,514.1618899029653
2024-03-11,512.25293194867
2024-03-12,519.5960814216203
2024-03-13,515.6024274392008
2024-03-14,514.3024589174801
2024-03-15,508.18901132945024
2024-03-18,513.0294055913723
2024-03-19,514.307635817398
2024-03-20,520.405613892354
2024-03-21,522.8682747133499
2024-03-22,523.4663591979747
2024-03-25,521.5666035264919
2024-03-26,519.8779238656791
2024-03-27,521.6486647832681
2024-03-28,520.6870843609738
2024-04-01,521.7894179114412
2024-04-02,517.2862482907894
2024-04-03,518.4472379249273
2024-04-04,510.5198270609854
2024-04-05,516.5357438791651
2024-04-08,516.6881995938911
2024-04-09,518.5996936396533
2024-04-10,514.0730830581692
2024-04-11,522.2819286030045
2024-04-12,513.955806678555
2024-04-15,505.50070578793805
2024-04-16,505.547623497329
2024-04-17,499.3792509644232
2024-04-18,496.529617457199
2024-04-19,486.25682215187555
2024-04-22,491.14696445875563
2024-04-23,498.4762908380729
2024-04-24,500.1649704988857
2024-04-25,497.7492273872808
2024-04-26,505.4303471177147
2024-04-29,507.4825585039235
2024-04-30,497.91338568855974
2024-05-01,494.31321198198475
2024-05-02,500.62230185533724
2024-05-03,510.6840211499907
2024-05-06,516.277750159104
2024-05-07,516.3598472036067
2024-05-08,516.0549357741546
2024-05-09,517.1807102854543
2024-05-10,518.4003202155361
2024-05-13,519.5964533970591
2024-05-14,522.938633383573
2024-05-15,531.1122995932966
2024-05-16,530.033442791388
2024-05-17,529.775449071327
2024-05-20,533.4694224089576
2024-05-21,534.5130998757546
2024-05-22,534.4075618704196
2024-05-23,532.0035571330941
2024-05-24,537.0344167804208
2024-05-28,539.0631514180708
2024-05-29,535.2636400751053
2024-05-30,529.5291579378188
2024-05-31,528.5441007669658
2024-06-03,531.3820316876371
2024-06-04,532.8361585892211
2024-06-05,543.5780236252756
2024-06-06,543.3903885754379
2024-06-07,542.9095804704275
2024-06-10,545.102509197083
2024-06-11,548.8434002441046
2024-06-12,556.0320092829751
2024-06-13,559.0458368792047
2024-06-14,561.94238809582
2024-06-17,568.8260857052385
2024-06-18,569.0019823807968
2024-06-20,564.6161249274859
2024-06-21,563.1033419422314
2024-06-24,556.7027863701923
2024-06-25,563.0690127010694
2024-06-26,564.2318330485502
2024-06-27,565.6882977945072
2024-06-28,562.7518538097465
2024-07-01,566.0524498262599
2024-07-02,571.9958095837944
2024-07-03,576.7645917474247
2024-07-05,582.7784232929723
2024-07-08,584.1644162509161
2024-07-09,584.6694760134317
2024-07-10,590.765536593416
2024-07-11,577.8099471664624
2024-07-12,581.2044936185722
2024-07-15,582.766666046549
2024-07-16,582.9898386570119
2024-07-17,565.8762345109635
2024-07-18,563.1981990306724
2024-07-19,558.2062442565793
2024-07-22,566.5222736947691
2024-07-23,564.5254774470264
2024-07-24,544.2757711986012
2024-07-25,538.2736610542133
2024-07-26,543.7941900836688
2024-07-29,544.8865386431365
2024-07-30,537.4044851052084
2024-07-31,553.3082757633459
2024-08-01,539.9063411154666
2024-08-02,527.0916952645395
2024-08-05,511.3758413228582
2024-08-06,516.2620884149316
2024-08-07,510.67108759746293
2024-08-08,526.2929911035477
2024-08-09,529.0414983718521
2024-08-12,530.1808400717497
2024-08-13,543.3360876163193
2024-08-14,543.5123029316157
2024-08-15,557.2431178719777
2024-08-16,557.9595929985328
2024-08-19,565.2889457140111
2024-08-20,564.102646718947
2024-08-21,566.7336890588083
2024-08-22,557.7481776344933
2024-08-23,563.7972450740476
2024-08-26,558.3237091850222
2024-08-27,559.9916251402822
2024-08-28,553.6371560558285
2024-08-29,552.8266946484135
2024-08-30,559.41605774449
2024-09-03,542.431675773308
2024-09-04,541.0221683225175
2024-09-05,541.5272639302965
2024-09-06,527.0212234765262
2024-09-09,533.798523289059
2024-09-10,538.7317635215622
2024-09-11,550.4305463201749
2024-09-12,555.8336104211872
2024-09-13,558.3237091850222
2024-09-16,555.8570890687705
2024-09-17,556.1507334672466
2024-09-18,553.7428637378482
2024-09-19,567.7438085838395
2024-09-20,566.6632172707951
2024-09-23,568.1631600272636
2024-09-24,570.9037457143733
2024-09-25,571.4330607878139
2024-09-26,575.7262705212141
2024-09-27,572.5269403177224
2024-09-30,574.079564364013
2024-10-01,566.0812209075324
2024-10-02,566.8810803800319
2024-10-03,566.457621142179
2024-10-04,573.1973965052799
2024-10-07,567.0575067726782
2024-10-08,575.5262966792138
2024-10-09,580.0547655331436
2024-10-10,579.3960830702632
2024-10-11,580.3017624828484
2024-10-14,585.1713462928956
2024-10-15,577.3494651245633
2024-10-16,577.4200356816218
2024-10-17,577.8199474701205
2024-10-18,581.6073895794343
2024-10-21,582.7248165586971
2024-10-22,583.3599515722233
2024-10-23,574.4206434246285
2024-10-24,579.0785155635002
2024-10-25,582.6071869984322
2024-10-28,582.7012691093428
2024-10-29,588.3001059393289
2024-10-30,583.8539813671347
2024-10-31,569.1158984430554
2024-11-01,573.32676389472
2024-11-04,571.6565461836667
2024-11-05,578.9491122785583
2024-11-06,594.6752188969585
2024-11-07,604.0379503869043
2024-11-08,604.7437277484931
2024-11-11,604.3908749632008
2024-11-12,603.2969236422882
2024-11-13,602.520647514645
2024-11-14,598.3332936168325
2024-11-15,584.0774667629873
2024-11-18,588.135417375858
2024-11-19,592.1816301595535
2024-11-20,591.8405510989381
2024-11-21,593.9695133263737
2024-11-22,594.9222517421651
2024-11-25,595.8632164332795
2024-11-26,599.0625466367713
2024-11-27,594.3458776655182
2024-11-29,599.5683142608578
2024-12-02,606.0963420572813
2024-12-03,607.95479578116
2024-12-04,615.4708831674062
2024-12-05,613.7653442823215
2024-12-06,619.2582893812179
2024-12-09,614.435800469879
2024-12-10,612.3420876254708
2024-12-11,623.3045021649134
2024-12-12,619.281836830572
2024-12-13,624.0220532511794
2024-12-16,633.0083486109764
2024-12-17,630.2207039206605
2024-12-18,607.4842775401007
2024-12-19,604.7789771315204
2024-12-20,610.0602105592413
2024-12-23,615.9942855337468
2024-12-24,624.3470616884978
2024-12-26,623.9228902523531
2024-12-27,615.6290767315468
2024-12-30,607.4412521405382
2024-12-31,602.2811947554056
2025-01-02,601.103092566934
2025-01-03,610.940253031238
2025-01-06,617.9616960549125
2025-01-07,606.9346768281736
2025-01-08,607.0407376636226
2025-01-10,597.5216518471889
2025-01-13,595.6013395275279
2025-01-14,595.0358375340443
2025-01-15,608.7254151644589
2025-01-16,604.4606909946435
2025-01-17,614.663024308322
2025-01-21,618.2680141288192
2025-01-22,626.1731056994987
2025-01-23,627.5043669249238
2025-01-24,623.9582678327198
2025-01-27,605.7919522200685
2025-01-28,614.745500090193
2025-01-29,613.5909829552991
2025-01-30,616.2063352989937
2025-01-31,615.310966130851
2025-02-03,610.3865076117174
2025-02-04,617.8792202730411
2025-02-05,620.6831092340559
2025-02-06,623.9228902523531
2025-02-07,616.0531762620402
2025-02-10,623.5105832486485
2025-02-11,622.0261629862699
2025-02-12,622.3913717884701
2025-02-13,631.3449915642458
2025-02-14,633.9957214883071
2025-02-18,635.4329716435301
2025-02-19,635.6097157340613
2025-02-20,632.9118157028444
2025-02-21,619.7760194447756
2025-02-24,612.4599789683319
2025-02-25,604.7434240149724
2025-02-26,606.2042592237732
2025-02-27,589.3691688837214
2025-02-28,598.6762049349084
2025-03-03,585.5756783987296
2025-03-04,583.808525116022
2025-03-05,591.4190911395837
2025-03-06,575.1495027930155
2025-03-07,579.3788853352899
2025-03-10,556.9242604992453
2025-03-11,555.5929992738202
2025-03-12,561.8605115451678
2025-03-13,551.7523746344982
2025-03-14,565.088500036676
2025-03-17,568.7523805854668
2025-03-18,559.056622584153
2025-03-19,566.5375786715135
2025-03-20,564.6172663518525
2025-03-21,566.4786519903946
2025-03-24,578.8911452768107
2025-03-25,582.1946306396588
2025-03-26,571.4818686727457
2025-03-27,568.2255502398739
2025-03-28,553.2654242312346
2025-03-31,553.2418407662465
2025-04-01,557.7015640087365
2025-04-02,561.771926044536
2025-04-03,531.6982914916091
2025-04-04,498.67510357710705
2025-04-07,499.87850838672523
2025-04-08,490.8764657663516
2025-04-09,549.796746597599
2025-04-10,526.412678905762
2025-04-11,536.1108117988326
2025-04-14,539.7446817032555
2025-04-15,540.3463661054196
2025-04-16,524.0530362165019
2025-04-17,523.9586663512591
2025-04-21,510.99240529017777
2025-04-22,524.407004223065
2025-04-23,536.2995875346081
2025-04-24,551.3895126139075
2025-04-25,557.5363717379488
2025-04-28,557.3594057373123
2025-04-29,561.0404425717117
2025-04-30,560.9696561714571
2025-05-01,568.2963366401285
2025-05-02,576.7320520531753
2025-05-05,573.3105773548062
2025-05-06,567.9777978389828
2025-05-07,570.2076414575828
2025-05-08,576.0949744508839
2025-05-09,575.7174229793327
2025-05-12,599.1722770714243
2025-05-13,608.3041187624581
2025-05-14,611.94972639144
2025-05-15,612.6222331991487
2025-05-16,615.2886409597055
2025-05-19,615.8785516320205
2025-05-20,613.8256740140571
2025-05-21,605.2955167251874
2025-05-22,606.4281711398412
2025-05-23,600.8122100177094
2025-05-27,614.9464466829917
2025-05-28,612.2210622573194
2025-05-29,613.4245030722277
2025-05-30,612.4570409283614
2025-06-02,617.2943516476927
2025-06-03,622.1197806213047
2025-06-04,623.8541554434125
2025-06-05,619.1584175245905
2025-06-06,625.2109067833891
2025-06-09,626.1312019972789
2025-06-10,630.2723864386232
2025-06-11,628.1486504098251
2025-06-12,629.6234270906126
2025-06-13,621.7186816900555
2025-06-16,630.3667202985761
2025-06-17,624.2198971798248
2025-06-18,624.1136815741528
2025-06-20,621.5652991544072
2025-06-23,627.94932109147
2025-06-24,637.5519371211766
2025-06-25,639.1818341633805
2025-06-26,645.1583636202263
2025-06-27,647.3671484172578
2025-06-30,651.5601557004504
2025-07-01,646.067859001908
2025-07-02,650.5679723667403
2025-07-03,656.9696923563349
2025-07-07,652.0208148229096
2025-07-08,652.3869631301038
2025-07-09,657.0051609460453
2025-07-10,656.0602690652825
2025-07-11,654.5838529732688
2025-07-14,656.9579415837273
2025-07-15,657.5602587931402
2025-07-16,658.2335131819739
2025-07-17,663.5604339764595
2025-07-18,662.9226481773363
2025-07-21,666.3597131196669
2025-07-22,662.9108253140995
2025-07-23,665.9345225869181
2025-07-24,667.351896453377
2025-07-25,668.9582198597367
2025-07-28,671.0488481150294
2025-07-29,670.0094454190015
2025-07-30,670.9071179374464
2025-07-31,667.351896453377
2025-08-01,654.2058818028377
2025-08-04,666.2770251676386
2025-08-05,661.7533381669622
2025-08-06,670.0803105077929
2025-08-07,672.3480654397495
2025-08-08,678.619878114998
2025-08-11,676.6119378117336
2025-08-12,685.1161089198577
2025-08-13,685.4586835912077
2025-08-14,684.9271593799568
2025-08-15,681.9152849703751
2025-08-18,681.6435753878164
2025-08-19,672.3953568926966
2025-08-20,668.4031220126415
2025-08-21,665.3085596510314
2025-08-22,675.5725351157055
2025-08-25,673.6237091286253
2025-08-26,676.3284774565675
2025-08-27,677.3678801525954
2025-08-28,681.6081788887353
2025-08-29,673.7182199438903
2025-09-02,668.0723702045282
2025-09-03,673.3284259102224
2025-09-04,679.4230398181776
2025-09-05,680.4034002886508
2025-09-08,683.7223807798722
2025-09-09,685.6594559943451
2025-09-10,685.8838741239564
2025-09-11,689.8761090040115
2025-09-12,692.9233799126744
2025-09-15,698.8526900072023
2025-09-16,698.262123570397
2025-09-17,696.8683954304116
2025-09-18,703.152030968897
2025-09-19,707.9119589624214
2025-09-22,712.0979371208759
2025-09-23,707.3679608825091
2025-09-24,704.8846800531408
2025-09-25,701.8457338328546
2025-09-26,704.7309500514972
2025-09-29,707.9946452037639
2025-09-30,709.9339527831846
2025-10-01,713.3395414487055
2025-10-02,716.2721036209058
2025-10-03,713.2567582036888
2025-10-06,718.61349093702
2025-10-07,714.8294955115846
2025-10-08,723.02417068371
2025-10-09,722.1491366274057
2025-10-10,697.0802481293192
2025-10-13,711.8732603626052
2025-10-14,707.1314476358488
2025-10-15,712.1215379239452
2025-10-16,709.4845992666427
2025-10-17,714.1436287483824
2025-10-20,723.142391220185
2025-10-21,722.9532239270826
2025-10-22,715.988316594397
2025-10-23,722.0072431141512
2025-10-24,729.7170553045667
2025-10-27,742.7127256453958
2025-10-28,748.4241199881529
2025-10-29,751.7942713622151
2025-10-30,740.3003915726546
2025-10-31,743.8715467282087
2025-11-03,747.4308653953734
2025-11-04,732.2594464021729
2025-11-05,737.0249321057082
2025-11-06,723.296121221829
2025-11-07,721.0139163476622
2025-11-10,736.9657496637609
2025-11-11,735.0028412812709
2025-11-12,734.4234307398644
2025-11-13,719.4294147250866
2025-11-14,719.9733158013246
2025-11-17,713.8243322567057
2025-11-18,705.1330297881905
2025-11-19,709.3427057533886
2025-11-20,692.5512756724443
2025-11-21,697.7542784041317
2025-11-24,715.5980733460934
2025-11-25,720.0088252664931
2025-11-26,726.3706490809933
2025-11-28,732.259446402173
2025-12-01,729.7998385495836
2025-12-02,735.5113050660502
2025-12-03,737.3087191322168
2025-12-04,736.6228523690148
2025-12-05,739.6263612978423
2025-12-08,738.2074261653
2025-12-09,739.1178975130631
2025-12-10,742.1450794186695
2025-12-11,739.7446540080274
2025-12-12,725.6019990727749
2025-12-15,721.9598971605936
2025-12-16,723.3907409552352
2025-12-17,709.9812265630328
2025-12-18,720.2689393162227
2025-12-19,729.6579450363294
2025-12-22,733.1510729056407
2025-12-23,736.5846595518304
2025-12-24,738.7395670550976
2025-12-26,738.6922326570748
2025-12-29,735.1164982843038
2025-12-30,733.4115204941505
2025-12-31,727.3493932994401
2026-01-02,725.940418096006
2026-01-05,731.7065427039971
2026-01-06,738.1357102155891
2026-01-07,738.8461597834693
2026-01-08,734.6428652390503
2026-01-09,741.9601127770567
2026-01-12,742.5757490163784
2026-01-13,741.4746280657334
2026-01-14,733.5535959544752
2026-01-15,736.1939881690656
2026-01-16,735.5782796634875
2026-01-20,719.9493286314581
2026-01-21,729.6819312612415
2026-01-22,734.986274490049
2026-01-23,737.306888519524
2026-01-26,740.5511375736228
2026-01-27,747.2644560058643
2026-01-28,749.7389971617339
2026-01-29,745.2516239629218
2026-01-30,736.300508631181
2026-02-02,741.3562559375484
2026-02-03,729.9660821818909
2026-02-04,717.214267620822
2026-02-05,706.8897320838566
2026-02-06,721.8319368801456
2026-02-09,727.3612449655099
2026-02-10,723.9867721171561
2026-02-11,725.9285664299362
2026-02-12,711.1639920921814
2026-02-13,712.6794877577307
2026-02-17,711.9454071239675
2026-02-18,717.2616020188448
2026-02-19,714.514689342139
2026-02-20,720.8373363916157
2026-02-23,712.0756309182224
2026-02-24,719.724363774901
2026-02-25,730.1554920402383
2026-02-26,721.3464521688222
2026-02-27,719.0376175391605
2026-03-02,719.9848836296674
2026-03-03,712.2769647088961
2026-03-04,723.1343193552076
2026-03-05,720.9557085198009
2026-03-06,710.1102055395593
2026-03-09,719.5941399806461
2026-03-10,719.605991646716
2026-03-11,719.511250584414
2026-03-12,707.1620313384363
2026-03-13,702.9705884600871
2026-03-16,710.8561378393925
2026-03-17,714.3252794837917
2026-03-18,704.3677842637079
2026-03-19,702.1418390302783
2026-03-20,689.1650596126526
2026-03-23,697.0659635480139
2026-03-24,692.3002853370741
2026-03-25,696.8525846909135
2026-03-26,680.2201767139867
2026-03-27,666.9309212339969
2026-03-30,661.8333444752376
2026-03-31,684.2389927469034
2026-04-01,692.6915160865968
2026-04-02,693.4857716696389
2026-04-06,697.6587067142964
2026-04-07,697.7654323210184
2026-04-08,718.5114431408997
2026-04-09,723.3719081618774
2026-04-10,724.4151419230418
2026-04-13,731.9074242276116
2026-04-14,745.1966797076014
2026-04-15,755.6290173192452
2026-04-16,759.2683966866364
2026-04-17,769.2027779420356
2026-04-20,766.7606789912061
2026-04-21,763.8444289211569
2026-04-22,776.6239339609052
2026-04-23,772.249486499488
2026-04-24,787.0206722515271
2026-04-27,787.4355635253872
2026-04-28,779.5165235066166
2026-04-29,784.2822017175564
2026-04-30,791.5966321297041
2026-05-01,799.1956400409958
2026-05-04,797.6900492446089
2026-05-05,808.0393217738683
2026-05-06,824.8258487625361
2026-05-07,823.8418748467312
2026-05-08,843.1534211559257
2026-05-11,845.5955201067551
2026-05-12,838.4233422660076
2026-05-13,847.2789627955642
2026-05-14,853.3011812684252
2026-05-15,840.4268170622955
2026-05-18,836.811098219242
2026-05-19,831.6542616151232
2026-05-20,845.4296070110171
2026-05-21,847.0418510577825
2026-05-22,850.6338370201547
2026-05-26,865.7369936763569
2026-05-27,864.753019760552
2026-05-28,872.0437172920184
2026-05-29,875.2564113015522
2026-06-01,880.5081070720524
2026-06-02,884.5624500696473
2026-06-03,882.2508096062211
2026-06-04,877.9830153951823
2026-06-05,835.8389907437778
2026-06-08,848.8912068423294
2026-06-09,839.1228110390117
2026-06-10,822.3600169310253
2026-06-11,850.1359530202537
2026-06-12,855.1387429689752
2026-06-15,882.001831428099
2026-06-16,865.2390373201123
2026-06-17,856.5257417182996
2026-06-18,877.9948818355231
2026-06-22,875.7934539757267
2026-06-23,846.9544135410997
2026-06-24,843.3583978494388
2026-06-25,850.1943335688293
2026-06-26,838.4925780510417
2026-06-29,859.3326494098746
2026-06-30,873.9539402683355
2026-07-01,860.6262125438218
2026-07-02,845.7082235894572
2026-07-06,857.8372794167506
2026-07-07,841.9461120154948
2026-07-08,844.3315762963298
2026-07-09,858.3832299901943
2026-07-10,861.0297538261166
2026-07-13,844.6875995242025
2026-07-14,854.1226134611517
2026-07-15,851.8083538258912
2026-07-16,837.8042181864488
2026-07-17,825.2123683809502
2026-07-20,826.0787036414503
2026-07-21,841.4001614420511
2026-07-22,837.1039788082502
2026-07-23,821.2128838430531
2026-07-24,812.0389294611912
2026-07-27,809.5348149164181
2026-07-28,801.6663756181675
2026-07-29,785.3361008298591
2026-07-30,811.2319193326604
2026-07-31,816.5012804133522
2026-08-03,830.837752689515
2026-08-04,859.0596379051237
2026-08-05,851.2861622796587
2026-08-06,848.1412059247147
2026-08-07,858.0865318942912
2026-08-10,855.5230197814905
2026-08-11,852.6510024952391
2026-08-12,858.8816625092167
2026-08-13,868.8151089651876
2026-08-14,867.6283165815729
2026-08-17,866.2041512340235
