date,value
2006-06-21,4.46875
2006-06-22,4.421249866485596
2006-06-23,4.42062520980835
2006-06-26,4.446249961853027
2006-06-27,4.367499828338623
2006-06-28,4.40625
2006-06-29,4.593124866485596
2006-06-30,4.590624809265137
2006-07-03,4.653124809265137
2006-07-05,4.591249942779541
2006-07-06,4.605625152587891
2006-07-07,4.552499771118164
2006-07-10,4.560625076293945
2006-07-11,4.599374771118164
2006-07-12,4.508749961853027
2006-07-13,4.372499942779541
2006-07-14,4.333125114440918
2006-07-17,4.328750133514404
2006-07-18,4.335625171661377
2006-07-19,4.484375
2006-07-20,4.431875228881836
2006-07-21,4.361875057220459
2006-07-24,4.5
2006-07-25,4.556875228881836
2006-07-26,4.565625190734863
2006-07-27,4.521874904632568
2006-07-28,4.625
2006-07-31,4.612500190734863
2006-08-01,4.571249961853027
2006-08-02,4.606249809265137
2006-08-03,4.629374980926514
2006-08-04,4.628125190734863
2006-08-07,4.602499961853027
2006-08-08,4.565000057220459
2006-08-09,4.53000020980835
2006-08-10,4.570000171661377
2006-08-11,4.536874771118164
2006-08-14,4.552499771118164
2006-08-15,4.664374828338623
2006-08-16,4.742499828338623
2006-08-17,4.761875152587891
2006-08-18,4.78125
2006-08-21,4.758749961853027
2006-08-22,4.76687479019165
2006-08-23,4.723750114440918
2006-08-24,4.741250038146973
2006-08-25,4.75
2006-08-28,4.790625095367432
2006-08-29,4.813125133514404
2006-08-30,4.8125
2006-08-31,4.808750152587891
2006-09-01,4.857500076293945
2006-09-05,4.866250038146973
2006-09-06,4.78125
2006-09-07,4.73312520980835
2006-09-08,4.76687479019165
2006-09-11,4.765625
2006-09-12,4.858749866485596
2006-09-13,4.90625
2006-09-14,4.882500171661377
2006-09-15,4.924375057220459
2006-09-18,4.923749923706055
2006-09-19,4.89187479019165
2006-09-20,4.951250076293945
2006-09-21,4.897500038146973
2006-09-22,4.870625019073486
2006-09-25,4.961249828338623
2006-09-26,5.026249885559082
2006-09-27,5.038750171661377
2006-09-28,5.054999828338623
2006-09-29,5.034375190734863
2006-10-02,4.992499828338623
2006-10-03,5.010624885559082
2006-10-04,5.128125190734863
2006-10-05,5.152500152587891
2006-10-06,5.137499809265137
2006-10-09,5.142499923706055
2006-10-10,5.158124923706055
2006-10-11,5.137499809265137
2006-10-12,5.229374885559082
2006-10-13,5.253749847412109
2006-10-16,5.269999980926514
2006-10-17,5.227499961853027
2006-10-18,5.242499828338623
2006-10-19,5.251874923706055
2006-10-20,5.259375095367432
2006-10-23,5.308125019073486
2006-10-24,5.331874847412109
2006-10-25,5.361875057220459
2006-10-26,5.408124923706055
2006-10-27,5.336874961853027
2006-10-30,5.329999923706055
2006-10-31,5.3125
2006-11-01,5.249374866485596
2006-11-02,5.244999885559082
2006-11-03,5.212500095367432
2006-11-06,5.339375019073486
2006-11-07,5.367499828338623
2006-11-08,5.402500152587891
2006-11-09,5.340624809265137
2006-11-10,5.349999904632568
2006-11-13,5.371874809265137
2006-11-14,5.448124885559082
2006-11-15,5.486875057220459
2006-11-16,5.510624885559082
2006-11-17,5.509375095367432
2006-11-20,5.506249904632568
2006-11-21,5.523125171661377
2006-11-22,5.546875
2006-11-24,5.503125190734863
2006-11-27,5.356249809265137
2006-11-28,5.38937520980835
2006-11-29,5.486249923706055
2006-11-30,5.490624904632568
2006-12-01,5.465624809265137
2006-12-04,5.553124904632568
2006-12-05,5.598124980926514
2006-12-06,5.581874847412109
2006-12-07,5.542500019073486
2006-12-08,5.553750038146973
2006-12-11,5.582499980926514
2006-12-12,5.572500228881836
2006-12-13,5.599999904632568
2006-12-14,5.675000190734863
2006-12-15,5.698750019073486
2006-12-18,5.662499904632568
2006-12-19,5.693124771118164
2006-12-20,5.672312942779541
2006-12-21,5.638394086756989
2006-12-22,5.558162209633585
2006-12-26,5.631870789593916
2006-12-27,5.710798305879326
2006-12-28,5.687967761123972
2006-12-29,5.629262067917929
2007-01-03,5.592733494903985
2007-01-04,5.621434409916862
2007-01-05,5.532722943202246
2007-01-08,5.579035466645395
2007-01-09,5.564685009138957
2007-01-10,5.590124275570297
2007-01-11,5.657310553682958
2007-01-12,5.723843904890068
2007-01-16,5.7153643152988565
2007-01-17,5.712755095965168
2007-01-18,5.665137714026323
2007-01-19,5.699057067706577
2007-01-22,5.6377416575091415
2007-01-23,5.6775313814469195
2007-01-24,5.766242848161536
2007-01-25,5.650135324929739
2007-01-26,5.6357848674233
2007-01-29,5.618825190583173
2007-01-30,5.678183810694768
2007-01-31,5.748630742073561
2007-02-01,5.8158170201862225
2007-02-02,5.835385418702336
2007-02-05,5.82755776070127
2007-02-06,5.82755776070127
2007-02-07,5.847779086122934
2007-02-08,5.836037847950184
2007-02-09,5.766895277409384
2007-02-12,5.718625466222692
2007-02-13,5.80668450368946
2007-02-14,5.89474403881393
2007-02-15,5.893439180318235
2007-02-16,5.892134819480241
2007-02-20,5.92018330524527
2007-02-21,5.909093998662666
2007-02-22,5.898657618985613
2007-02-23,5.866695553048902
2007-02-26,5.851692666294616
2007-02-27,5.38204413470005
2007-02-28,5.4857579905112495
2007-03-01,5.471407533004811
2007-03-02,5.316162715083085
2007-03-05,5.211144000776189
2007-03-06,5.39117615353911
2007-03-07,5.370302896527301
2007-03-08,5.433575096810577
2007-03-09,5.456405143908228
2007-03-12,5.4857579905112495
2007-03-13,5.262022533638868
2007-03-14,5.341601981514424
2007-03-15,5.366388818697915
2007-03-16,5.320728724502614
2007-03-19,5.45118670524085
2007-03-20,5.514458905524126
2007-03-21,5.696447848372888
2007-03-22,5.693838629039199
2007-03-23,5.695142989877192
2007-03-26,5.706884228049942
2007-03-27,5.65013532492974
2007-03-28,5.567054442974723
2007-03-29,5.59322166167941
2007-03-30,5.589950572179505
2007-04-02,5.60303443108094
2007-04-03,5.713590168983511
2007-04-04,5.7207861666047535
2007-04-05,5.757420472430589
2007-04-09,5.773774921733745
2007-04-10,5.779662283915752
2007-04-11,5.714898804422745
2007-04-12,5.7894750533172825
2007-04-13,5.8313424036055075
2007-04-16,5.941244322886644
2007-04-17,5.969373995651999
2007-04-18,5.973298903773338
2007-04-19,5.9772243109928604
2007-04-20,6.078621597213518
2007-04-23,6.048529470387493
2007-04-24,6.05114624216778
2007-04-25,6.155814617888343
2007-04-26,6.175440156691403
2007-04-27,6.15450648154729
2007-04-30,6.068808827811987
2007-05-01,6.083855140774092
2007-05-02,6.1577770719490115
2007-05-03,6.213382598858289
2007-05-04,6.257212403207183
2007-05-07,6.261137311328521
2007-05-08,6.253941313707278
2007-05-09,6.2951548453740696
2007-05-10,6.152544027486621
2007-05-11,6.248707770146704
2007-05-14,6.225811640941922
2007-05-15,6.208803373017332
2007-05-16,6.308238205177321
2007-05-17,6.292538073593783
2007-05-18,6.387393679912815
2007-05-21,6.378235228230903
2007-05-22,6.389356133973485
2007-05-23,6.382160136352241
2007-05-24,6.247399633805654
2007-05-25,6.296462981715122
2007-05-29,6.344872011904972
2007-05-30,6.449540387625534
2007-05-31,6.442998707723908
2007-06-01,6.493370691072613
2007-06-04,6.4940245096940465
2007-06-05,6.4423448891024755
2007-06-06,6.299079753495408
2007-06-07,6.085817594834761
2007-06-08,6.221232415100966
2007-06-11,6.257212403207183
2007-06-12,6.103480679577152
2007-06-13,6.293191892215216
2007-06-14,6.361880778927746
2007-06-15,6.433185938322378
2007-06-18,6.41748580673884
2007-06-19,6.445615479504196
2007-06-20,6.268333308949766
2007-06-21,6.343563875563921
2007-06-22,6.226465958661541
2007-06-25,6.163664933229204
2007-06-26,6.052651374846048
2007-06-27,6.221272645157503
2007-06-28,6.207494311852898
2007-06-29,6.200277018134976
2007-07-02,6.322970510764414
2007-07-03,6.355119955141826
2007-07-05,6.340029113574744
2007-07-06,6.406953018854521
2007-07-09,6.4089212806730025
2007-07-10,6.21405535143958
2007-07-11,6.319689740683454
2007-07-12,6.532270526858444
2007-07-13,6.571637765529011
2007-07-16,6.560483447598892
2007-07-17,6.548017622556763
2007-07-18,6.529646010908723
2007-07-19,6.569669003135295
2007-07-20,6.429260653564289
2007-07-23,6.477157193640022
2007-07-24,6.261295637384073
2007-07-25,6.279010494325641
2007-07-26,5.980478938242061
2007-07-27,5.7633048737236345
2007-07-30,5.918147810730484
2007-07-31,5.763961127854873
2007-08-01,5.841382596358297
2007-08-02,5.9227405884986855
2007-08-03,5.590090825643977
2007-08-06,5.809889406112124
2007-08-07,5.918147810730484
2007-08-08,6.0854570733546955
2007-08-09,5.7370607153769
2007-08-10,5.6557022226612785
2007-08-13,5.712128064142176
2007-08-14,5.522511166808194
2007-08-15,5.385383587318146
2007-08-16,5.442465182355049
2007-08-17,5.666856540591397
2007-08-20,5.652421953155553
2007-08-21,5.674073834309318
2007-08-22,5.796766826363522
2007-08-23,5.785613009008637
2007-08-24,5.918147810730483
2007-08-27,5.8164504456988055
2007-08-28,5.575656738783366
2007-08-29,5.775114945209757
2007-08-30,5.744278009094822
2007-08-31,5.827604263053693
2007-09-04,5.9785106764235785
2007-09-05,5.845975374126499
2007-09-06,5.904369477425878
2007-09-07,5.727218905709258
2007-09-10,5.689164175301168
2007-09-11,5.8459753741265
2007-09-12,5.8722200330484675
2007-09-13,5.935206914116049
2007-09-14,5.944392469652452
2007-09-17,5.868283509411504
2007-09-18,6.21405535143958
2007-09-19,6.296725851842445
2007-09-20,6.213399097308341
2007-09-21,6.233082716643624
2007-09-24,6.219960637470257
2007-09-25,6.199883349752869
2007-09-26,6.245930027994615
2007-09-27,6.321578572424185
2007-09-28,6.28079451508754
2007-10-01,6.436037816818778
2007-10-02,6.418935051683931
2007-10-03,6.373545824651959
2007-10-04,6.393937853320282
2007-10-05,6.547866252631974
2007-10-08,6.480111639560054
2007-10-09,6.585361548306297
2007-10-10,6.55773354136125
2007-10-11,6.509055050795801
2007-10-12,6.570889591752849
2007-10-15,6.468928444668929
2007-10-16,6.39196449594866
2007-10-17,6.403805142049558
2007-10-18,6.365651893294309
2007-10-19,6.00582884618546
2007-10-22,6.091344177473152
2007-10-23,6.153836671511124
2007-10-24,6.1637034583692465
2007-10-25,6.188042703651971
2007-10-26,6.3327612654441605
2007-10-29,6.359731821179435
2007-10-30,6.270927226358267
2007-10-31,6.413014477697906
2007-11-01,6.106474087107527
2007-11-02,6.120946043660977
2007-11-05,6.014380228752883
2007-11-06,6.19198941839522
2007-11-07,5.863741092974668
2007-11-08,5.787435097335324
2007-11-09,5.641400629381283
2007-11-12,5.545360056283389
2007-11-13,5.861109782522117
2007-11-14,5.797301884193446
2007-11-15,5.649952011948706
2007-11-16,5.65192536932033
2007-11-19,5.486156825778893
2007-11-20,5.549306771026639
2007-11-21,5.3401223578248525
2007-11-23,5.4993128761704915
2007-11-26,5.288813058678006
2007-11-27,5.415112949173497
2007-11-28,5.724942603297351
2007-11-29,5.744677180755901
2007-11-30,5.867687807717917
2007-12-03,5.76572716250515
2007-12-04,5.68350059287978
2007-12-05,5.8604518294411925
2007-12-06,6.024247517482158
2007-12-07,6.0387194740356085
2007-12-10,6.1123941592224025
2007-12-11,5.788750501626025
2007-12-12,5.890711648709944
2007-12-13,5.888737789467167
2007-12-14,5.717706625020629
2007-12-17,5.535492767554117
2007-12-18,5.605878691078587
2007-12-19,5.614430073646011
2007-12-20,5.666331970493897
2007-12-21,5.852484896303355
2007-12-24,5.945218354211132
2007-12-26,5.94178358759536
2007-12-27,5.78722852317814
2007-12-28,5.772116388583634
2007-12-31,5.687626580182432
2008-01-02,5.56879067783893
2008-01-03,5.566730027498189
2008-01-04,5.302955778375461
2008-01-07,5.289217760055986
2008-01-08,5.10718613492801
2008-01-09,5.221900212518224
2008-01-10,5.302955778375461
2008-01-11,5.204040893517268
2008-01-14,5.295399711078208
2008-01-15,5.046051062484276
2008-01-16,4.979420573084029
2008-01-17,4.703282421916857
2008-01-18,4.6071147214651145
2008-01-22,4.507512778469406
2008-01-23,4.737627991787351
2008-01-24,4.808379781869078
2008-01-25,4.655198309655082
2008-01-28,4.825552566804324
2008-01-29,4.857150428196562
2008-01-30,4.796015355752828
2008-01-31,4.956065837126561
2008-02-01,5.116116318500294
2008-02-04,4.99178499920028
2008-02-05,4.725950623808616
2008-02-06,4.640086699132383
2008-02-07,4.7101514310765955
2008-02-08,4.636651932516612
2008-02-11,4.68473552070658
2008-02-12,4.78777223031806
2008-02-13,4.877757979747581
2008-02-14,4.767165202838847
2008-02-15,4.78708569625235
2008-02-19,4.828987333420097
2008-02-20,4.834482226304804
2008-02-21,4.749992417903601
2008-02-22,4.822117800188554
2008-02-25,4.9388930521913155
2008-02-26,4.997280416156793
2008-02-27,4.989037290722025
2008-02-28,4.883252872632288
2008-02-29,4.687483229184837
2008-03-03,4.637338990654127
2008-03-04,4.61879208944385
2008-03-05,4.677179453409327
2008-03-06,4.47797556741791
2008-03-07,4.395546147321546
2008-03-10,4.267780585477566
2008-03-11,4.587881286189129
2008-03-12,4.503390953716121
2008-03-13,4.519877204585658
2008-03-14,4.377686304248784
2008-03-17,4.281518865832944
2008-03-18,4.6359648743790975
2008-03-19,4.396920001560675
2008-03-20,4.561091783615889
2008-03-24,4.756174368925825
2008-03-25,4.755831735273577
2008-03-26,4.633975304071872
2008-03-27,4.605749014378218
2008-03-28,4.516938546370399
2008-03-31,4.543788161669534
2008-04-01,4.857034373823131
2008-04-02,4.8859492633379284
2008-04-03,4.910733604421401
2008-04-04,4.894210360200575
2008-04-07,4.888014537553589
2008-04-08,4.88250678947998
2008-04-09,4.806088492013899
2008-04-10,4.829496158702852
2008-04-11,4.641548326361141
2008-04-14,4.598864591910088
2008-04-15,4.640860251787764
2008-04-16,4.874933767190709
2008-04-17,4.879752915443175
2008-04-18,4.995412998750129
2008-04-21,5.003674620860542
2008-04-22,4.952729264299076
2008-04-23,4.9355179455048726
2008-04-24,4.974759731345744
2008-04-25,5.062192999711277
2008-04-28,5.0663235481426
2008-04-29,5.020885939654743
2008-04-30,4.968563383450992
2008-05-01,5.168214786513298
2008-05-02,5.19437580199129
2008-05-05,5.1585764900083655
2008-05-06,5.236371461868966
2008-05-07,5.046358880559359
2008-05-08,5.030524236159676
2008-05-09,5.003674620860541
2008-05-12,5.126907726456764
2008-05-13,5.129661600493569
2008-05-14,5.156511215792705
2008-05-15,5.272859373673034
2008-05-16,5.285251544214771
2008-05-19,5.3010861886144545
2008-05-20,5.217783468680245
2008-05-21,5.039473932843466
2008-05-22,5.039473932843466
2008-05-23,4.914864152852723
2008-05-27,4.975447805919121
2008-05-28,5.033966710017623
2008-05-29,5.076650444468676
2008-05-30,5.085600666400231
2008-06-02,4.978201679955925
2008-06-03,4.943090967794142
2008-06-04,4.924502449357655
2008-06-05,5.126907726456764
2008-06-06,4.80126934376143
2008-06-09,4.83087283309737
2008-06-10,4.769600580209829
2008-06-11,4.633287229498492
2008-06-12,4.667709867086898
2008-06-13,4.783369950393851
2008-06-16,4.790942447435356
2008-06-17,4.736555142263708
2008-06-18,4.631910029856207
2008-06-19,4.654629096724018
2008-06-20,4.498350027933908
2008-06-23,4.48389258317651
2008-06-24,4.474529730802017
2008-06-25,4.517354997474402
2008-06-26,4.260404451405919
2008-06-27,4.221033030765291
2008-06-30,4.257641479977095
2008-07-01,4.275600530772988
2008-07-02,4.120877556147843
2008-07-03,4.131929178371678
2008-07-07,4.045588297406888
2008-07-08,4.192713232348499
2008-07-09,4.025557149785107
2008-07-10,4.0794340386813275
2008-07-11,3.979969175175356
2008-07-14,3.8936282942105658
2008-07-15,3.7893286259413412
2008-07-16,4.013124041846861
2008-07-17,4.049041879947188
2008-07-18,4.1008464085260625
2008-07-21,4.1208775561478435
2008-07-22,4.206527826001157
2008-07-23,4.243826886324437
2008-07-24,4.053186337090422
2008-07-25,4.068382416457492
2008-07-28,3.9385256577088397
2008-07-29,4.111207419638419
2008-07-30,4.261095062517395
2008-07-31,4.149197354564635
2008-08-01,4.105681476780772
2008-08-04,4.03315518946864
2008-08-05,4.240373303784136
2008-08-06,4.272837559344163
2008-08-07,4.150578840279046
2008-08-08,4.310827494270379
2008-08-11,4.379900199042211
2008-08-12,4.299775872046545
2008-08-13,4.249352829182082
2008-08-14,4.308755397444491
2008-08-15,4.350889789513942
2008-08-18,4.234847624417947
2008-08-19,4.143671675198445
2008-08-20,4.178208027584361
2008-08-21,4.189950260919673
2008-08-22,4.294940803791833
2008-08-25,4.138836343452276
2008-08-26,4.160248976788469
2008-08-27,4.227940195845889
2008-08-28,4.33431222443246
2008-08-29,4.242445400610023
2008-09-02,4.194785329174384
2008-09-03,4.186496678379372
2008-09-04,3.937834783105902
2008-09-05,3.9613195132679833
2008-09-08,4.125022013291074
2008-09-09,3.868071467222593
2008-09-10,3.902607819608509
2008-09-11,4.015196402164204
2008-09-12,4.051804851376008
2008-09-15,3.671214364019455
2008-09-16,3.7741325465742683
2008-09-17,3.453635238591601
2008-09-18,3.6725955862424087
2008-09-19,3.9537217370759064
2008-09-22,3.7630809243504335
2008-09-23,3.5931621338496766
2008-09-24,3.619617532358926
2008-09-25,3.7082554887845194
2008-09-26,3.7352623496228206
2008-09-29,3.220053831656139
2008-09-30,3.409794754311865
2008-10-01,3.410487122775588
2008-10-02,3.130723242604876
2008-10-03,3.044855288358069
2008-10-06,2.7962532722938374
2008-10-07,2.4957149041061197
2008-10-08,2.3925345683228705
2008-10-09,2.0566795969224394
2008-10-10,2.008205615441463
2008-10-13,2.4583206671783424
2008-10-14,2.424388800893075
2008-10-15,2.0095906165308564
2008-10-16,2.1411626821608265
2008-10-17,2.139777681071433
2008-10-20,2.3281334705567924
2008-10-21,2.195176535918403
2008-10-22,1.9756588823265626
2008-10-23,1.977736251879679
2008-10-24,1.8350844416965097
2008-10-27,1.712514618985649
2008-10-28,2.091303831671431
2008-10-29,2.040059848011668
2008-10-30,2.1356228098842274
2008-10-31,2.2187210261141947
2008-11-03,2.2491902575950053
2008-11-04,2.3717600803058665
2008-11-05,2.1508574256246327
2008-11-06,1.9458820193094748
2008-11-07,2.049754723556447
2008-11-10,1.9638866372286665
2008-11-11,1.9036404106497942
2008-11-12,1.720131992896338
2008-11-13,1.9458820193094744
2008-11-14,1.7609886004666249
2008-11-17,1.6931251320580367
2008-11-18,1.7055897456196556
2008-11-19,1.5359310745981851
2008-11-20,1.316413421006345
2008-11-21,1.46875997465332
2008-11-24,1.6377262772110672
2008-11-25,1.6875852597814371
2008-11-26,1.8011527074922151
2008-11-28,1.842009315062502
2008-12-01,1.5234663289555925
2008-12-02,1.6308014038450744
2008-12-03,1.7194394923516412
2008-12-04,1.6217991609259652
2008-12-05,1.7367516097261366
2008-12-08,1.8593214324369975
2008-12-09,1.790765463483713
2008-12-10,1.8253896982327036
2008-12-11,1.731211737449537
2008-12-12,1.7492163553687292
2008-12-15,1.709052248343139
2008-12-16,1.8787109193646094
2008-12-17,1.8447791851603155
2008-12-18,1.7762232162070306
2008-12-19,1.7637584705644382
2008-12-22,1.7069747467090493
2008-12-23,1.6778217267375888
2008-12-24,1.6937877270638486
2008-12-26,1.7125304921790752
2008-12-29,1.7069770950045748
2008-12-30,1.775700434690306
2008-12-31,1.8235985680725184
2009-01-02,1.936054893957012
2009-01-05,1.9339724527687197
2009-01-06,1.965210262223998
2009-01-07,1.8527539363395042
2009-01-08,1.8652491130829887
2009-01-09,1.7819480230620484
2009-01-12,1.7014236978300747
2009-01-13,1.7028120802245579
2009-01-14,1.5966032103083738
2009-01-15,1.6000740338911494
2009-01-16,1.620899372598101
2009-01-20,1.4508263689734446
2009-01-21,1.5743896216103719
2009-01-22,1.5285740618198844
2009-01-23,1.541763297357178
2009-01-26,1.5570352388896291
2009-01-27,1.591049813133874
2009-01-28,1.6986469330411087
2009-01-29,1.5945206367166493
2009-01-30,1.523020664645384
2009-02-02,1.519549708659176
2009-02-03,1.5612002536696463
2009-02-04,1.5466226357378698
2009-02-05,1.5868847983538568
2009-02-06,1.6771275355403485
2009-02-09,1.6840693151093324
2009-02-10,1.5299624442143687
2009-02-11,1.5528702241096124
2009-02-12,1.5556468564951464
2009-02-13,1.516078885076401
2009-02-17,1.3862680440677315
2009-02-18,1.3779380145076972
2009-02-19,1.3508650874290036
2009-02-20,1.3210156603682086
2009-02-23,1.2286903495899921
2009-02-24,1.3217098515654504
2009-02-25,1.298107880472965
2009-02-26,1.2585397766507873
2009-02-27,1.2016174225112988
2009-03-02,1.0933261114068222
2009-03-03,1.07111252270882
2009-03-04,1.1238698620682914
2009-03-05,1.0336270586800833
2009-03-06,1.0315444850883584
2009-03-09,1.0093308963903562
2009-03-10,1.1321998916283256
2009-03-11,1.1433066859773267
2009-03-12,1.2349379379617342
2009-03-13,1.2550689530680115
2009-03-16,1.2502097470907525
2009-03-17,1.3251806751482258
2009-03-18,1.380714646893231
2009-03-19,1.3480884550434695
2009-03-20,1.2925544832984643
2009-03-23,1.4772051048548975
2009-03-24,1.4208380644817864
2009-03-25,1.4445652326666871
2009-03-26,1.5087681348542237
2009-03-27,1.4529394490226704
2009-03-30,1.3524479210104894
2009-03-31,1.3768729627426834
2009-04-01,1.4299101543850632
2009-04-02,1.5115594959376284
2009-04-03,1.5436610135842812
2009-04-06,1.5213294593881985
2009-04-07,1.4494502143919723
2009-04-08,1.481551598932856
2009-04-09,1.5980938192154786
2009-04-13,1.6057702951299373
2009-04-14,1.5478481217622726
2009-04-15,1.579251632755863
2009-04-16,1.628101716220251
2009-04-17,1.6441524084906927
2009-04-20,1.5059766406650497
2009-04-21,1.5659924346745946
2009-04-22,1.5478481217622722
2009-04-23,1.5757623981251643
2009-04-24,1.6246124815895524
2009-04-27,1.5932088374901932
2009-04-28,1.5827410004923297
2009-04-29,1.6504331373105643
2009-04-30,1.6567138661304361
2009-05-01,1.672764558400878
2009-05-04,1.7844217969582157
2009-05-05,1.769068978235067
2009-05-06,1.8290846391388431
2009-05-07,1.7858175440528026
2009-05-08,1.8653732649634875
2009-05-11,1.7955875075033727
2009-05-12,1.7788389416856374
2009-05-13,1.6978874736803657
2009-05-14,1.7216146418652665
2009-05-15,1.6923046184077875
2009-05-18,1.7920982728726749
2009-05-19,1.7851196705055095
2009-05-20,1.7627882494151956
2009-05-21,1.7090531842255225
2009-05-22,1.7034703289529443
2009-05-26,1.7934940199672618
2009-05-27,1.7271974971378448
2009-05-28,1.774651833507646
2009-05-29,1.8423439703258806
2009-06-01,1.926086932520326
2009-06-02,1.934461148876309
2009-06-03,1.880726216792405
2009-06-04,1.9156190955224623
2009-06-05,1.9177125830585737
2009-06-08,1.9023597643354253
2009-06-09,1.9170147095112804
2009-06-10,1.9107339806914083
2009-06-11,1.9274826796149127
2009-06-12,1.9400440041488873
2009-06-15,1.8451354645150542
2009-06-16,1.7997747487871332
2009-06-17,1.7907025257780875
2009-06-18,1.8172211881521618
2009-06-19,1.83048038623343
2009-06-22,1.7209167683179727
2009-06-23,1.7271974971378448
2009-06-24,1.7520412587390302
2009-06-25,1.8304698879358317
2009-06-26,1.8220668873035322
2009-06-29,1.8563794292725437
2009-06-30,1.8304698879358317
2009-07-01,1.8395732944446577
2009-07-02,1.7408371688537727
2009-07-06,1.7415374411670121
2009-07-07,1.6722119513524625
2009-07-08,1.6701112679760308
2009-07-09,1.6806150855480486
2009-07-10,1.667310178723073
2009-07-13,1.7506407141125508
2009-07-14,1.7709482105066343
2009-07-15,1.8703844748474716
2009-07-16,1.9039968780665306
2009-07-17,1.9067978337562015
2009-07-20,1.9446117372914102
2009-07-21,1.9642188278089672
2009-07-22,1.9635186890590146
2009-07-23,2.0489499078249236
2009-07-24,2.071358087595438
2009-07-27,2.081861905167456
2009-07-28,2.069957542968959
2009-07-29,2.049650180138163
2009-07-30,2.0923657227394736
2009-07-31,2.0951668119924314
2009-08-03,2.1665929851834123
2009-08-04,2.1791976196951484
2009-08-05,2.1672932574966515
2009-08-06,2.1455852164760896
2009-08-07,2.1988047102127055
2009-08-10,2.188300892640688
2009-08-11,2.132980581964354
2009-08-12,2.179897758445102
2009-08-13,2.214910572727353
2009-08-14,2.183399120011299
2009-08-17,2.0699575429689596
2009-08-18,2.108471718817408
2009-08-19,2.1448849441628512
2009-08-20,2.1897014372671673
2009-08-21,2.268830472340495
2009-08-24,2.274432383719837
2009-08-25,2.2807347009757053
2009-08-26,2.2814351068522316
2009-08-27,2.2940394742373944
2009-08-28,2.285636473605095
2009-08-31,2.2499235205728914
2009-09-01,2.1497868503555275
2009-09-02,2.133680854277594
2009-09-03,2.1679933962466054
2009-09-04,2.229616024178808
2009-09-08,2.268130066463969
2009-09-09,2.3038432866227465
2009-09-10,2.3479592402872496
2009-09-11,2.348659646163776
2009-09-14,2.37596959856368
2009-09-15,2.3899747777018954
2009-09-16,2.462801228392782
2009-09-17,2.457899455763392
2009-09-18,2.46070054501635
2009-09-21,2.4508969997575716
2009-09-22,2.4761062687810442
2009-09-23,2.437592226495883
2009-09-24,2.3815714992579595
2009-09-25,2.3591038638185706
2009-09-28,2.4384428521212924
2009-09-29,2.424400513012839
2009-09-30,2.4096561774748664
2009-10-01,2.289594700376505
2009-10-02,2.2685313256314954
2009-10-05,2.332423714131384
2009-10-06,2.3998266204495513
2009-10-07,2.414570955987524
2009-10-08,2.452485191229746
2009-10-09,2.4784633444874133
2009-10-12,2.501633244191663
2009-10-13,2.492505683595867
2009-10-14,2.5753551897168667
2009-10-15,2.5908017895196997
2009-10-16,2.5542918149718576
2009-10-19,2.597120828726737
2009-10-20,2.571844671898589
2009-10-21,2.5233986153661916
2009-10-22,2.5711424076337286
2009-10-23,2.5184838368535343
2009-10-26,2.460910487560682
2009-10-27,2.437740855691774
2009-10-28,2.347870046098877
2009-10-29,2.4447618913283304
2009-10-30,2.306445293038377
2009-11-02,2.3387427533384226
2009-11-03,2.350678567487636
2009-11-04,2.361210388777811
2009-11-05,2.450378934105848
2009-11-06,2.46442100537896
2009-11-09,2.5774614468407653
2009-11-10,2.5774614468407653
2009-11-11,2.6034398679337736
2009-11-12,2.5507812971535793
2009-11-13,2.5788657075351447
2009-11-16,2.6532899173252087
2009-11-17,2.658906692267385
2009-11-18,2.657502431573006
2009-11-19,2.58729100386608
2009-11-20,2.571142407633728
2009-11-23,2.637843317522376
2009-11-24,2.640651838911135
2009-11-25,2.658906692267385
2009-11-27,2.573950929022487
2009-11-30,2.5908017895196993
2009-12-01,2.6497793995069308
2009-12-02,2.653991913754728
2009-12-03,2.611865164264709
2009-12-04,2.639949574646274
2009-12-07,2.630120017620959
2009-12-08,2.5753551897168663
2009-12-09,2.591503785949218
2009-12-10,2.6209927248605043
2009-12-11,2.6455666174237917
2009-12-14,2.6799700670123943
2009-12-15,2.6546941780195876
2009-12-16,2.663821470780042
2009-12-17,2.5999290822801533
2009-12-18,2.62801376049706
2009-12-21,2.6778638098884953
2009-12-22,2.699629448898365
2009-12-23,2.7114957311588435
2009-12-24,2.74099128216084
2009-12-28,2.7487163839655047
2009-12-29,2.7430982985880035
2009-12-30,2.7360753569938407
2009-12-31,2.685511517005014
2010-01-04,2.7718916893794985
2010-01-05,2.7901508017286636
2010-01-06,2.792257550257998
2010-01-07,2.815432855671992
2010-01-08,2.8350965563399897
2010-01-11,2.844226246463487
2010-01-12,2.7908532298369946
2010-01-13,2.8357989844483202
2010-01-14,2.8519513482681513
2010-01-15,2.789448641518162
2010-01-19,2.8582718617539835
2010-01-20,2.79857806374383
2010-01-21,2.6918320304908456
2010-01-22,2.5745514508977023
2010-01-25,2.596322167992864
2010-01-26,2.575253611108204
2010-01-27,2.5998335048410306
2010-01-28,2.540139706830877
2010-01-29,2.4839575135667196
2010-02-01,2.559803675396704
2010-02-02,2.623008542357195
2010-02-03,2.597726756311696
2010-02-04,2.439011758955394
2010-02-05,2.4516527859270583
2010-02-08,2.4123251166932334
2010-02-09,2.471316486595056
2010-02-10,2.4607824760505554
2010-02-11,2.5113463160393823
2010-02-12,2.5078349791912156
2010-02-16,2.5871924778693667
2010-02-17,2.611772103704364
2010-02-18,2.643374671133524
2010-02-19,2.6574202864240206
2010-02-22,2.654611109786355
2010-02-23,2.5921084030363657
2010-02-24,2.6363519974371896
2010-02-25,2.632138232480692
2010-02-26,2.635649569328859
2010-03-01,2.6883204257448496
2010-03-02,2.7016638808248445
2010-03-03,2.7079843943106767
2010-03-04,2.722732169811675
2010-03-05,2.802791828700328
2010-03-08,2.8034939889108297
2010-03-09,2.811921518823825
2010-03-10,2.8365011446588224
2010-03-11,2.861081038391649
2010-03-12,2.861081038391649
2010-03-15,2.863187786920983
2010-03-16,2.9088357017428104
2010-03-17,2.943247445809636
2010-03-18,2.9404382691719704
2010-03-19,2.9109427181699736
2010-03-22,2.9404382691719704
2010-03-23,2.983277275253962
2010-03-24,2.954835596043622
2010-03-25,2.9421447988360687
2010-03-26,2.9449650357605464
2010-03-29,2.975986835072013
2010-03-30,2.981627308920969
2010-03-31,2.9618859194022207
2010-04-01,3.001368429487121
2010-04-05,3.050016306147679
2010-04-06,3.0648224155248895
2010-04-07,3.0316853040437666
2010-04-08,3.0500163061476795
2010-04-09,3.090204009939997
2010-04-12,3.1014846886853116
2010-04-13,3.1064199688268497
2010-04-14,3.17480896605356
2010-04-15,3.1811543646573366
2010-04-16,3.0817432991665634
2010-04-19,3.1035997319023716
2010-04-20,3.1564779639496465
2010-04-21,3.1444920914969146
2010-04-22,3.163528287308245
2010-04-23,3.203010797393145
2010-04-26,3.1804494399025156
2010-04-27,3.0316853040437666
2010-04-28,3.073987782100548
2010-04-29,3.1494273716384527
2010-04-30,3.045081026006142
2010-05-03,3.1275712078552407
2010-05-04,2.9781021472416707
2010-05-05,2.939324561911592
2010-05-06,2.742617743099702
2010-05-07,2.6636527229299016
2010-05-10,2.897727008609631
2010-05-11,2.8801009312605395
2010-05-12,2.961885919402221
2010-05-13,2.888561642033973
2010-05-14,2.784920221156483
2010-05-17,2.787035264373543
2010-05-18,2.7115956748356385
2010-05-19,2.681278800278993
2010-05-20,2.47611127069367
2010-05-21,2.548730892259693
2010-05-24,2.483161863004865
2010-05-25,2.488802067901224
2010-05-26,2.455665225372697
2010-05-27,2.622760363335359
2010-05-28,2.5550762908634703
2010-06-01,2.4690609473350724
2010-06-02,2.5959686504580133
2010-06-03,2.6199401264108815
2010-06-04,2.4373339543161876
2010-06-07,2.3703548065991202
2010-06-08,2.419707876967096
2010-06-09,2.3950314762594065
2010-06-10,2.537450213514379
2010-06-11,2.56071649575983
2010-06-14,2.555781215618292
2010-06-15,2.669998121533679
2010-06-16,2.6671781535617978
2010-06-17,2.6749334016752173
2010-06-18,2.679868681816755
2010-06-21,2.665062841392141
2010-06-22,2.5777085876007253
2010-06-23,2.5600433695363973
2010-06-24,2.4766635187087833
2010-06-25,2.4985684861464907
2010-06-28,2.4794900182910364
2010-06-29,2.32898228490901
2010-06-30,2.2759866307160266
2010-07-01,2.2660941517279767
2010-07-02,2.237123204884473
2010-07-06,2.2660941517279767
2010-07-07,2.4088291460337254
2010-07-08,2.455465310941557
2010-07-09,2.4915022371908577
2010-07-12,2.497155236355364
2010-07-13,2.5734688382273454
2010-07-14,2.5713490983155736
2010-07-15,2.5734688382273454
2010-07-16,2.4293208636803065
2010-07-19,2.459705060314937
2010-07-20,2.511993954837439
2010-07-21,2.449105821656406
2010-07-22,2.557216869954144
2010-07-23,2.6003200451590778
2010-07-26,2.6596751886372125
2010-07-27,2.6540224590225425
2010-07-28,2.620811762805659
2010-07-29,2.5946673155444078
2010-07-30,2.596080565335534
2010-08-02,2.7098443432479424
2010-08-03,2.685113145777818
2010-08-04,2.7204435819064736
2010-08-05,2.7154973424124487
2010-08-06,2.6921791251836145
2010-08-09,2.7211500720271187
2010-08-10,2.6928858848540957
2010-08-11,2.5444978913838407
2010-08-12,2.5127007145079197
2010-08-13,2.4964487462347185
2010-08-16,2.4964487462347185
2010-08-17,2.5543906399217264
2010-08-18,2.5664028588215477
2010-08-19,2.4780767684999088
2010-08-20,2.4604115504355812
2010-08-23,2.4427463323712537
2010-08-24,2.3692589605316896
2010-08-25,2.385510928804891
2010-08-26,2.3530069922584884
2010-08-27,2.427200854218698
2010-08-30,2.357953231752514
2010-08-31,2.355833491840742
2010-09-01,2.497861726476009
2010-09-02,2.5437914012631957
2010-09-03,2.6109192838176085
2010-09-07,2.5529773901306
2010-09-08,2.5861878167976475
2010-09-09,2.6116257739382536
2010-09-10,2.6391834709906314
2010-09-13,2.69712536467764
2010-09-14,2.692179125183615
2010-09-15,2.712670842830196
2010-09-16,2.710551102918424
2010-09-17,2.716203832533094
2010-09-20,2.7960506936578096
2010-09-21,2.785310208728718
2010-09-22,2.7605047547354857
2010-09-23,2.712311069526488
2010-09-24,2.822164219203785
2010-09-27,2.798067376599286
2010-09-28,2.8186206215417764
2010-09-29,2.805154842282475
2010-09-30,2.790271299527364
2010-10-01,2.812950648995225
2010-10-04,2.769718324944045
2010-10-05,2.8824061905354457
2010-10-06,2.8831150722833505
2010-10-07,2.8760278769593333
2010-10-08,2.906503033139945
2010-10-11,2.9128816170752287
2010-10-12,2.930599875744443
2010-10-13,2.9745413519026993
2010-10-14,2.9561142114855796
2010-10-15,2.964619170305406
2010-10-18,2.995803208233922
2010-10-19,2.912173005686495
2010-10-20,2.9709974838815185
2010-10-21,2.9830460403633534
2010-10-22,2.9965118196226546
2010-10-25,3.0106864806298606
2010-10-26,3.0121039737664983
2010-10-27,2.995803208233921
2010-10-28,3.0000556876438345
2010-10-29,3.0014729104213007
2010-11-01,3.0035992853058433
2010-11-02,3.0503754773782035
2010-11-03,3.077307035896806
2010-11-04,3.1935390398685586
2010-11-05,3.2190531052505236
2010-11-08,3.208422312264498
2010-11-09,3.159520015666767
2010-11-10,3.185034081048732
2010-11-11,3.1602286270555
2010-11-12,3.085103112968728
2010-11-15,3.0758898131193395
2010-11-16,2.979502442701344
2010-11-17,2.980211054090077
2010-11-18,3.0723459450981587
2010-11-19,3.0872294878532696
2010-11-22,3.082977008443356
2010-11-23,2.9936771037085492
2010-11-24,3.081559515306718
2010-11-26,3.014938960039773
2010-11-29,3.029113621046979
2010-11-30,2.9894246242986364
2010-12-01,3.119122137170519
2010-12-02,3.2006262351925754
2010-12-03,3.216218389336419
2010-12-06,3.2091309236532304
2010-12-07,3.214092014451877
2010-12-08,3.2396063501930135
2010-12-09,3.2622856996608744
2010-12-10,3.3026833077979503
2010-12-13,3.3041008009345876
2010-12-14,3.3104793848698715
2010-12-15,3.282130333214631
2010-12-16,3.3161493574164225
2010-12-17,3.325362657265811
2010-12-20,3.338828706884284
2010-12-21,3.380643808157998
2010-12-22,3.4026142758779545
2010-12-23,3.3948183177640683
2010-12-27,3.3990716851421303
2010-12-28,3.40545160100141
2010-12-29,3.41041372773467
2010-12-30,3.401907263394172
2010-12-31,3.406160360356608
2011-01-03,3.4713773080754295
2011-01-04,3.46641518134217
2011-01-05,3.5025678576010066
2011-01-06,3.489808025882447
2011-01-07,3.4763394348086893
2011-01-10,3.467123940697368
2011-01-11,3.49051705565327
2011-01-12,3.5550249736012685
2011-01-13,3.5472272686159676
2011-01-14,3.592595438986126
2011-01-18,3.6067730598307066
2011-01-19,3.535176196252605
2011-01-20,3.5266697319121074
2011-01-21,3.540847352756688
2011-01-24,3.584797734000826
2011-01-25,3.583379944874805
2011-01-26,3.6110261567931436
2011-01-27,3.6315836934970047
2011-01-28,3.5039856467270285
2011-01-31,3.5536071844752484
2011-02-01,3.6705719480078827
2011-02-02,3.6542677786820836
2011-02-03,3.6712809777787063
2011-02-04,3.693256033192962
2011-02-07,3.7393332333339435
2011-02-08,3.773359361111562
2011-02-09,3.7535108541785243
2011-02-10,3.7584729809117836
2011-02-11,3.8024233621559214
2011-02-14,3.820145320607741
2011-02-15,3.79958778390388
2011-02-16,3.8421206464376225
2011-02-17,3.867640309874743
2011-02-18,3.8832354494297188
2011-02-22,3.7279911907414043
2011-02-23,3.679078682764007
2011-02-24,3.6769518638671634
2011-02-25,3.7535108541785247
2011-02-28,3.800296813674704
2011-03-01,3.6719897371339045
2011-03-02,3.6875851471045062
2011-03-03,3.813765404748462
2011-03-04,3.7591817402669823
2011-03-07,3.6982181599262227
2011-03-08,3.7613085591638264
2011-03-09,3.752093065052505
2011-03-10,3.613152975689989
2011-03-11,3.663483272793407
2011-03-14,3.6195328915492695
2011-03-15,3.538720533859846
2011-03-16,3.4047425712305897
2011-03-17,3.489808025882449
2011-03-18,3.5181632675716106
2011-03-21,3.625912807408549
2011-03-22,3.6003931439714285
2011-03-23,3.62343231114459
2011-03-24,3.6909406367856765
2011-03-25,3.714391102720558
2011-03-28,3.696625696798465
2011-03-29,3.7477901525992383
2011-03-30,3.7946908133904196
2011-03-31,3.7854527264089284
2011-04-01,3.816009246281214
2011-04-04,3.8252473332627046
2011-04-05,3.823115300218618
2011-04-06,3.8451445011503025
2011-04-07,3.830221625234604
2011-04-08,3.799665105362318
2011-04-11,3.7790571694338313
2011-04-12,3.720786659695654
2011-04-13,3.7186548977301492
2011-04-14,3.725050183626664
2011-04-15,3.754896206536642
2011-04-18,3.666779673888487
2011-04-19,3.707995545745461
2011-04-20,3.8096136893061177
2011-04-21,3.847276263115808
2011-04-25,3.843723236147106
2011-04-26,3.90838930286038
2011-04-27,3.958132493657956
2011-04-28,3.987267748527045
2011-04-29,4.002901392483633
2011-05-02,3.9922420404989447
2011-05-03,3.959553758661154
2011-05-04,3.9069680378571836
2011-05-05,3.838748944175207
2011-05-06,3.8700159610098006
2011-05-09,3.901283248922976
2011-05-10,3.9687915745640625
2011-05-11,3.8870708699695853
2011-05-12,3.9211804168105733
2011-05-13,3.860067377066002
2011-05-16,3.810324186268426
2011-05-17,3.8110349543093154
2011-05-18,3.876411517984897
2011-05-19,3.8955981889101863
2011-05-20,3.8359064141688117
2011-05-23,3.7456581195551517
2011-05-24,3.7399733306209444
2011-05-25,3.7620022604740466
2011-05-26,3.795401310352727
2011-05-27,3.8245365652218153
2011-05-31,3.907678805898071
2011-06-01,3.728603481673948
2011-06-02,3.721497156657962
2011-06-03,3.6483037710040866
2011-06-06,3.5715570873029274
2011-06-07,3.564451033365523
2011-06-08,3.5346052815341262
2011-06-09,3.587901499300404
2011-06-10,3.4891256146675604
2011-06-13,3.491968144673955
2011-06-14,3.5815059423253075
2011-06-15,3.4557268358674618
2011-06-16,3.468517949817655
2011-06-17,3.491257647711647
2011-06-20,3.526077691514943
2011-06-21,3.619879013097305
2011-06-22,3.578094973545122
2011-06-23,3.5603147366345906
2011-06-24,3.4771030868147634
2011-06-27,3.533288700565215
2011-06-28,3.627879419850703
2011-06-29,3.6940219228622713
2011-06-30,3.761586877383268
2011-07-01,3.8725356533747433
2011-07-05,3.866134757234757
2011-07-06,3.871824291967587
2011-07-07,3.9593030250108163
2011-07-08,3.9002727795463916
2011-07-11,3.760875787280997
2011-07-12,3.7253153134599337
2011-07-13,3.7494964465104523
2011-07-14,3.7004228190022594
2011-07-15,3.7409617374538806
2011-07-18,3.67766413746117
2011-07-19,3.796436261102061
2011-07-20,3.792880267980931
2011-07-21,3.8981392379346915
2011-07-22,3.903117682565249
2011-07-25,3.8618674027064714
2011-07-26,3.832707825025395
2011-07-27,3.6762416859517413
2011-07-28,3.6527719143083797
2011-07-29,3.6029871966979146
2011-08-01,3.56884917438628
2011-08-02,3.3874908121598355
2011-08-03,3.4258959176948713
2011-08-04,3.103007021591331
2011-08-05,3.088782777801929
2011-08-08,2.6919277597325206
2011-08-09,2.942984889396547
2011-08-10,2.671302891108016
2011-08-11,2.918803756346029
2011-08-12,2.9600537648999223
2011-08-15,3.083804333171371
2011-08-16,3.0318860739492055
2011-08-17,3.035442067070335
2011-08-18,2.771583416431219
2011-08-19,2.6833933219808332
2011-08-22,2.68410468338799
2011-08-23,2.8640405941050058
2011-08-24,2.94013998637769
2011-08-25,2.8540837048438896
2011-08-26,2.935872631849404
2011-08-29,3.1051405632030322
2011-08-30,3.1165199039735767
2011-08-31,3.141412127126367
2011-09-01,3.0845154232736434
2011-09-02,2.9223597494671587
2011-09-06,2.881109469608381
2011-09-07,3.043976504822022
2011-09-08,2.979256453319883
2011-09-09,2.8220792241439563
2011-09-12,2.8619070524933057
2011-09-13,2.913113950308315
2011-09-14,2.992058245599857
2011-09-15,3.095894764044189
2011-09-16,3.13430014088411
2011-09-19,3.0710025408913992
2011-09-20,3.0646016447514124
2011-09-21,2.874922646357443
2011-09-22,2.696754411634902
2011-09-23,2.7216978557507976
2011-09-26,2.8578183762042926
2011-09-27,2.9219590494496677
2011-09-28,2.800092042146606
2011-09-29,2.847128445238831
2011-09-30,2.706019235962157
2011-10-03,2.5527944453555116
2011-10-04,2.6532813188644986
2011-10-05,2.7616076381993815
2011-10-06,2.86066913320701
2011-10-07,2.8250354862625016
2011-10-10,3.0110431668109383
2011-10-11,3.0138939238136553
2011-10-12,3.068056947549521
2011-10-13,3.0566541914018046
2011-10-14,3.1628425789162256
2011-10-17,3.0416881249322674
2011-10-18,3.1621297537339705
2011-10-19,3.0837358392013132
2011-10-20,3.109392108499463
2011-10-21,3.2262704269793456
2011-10-24,3.3082276518338234
2011-10-25,3.1827973342089413
2011-10-26,3.245512628952958
2011-10-27,3.4692918882663646
2011-10-28,3.4692918882663646
2011-10-31,3.2961123423670027
2011-11-01,3.1186566609635653
2011-11-02,3.217718427834345
2011-11-03,3.336022124815586
2011-11-04,3.2932615853642853
2011-11-07,3.3353092996333307
2011-11-08,3.4201175533536765
2011-11-09,3.165693064055789
2011-11-10,3.225557601797089
2011-11-11,3.350988191285122
2011-11-14,3.2861349647206435
2011-11-15,3.321055786482897
2011-11-16,3.2170056026520895
2011-11-17,3.1093921084994616
2011-11-18,3.1044034196762826
2011-11-21,2.9853868975127873
2011-11-22,2.960443453396892
2011-11-23,2.8314495535870385
2011-11-25,2.817196040436605
2011-11-28,2.9811110338718634
2011-11-29,2.997502478842759
2011-11-30,3.2447998037707033
2011-12-01,3.246225182272062
2011-12-02,3.2419493186311374
2011-12-05,3.311078408836541
2011-12-06,3.3132166125201543
2011-12-07,3.3310334359924085
2011-12-08,3.192062158536196
2011-12-09,3.296824895686107
2011-12-12,3.1999016043620916
2011-12-13,3.1436003769426124
2011-12-14,3.074471014874058
2011-12-15,3.095851148668133
2011-12-16,3.1036905944940294
2011-12-19,3.0395501931118054
2011-12-20,3.220568912973912
2011-12-21,3.2341098728052415
2011-12-22,3.2953997890478997
2011-12-23,3.350204788567118
2011-12-27,3.3544817436335044
2011-12-28,3.2739341906657256
2011-12-29,3.332384550330059
2011-12-30,3.306723363762253
2012-01-03,3.408655148231452
2012-01-04,3.4172087864489686
2012-01-05,3.438593289865645
2012-01-06,3.424337044892946
2012-01-09,3.432890683110463
2012-01-10,3.4927666944635916
2012-01-11,3.4977563394167475
2012-01-12,3.5127252742762156
2012-01-13,3.4899153910860004
2012-01-17,3.4998946809923126
2012-01-18,3.5783038923845267
2012-01-19,3.6182210520097753
2012-01-20,3.6232109688781873
2012-01-23,3.6267749621425476
2012-01-24,3.618934013811801
2012-01-25,3.67881002516493
2012-01-26,3.6403182453132206
2012-01-27,3.635328600360064
2012-01-30,3.6132314070566185
2012-01-31,3.6032521171503067
2012-02-01,3.6674050835698218
2012-02-02,3.68237401842929
2012-02-03,3.788582757964875
2012-02-06,3.7828801512096937
2012-02-07,3.7992747377579574
2012-02-08,3.8227975827501988
2012-02-09,3.832063910854485
2012-02-10,3.7800288478321034
2012-02-13,3.8284999175901246
2012-02-14,3.8256486142125334
2012-02-15,3.78786979616285
2012-02-16,3.865566045753038
2012-02-17,3.8883759289432533
2012-02-21,3.8955041873872305
2012-02-22,3.868417349130629
2012-02-23,3.9019194840291824
2012-02-24,3.9190267604642157
2012-02-27,3.936134308814505
2012-02-28,3.9560928886271296
2012-02-29,3.9076218188691083
2012-03-01,3.968210520109007
2012-03-02,3.9439752571452527
2012-03-05,3.912611463822264
2012-03-06,3.7928594411160064
2012-03-07,3.8448945041383884
2012-03-08,3.9211651020397813
2012-03-09,3.950390281871948
2012-03-12,3.9532415852495393
2012-03-13,4.097942104636834
2012-03-14,4.087962542815266
2012-03-15,4.130731277733362
2012-03-16,4.147125864281626
2012-03-19,4.178489385689358
2012-03-20,4.154253850810347
2012-03-21,4.138358725044073
2012-03-22,4.079770102825699
2012-03-23,4.106206638444048
2012-03-26,4.219811459098401
2012-03-27,4.194803947504703
2012-03-28,4.153363341023678
2012-03-29,4.137644349310981
2012-03-30,4.1697967084694705
2012-04-02,4.23052873044559
2012-04-03,4.201234419336402
2012-04-04,4.109779062226445
2012-04-05,4.110493437959539
2012-04-09,4.0218961288988835
2012-04-10,3.8811403968930875
2012-04-11,3.9382999950868114
2012-04-12,4.051190440008071
2012-04-13,3.949017538992462
2012-04-16,3.941872418869207
2012-04-17,4.0633367353799095
2012-04-18,4.03475707256228
2012-04-19,3.98760036998265
2012-04-20,3.9968886173051863
2012-04-23,3.9268680754480667
2012-04-24,3.959020434606556
2012-04-25,4.070481855503164
2012-04-26,4.124069029914492
2012-04-27,4.140502397360284
2012-04-30,4.10263394210319
2012-05-01,4.154077716756773
2012-05-02,4.131213877479284
2012-05-03,4.069052831478514
2012-05-04,3.9375856193537175
2012-05-07,3.9404436674030197
2012-05-08,3.9111493562938326
2012-05-09,3.861848981397994
2012-05-10,3.876138949086041
2012-05-11,3.8554185095662965
2012-05-14,3.7703936242880363
2012-05-15,3.729667393540104
2012-05-16,3.69965843413936
2012-05-17,3.587482637509657
2012-05-18,3.5238925674842356
2012-05-21,3.6460712597280316
2012-05-22,3.6589322033914273
2012-05-23,3.6660773235146826
2012-05-24,3.6803670186442656
2012-05-25,3.653216379851287
2012-05-29,3.7432427129365937
2012-05-30,3.6332103160646363
2012-05-31,3.636068364113938
2012-06-01,3.4345806101320226
2012-06-04,3.4345806101320226
2012-06-05,3.479593912953908
2012-06-06,3.641069811920985
2012-06-07,3.641069811920985
2012-06-08,3.7025164821886616
2012-06-11,3.610346476787147
2012-06-12,3.6925135865745684
2012-06-13,3.643213484237194
2012-06-14,3.718949849634454
2012-06-15,3.7939718392986204
2012-06-18,3.8096908310113182
2012-06-19,3.8868564929916927
2012-06-20,3.8738525520754865
2012-06-21,3.6986135983303012
2012-06-22,3.749397050566354
2012-06-25,3.6335248752649867
2012-06-26,3.6700033295221237
2012-06-27,3.735807193346246
2012-06-28,3.7157799778954868
2012-06-29,3.9003171257568976
2012-07-02,3.923205449943579
2012-07-03,3.976850010915553
2012-07-05,3.9403718295087633
2012-07-06,3.863123530740954
2012-07-09,3.851679368647613
2012-07-10,3.790882308686181
2012-07-11,3.790167167927374
2012-07-12,3.7551192680381984
2012-07-13,3.8702763025807587
2012-07-16,3.8588321404874177
2012-07-17,3.910330733482277
2012-07-18,3.9668364031901735
2012-07-19,3.98686389149128
2012-07-20,3.9160529509541213
2012-07-23,3.839520065795466
2012-07-24,3.7787230058340335
2012-07-25,3.7708550932354217
2012-07-26,3.890303518031518
2012-07-27,4.041938733980868
2012-07-30,4.038362484486139
2012-07-31,3.999023194343428
2012-08-01,3.9775654245247076
2012-08-02,3.923920863552733
2012-08-03,4.075556079502084
2012-08-06,4.089861350331346
2012-08-07,4.129200640474058
2012-08-08,4.142075356935359
2012-08-09,4.151373823901932
2012-08-10,4.163533126754079
2012-08-13,4.163533126754079
2012-08-14,4.159956877259351
2012-08-15,4.164248540363233
2012-08-16,4.2293372634285475
2012-08-17,4.242927120648656
2012-08-20,4.242927120648656
2012-08-21,4.215031992599285
2012-08-22,4.217177687726053
2012-08-23,4.1506584102927775
2012-08-24,4.200726721770023
2012-08-27,4.200726721770023
2012-08-28,4.195719917907333
2012-08-29,4.198581026643255
2012-08-30,4.139929661808591
2012-08-31,4.1835606150551845
2012-09-04,4.155665214155467
2012-09-05,4.160672018018157
2012-09-06,4.330189027141845
2012-09-07,4.368097762916595
2012-09-10,4.316598897071389
2012-09-11,4.33948722125807
2012-09-12,4.368097762916595
2012-09-13,4.506143121645837
2012-09-14,4.539760467167052
2012-09-17,4.513295620635295
2012-09-18,4.508288816772605
2012-09-19,4.508288816772605
2012-09-20,4.5104347847497195
2012-09-21,4.503282012909915
2012-09-24,4.488261601321846
2012-09-25,4.405148382168045
2012-09-26,4.34781745522488
2012-09-27,4.430947244617647
2012-09-28,4.387232535841838
2012-10-01,4.4115980977804465
2012-10-02,4.4187643269612815
2012-10-03,4.4545960196137
2012-10-04,4.524826104407547
2012-10-05,4.519093175737702
2012-10-08,4.487561111244137
2012-10-09,4.402281781146064
2012-10-10,4.346384428088009
2012-10-11,4.347817455224881
2012-10-12,4.319868778695853
2012-10-15,4.387232535841837
2012-10-16,4.476811767472883
2012-10-17,4.521242989817129
2012-10-18,4.499744028900501
2012-10-19,4.344951127577018
2012-10-22,4.347100941656445
2012-10-23,4.225989918905953
2012-10-24,4.204490684615206
2012-10-25,4.223839831452406
2012-10-26,4.218823416350998
2012-10-31,4.205207471557761
2012-11-01,4.3091194349245985
2012-11-02,4.230289547064806
2012-11-05,4.248205393391015
2012-11-06,4.311269249004026
2012-11-07,4.12136116859656
2012-11-08,4.016732691661287
2012-11-09,4.024615707784678
2012-11-12,4.031065423397078
2012-11-13,4.005983347890033
2012-11-14,3.897054969421786
2012-11-15,3.8820054507434394
2012-11-16,3.9164041162589864
2012-11-19,4.075496645741323
2012-11-20,4.08552947594414
2012-11-21,4.099862207679932
2012-11-23,4.2087905861481785
2012-11-26,4.196607941865934
2012-11-27,4.156476347680542
2012-11-28,4.21165718717016
2012-11-29,4.256805196456961
2012-11-30,4.244622278800596
2012-12-03,4.211657187170159
2012-12-04,4.199474269513795
2012-12-05,4.217390115840004
2012-12-06,4.240322377267622
2012-12-07,4.271854441761188
2012-12-10,4.27472104278317
2012-12-11,4.3313349094096605
2012-12-12,4.335634810942634
2012-12-13,4.288336987576406
2012-12-14,4.252505294923987
2012-12-17,4.349967542678424
2012-12-18,4.450296118080724
2012-12-19,4.380782820229434
2012-12-20,4.43309705869707
2012-12-21,4.351400843189415
2012-12-24,4.324168680228824
2012-12-26,4.284180369074182
2012-12-27,4.2805905290129
2012-12-28,4.1858173271814145
2012-12-31,4.333002960791886
2013-01-02,4.544088952597028
2013-01-03,4.521831505997498
2013-01-04,4.561320294446077
2013-01-07,4.539780980191146
2013-01-08,4.512497702728373
2013-01-09,4.537627130931825
2013-01-10,4.604398922955936
2013-01-11,4.607989036904458
2013-01-14,4.597219242833373
2013-01-15,4.6051170553005365
2013-01-16,4.603681338385816
2013-01-17,4.661837459485404
2013-01-18,4.684812764542295
2013-01-22,4.733635356259999
2013-01-23,4.7472771319350064
2013-01-24,4.750866698109048
2013-01-25,4.806868969949315
2013-01-28,4.797535440567431
2013-01-29,4.831998672040008
2013-01-30,4.79538159130811
2013-01-31,4.778150249459062
2013-02-01,4.8643075064787835
2013-02-04,4.759482642920813
2013-02-05,4.855691561667019
2013-02-06,4.861435524874862
2013-02-07,4.851383863148377
2013-02-08,4.900206454866081
2013-02-11,4.89948832252148
2013-02-12,4.915283947455807
2013-02-13,4.924617476837691
2013-02-14,4.935387270908777
2013-02-15,4.923899892267571
2013-02-19,4.992825807438244
2013-02-20,4.867179488082704
2013-02-21,4.811177216242438
2013-02-22,4.902360304125402
2013-02-25,4.722147429844315
2013-02-26,4.781739815633104
2013-02-27,4.901642171780802
2013-02-28,4.881538848327832
2013-03-01,4.913130098196488
2013-03-04,4.964106539173513
2013-03-05,5.054572042486357
2013-03-06,5.071085251990804
2013-03-07,5.092624840132975
2013-03-08,5.134985336298235
2013-03-11,5.170884284685532
2013-03-12,5.147191395058521
2013-03-13,5.158678773699726
2013-03-14,5.213963460969873
2013-03-15,5.200321685294866
2013-03-18,5.145755130369319
2013-03-19,5.119907843708506
2013-03-20,5.1861054607127235
2013-03-21,5.102783272153905
2013-03-22,5.179641049090749
2013-03-25,5.144444640441946
2013-03-26,5.222738770622363
2013-03-27,5.217710712243962
2013-03-28,5.242133101522809
2013-04-01,5.209809399361152
2013-04-02,5.262963237649567
2013-04-03,5.155218659811902
2013-04-04,5.1975984787303595
2013-04-05,5.1501906014335015
2013-04-08,5.22130241737879
2013-04-09,5.254344022153603
2013-04-10,5.387228891883272
2013-04-11,5.420988947288502
2013-04-12,5.39297540089209
2013-04-15,5.145162543055102
2013-04-16,5.291695234676398
2013-04-17,5.136543327559136
2013-04-18,5.071178020622667
2013-04-19,5.154500757198747
2013-04-22,5.209809399361154
2013-04-23,5.316117623955246
2013-04-24,5.3297648978296115
2013-04-25,5.367116658369669
2013-04-26,5.347004424856067
2013-04-29,5.4145239876492655
2013-04-30,5.444692885936931
2013-05-01,5.3462859742256486
2013-05-02,5.442537534045678
2013-05-03,5.548845758639769
2013-05-06,5.586915421792982
2013-05-07,5.640787710711815
2013-05-08,5.692505195756656
2013-05-09,5.664491649360244
2013-05-10,5.699688058009047
2013-05-13,5.70687092026144
2013-05-14,5.82682696674716
2013-05-15,5.887882117918385
2013-05-16,5.832572927738716
2013-05-17,5.946782465215617
2013-05-20,5.94319076008079
2013-05-21,5.9640214442248105
2013-05-22,5.862023375395963
2013-05-23,5.841192691251943
2013-05-24,5.8253900654863235
2013-05-28,5.890036921792375
2013-05-29,5.821080457738341
2013-05-30,5.8613049247655455
2013-05-31,5.692505195756656
2013-06-03,5.752841896297463
2013-06-04,5.703279763143875
2013-06-05,5.538789641882968
2013-06-06,5.636478102963832
2013-06-07,5.7765458349458925
2013-06-10,5.7765458349458925
2013-06-11,5.663054748099409
2013-06-12,5.571831246657781
2013-06-13,5.737039818549106
2013-06-14,5.664491649360245
2013-06-17,5.75140554305389
2013-06-18,5.837600986117118
2013-06-19,5.68101217773902
2013-06-20,5.4001582631444816
2013-06-21,5.429608162784468
2013-06-24,5.295286939811226
2013-06-25,5.397285008640074
2013-06-26,5.499499470072702
2013-06-27,5.563472166910713
2013-06-28,5.515313044283795
2013-07-01,5.577128895950068
2013-07-02,5.563472166910713
2013-07-03,5.576410495956431
2013-07-05,5.698605399301702
2013-07-08,5.761140747755495
2013-07-09,5.84595856074477
2013-07-10,5.848833805910146
2013-07-11,6.009124748001991
2013-07-12,6.007687399617774
2013-07-15,6.064472257740817
2013-07-16,6.013437889948524
2013-07-17,6.0457834383643485
2013-07-18,6.110475083592939
2013-07-19,6.136351741684375
2013-07-22,6.157915257829277
2013-07-23,6.132038599737841
2013-07-24,6.08603577388572
2013-07-25,6.1097561352023595
2013-07-26,6.122694464248077
2013-07-29,6.087473670666879
2013-07-30,6.088911019051095
2013-07-31,6.089629967441676
2013-08-01,6.236264180494166
2013-08-02,6.258546645029647
2013-08-05,6.241295722434338
2013-08-06,6.1744477804309525
2013-08-07,6.132038599737845
2013-08-08,6.165822044934828
2013-08-09,6.1334764965190045
2013-08-12,6.120538167473287
2013-08-13,6.15935315461044
2013-08-14,6.098974102931443
2013-08-15,5.917838044688333
2013-08-16,5.886210896266146
2013-08-19,5.810018818772996
2013-08-20,5.863209483340085
2013-08-21,5.7913299993965275
2013-08-22,5.894836631762272
2013-08-23,5.933651618899425
2013-08-26,5.893398734981113
2013-08-27,5.700043296082864
2013-08-28,5.738857734823076
2013-08-29,5.758265502590124
2013-08-30,5.71945051545297
2013-09-03,5.770484883245262
2013-09-04,5.868959973670835
2013-09-05,5.876147812385803
2013-09-06,5.884773547881928
2013-09-09,6.004093206061824
2013-09-10,6.090348915832257
2013-09-11,6.126288657804035
2013-09-12,6.100411999712599
2013-09-13,6.120538167473285
2013-09-16,6.196011296575856
2013-09-17,6.249920909533524
2013-09-18,6.393679877420638
2013-09-19,6.374272658050532
2013-09-20,6.2779538643997554
2013-09-23,6.227638444998042
2013-09-24,6.194573948191638
2013-09-25,6.164815841839006
2013-09-26,6.203669788930431
2013-09-27,6.151864526141865
2013-09-30,6.089986078805232
2013-10-01,6.1806452886852234
2013-10-02,6.160498919589089
2013-10-03,6.0583271851128
2013-10-04,6.141791341593797
2013-10-07,6.040339277141624
2013-10-08,5.8993141445212975
2013-10-09,5.900033814545413
2013-10-10,6.154742657290938
2013-10-11,6.2374871437478205
2013-10-14,6.290011527613115
2013-10-15,6.1993528666805116
2013-10-16,6.369158212896807
2013-10-17,6.454780830502765
2013-10-18,6.540403448108722
2013-10-21,6.5411231181328375
2013-10-22,6.614513541118382
2013-10-23,6.556232894954938
2013-10-24,6.602281895445356
2013-10-25,6.654087158233922
2013-10-28,6.679989240680818
2013-10-29,6.752660542589633
2013-10-30,6.682867371829892
2013-10-31,6.642574633637624
2013-11-01,6.668477265031907
2013-11-04,6.720282527820473
2013-11-05,6.682148250753164
2013-11-06,6.745465489190641
2013-11-07,6.573501132901999
2013-11-08,6.748343620339716
2013-11-11,6.752660542589634
2013-11-12,6.724599450070392
2013-11-13,6.833966237945672
2013-11-14,6.905198199806256
2013-11-15,6.9627591759455845
2013-11-18,6.915991054378439
2013-11-19,6.881454029536933
2013-11-20,6.843319752469624
2013-11-21,6.951247200296674
2013-11-22,7.015284108758267
2013-11-25,7.013125647633308
2013-11-26,7.008808725383391
2013-11-27,7.036869817902633
2013-11-29,7.026076963330451
2013-12-02,6.999454661912052
2013-12-03,6.943332476873568
2013-12-04,6.928942370075583
2013-12-05,6.872100515012984
2013-12-06,7.026796633354567
2013-12-09,7.0570161869987675
2013-12-10,7.006649715311045
2013-12-11,6.849076014767775
2013-12-12,6.808063606551391
2013-12-13,6.802307344253242
2013-12-16,6.887929961859199
2013-12-17,6.836124699070633
2013-12-18,7.06780904157095
2013-12-19,7.065650031498604
2013-12-20,7.1368825423065765
2013-12-23,7.2167488976143845
2013-12-24,7.250134103482558
2013-12-26,7.32359360379025
2013-12-27,7.322873261778616
2013-12-30,7.315671490042167
2013-12-31,7.386249622303323
2014-01-02,7.244372466309414
2014-01-03,7.235010217998025
2014-01-06,7.201881628442385
2014-01-07,7.284703377061465
2014-01-08,7.287584195648038
2014-01-09,7.299106920534365
2014-01-10,7.3307953755267
2014-01-13,7.142105879055923
2014-01-14,7.29334528336122
2014-01-15,7.377607716003569
2014-01-16,7.3531210327476835
2014-01-17,7.291184806786283
2014-01-21,7.331515717538335
2014-01-22,7.345919261011234
2014-01-23,7.227088104249942
2014-01-24,6.91596683987963
2014-01-27,6.842507889031902
2014-01-28,6.925329637650981
2014-01-29,6.792814729968461
2014-01-30,6.938292497100613
2014-01-31,6.8518701373432895
2014-02-03,6.537868054386404
2014-02-04,6.633653211915079
2014-02-05,6.618529326430545
2014-02-06,6.787053092795315
2014-02-07,6.962779180356498
2014-02-10,6.983664703014177
2014-02-11,7.137064583894413
2014-02-12,7.147867516229069
2014-02-13,7.2191659905018595
2014-02-14,7.297666785971063
2014-02-18,7.318552308628742
2014-02-19,7.222046809088432
2014-02-20,7.2983865785227335
2014-02-21,7.286143511624773
2014-02-24,7.35888266992083
2014-02-25,7.3603228044841345
2014-02-26,7.358162327909196
2014-02-27,7.4381032579417035
2014-02-28,7.472672531520611
2014-03-03,7.369685602255487
2014-03-04,7.58358157453382
2014-03-05,7.582140890510552
2014-03-06,7.626072412400847
2014-03-07,7.628232888975786
2014-03-10,7.626792754412481
2014-03-11,7.5482919589432775
2014-03-12,7.551893119541483
2014-03-13,7.381928669153446
2014-03-14,7.338717489274785
2014-03-17,7.466910894347466
2014-03-18,7.57709959534904
2014-03-19,7.503640644501312
2014-03-20,7.579260071923979
2014-03-21,7.523085483135723
2014-03-24,7.462589941197589
2014-03-25,7.533888415470379
2014-03-26,7.422259118359131
2014-03-27,7.397765854756138
2014-03-28,7.4597201151424715
2014-03-31,7.586509743710825
2014-04-01,7.683763895223761
2014-04-02,7.736352631604283
2014-04-03,7.719063236730408
2014-04-04,7.53680266474594
2014-04-07,7.368949830219709
2014-04-08,7.425861327533665
2014-04-09,7.587230295469723
2014-04-10,7.265212361736554
2014-04-11,7.136261077891506
2014-04-14,7.24720241510378
2014-04-15,7.350939883586936
2014-04-16,7.495740008408017
2014-04-17,7.51807216635427
2014-04-21,7.575704215427124
2014-04-22,7.637657926193505
2014-04-23,7.610283005174874
2014-04-24,7.63477681839782
2014-04-25,7.513749955040789
2014-04-28,7.559134822692193
2014-04-29,7.62469074263311
2014-04-30,7.680161686049224
2014-05-01,7.672237265561208
2014-05-02,7.652066213271695
2014-05-05,7.682322791705965
2014-05-06,7.550489850445279
2014-05-07,7.635496820536765
2014-05-08,7.617486873903991
2014-05-09,7.644862344542576
2014-05-12,7.789661919743703
2014-05-13,7.801188549406255
2014-05-14,7.730589316773006
2014-05-15,7.592993610300997
2014-05-16,7.649184555856055
2014-05-19,7.703214395754374
2014-05-20,7.596595269855579
2014-05-21,7.727707659357367
2014-05-22,7.768050313556347
2014-05-23,7.8314451278405235
2014-05-27,7.927978727594561
2014-05-28,7.913570440516371
2014-05-29,7.997136856710014
2014-05-30,8.01874846289737
2014-06-02,8.038199513047939
2014-06-03,8.032436198216663
2014-06-04,8.065574434066571
2014-06-05,8.166430245134089
2014-06-06,8.2456739003943
2014-06-09,8.263683847027073
2014-06-10,8.266565504442712
2014-06-11,8.208933455369857
2014-06-12,8.09222935294626
2014-06-13,8.139775326254405
2014-06-16,8.150581404158059
2014-06-17,8.193805166152723
2014-06-18,8.314832029509754
2014-06-19,8.337884739214905
2014-06-20,8.368141867269129
2014-06-23,8.365980211992435
2014-06-24,8.262243293129231
2014-06-25,8.33435540996277
2014-06-26,8.321378017773855
2014-06-27,8.354542342244939
2014-06-30,8.347332802151685
2014-07-01,8.457640360731144
2014-07-02,8.473501678967892
2014-07-03,8.56362230526518
2014-07-07,8.499456463345723
2014-07-08,8.386986097743554
2014-07-09,8.464129331851927
2014-07-10,8.397079563884638
2014-07-11,8.417987615191928
2014-07-14,8.503061508418675
2014-07-15,8.473501678967892
2014-07-16,8.53622583288976
2014-07-17,8.340123262058436
2014-07-18,8.508828810461688
2014-07-21,8.473501678967894
2014-07-22,8.547760987028436
2014-07-23,8.588135401645424
2014-07-24,8.585972044570063
2014-07-25,8.506666003438978
2014-07-28,8.51099216753705
2014-07-29,8.438174547474098
2014-07-30,8.44394239956976
2014-07-31,8.107251321683073
2014-08-01,8.058946798000362
2014-08-04,8.17141716360253
2014-08-05,8.012805081340362
2014-08-06,8.014967888363072
2014-08-07,7.927731188113614
2014-08-08,8.112298054753614
2014-08-11,8.156998083416024
2014-08-12,8.135368913083614
2014-08-13,8.250002635761144
2014-08-14,8.324261943821686
2014-08-15,8.322099136798975
2014-08-18,8.460524286778975
2014-08-19,8.546319299030841
2014-08-20,8.593902703688432
2014-08-21,8.640765539373552
2014-08-22,8.614090186023251
2014-08-25,8.703489693295419
2014-08-26,8.717188204509455
2014-08-27,8.709978114363551
2014-08-28,8.696280153202165
2014-08-29,8.745305795909996
2014-09-02,8.73593289874138
2014-09-03,8.730165046645716
2014-09-04,8.699164079249993
2014-09-05,8.780632927403788
2014-09-08,8.734491210743789
2014-09-09,8.626346459187042
2014-09-10,8.689070063056258
2014-09-11,8.703489693295415
2014-09-12,8.604717288854632
2014-09-15,8.588855970617885
2014-09-16,8.721513818554874
2014-09-17,8.740979631811921
2014-09-18,8.83398418415704
2014-09-19,8.817402296947824
2014-09-22,8.684023329985717
2014-09-23,8.585972044570056
2014-09-24,8.7202161035383
2014-09-25,8.432427491581345
2014-09-26,8.571633058154115
2014-09-29,8.537733590563027
2014-09-30,8.488686861557523
2014-10-01,8.265091139442024
2014-10-02,8.26437026054742
2014-10-03,8.44540991515502
2014-10-06,8.423771992243
2014-10-07,8.16844053979869
2014-10-08,8.44973793996881
2014-10-09,8.111459740638676
2014-10-10,7.9304195357418426
2014-10-13,7.666433134248418
2014-10-14,7.700333152128739
2014-10-15,7.57987979173264
2014-10-16,7.567618247053573
2014-10-17,7.752265047580358
2014-10-20,7.903011279937591
2014-10-21,8.215323531541914
2014-10-22,8.101361933221884
2014-10-23,8.284565875380997
2014-10-24,8.405018685487862
2014-10-27,8.330727437940384
2014-10-28,8.578124820230183
2014-10-29,8.557207776212767
2014-10-30,8.666120470824401
2014-10-31,8.860143099294906
2014-11-03,8.869520027817089
2014-11-04,8.812539228657075
2014-11-05,8.923615660530988
2014-11-06,8.995743170816185
2014-11-07,9.009447573862927
2014-11-10,9.063543206576826
2014-11-11,9.080853654964288
2014-11-12,9.064985514655268
2014-11-13,9.078689917702011
2014-11-14,9.086623987856521
2014-11-17,9.098164103351753
2014-11-18,9.202027894254993
2014-11-19,9.169570184453113
2014-11-20,9.204913060701108
2014-11-21,9.297235635530651
2014-11-24,9.357101601136781
2014-11-25,9.347725773193062
2014-11-26,9.389558760649427
2014-11-28,9.350610389349946
2014-12-01,9.219338342642455
2014-12-02,9.331135653410973
2014-12-03,9.408312617693799
2014-12-04,9.382346669967989
2014-12-05,9.419131304005193
2014-12-08,9.291466403216885
2014-12-09,9.274876283434796
2014-12-10,8.980596459691006
2014-12-11,9.062100348209155
2014-12-12,8.777196902698316
2014-12-15,8.646645734885428
2014-12-16,8.510324784469542
2014-12-17,8.854373316691909
2014-12-18,9.289301565376144
2014-12-19,9.365035671291295
2014-12-22,9.447550203404642
2014-12-23,9.4786223865227
2014-12-24,9.477900162252213
2014-12-26,9.542213406564741
2014-12-29,9.559555610116226
2014-12-30,9.462002407241702
2014-12-31,9.271952674018541
2015-01-02,9.259668245625415
2015-01-05,8.922204269052266
2015-01-06,8.76178227040619
2015-01-07,8.98001363571675
2015-01-08,9.295799306534308
2015-01-09,9.135377307888232
2015-01-12,8.99446639087005
2015-01-13,8.948218677011967
2015-01-14,8.836934943254633
2015-01-15,8.676512944608557
2015-01-16,8.898357636536502
2015-01-20,8.939547023919989
2015-01-21,9.027706900748282
2015-01-22,9.296521530804796
2015-01-23,9.191741674695505
2015-01-26,9.236544388696377
2015-01-27,8.993743615283327
2015-01-28,8.759614494962257
2015-01-29,8.927262595526866
2015-01-30,8.701804576981537
2015-02-02,8.908474289485696
2015-02-03,9.167895593495981
2015-02-04,9.098524022708858
2015-02-05,9.290741531375955
2015-02-06,9.232208837808509
2015-02-09,9.148384511868086
2015-02-10,9.339157020677971
2015-02-11,9.354331448785521
2015-02-12,9.532096753615555
2015-02-13,9.610139977494658
2015-02-17,9.646993262674037
2015-02-18,9.644825487230102
2015-02-19,9.633986610010425
2015-02-20,9.744547568181035
2015-02-23,9.741656465834138
2015-02-24,9.798744159544373
2015-02-25,9.775619751299095
2015-02-26,9.754664221130227
2015-02-27,9.693963200802608
2015-03-02,9.8110285879375
2015-03-03,9.727926486267565
2015-03-04,9.649883262388462
2015-03-05,9.66722656857242
2015-03-06,9.39696583602622
2015-03-09,9.474286835634837
2015-03-10,9.1642822668786
2015-03-11,9.124537879352324
2015-03-12,9.352885897612076
2015-03-13,9.243048266344427
2015-03-16,9.487293488298453
2015-03-17,9.425871346332823
2015-03-18,9.650606589291428
2015-03-19,9.561001161289685
2015-03-20,9.730094261711503
2015-03-23,9.699022078593444
2015-03-24,9.581234467188066
2015-03-25,9.307794686440173
2015-03-26,9.265078718152024
2015-03-27,9.302002522220064
2015-03-30,9.530788037573762
2015-03-31,9.361371376919417
2015-04-01,9.299830598730317
2015-04-02,9.354855606450178
2015-04-06,9.485175434804372
2015-04-07,9.440287543026477
2015-04-08,9.497483369493718
2015-04-09,9.58364001706151
2015-04-10,9.682829310310142
2015-04-13,9.599568192481224
2015-04-14,9.63359646681039
2015-04-15,9.719029508129054
2015-04-16,9.712512632917454
2015-04-17,9.48952038652623
2015-04-20,9.663280894160067
2015-04-21,9.639388631030501
2015-04-22,9.732784655316657
2015-04-23,9.781293892567282
2015-04-24,9.825458178096051
2015-04-27,9.742921771258624
2015-04-28,9.805909761945976
2015-04-29,9.722648644117056
2015-04-30,9.533683567312636
2015-05-01,9.734232972557276
2015-05-04,9.796497356995502
2015-05-05,9.568436552633294
2015-05-06,9.486623752044993
2015-05-07,9.561196071172565
2015-05-08,9.816045773145575
2015-05-11,9.717581190888437
2015-05-12,9.659660653429702
2015-05-13,9.665452817649811
2015-05-14,9.864553905653834
2015-05-15,9.886274245293656
2015-05-18,9.944918389001517
2015-05-19,9.936954301291662
2015-05-20,9.923198049361696
2015-05-21,9.984014116559303
2015-05-22,9.937677907540788
2015-05-26,9.72626888484742
2015-05-27,9.898582179983002
2015-05-28,9.881205687322671
2015-05-29,9.753781388707349
2015-06-01,9.794325433505753
2015-06-02,9.77984557532666
2015-06-03,9.834869478304158
2015-06-04,9.677037146090033
2015-06-05,9.63359646681039
2015-06-08,9.509067697933938
2015-06-09,9.509067697933938
2015-06-10,9.730612731826907
2015-06-11,9.791429903766879
2015-06-12,9.649524642230098
2015-06-15,9.558300541433688
2015-06-16,9.66400450040919
2015-06-17,9.695860851248613
2015-06-18,9.889894486024017
2015-06-19,9.776948940845422
2015-06-22,9.914510355402712
2015-06-23,9.923198049361694
2015-06-24,9.778107391365324
2015-06-25,9.71577100363272
2015-06-26,9.717220995725079
2015-06-29,9.321458318043577
2015-06-30,9.354800394028516
2015-07-01,9.493969772357607
2015-07-02,9.479473169493726
2015-07-06,9.422935644110655
2015-07-07,9.531661824619624
2015-07-08,9.221429878048957
2015-07-09,9.248973644694313
2015-07-10,9.485272031843259
2015-07-13,9.694026652346848
2015-07-14,9.782457367642403
2015-07-15,9.773758521108151
2015-07-16,9.921626745971494
2015-07-17,9.94192221118491
2015-07-20,9.953519935883977
2015-07-21,9.870886976918055
2015-07-22,9.828847160418768
2015-07-23,9.728818720424147
2015-07-24,9.521514092012916
2015-07-27,9.411337919411588
2015-07-28,9.637489126963777
2015-07-29,9.772309635035695
2015-07-30,9.778107391365326
2015-07-31,9.749114185637561
2015-08-03,9.679528943463064
2015-08-04,9.638938013036233
2015-08-05,9.711422133375546
2015-08-06,9.563555014532104
2015-08-07,9.515715229663382
2015-08-10,9.75056417772992
2015-08-11,9.569353876881639
2015-08-12,9.591099334187412
2015-08-13,9.572252755046453
2015-08-14,9.638938013036231
2015-08-17,9.74911418563756
2015-08-18,9.68967667606977
2015-08-19,9.536010694876795
2015-08-20,9.140247464185341
2015-08-21,8.570522234077547
2015-08-24,7.8616276256406605
2015-08-25,7.673169023360438
2015-08-26,8.267538588938821
2015-08-27,8.669100681979808
2015-08-28,8.667651242897401
2015-08-31,8.532830734825483
2015-09-01,8.015294159843586
2015-09-02,8.325526106414252
2015-09-03,8.338573270195726
2015-09-04,8.086328288090538
2015-09-08,8.49948810583059
2015-09-09,8.263189718681645
2015-09-10,8.351620433977198
2015-09-11,8.425553993398918
2015-09-14,8.364667597758672
2015-09-15,8.57342166525231
2015-09-16,8.727088199455235
2015-09-17,8.683597837853638
2015-09-18,8.402359097010736
2015-09-21,8.48209151878199
2015-09-22,8.268988581031177
2015-09-23,8.232746520861522
2015-09-24,8.186356728085158
2015-09-25,8.174759003386091
2015-09-28,7.761599738655989
2015-09-29,7.771747471262698
2015-09-30,8.060233960527588
2015-10-01,8.106623753303952
2015-10-02,8.347271563720023
2015-10-05,8.641556915334448
2015-10-06,8.582119958776609
2015-10-07,8.722738776188109
2015-10-08,8.880754180648209
2015-10-09,8.889452474172508
2015-10-12,8.90539906912875
2015-10-13,8.79667288861978
2015-10-14,8.703893303067051
2015-10-15,8.976433197375702
2015-10-16,9.048917317715013
2015-10-19,9.059065603331671
2015-10-20,9.038769585108305
2015-10-21,8.934392827866462
2015-10-22,9.224329309223714
2015-10-23,9.437432246974526
2015-10-26,9.39104245419816
2015-10-27,9.34900153167897
2015-10-28,9.562105022439733
2015-10-29,9.554857274017744
2015-10-30,9.46642655872219
2015-11-02,9.686777797904943
2015-11-03,9.744765315380375
2015-11-04,9.68967667606976
2015-11-05,9.667932324783889
2015-11-06,9.660683470341997
2015-11-09,9.480923161586075
2015-11-10,9.512816351498557
2015-11-11,9.446131093508777
2015-11-12,9.183737825786931
2015-11-13,8.974983758293293
2015-11-16,9.246074213519536
2015-11-17,9.225778748306121
2015-11-18,9.527312954362438
2015-11-19,9.509916367313838
2015-11-20,9.579501609488336
2015-11-23,9.55920614427492
2015-11-24,9.580950495560792
2015-11-25,9.582400487653151
2015-11-27,9.598347082609394
2015-11-30,9.522964084105265
2015-12-01,9.702724392861189
2015-12-02,9.502668618891851
2015-12-03,9.231577610655657
2015-12-04,9.59254822025986
2015-12-07,9.475124299236542
2015-12-08,9.350451523771332
2015-12-09,9.20258385191794
2015-12-10,9.250423636786662
2015-12-11,8.882204172740567
2015-12-14,8.982232059725234
2015-12-15,9.173590093180223
2015-12-16,9.43453336880971
2015-12-17,9.159093490316343
2015-12-18,8.812619483576022
2015-12-21,8.961936594511823
2015-12-22,9.124880941275395
2015-12-23,9.347367900659949
2015-12-24,9.309559318387752
2015-12-28,9.28047647629487
2015-12-29,9.472426118650102
2015-12-30,9.345913425723511
2015-12-31,9.161235048611154
2016-01-04,8.898031111801187
2016-01-05,8.937293614290164
2016-01-06,8.69735683870595
2016-01-07,8.28291968224651
2016-01-08,8.105512015657373
2016-01-11,8.109874331027374
2016-01-12,8.23638646923431
2016-01-13,7.832128973170964
2016-01-14,8.088061644738055
2016-01-15,7.737608072210128
2016-01-19,7.756512363346226
2016-01-20,7.573287906450651
2016-01-21,7.651812356708952
2016-01-22,7.961549506531118
2016-01-25,7.727428966533688
2016-01-26,7.926649319412142
2016-01-27,7.759420758499446
2016-01-28,7.842308078847403
2016-01-29,8.211665942511427
2016-02-01,8.218936653034648
2016-02-02,7.910653978148919
2016-02-03,8.009537194479755
2016-02-04,8.032803800985855
2016-02-05,7.73469967705691
2016-02-08,7.519483428195579
2016-02-09,7.512212717672358
2016-02-10,7.5034875322127
2016-02-11,7.320263075317126
2016-02-12,7.6110959340031945
2016-02-16,7.862666290200285
2016-02-17,8.122961831857033
2016-02-18,8.057524327708737
2016-02-19,8.048799142249079
2016-02-22,8.28001128709329
2016-02-23,8.083699329368056
2016-02-24,8.152045228669571
2016-02-25,8.346903266178023
2016-02-26,8.307640763689045
2016-02-29,8.160769859409573
2016-03-01,8.563573435256137
2016-03-02,8.640643965297656
2016-03-03,8.700265233859168
2016-03-04,8.752614682458152
2016-03-07,8.77878968411747
2016-03-08,8.578115411022234
2016-03-09,8.665365046740192
2016-03-10,8.67409023219985
2016-03-11,8.9620146957327
2016-03-14,8.931476823983724
2016-03-15,8.912573087567282
2016-03-16,9.014364699051336
2016-03-17,9.123427021058612
2016-03-18,9.197589155946911
2016-03-21,9.220855762453011
2016-03-22,9.20922273655979
2016-03-23,9.073985412893196
2016-03-24,9.062351832280317
2016-03-28,9.069622542803538
2016-03-29,9.248484684329112
2016-03-30,9.322647373937066
2016-03-31,9.280476476294869
2016-04-01,9.399717903978583
2016-04-04,9.340097744856381
2016-04-05,9.155418258304714
2016-04-06,9.347367900659947
2016-04-07,9.123427021058614
2016-04-08,9.180139339747251
2016-04-11,9.130697731581835
2016-04-12,9.306651477954189
2016-04-13,9.486967539696543
2016-04-14,9.488422014632981
2016-04-15,9.46224701297366
2016-04-18,9.597484336640255
2016-04-19,9.654196655328892
2016-04-20,9.67600934161821
2016-04-21,9.569854860044497
2016-04-22,9.57858060022381
2016-04-25,9.534955227645176
2016-04-26,9.569854860044497
2016-04-27,9.610571282750257
2016-04-28,9.440434326684342
2016-04-29,9.335734320047068
2016-05-02,9.475335068522973
2016-05-03,9.311013793324186
2016-05-04,9.20195147131691
2016-05-05,9.209222736559786
2016-05-06,9.268843450401643
2016-05-09,9.290655581971306
2016-05-10,9.51168917585873
2016-05-11,9.33864326991994
2016-05-12,9.344460060226378
2016-05-13,9.180139339747246
2016-05-16,9.35754700633638
2016-05-17,9.190318445423685
2016-05-18,9.193226840576905
2016-05-19,9.12924325664539
2016-05-20,9.233943263282665
2016-05-23,9.210676656776565
2016-05-24,9.447705591927214
2016-05-25,9.571309334980931
2016-05-26,9.58148844065737
2016-05-27,9.660013445635325
2016-05-31,9.63238396903957
2016-06-01,9.671647026248204
2016-06-02,9.728359344936843
2016-06-03,9.667284710878203
2016-06-06,9.77053024257904
2016-06-07,9.795250769301921
2016-06-08,9.857779878296999
2016-06-09,9.83160487663768
2016-06-10,9.649834339958888
2016-06-13,9.498601120309415
2016-06-14,9.462247012973657
2016-06-15,9.431709695944337
2016-06-16,9.491329855066539
2016-06-17,9.415713799961457
2016-06-20,9.534955227645172
2016-06-21,9.590213071397374
2016-06-22,9.557785562674457
2016-06-23,9.802409005870741
2016-06-24,9.090380273353121
2016-06-27,8.770039997219426
2016-06-28,9.084555773406807
2016-06-29,9.401983799567343
2016-06-30,9.648063645477649
2016-07-01,9.693202131424357
2016-07-05,9.556329159960432
2016-07-06,9.669905242548879
2016-07-07,9.653888145423961
2016-07-08,9.943650074566955
2016-07-11,10.01791106024523
2016-07-12,10.160607420745693
2016-07-13,10.15478292079938
2016-07-14,10.266902600673804
2016-07-15,10.245061003602572
2016-07-18,10.29893679492364
2016-07-19,10.274182392424365
2016-07-20,10.363004072513537
2016-07-21,10.278550489656658
2016-07-22,10.379021169638456
2016-07-25,10.323690086513142
2016-07-26,10.325146489227164
2016-07-27,10.303304892155934
2016-07-28,10.325146489227164
2016-07-29,10.361548780709292
2016-08-01,10.341162475442308
2016-08-02,10.21302680935274
2016-08-03,10.274182392424368
2016-08-04,10.287287795031016
2016-08-05,10.45182575260271
2016-08-08,10.44745765537042
2016-08-09,10.453282155316733
2016-08-10,10.408143669370025
2016-08-11,10.498420641263444
2016-08-12,10.48094825233428
2016-08-15,10.540647432691884
2016-08-16,10.435808655477794
2016-08-17,10.46784284972763
2016-08-18,10.517350543816406
2016-08-19,10.489684446798861
2016-08-22,10.485316349566569
2016-08-23,10.520262238334674
2016-08-24,10.424159655585168
2016-08-25,10.40523086394198
2016-08-26,10.36300407251354
2016-08-29,10.462018349781317
2016-08-30,10.42561605829919
2016-08-31,10.371741377887897
2016-09-01,10.368828572459853
2016-09-02,10.460561947067294
2016-09-06,10.526086738280988
2016-09-07,10.52754314099501
2016-09-08,10.478035446906235
2016-09-09,9.968403366156458
2016-09-12,10.258165295299452
2016-09-13,9.962578866210146
2016-09-14,9.946561769085228
2016-09-15,10.154782920799386
2016-09-16,10.071785740656528
2016-09-19,10.074698546084571
2016-09-20,10.07761024060284
2016-09-21,10.294713551438639
2016-09-22,10.430247056920777
2016-09-23,10.31365868872594
2016-09-26,10.148978647129633
2016-09-27,10.272853093418473
2016-09-28,10.374868193556225
2016-09-29,10.189784242437101
2016-09-30,10.34280633670919
2016-10-03,10.283054492245338
2016-10-04,10.192699563169967
2016-10-05,10.274310753784903
2016-10-06,10.291799342574853
2016-10-07,10.216016569687485
2016-10-10,10.318031669825237
2016-10-11,10.067367456514694
2016-10-12,10.08922791453486
2016-10-13,10.01927467124414
2016-10-14,10.029476070071007
2016-10-17,9.963895807879588
2016-10-18,10.076111194975127
2016-10-19,10.125661640612112
2016-10-20,10.096513992628863
2016-10-21,10.099429313361728
2016-10-24,10.182498164343098
2016-10-25,10.121288659512814
2016-10-26,10.07756885534156
2016-10-27,10.028018409704575
2016-10-28,9.96535235637694
2016-10-31,9.962438147513156
2016-11-01,9.825446981664584
2016-11-02,9.701572535375744
2016-11-03,9.612674154797725
2016-11-04,9.586441827547342
2016-11-07,10.003243742820626
2016-11-08,10.093599783765079
2016-11-09,10.31948821832259
2016-11-10,10.364666794729358
2016-11-11,10.31803166982524
2016-11-14,10.335519146746108
2016-11-15,10.492913110248415
2016-11-16,10.456479384171164
2016-11-17,10.564322902036485
2016-11-18,10.517687777132368
2016-11-21,10.666338002174239
2016-11-22,10.712973127078358
2016-11-23,10.724631074402577
2016-11-25,10.80332805615373
2016-11-28,10.71005780634549
2016-11-29,10.745034983925391
2016-11-30,10.682368930597756
2016-12-01,10.60221428848017
2016-12-02,10.61970287727012
2016-12-05,10.745034983925391
2016-12-06,10.814987115347028
2016-12-07,11.090425995541523
2016-12-08,11.15454970923559
2016-12-09,11.281339476257296
2016-12-12,11.256563697504262
2016-12-13,11.408128131409917
2016-12-14,11.223045292159876
2016-12-15,11.304656482774812
2016-12-16,11.271136965561345
2016-12-19,11.307570691638595
2016-12-20,11.393554863352831
2016-12-21,11.343130230663808
2016-12-22,11.302275294913013
2016-12-23,11.329998764121129
2016-12-27,11.383985166414607
2016-12-28,11.203055688141006
2016-12-29,11.191382531294062
2016-12-30,11.10967265979247
2017-01-03,11.273093516009162
2017-01-04,11.40587205719925
2017-01-05,11.385444589323853
2017-01-06,11.46861388373469
2017-01-09,11.392740590656569
2017-01-10,11.391281167747323
2017-01-11,11.454022994282763
2017-01-12,11.401494901685021
2017-01-13,11.449645838768534
2017-01-17,11.367935967266941
2017-01-18,11.416085791136947
2017-01-19,11.337293652240337
2017-01-20,11.404413747503511
2017-01-23,11.354803387510753
2017-01-24,11.489041351610087
2017-01-25,11.684562832549123
2017-01-26,11.671430252792932
2017-01-27,11.640789050979835
2017-01-30,11.500714508457031
2017-01-31,11.494877930033558
2017-02-01,11.497796775852049
2017-02-02,11.503632241062013
2017-02-03,11.665593674369461
2017-02-06,11.624738738618666
2017-02-07,11.629115894132893
2017-02-08,11.659758209159497
2017-02-09,11.783782439321131
2017-02-10,11.875706044760422
2017-02-13,12.008485699164018
2017-02-14,12.110623038541007
2017-02-15,12.230270113188414
2017-02-16,12.215679223736489
2017-02-17,12.240483847126114
2017-02-21,12.387854390981635
2017-02-22,12.371804078620464
2017-02-23,12.393690969405109
2017-02-24,12.415576746976244
2017-02-27,12.460809951454776
2017-02-28,12.395149279100846
2017-03-01,12.72344930122997
2017-03-02,12.581916449011429
2017-03-03,12.589211337130639
2017-03-06,12.511878621143275
2017-03-07,12.443300216184362
2017-03-08,12.387854390981639
2017-03-09,12.419955015703982
2017-03-10,12.497287731691348
2017-03-13,12.5162557766575
2017-03-14,12.425791594127453
2017-03-15,12.630066272881434
2017-03-16,12.587751914221393
2017-03-17,12.539602090351387
2017-03-20,12.50896088853829
2017-03-21,12.187955754528375
2017-03-22,12.246173935557616
2017-03-23,12.216961178857533
2017-03-24,12.202354800507493
2017-03-27,12.170220099500261
2017-03-28,12.344039010732883
2017-03-29,12.374712739586538
2017-03-30,12.441902971512915
2017-03-31,12.392239947848495
2017-04-03,12.346959840644796
2017-04-04,12.367408993213902
2017-04-05,12.288533212849398
2017-04-06,12.345498868491223
2017-04-07,12.323589858163778
2017-04-10,12.33819623651382
2017-04-11,12.310443337572078
2017-04-12,12.208197574726556
2017-04-13,12.051906986151124
2017-04-17,12.256399626237402
2017-04-18,12.176062873719324
2017-04-19,12.135164568581116
2017-04-20,12.323589858163778
2017-04-21,12.254938654083828
2017-04-24,12.514935977658356
2017-04-25,12.658081160037321
2017-04-26,12.650777413664683
2017-04-27,12.666844764168298
2017-04-28,12.6215646569646
2017-05-01,12.674147396145699
2017-05-02,12.682912114671913
2017-05-03,12.652238385818256
2017-05-04,12.677069340452848
2017-05-05,12.786618849671006
2017-05-08,12.77785524554003
2017-05-09,12.751563318751863
2017-05-10,12.791000651736496
2017-05-11,12.74279860022565
2017-05-12,12.707743069306504
2017-05-15,12.827517154809216
2017-05-16,12.812910776459175
2017-05-17,12.36302719114841
2017-05-18,12.450666575643892
2017-05-19,12.615721882745534
2017-05-22,12.739877770313734
2017-05-23,12.795382453801984
2017-05-24,12.85234810944381
2017-05-25,12.967740392881032
2017-05-26,12.973583167100097
2017-05-30,12.948752212465505
2017-05-31,12.942909438246442
2017-06-01,13.13717750204817
2017-06-02,13.223355914390075
2017-06-05,13.213131338105521
2017-06-06,13.135716529894593
2017-06-07,13.172233032967313
2017-06-08,13.18830038347093
2017-06-09,13.145941106179146
2017-06-12,13.13717750204817
2017-06-13,13.26133338961637
2017-06-14,13.237962292740116
2017-06-15,13.180996637098291
2017-06-16,13.182457609251866
2017-06-19,13.395713853469124
2017-06-20,13.223355914390076
2017-06-21,13.210502372763333
2017-06-22,13.19734392195161
2017-06-23,13.233893563063635
2017-06-26,13.239741639490342
2017-06-27,13.036525724139999
2017-06-28,13.254362388260375
2017-06-29,13.036525724139999
2017-06-30,13.077461143720425
2017-07-03,13.124244639727559
2017-07-05,13.172490433693001
2017-07-06,12.941496434167428
2017-07-07,13.103776929937348
2017-07-10,13.131555014112578
2017-07-11,13.10377692993735
2017-07-12,13.304069364777604
2017-07-13,13.343542486399722
2017-07-14,13.463425264630906
2017-07-17,13.467812158505833
2017-07-18,13.482431791869338
2017-07-19,13.622782279890735
2017-07-20,13.630092654275753
2017-07-21,13.614010722953939
2017-07-24,13.600852272142216
2017-07-25,13.659331921002764
2017-07-26,13.672489256407959
2017-07-27,13.644712287639258
2017-07-28,13.606700348568923
2017-07-31,13.593543013163728
2017-08-01,13.64471228763926
2017-08-02,13.657869623044457
2017-08-03,13.615471905505723
2017-08-04,13.657869623044457
2017-08-07,13.703191936499808
2017-08-08,13.644712287639258
2017-08-09,13.628630356317442
2017-08-10,13.255823570812161
2017-08-11,13.282139357029083
2017-08-14,13.549682997666684
2017-08-15,13.546759517156595
2017-08-16,13.5891561192888
2017-08-17,13.168104655224607
2017-08-18,13.122783457175782
2017-08-21,13.144713464924303
2017-08-22,13.406407913728668
2017-08-23,13.32015129609942
2017-08-24,13.260209349280563
2017-08-25,13.317226700182804
2017-08-28,13.323074776609511
2017-08-29,13.342081303847944
2017-08-30,13.470735639015928
2017-08-31,13.635939615295937
2017-09-01,13.678337332834671
2017-09-05,13.476583715442635
2017-09-06,13.564302631030191
2017-09-07,13.561379150520102
2017-09-08,13.523367211449767
2017-09-11,13.802607004940782
2017-09-12,13.902020957975227
2017-09-13,13.91810288929704
2017-09-14,13.907869034401935
2017-09-15,13.948805569388888
2017-09-18,14.00289832437451
2017-09-19,14.023366034164722
2017-09-20,14.035062187018136
2017-09-21,13.957577126325683
2017-09-22,13.96342520275239
2017-09-25,13.904945553891842
2017-09-26,13.919565187255348
2017-09-27,14.027752348028251
2017-09-28,14.059946408331168
2017-09-29,14.156527472786172
2017-10-02,14.270669238257424
2017-10-03,14.339447255003883
2017-10-04,14.374568657036384
2017-10-05,14.53553784209722
2017-10-06,14.507733677934928
2017-10-09,14.45944258748055
2017-10-10,14.531147945956594
2017-10-11,14.572121798540762
2017-10-12,14.525294378951177
2017-10-13,14.563340889805762
2017-10-16,14.604315858843679
2017-10-17,14.624802785135762
2017-10-18,14.643826040563054
2017-10-19,14.651143278433262
2017-10-20,14.803332671212848
2017-10-23,14.689189789287846
2017-10-24,14.734554654466388
2017-10-25,14.591145053968052
2017-10-26,14.624802785135762
2017-10-27,14.858939883083686
2017-10-30,14.753577909893684
2017-10-31,14.797479104207435
2017-11-01,14.83698928592681
2017-11-02,14.845769078208061
2017-11-03,14.93942391738723
2017-11-06,14.978935215560357
2017-11-07,14.97454531941973
2017-11-08,15.022836409874108
2017-11-09,14.908693527949106
2017-11-10,14.89552383952723
2017-11-13,14.92040066195994
2017-11-14,14.85162264521348
2017-11-15,14.700896923298686
2017-11-16,14.940887588252025
2017-11-17,14.85893988308369
2017-11-20,14.902839960943691
2017-11-21,15.096004322761194
2017-11-22,15.074053725604319
2017-11-24,15.139904400621196
2017-11-27,15.128197266610362
2017-11-28,15.422332589023494
2017-11-29,15.412089125877452
2017-11-30,15.66671315011746
2017-12-01,15.605252371241209
2017-12-04,15.567204743932876
2017-12-05,15.460380216331831
2017-12-06,15.461843887196622
2017-12-07,15.556961280786835
2017-12-08,15.722321478442048
2017-12-11,15.821829884626634
2017-12-12,15.87890076736226
2017-12-13,15.867193633351427
2017-12-14,15.738418508593506
2017-12-15,16.000358654249972
2017-12-18,16.19498557047852
2017-12-19,16.083771146736847
2017-12-20,16.05889320785039
2017-12-21,16.114501536174973
2017-12-22,16.107184298304766
2017-12-26,16.066356245648574
2017-12-27,16.08540855626855
2017-12-28,16.145493774602294
2017-12-29,16.03704654667016
2018-01-02,16.25394212062777
2018-01-03,16.448853743211547
2018-01-04,16.595404474290287
2018-01-05,16.80350736217304
2018-01-08,16.866523103167285
2018-01-09,16.942730109460502
2018-01-10,16.888505936447764
2018-01-11,17.124452702932
2018-01-12,17.351606783341385
2018-01-16,17.23143522858055
2018-01-17,17.564104896168217
2018-01-18,17.502553857457553
2018-01-19,17.654966751950642
2018-01-22,17.937809707656342
2018-01-23,18.014015595856215
2018-01-24,18.003757089404438
2018-01-25,18.011085073195716
2018-01-26,18.4228922697371
2018-01-29,18.176686996801084
2018-01-30,17.79272479695453
2018-01-31,17.827896659347292
2018-02-01,17.78100047012583
2018-02-02,17.008677491208598
2018-02-05,15.626704052412354
2018-02-06,16.192389963823754
2018-02-07,16.004805206937903
2018-02-08,14.822140851856211
2018-02-09,15.272051551544207
2018-02-12,15.686790388839443
2018-02-13,15.776186424244942
2018-02-14,16.20411429065246
2018-02-15,16.605662980742068
2018-02-16,16.615921487193848
2018-02-20,16.416612403479295
2018-02-21,16.234889810007797
2018-02-22,16.27152749277748
2018-02-23,16.79617937838177
2018-02-26,17.188935382396522
2018-02-27,16.755145352574655
2018-02-28,16.388768524877804
2018-03-01,15.94471998860416
2018-03-02,16.10739138954903
2018-03-05,16.473768217245876
2018-03-06,16.555836268860098
2018-03-07,16.53678395824012
2018-03-08,16.69212849348706
2018-03-09,17.26514127059639
2018-03-12,17.232899930864132
2018-03-13,17.013073834246022
2018-03-14,16.83281706115145
2018-03-15,16.79764519875869
2018-03-16,16.828420718114025
2018-03-19,16.377044198049106
2018-03-20,16.428336730307993
2018-03-21,16.355061946177162
2018-03-22,15.543473013870395
2018-03-23,14.874241448089961
2018-03-26,15.696103615500663
2018-03-27,15.139879875260807
2018-03-28,15.063563454747023
2018-03-29,15.480365678318039
2018-04-02,14.78178233215455
2018-04-03,15.148685185435994
2018-04-04,15.489170988493226
2018-04-05,15.71224743062094
2018-04-06,15.018067859243693
2018-04-09,15.141346680490907
2018-04-10,15.630061549789465
2018-04-11,15.474495098301702
2018-04-12,15.713715355549688
2018-04-13,15.630061549789465
2018-04-16,15.881022967070134
2018-04-17,16.215638190111026
2018-04-18,16.242055240335237
2018-04-19,16.052733233678175
2018-04-20,15.788563851134727
2018-04-23,15.778290616030793
2018-04-24,15.35855366230093
2018-04-25,15.426063652940876
2018-04-26,15.731327095598713
2018-04-27,15.76654945599811
2018-04-30,15.511185383629847
2018-05-01,15.578695374269795
2018-05-02,15.361488392459776
2018-05-03,15.291043671660981
2018-05-04,15.685830380396732
2018-05-07,15.778290616030791
2018-05-08,15.782693271118385
2018-05-09,16.09382729379256
2018-05-10,16.387349576417716
2018-05-11,16.454859567057664
2018-05-14,16.493016657615907
2018-05-15,16.2670043656307
2018-05-16,16.409362851855686
2018-05-17,16.38001107147263
2018-05-18,16.3007599208
2018-05-21,16.534110717730297
2018-05-22,16.44018255716749
2018-05-23,16.535577522960395
2018-05-24,16.468067532320447
2018-05-25,16.382945801631475
2018-05-29,16.018978798207527
2018-05-30,16.42403986174586
2018-05-31,16.195091719903157
2018-06-01,16.53557752296039
2018-06-04,16.695547749234397
2018-06-05,16.736640689650134
2018-06-06,17.006680652209926
2018-06-07,16.986134182002058
2018-06-08,17.088867652740053
2018-06-11,17.12996059315579
2018-06-12,17.184261498834307
2018-06-13,17.04924151755441
2018-06-14,17.14757121350616
2018-06-15,17.100607693074082
2018-06-18,17.02869504734654
2018-06-19,16.896609796225494
2018-06-20,16.953700552015274
2018-06-21,16.734667286161642
2018-06-22,16.787587969847955
2018-06-25,16.331883079467893
2018-06-26,16.398034494842577
2018-06-27,16.121670675251035
2018-06-28,16.312773268733118
2018-06-29,16.359813751839443
2018-07-02,16.436254116312124
2018-07-03,16.296602997521543
2018-07-05,16.56708549499951
2018-07-06,16.83021858290268
2018-07-09,17.14186248444057
2018-07-10,17.253584052393183
2018-07-11,17.015440975804776
2018-07-12,17.31091460613109
2018-07-13,17.337374947974244
2018-07-16,17.3050344055511
2018-07-17,17.457916256030053
2018-07-18,17.52259621934276
2018-07-19,17.391764840655373
2018-07-20,17.349134227600643
2018-07-23,17.410875772923728
2018-07-24,17.572577363505868
2018-07-25,17.893041005146948
2018-07-26,17.78426009825112
2018-07-27,17.54758735219111
2018-07-30,17.350604558129035
2018-07-31,17.519656679819555
2018-08-01,17.477026066764825
2018-08-02,17.641668318403752
2018-08-03,17.812189649089085
2018-08-06,17.94008148825327
2018-08-07,18.0444525250975
2018-08-08,18.02828225388593
2018-08-09,17.979771440251213
2018-08-10,17.72986908403641
2018-08-13,17.591687174240636
2018-08-14,17.82247971972066
2018-08-15,17.553467552771085
2018-08-16,17.840120321460624
2018-08-17,17.94890122835645
2018-08-20,18.035632784994302
2018-08-21,18.107663279415387
2018-08-22,18.094432547727017
2018-08-23,18.038572324517503
2018-08-24,18.254664929314348
2018-08-27,18.535437497423903
2018-08-28,18.557487969215465
2018-08-29,18.760350963857523
2018-08-30,18.595708712218595
2018-08-31,18.597179042746987
2018-09-04,18.542788028532282
2018-09-05,18.42518625999968
2018-09-06,18.32081522315545
2018-09-07,18.23996498863117
2018-09-10,18.30170541242067
2018-09-11,18.43400712163645
2018-09-12,18.43988732221644
2018-09-13,18.641278864796522
2018-09-14,18.651568935428106
2018-09-17,18.44870706231963
2018-09-18,18.647159065376513
2018-09-19,18.685379808379647
2018-09-20,18.976442447120785
2018-09-21,18.95292164480083
2018-09-24,18.827971588227015
2018-09-25,18.7824003141155
2018-09-26,18.66479926336439
2018-09-27,18.769269035128385
2018-09-28,18.763383271883217
2018-10-01,18.894339539547747
2018-10-02,18.873739929486934
2018-10-03,18.901697024252847
2018-10-04,18.60300043318195
2018-10-05,18.397003209979268
2018-10-08,18.37198955813322
2018-10-09,18.329318616551664
2018-10-10,17.152192909787246
2018-10-11,16.40030377478391
2018-10-12,16.86232552488138
2018-10-15,16.67692791173951
2018-10-16,17.39056126954108
2018-10-17,17.39056126954108
2018-10-18,16.896168382892462
2018-10-19,16.863797246341313
2018-10-22,16.712242491210525
2018-10-23,16.53567296163913
2018-10-24,15.539530826231344
2018-10-25,16.089836779817233
2018-10-26,15.518931216170529
2018-10-29,15.346776850978925
2018-10-30,15.795555353126126
2018-10-31,16.133979442858717
2018-11-01,16.45768856318111
2018-11-02,16.27817671328441
2018-11-05,16.450332201070566
2018-11-06,16.65485770281332
2018-11-07,17.358190132989932
2018-11-08,17.294919581347564
2018-11-09,16.978566823135715
2018-11-12,16.313491292755423
2018-11-13,16.261991145008835
2018-11-14,16.025095629309487
2018-11-15,16.362046874987595
2018-11-16,16.44738875815071
2018-11-19,15.891197041319648
2018-11-20,15.30410590939737
2018-11-21,15.39974759759089
2018-11-23,15.208464221203851
2018-11-26,15.676371734546489
2018-11-27,15.779369784850555
2018-11-28,16.490059699732264
2018-11-29,16.43561723166037
2018-11-30,16.641614454863053
2018-12-03,17.065380427758758
2018-12-04,15.980952966267997
2018-12-06,15.932396261441273
2018-12-07,15.17167904286746
2018-12-10,15.211406541529156
2018-12-11,15.224649789479423
2018-12-12,15.380618586395453
2018-12-13,15.368847059905116
2018-12-14,14.789113412687936
2018-12-17,14.193193074600627
2018-12-18,14.175535784865122
2018-12-19,13.744414572453424
2018-12-20,13.304463031282145
2018-12-21,12.740913829745987
2018-12-24,12.037581399569374
2018-12-26,13.25119863189644
2018-12-27,13.51229822687557
2018-12-28,13.445917298195203
2018-12-31,13.692265700739123
2019-01-02,13.708492350051008
2019-01-03,13.031401700469596
2019-01-04,13.929763612910685
2019-01-07,14.131858438148974
2019-01-08,14.391482576251432
2019-01-09,14.524245559056007
2019-01-10,14.63635664736252
2019-01-11,14.630455945299667
2019-01-14,14.466715120747997
2019-01-15,14.79714655816084
2019-01-16,14.854676996468848
2019-01-17,15.072998471019021
2019-01-18,15.471286293988905
2019-01-22,15.070048682709517
2019-01-23,15.109877014828967
2019-01-24,15.13495415451321
2019-01-25,15.384253470810476
2019-01-28,15.162982207950797
2019-01-29,15.108401557952293
2019-01-30,15.58487283917209
2019-01-31,15.845972434151221
2019-02-01,15.87842573277499
2019-02-04,16.10117245251134
2019-02-05,16.230984521562565
2019-02-06,16.176404997007904
2019-02-07,15.87104957383546
2019-02-08,15.903502872459228
2019-02-11,15.921204978647786
2019-02-12,16.335719450929552
2019-02-13,16.430128433047507
2019-02-14,16.350470643364762
2019-02-15,16.707455802782363
2019-02-19,16.76941148627655
2019-02-20,16.829891712894064
2019-02-21,16.707455802782363
2019-02-22,16.911024959453485
2019-02-25,16.970030854638168
2019-02-26,16.92725160876537
2019-02-27,16.915450204639665
2019-02-28,16.829891712894067
2019-03-01,17.068865081942302
2019-03-04,16.928727065642043
2019-03-05,16.880047117706393
2019-03-06,16.66467655690957
2019-03-07,16.390300100928062
2019-03-08,16.322443715371023
2019-03-11,16.803340241776997
2019-03-12,16.909549502576816
2019-03-13,17.141146712685526
2019-03-14,17.117545029877956
2019-03-15,17.2827613113063
2019-03-18,17.412573380357525
2019-03-19,17.416998625543705
2019-03-20,17.287186376421463
2019-03-21,17.683267972394297
2019-03-22,17.000470266091405
2019-03-25,16.981257760963537
2019-03-26,17.220679469328505
2019-03-27,17.047763540495897
2019-03-28,17.18668802736685
2019-03-29,17.40985369450707
2019-04-01,17.800023490234263
2019-04-02,17.813324195116493
2019-04-03,17.878352870257896
2019-04-04,17.961115818575603
2019-04-05,18.114819242280344
2019-04-08,18.156200716439198
2019-04-09,17.962594050527162
2019-04-10,18.07934956836713
2019-04-11,18.070481304218376
2019-04-12,18.312860604047067
2019-04-15,18.28921340306452
2019-04-16,18.30694880380143
2019-04-17,18.21975115962904
2019-04-18,18.281823370867322
2019-04-22,18.308425908192383
2019-04-23,18.642435292926933
2019-04-24,18.558194112657667
2019-04-25,18.525679775086964
2019-04-26,18.701552167822694
2019-04-29,18.748845442227186
2019-04-30,18.75327901052126
2019-05-01,18.494643669467823
2019-05-02,18.405968920904478
2019-05-03,18.751800778569695
2019-05-06,18.596620250473993
2019-05-07,17.97737298736094
2019-05-08,17.927124376613932
2019-05-09,17.808890626822404
2019-05-10,17.968505850772782
2019-05-13,17.0832332144091
2019-05-14,17.38916295742763
2019-05-15,17.57833605504559
2019-05-16,17.906433639534505
2019-05-17,17.681789740442724
2019-05-20,17.44975693671435
2019-05-21,17.749773751926643
2019-05-22,17.64779829848107
2019-05-23,17.213290564691903
2019-05-24,17.27388454397862
2019-05-28,16.953176991686906
2019-05-29,16.734446020401368
2019-05-30,16.806863600179362
2019-05-31,16.357576929556405
2019-06-03,16.26594571708994
2019-06-04,16.96943416047226
2019-06-05,17.262062071047957
2019-06-06,17.48966017892165
2019-06-07,17.831059595853397
2019-06-10,18.005453756637568
2019-06-11,17.992151924194737
2019-06-12,17.928601481004897
2019-06-13,18.08526136861276
2019-06-14,18.02171092542292
2019-06-17,18.049790567138942
2019-06-18,18.397101784316327
2019-06-19,18.503510806055974
2019-06-20,18.840476654693646
2019-06-21,18.793183380289154
2019-06-24,18.74588897832406
2019-06-25,18.37138568101505
2019-06-26,18.325472389600474
2019-06-27,18.46617506779402
2019-06-28,18.663159721247883
2019-07-01,18.972707195243753
2019-07-02,19.074900201961402
2019-07-03,19.36963704614405
2019-07-05,19.322243482733185
2019-07-08,19.10748426553766
2019-07-09,19.16968958874037
2019-07-10,19.332609906621684
2019-07-11,19.418513141508445
2019-07-12,19.599205763174176
2019-07-15,19.60957218706267
2019-07-16,19.47627538876505
2019-07-17,19.208199260216272
2019-07-18,19.348901938409817
2019-07-19,19.1282193732719
2019-07-22,19.2200482160583
2019-07-23,19.491087148556893
2019-07-24,19.668816966272807
2019-07-25,19.480718464711153
2019-07-26,19.73990844136772
2019-07-29,19.674740314215196
2019-07-30,19.576988123486405
2019-07-31,19.132662449218
2019-08-01,18.792013443599398
2019-08-02,18.54911549873096
2019-08-05,17.435339639088753
2019-08-06,17.888551465249364
2019-08-07,17.89891901911648
2019-08-08,18.58318096428213
2019-08-09,18.343244693384886
2019-08-12,17.9018818230663
2019-08-13,18.439515482138763
2019-08-14,17.359803958069108
2019-08-15,17.453111942873168
2019-08-16,17.964087146269005
2019-08-19,18.39804526667029
2019-08-20,18.106271226437457
2019-08-21,18.392120788749274
2019-08-22,18.37582875696114
2019-08-23,17.427933759192822
2019-08-26,17.81005411025852
2019-08-27,17.669351432064975
2019-08-28,17.916692452879516
2019-08-29,18.37731015893605
2019-08-30,18.359536725173008
2019-09-03,18.14477976793473
2019-09-04,18.546153824759752
2019-09-05,19.03194971449663
2019-09-06,19.05712789817697
2019-09-09,19.07045712601528
2019-09-10,19.073419929965098
2019-09-11,19.334090178617952
2019-09-12,19.46886950886911
2019-09-13,19.43480517329656
2019-09-16,19.31335507088372
2019-09-17,19.40518391367012
2019-09-18,19.433324901300278
2019-09-19,19.42147594545825
2019-09-20,19.22152848805457
2019-09-23,19.225971564000677
2019-09-24,18.919386893954623
2019-09-25,19.132662449217996
2019-09-26,19.063053506076614
2019-09-27,18.852738494805816
2019-09-30,19.024543834600717
2019-10-01,18.572813410415012
2019-10-02,17.919654126850716
2019-10-03,18.193654733320507
2019-10-04,18.68389482898211
2019-10-07,18.531343194946537
2019-10-08,17.95223819042698
2019-10-09,18.278077696210982
2019-10-10,18.52689898902181
2019-10-11,18.917906621958338
2019-10-14,18.883841156407165
2019-10-15,19.248189203688444
2019-10-16,19.18302107653592
2019-10-17,19.282253539260992
2019-10-18,19.11785294938339
2019-10-21,19.388891881881985
2019-10-22,19.245226399738623
2019-10-23,19.359270622255544
2019-10-24,19.425919021404354
2019-10-25,19.584394003382315
2019-10-28,19.80507656852023
2019-10-29,19.78286118878971
2019-10-30,19.90727183519512
2019-10-31,19.78582173278228
2019-11-01,20.166461811851693
2019-11-04,20.308644762041524
2019-11-05,20.265694274576767
2019-11-06,20.279023502415082
2019-11-07,20.416765636616056
2019-11-08,20.51599809934113
2019-11-11,20.43601821239676
2019-11-12,20.50859221944521
2019-11-13,20.524884251233342
2019-11-14,20.579683694540126
2019-11-15,20.880343886665166
2019-11-18,20.902561526352933
2019-11-19,20.883306690614983
2019-11-20,20.73816093647533
2019-11-21,20.67003000537299
2019-11-22,20.754452968263465
2019-11-25,21.071405192176634
2019-11-26,21.169155122948176
2019-11-27,21.351330276567438
2019-11-29,21.18396688274002
2019-12-02,20.831467791300767
2019-12-03,20.541176283021468
2019-12-04,20.803329063627853
2019-12-05,20.874420538722767
2019-12-06,21.246172205942724
2019-12-09,21.120281287541026
2019-12-10,21.06251904028442
2019-12-11,21.18248661074373
2019-12-12,21.542389322121657
2019-12-13,21.56905003775553
2019-12-16,21.863784621980933
2019-12-17,21.871190501876857
2019-12-18,21.87563357782296
2019-12-19,22.048920319592767
2019-12-20,22.2725656886805
2019-12-23,22.308110296249335
2019-12-24,22.310924358853036
2019-12-26,22.53051878751884
2019-12-27,22.521614475005258
2019-12-30,22.281250109141485
2019-12-31,22.38066009087527
2020-01-02,22.782753306067267
2020-01-03,22.44446187855524
2020-01-06,22.613607592311254
2020-01-07,22.48155525669472
2020-01-08,22.710049469873844
2020-01-09,23.02163475184551
2020-01-10,22.88661431205778
2020-01-13,23.198199594029443
2020-01-14,23.13142970217828
2020-01-15,23.22638865965534
2020-01-16,23.609192593734765
2020-01-17,23.772404363148517
2020-01-21,23.662607148815617
2020-01-22,23.67744540567146
2020-01-23,23.718989808067665
2020-01-24,23.28425423899292
2020-01-27,22.543871860289027
2020-01-28,23.014215623417588
2020-01-29,22.978605165363643
2020-01-30,23.109174580894646
2020-01-31,22.282733029227018
2020-02-03,22.615090512396783
2020-02-04,23.297609575763225
2020-02-05,23.83323804665729
2020-02-06,23.994964631985383
2020-02-07,23.732342880837844
2020-02-10,24.089923589462444
2020-02-11,24.1641103457414
2020-02-12,24.47272752354187
2020-02-13,24.419312968461018
2020-02-14,24.49053162056878
2020-02-18,24.362930309208974
2020-02-19,24.588458682217034
2020-02-20,24.391121638834996
2020-02-21,23.8747824490535
2020-02-24,22.25602688368666
2020-02-25,20.945888496120286
2020-02-26,20.78713001496339
2020-02-27,18.913171826876933
2020-02-28,18.83750101851238
2020-03-02,20.361296494402097
2020-03-03,19.215852796335014
2020-03-04,20.807902216161494
2020-03-05,19.41764086397378
2020-03-06,18.78557051551713
2020-03-09,15.861128718840709
2020-03-10,17.487302280635404
2020-03-11,15.75133263650787
2020-03-12,12.743800903038977
2020-03-13,15.092553878510724
2020-03-16,11.567198903174738
2020-03-17,13.004938602100916
2020-03-18,11.671061041165313
2020-03-19,11.663641912737392
2020-03-20,10.60573917571951
2020-03-23,9.997406868632023
2020-03-24,11.886202181574259
2020-03-25,12.21974629060447
2020-03-26,13.659462080776812
2020-03-27,12.81467062098105
2020-03-30,13.649050950384346
2020-03-31,13.223681098114952
2020-04-01,12.03383243736179
2020-04-02,12.599009870382677
2020-04-03,12.239080922839591
2020-04-06,13.892970969788605
2020-04-07,13.906356222552585
2020-04-08,14.841874868237133
2020-04-09,15.283606365098242
2020-04-13,15.001017081223745
2020-04-14,15.897865327709944
2020-04-15,15.215190203272309
2020-04-16,15.371357159159295
2020-04-17,16.19383986434842
2020-04-20,15.62122542330658
2020-04-21,14.655961014994446
2020-04-22,15.320789135746773
2020-04-23,15.31186449917601
2020-04-24,15.750621873665605
2020-04-27,16.20276450091918
2020-04-28,16.045108781754273
2020-04-29,16.882465502985298
2020-04-30,16.55376994661961
2020-05-01,15.677743960918344
2020-05-04,15.778880007743378
2020-05-05,16.0644445487175
2020-05-06,15.844322047197798
2020-05-07,16.223586761704112
2020-05-08,16.760506060647224
2020-05-11,16.773891313411205
2020-05-12,16.08377918095262
2020-05-13,15.524549992674764
2020-05-14,15.900840584809561
2020-05-15,16.043622287932568
2020-05-18,17.023759577558494
2020-05-19,16.675729388957684
2020-05-20,17.234957442507433
2020-05-21,16.979140933617114
2020-05-22,17.050531217814562
2020-05-26,17.489287457576047
2020-05-27,17.991999242970248
2020-05-28,17.93250658298697
2020-05-29,18.06933890663884
2020-06-01,18.235918127646404
2020-06-02,18.537842043756022
2020-06-03,19.034604449679083
2020-06-04,18.917106758262335
2020-06-05,19.89575755406656
2020-06-08,20.39251882526151
2020-06-09,20.08167140730924
2020-06-10,19.84816251829745
2020-06-11,17.551755374658956
2020-06-12,17.986049863499115
2020-06-15,18.305821918022147
2020-06-16,19.012294560344337
2020-06-17,18.853152347357728
2020-06-18,18.863563477750194
2020-06-19,18.64195334768068
2020-06-22,18.903720370770248
2020-06-23,19.059887326657233
2020-06-24,18.097598175444723
2020-06-25,18.46645175955857
2020-06-26,17.605298655171097
2020-06-29,18.11544631385814
2020-06-30,18.60328408321044
2020-07-01,18.83976595986564
2020-07-02,19.0375785720506
2020-07-06,19.62655465768415
2020-07-07,19.21605541727233
2020-07-08,19.51351758246062
2020-07-09,19.293396215669024
2020-07-10,19.689021440038943
2020-07-13,19.35586299802382
2020-07-14,19.842214273554415
2020-07-15,20.221478988060728
2020-07-16,20.08315790113094
2020-07-17,20.18429621741219
2020-07-20,20.524889397992048
2020-07-21,20.594793188367795
2020-07-22,20.828299807923372
2020-07-23,20.343437295670697
2020-07-24,20.07720965638791
2020-07-27,20.3597978055343
2020-07-28,20.11141716993682
2020-07-29,20.59479318836779
2020-07-30,20.452010350516677
2020-07-31,20.777731784510852
2020-08-03,21.064783954034784
2020-08-04,21.220949775193663
2020-08-05,21.488666177754368
2020-08-06,21.7757183472783
2020-08-07,21.801002358984558
2020-08-10,21.930397674615477
2020-08-11,21.573443984172016
2020-08-12,22.166879551270675
2020-08-13,22.094002773251525
2020-08-14,22.092514009973605
2020-08-17,22.232321590725096
2020-08-18,22.318585890964446
2020-08-19,22.149032547585367
2020-08-20,22.279916626494206
2020-08-21,22.428647709088352
2020-08-24,22.892687960556096
2020-08-25,23.05331780209252
2020-08-26,23.511409808817234
2020-08-27,23.61552111274189
2020-08-28,23.91000802083056
2020-08-31,23.74640519165073
2020-09-01,24.18664792523392
2020-09-02,24.885685828991377
2020-09-03,23.17825136680211
2020-09-04,22.788576656631438
2020-09-08,21.545184715366137
2020-09-09,22.395926689361144
2020-09-10,21.60765149772093
2020-09-11,21.628473758505862
2020-09-14,22.190677069155235
2020-09-15,22.42567245198873
2020-09-16,22.24422034966738
2020-09-17,21.866444398438986
2020-09-18,21.35183385410251
2020-09-21,20.87589484369249
2020-09-22,21.29829057359037
2020-09-23,20.30774101884387
2020-09-24,20.414827579868152
2020-09-25,21.072218692599527
2020-09-28,21.780180098199637
2020-09-29,21.54518471536614
2020-09-30,21.85454563949671
2020-10-01,22.146057290485754
2020-10-02,21.71473805874522
2020-10-05,22.485163977243907
2020-10-06,21.842646880554433
2020-10-07,22.604149297210466
2020-10-08,22.999774521580385
2020-10-09,23.419197263834857
2020-10-12,24.168800921548613
2020-10-13,23.847541238475767
2020-10-14,23.561977832229754
2020-10-15,23.48761229093268
2020-10-16,23.463814773048124
2020-10-19,22.743956877961953
2020-10-20,22.919460735540277
2020-10-21,22.836169422944334
2020-10-22,23.09198706656276
2020-10-23,23.237745161513498
2020-10-26,22.389976175161898
2020-10-27,22.229348603081693
2020-10-28,20.718240259255683
2020-10-29,21.13171248731091
2020-10-30,20.679568725329226
2020-11-02,21.146584233896593
2020-11-03,21.887266659223915
2020-11-04,22.865917455028136
2020-11-05,23.761276938236414
2020-11-06,23.758303950593007
2020-11-09,24.35322828096959
2020-11-10,24.27291222547327
2020-11-11,24.62986818537295
2020-11-12,24.159877419705957
2020-11-13,24.826192034279988
2020-11-16,25.433015123598846
2020-11-17,25.174222222880793
2020-11-18,24.55252738697625
2020-11-19,24.751826492982914
2020-11-20,24.418668050967792
2020-11-23,24.719105473255706
2020-11-24,25.5044054077963
2020-11-25,25.43003986649922
2020-11-27,25.569847447250712
2020-11-30,25.33485206441722
2020-12-01,25.89110713032356
2020-12-02,25.99521843424822
2020-12-03,25.983319675305943
2020-12-04,26.426537665988754
2020-12-07,26.32837687626334
2020-12-08,26.468184457014832
2020-12-09,25.99819369134784
2020-12-10,25.983319675305935
2020-12-11,25.905978876909238
2020-12-14,25.679909265374615
2020-12-15,26.3700213978332
2020-12-16,26.456285698072552
2020-12-17,26.759696108003872
2020-12-18,26.572295760939486
2020-12-21,26.3551473817913
2020-12-22,26.2599595797093
2020-12-23,26.296845160527397
2020-12-24,26.499311904142736
2020-12-28,26.96081768302929
2020-12-29,26.86553934906999
2020-12-30,26.928065542766905
2020-12-31,27.1990123821202
2021-01-04,26.45762777501146
2021-01-05,26.814920959455154
2021-01-06,27.139464275251132
2021-01-07,27.937421174015746
2021-01-08,28.264940305024915
2021-01-11,27.87787079553202
2021-01-12,27.88084888235987
2021-01-13,28.03865341001608
2021-01-14,27.830232764359703
2021-01-15,27.42529927712902
2021-01-19,27.860006817794233
2021-01-20,28.622233489468613
2021-01-21,28.67880578112449
2021-01-22,28.47038513546811
2021-01-25,28.690715856821235
2021-01-26,28.60436951173083
2021-01-27,27.199012382120195
2021-01-28,27.648608085310006
2021-01-29,26.57374817353639
2021-02-01,27.43423126599792
2021-02-02,28.21432418702475
2021-02-03,28.26791839185277
2021-02-04,28.905092676133318
2021-02-05,29.125423397486443
2021-02-08,29.54524504724172
2021-02-09,29.49760474445474
2021-02-10,29.488672755585846
2021-02-11,29.580973002717286
2021-02-12,29.87573999346407
2021-02-16,29.822148060250715
2021-02-17,29.840012037988497
2021-02-18,29.57799491588943
2021-02-19,29.446988626454562
2021-02-22,29.02121307465824
2021-02-23,29.083739268355153
2021-02-24,29.717935465807848
2021-02-25,28.291736271631578
2021-02-26,27.979105303147012
2021-03-01,29.33980021679852
2021-03-02,28.88425061156767
2021-03-03,28.122021668278627
2021-03-04,27.422321190301165
2021-03-05,28.425722919508974
2021-03-08,28.145841819672125
2021-03-09,28.94082063160889
2021-03-10,29.30109417449511
2021-03-11,29.902538231685426
2021-03-12,29.988884576775828
2021-03-15,30.34915584804738
2021-03-16,30.27471957865372
2021-03-17,30.44741226883453
2021-03-18,29.56310902497951
2021-03-19,29.446988626454576
2021-03-22,29.926358383078917
2021-03-23,29.45889879301591
2021-03-24,29.163920833903248
2021-03-25,29.47975561377128
2021-03-26,30.42427521161497
2021-03-29,30.394480078139146
2021-03-30,30.233583629502142
2021-03-31,30.483865478566614
2021-04-01,31.121490882485684
2021-04-05,32.015358526098176
2021-04-06,31.97960527521638
2021-04-07,32.05707216760892
2021-04-08,32.35502804881308
2021-04-09,32.82579888668918
2021-04-12,32.855594020165
2021-04-13,33.03734728955738
2021-04-14,32.828779082003656
2021-04-15,33.520036635468394
2021-04-16,33.75542205440644
2021-04-19,33.427671039726455
2021-04-20,32.927105068374544
2021-04-21,33.54089345622377
2021-04-22,32.93604338109499
2021-04-23,33.64219963790913
2021-04-26,33.78521718788226
2021-04-27,33.76436036712689
2021-04-28,33.722646725616144
2021-04-29,34.16064223470194
2021-04-30,33.71668860821016
2021-05-03,33.85374804077732
2021-05-04,33.436609352446894
2021-05-05,33.45150578257332
2021-05-06,33.99676559075045
2021-05-07,34.470516623941016
2021-05-10,33.81203439926657
2021-05-11,33.21314244154377
2021-05-12,31.78891369310355
2021-05-13,32.542741708834406
2021-05-14,33.53493533881778
2021-05-17,33.37701681227228
2021-05-18,32.79302355789888
2021-05-19,32.62914918717037
2021-05-20,33.317426545320636
2021-05-21,33.27571290380989
2021-05-24,33.93717532379881
2021-05-25,33.79713569591718
2021-05-26,33.922276620449416
2021-05-27,33.94313344120479
2021-05-28,34.08317306908643
2021-06-01,34.01464448941433
2021-06-02,34.13382502331762
2021-06-03,33.8775827836242
2021-06-04,34.48243513197595
2021-06-07,34.42880298243028
2021-06-08,34.43178090452178
2021-06-09,34.318558488024465
2021-06-10,34.63439099466952
2021-06-11,34.75357380179579
2021-06-14,34.923408563153245
2021-06-15,34.78634913058608
2021-06-16,34.390067263011034
2021-06-17,34.35729193422074
2021-06-18,33.43958954776137
2021-06-21,34.38410914560506
2021-06-22,34.7458270398134
2021-06-23,34.66534958690205
2021-06-24,35.070722719826705
2021-06-25,35.31513867284765
2021-06-28,35.46119152580284
2021-06-29,35.499939592155556
2021-06-30,35.57147535853019
2021-07-01,35.95002343184473
2021-07-02,36.50443073793047
2021-07-06,36.361356931100175
2021-07-07,36.617695890863736
2021-07-08,36.024540518425276
2021-07-09,36.76673006402483
2021-07-12,37.05585672381031
2021-07-13,36.799517764046755
2021-07-14,36.891918223700706
2021-07-15,36.64452322455486
2021-07-16,36.066269904983905
2021-07-19,34.990242992834354
2021-07-20,35.99771318473417
2021-07-21,36.58490819084183
2021-07-22,36.74884669095143
2021-07-23,37.47315286347757
2021-07-26,37.66391642319729
2021-07-27,37.31815604990468
2021-07-28,37.28536834988276
2021-07-29,37.592380656822655
2021-07-30,37.23171823066254
2021-08-02,37.07672141708964
2021-08-03,37.675839429939906
2021-08-04,37.303253997037174
2021-08-05,37.77718157613056
2021-08-06,37.896409369475634
2021-08-09,37.839775655968495
2021-08-10,37.91429274254904
2021-08-11,38.10803762247466
2021-08-12,38.322649469760606
2021-08-13,38.4716836429217
2021-08-16,38.6564845622296
2021-08-17,38.158710969651004
2021-08-18,37.30921436336798
2021-08-19,37.40161709710294
2021-08-20,38.012655842614805
2021-08-23,38.68330962183971
2021-08-24,38.79657704885398
2021-08-25,38.96945723550029
2021-08-26,38.50745038906851
2021-08-27,39.184066808705225
2021-08-30,39.52982263383581
2021-08-31,39.43742217418186
2021-09-01,39.45828914154218
2021-09-02,39.693761133945415
2021-09-03,39.6788568069969
2021-09-07,39.39271374149834
2021-09-08,39.30031328184439
2021-09-09,38.94859026813997
2021-09-10,38.34947452937071
2021-09-13,38.51341302948031
2021-09-14,38.11101894268056
2021-09-15,38.73100164881014
2021-09-16,38.599850848722454
2021-09-17,37.86660298965961
2021-09-20,36.596831197584436
2021-09-21,36.5431788042832
2021-09-22,37.228140500874254
2021-09-23,38.143488726229634
2021-09-24,38.26573275823426
2021-09-27,38.054040098110654
2021-09-28,36.503613892384465
2021-09-29,36.622877971618735
2021-09-30,35.72541856197791
2021-10-01,36.56920924970197
2021-10-04,35.64193438894585
2021-10-05,36.3694432249791
2021-10-06,36.67356446599204
2021-10-07,37.299698038505575
2021-10-08,37.15658296324294
2021-10-11,36.62884015193256
2021-10-12,36.44398299015389
2021-10-13,36.70039768956388
2021-10-14,37.92583161101912
2021-10-15,38.51022537178974
2021-10-18,38.75471343579899
2021-10-19,39.33016278871233
2021-10-20,39.634281754952156
2021-10-21,39.854921097706146
2021-10-22,39.765472469587166
2021-10-25,40.17096897411982
2021-10-26,40.263397555009156
2021-10-27,39.8877187763649
2021-10-28,40.6629341540011
2021-10-29,40.826917997748644
2021-11-01,40.97301757532785
2021-11-02,41.2980098595988
2021-11-03,41.81382831028156
2021-11-04,42.18354263383889
2021-11-05,42.47872174176766
2021-11-08,42.55922596202936
2021-11-09,42.28193566981514
2021-11-10,41.59020901475721
2021-11-11,41.620022191099395
2021-11-12,42.24019358329912
2021-11-15,42.25212249347296
2021-11-16,42.57711477774391
2021-11-17,42.37734875302104
2021-11-18,42.66059895077596
2021-11-19,42.50853946765605
2021-11-22,42.26702680687094
2021-11-23,42.40418197659287
2021-11-24,42.580094730514254
2021-11-26,40.737473919175855
2021-11-29,41.703506364131435
2021-11-30,40.12624693483342
2021-12-01,39.18108325836275
2021-12-02,40.34986623035776
2021-12-03,39.68198829655509
2021-12-06,40.60628320454085
2021-12-07,42.28193566981513
2021-12-08,42.499590510252546
2021-12-09,41.92414570688542
2021-12-10,42.7083054923789
2021-12-13,41.97185224848837
2021-12-14,41.372549624773555
2021-12-15,42.67252331140358
2021-12-16,41.91520129902815
2021-12-17,41.02072411693078
2021-12-20,40.13519134269069
2021-12-21,41.572315649496424
2021-12-22,42.39523756873558
2021-12-23,42.92119124369993
2021-12-27,44.135573589119794
2021-12-28,44.06694870077718
2021-12-29,44.17436374693039
2021-12-30,43.92969437125653
2021-12-31,43.67309201393695
2022-01-03,44.189283388614115
2022-01-04,44.165412872487245
2022-01-05,42.48556229184654
2022-01-06,42.38411601293391
2022-01-07,42.064852981676864
2022-01-10,41.94848706108051
2022-01-11,42.688459402507235
2022-01-12,42.93312422534567
2022-01-13,41.74260784321726
2022-01-14,41.76647835934413
2022-01-18,40.31041329828841
2022-01-19,39.45109292906276
2022-01-20,38.585808345431964
2022-01-21,37.04619420151448
2022-01-24,37.36247057273353
2022-01-25,36.44347618960841
2022-01-26,36.29428887844204
2022-01-27,35.90640095884238
2022-01-28,37.68471571119314
2022-01-31,39.0453032605768
2022-02-01,39.58237849134283
2022-02-02,40.34621679606099
2022-02-03,38.448554015911306
2022-02-04,38.82450440102982
2022-02-07,38.55596906206451
2022-02-08,39.18255759009745
2022-02-09,40.30444453104783
2022-02-10,38.8841829677647
2022-02-11,37.32666479854321
2022-02-14,37.09989944817337
2022-02-15,38.28146495585863
2022-02-16,38.37694246753069
2022-02-17,36.741850811941156
2022-02-18,36.24655012260601
2022-02-22,35.48270954147013
2022-02-23,34.2056665221128
2022-02-24,35.220140693327686
2022-02-25,36.777656586131464
2022-02-28,36.59266350077478
2022-03-01,35.48270954147013
2022-03-02,36.75975256082745
2022-03-03,36.41363918265867
2022-03-04,35.816889937993174
2022-03-07,33.71036583277764
2022-03-08,33.19119235089791
2022-03-09,34.957571845185235
2022-03-10,34.65322845561192
2022-03-11,33.77003984667711
2022-03-14,33.26877039010138
2022-03-15,34.71290246951138
2022-03-16,36.270418362315155
2022-03-17,37.17151099655398
2022-03-18,37.965186308221874
2022-03-21,37.98309033352589
2022-03-22,38.842406149916116
2022-03-23,37.8458377340827
2022-03-24,38.980375504052596
2022-03-25,39.35656771239569
2022-03-28,39.905922411524486
2022-03-29,40.92700708785371
2022-03-30,40.42541899529919
2022-03-31,39.17742813168862
2022-04-01,39.362535690899485
2022-04-04,40.0372908299485
2022-04-05,39.046059713264604
2022-04-06,38.24591324571293
2022-04-07,38.628073432559816
2022-04-08,38.4310208049238
2022-04-11,37.11137319788865
2022-04-12,36.8247507798991
2022-04-13,37.678640943946405
2022-04-14,36.74712605797072
2022-04-18,36.75906884854148
2022-04-19,37.923462456011094
2022-04-20,37.86972103736985
2022-04-21,36.74115352375814
2022-04-22,34.72286975224123
2022-04-25,35.1110001954463
2022-04-26,33.08674388971681
2022-04-27,33.27185372678206
2022-04-28,34.95574847373515
2022-04-29,32.36422214409352
2022-05-02,32.75235258729859
2022-05-03,33.06285830857528
2022-05-04,35.06323131101763
2022-05-05,32.591130609229246
2022-05-06,32.179112307028255
2022-05-09,30.130970420157237
2022-05-10,30.250396048010487
2022-05-11,29.283052790322508
2022-05-12,29.229311371681263
2022-05-13,30.61464318792842
2022-05-16,30.387734722792686
2022-05-17,31.59989949254535
2022-05-18,29.06808711575754
2022-05-19,28.685926928910654
2022-05-20,28.70981251005218
2022-05-23,29.796581395593407
2022-05-24,29.348736999534513
2022-05-25,29.88017865173436
2022-05-26,31.04457453705836
2022-05-27,32.5732152844459
2022-05-31,32.1970253539572
2022-06-01,31.683499026540694
2022-06-02,32.865807958793646
2022-06-03,31.802922376539552
2022-06-06,31.98206195724662
2022-06-07,32.585158075016665
2022-06-08,31.8865219105349
2022-06-09,30.36384914165115
2022-06-10,28.590386882198924
2022-06-13,26.41087657690389
2022-06-14,26.243682064621975
2022-06-15,26.98411685717422
2022-06-16,25.246480691579894
2022-06-17,25.28827931965037
2022-06-21,26.57210083282762
2022-06-22,26.47059052975771
2022-06-23,27.002032181957563
2022-06-24,28.7038399758396
2022-06-27,28.50081709184539
2022-06-28,27.330450950163204
2022-06-29,27.2647667409512
2022-06-30,26.810952088534123
2022-07-01,27.37224957823369
2022-07-05,27.479732415516175
2022-07-06,27.6767827652978
2022-07-07,28.476931510703864
2022-07-08,28.435132882633386
2022-07-11,27.79620839315105
2022-07-12,27.294622578450916
2022-07-13,27.002032181957567
2022-07-14,26.8527507166046
2022-07-15,27.87980564929201
2022-07-18,27.42001846266235
2022-07-19,28.90089260347562
2022-07-20,29.277080256109926
2022-07-21,29.862263326951016
2022-07-22,29.312908627822218
2022-07-25,29.36665004646346
2022-07-26,28.662041347769115
2022-07-27,30.160826257656947
2022-07-28,30.907233584421768
2022-07-29,31.820837701322894
2022-08-01,31.617814817328686
2022-08-02,31.205796515127695
2022-08-03,32.167169516457484
2022-08-04,32.11940063202882
2022-08-05,31.98206195724662
2022-08-08,31.934290794963566
2022-08-09,31.665583701757352
2022-08-10,32.99120384300508
2022-08-11,32.99717409936327
2022-08-12,34.08991551911708
2022-08-15,34.38250819346482
2022-08-16,34.50790407767626
2022-08-17,34.024231309905076
2022-08-18,34.19739835639957
2022-08-19,33.27782398314025
2022-08-22,31.892492166893092
2022-08-23,31.7193251203986
2022-08-24,31.922348004392806
2022-08-25,32.81803679651059
2022-08-26,30.59075760678689
2022-08-29,30.172769048227714
2022-08-30,29.503988721245666
2022-08-31,29.05614432518677
2022-09-01,29.223338837468688
2022-09-02,28.60829992912788
2022-09-06,28.393334254562912
2022-09-07,29.414418930892133
2022-09-08,29.784638605022646
2022-09-09,30.710183234640144
2022-09-12,31.361050514693243
2022-09-13,28.644128300840173
2022-09-14,28.835208394263617
2022-09-15,28.18434111421052
2022-09-16,27.760382299293152
2022-09-19,28.172398323639754
2022-09-20,27.52750129994484
2022-09-21,26.560158042256862
2022-09-22,26.09440059926902
2022-09-23,25.21662485408018
2022-09-26,24.732952086308995
2022-09-27,24.58964315516861
2022-09-28,25.5510161564984
2022-09-29,24.494103108456887
2022-09-30,23.717839944192352
2022-10-03,24.977775876228073
2022-10-04,26.500446367257428
2022-10-05,26.392963529974946
2022-10-06,25.8256935060628
2022-10-07,24.386620271174404
2022-10-10,24.00446008432752
2022-10-11,23.68798182883825
2022-10-12,23.538700363485287
2022-10-13,24.77475299223387
2022-10-14,23.646183200767773
2022-10-17,24.846407457804066
2022-10-18,25.419647738074396
2022-10-19,25.07928617929799
2022-10-20,24.637412039597287
2022-10-21,25.831663762421
2022-10-24,26.458647739186965
2022-10-25,27.29462257845093
2022-10-26,26.888576810462517
2022-10-27,26.578071089185826
2022-10-28,27.843979555434125
2022-10-31,27.44987657801647
2022-11-01,27.199082531739208
2022-11-02,25.819723249704627
2022-11-03,25.276338806934014
2022-11-04,26.004830808915496
2022-11-07,26.506416623615632
2022-11-08,26.787066507392613
2022-11-09,25.67044178435167
2022-11-10,28.482904044916463
2022-11-11,29.050174068828603
2022-11-14,28.554558510486654
2022-11-15,29.044201534616025
2022-11-16,28.590386882198946
2022-11-17,28.393334254562927
2022-11-18,28.638155766627612
2022-11-21,28.411249579346265
2022-11-22,29.16959741882746
2022-11-23,29.539817092957975
2022-11-25,29.515931511816447
2022-11-28,28.572471557415604
2022-11-29,28.476931510703885
2022-11-30,30.22651046686898
2022-12-01,30.214567676298216
2022-12-02,30.125000163799072
2022-12-05,29.038231278257843
2022-12-06,28.202254161139486
2022-12-07,28.088801067498814
2022-12-08,28.51275988241618
2022-12-09,28.094771323857
2022-12-12,28.888949812904876
2022-12-13,29.342764465321956
2022-12-14,28.966574534833256
2022-12-15,27.527501299944856
2022-12-16,26.870663763533567
2022-12-19,26.39296352997496
2022-12-20,26.470590529757732
2022-12-21,27.270736997309402
2022-12-22,26.477157729748974
2022-12-23,26.770949663024247
2022-12-27,26.54910588776285
2022-12-28,25.88957615038913
2022-12-29,26.79493085756841
2022-12-30,26.651034541540657
2023-01-03,26.411204298573466
2023-01-04,26.830906080170703
2023-01-05,26.2013545513702
2023-01-06,27.394504177795692
2023-01-09,27.37052298325154
2023-01-10,27.754249542246487
2023-01-11,28.431765747326004
2023-01-12,28.629626040852543
2023-01-13,28.857464542952307
2023-01-17,28.74354414830707
2023-01-18,27.84418416796615
2023-01-19,27.412492932692192
2023-01-20,28.425771020487637
2023-01-23,29.08530075786136
2023-01-24,29.01934961387655
2023-01-25,29.061319563317202
2023-01-26,29.678879351250274
2023-01-27,29.8107862136013
2023-01-30,29.055322549288135
2023-01-31,29.906717853350038
2023-02-01,30.542264108988903
2023-02-02,31.4116458807566
2023-02-03,30.746119129353808
2023-02-06,30.3563978435205
2023-02-07,31.159826184112685
2023-02-08,30.47031595097503
2023-02-09,29.918709594217475
2023-02-10,30.04461944253943
2023-02-13,30.752116143382878
2023-02-14,30.722137934809655
2023-02-15,30.919995941145487
2023-02-16,30.044619442539428
2023-02-17,29.882734371615175
2023-02-21,28.677593004322258
2023-02-22,28.611639573146746
2023-02-23,28.887442751525523
2023-02-24,28.251894208695955
2023-02-27,28.431765747325997
2023-02-28,28.22191600012273
2023-03-01,28.018060979757827
2023-03-02,28.431765747325997
2023-03-03,29.337122741695985
2023-03-06,29.367100950269208
2023-03-07,28.467740969928293
2023-03-08,28.551680868809598
2023-03-09,27.484441090706067
2023-03-10,26.681012750113887
2023-03-13,26.579086383526786
2023-03-14,27.4784463638677
2023-03-15,27.142684481151772
2023-03-16,28.048039188331053
2023-03-17,27.42448467355962
2023-03-20,27.922129340009093
2023-03-21,28.653609522587395
2023-03-22,27.682299097041895
2023-03-23,27.80821123255456
2023-03-24,28.167954309814647
2023-03-27,28.281872417269177
2023-03-28,28.155962568947217
2023-03-29,28.959390909539398
2023-03-30,29.277166324549533
2023-03-31,30.09858113284751
2023-04-03,30.320422620918205
2023-04-04,29.996652479069706
2023-04-05,29.8107862136013
2023-04-06,30.026632974833635
2023-04-10,30.092584118818444
2023-04-11,30.104575859685873
2023-04-12,29.864747903909386
2023-04-13,30.626206295060918
2023-04-14,30.48230769184246
2023-04-17,30.698154453074796
2023-04-18,30.72813266164802
2023-04-19,30.71614092078059
2023-04-20,30.362392570358864
2023-04-21,30.386376052093723
2023-04-24,30.452329483269235
2023-04-25,29.475024330885375
2023-04-26,29.229199361079818
2023-04-27,30.37438431122629
2023-04-28,30.87203126486647
2023-05-01,30.81806957455839
2023-05-02,30.11656760055331
2023-05-03,29.696865818956073
2023-05-04,29.265174583682114
2023-05-05,30.338409088624005
2023-05-08,30.356397843520504
2023-05-09,30.09258411881845
2023-05-10,30.362392570358868
2023-05-11,30.24247744887527
2023-05-12,30.146545809126533
2023-05-15,30.344406102653075
2023-05-16,29.948687802790698
2023-05-17,30.662179230472503
2023-05-18,31.24376608299399
2023-05-19,31.14183742921618
2023-05-22,31.14783444324525
2023-05-23,30.464321224136665
2023-05-24,30.002649493098776
2023-05-25,30.512285900415684
2023-05-26,31.291730759273005
2023-05-30,31.29772777330207
2023-05-31,30.961965890586143
2023-06-01,31.52556627540184
2023-06-02,32.45490446431598
2023-06-05,32.29901412023009
2023-06-06,32.44890745028691
2023-06-07,32.227065962216216
2023-06-08,32.59880078034373
2023-06-09,32.69473242009247
2023-06-12,33.29430574031975
2023-06-13,33.71400752191699
2023-06-14,33.797947420798295
2023-06-15,34.60737277541954
2023-06-16,34.35555079158492
2023-06-20,34.01979119605969
2023-06-21,33.64205936390311
2023-06-22,33.88188731967959
2023-06-23,33.34826743062783
2023-06-26,33.078458979087415
2023-06-27,33.80394443482736
2023-06-28,33.83991737023894
2023-06-29,34.07375288636778
2023-06-30,34.865189486092525
2023-07-03,34.9551241118122
2023-07-05,34.82321953665188
2023-07-06,34.26561616586525
2023-07-07,34.09173935407357
2023-07-10,34.25362442499782
2023-07-11,34.691312674300846
2023-07-12,35.242919031058406
2023-07-13,35.75855245240437
2023-07-14,35.71658250296372
2023-07-17,35.95641274593091
2023-07-18,36.478040894115246
2023-07-19,36.627934224172066
2023-07-20,36.13628428456096
2023-07-21,36.142279011399324
2023-07-24,36.448062685542034
2023-07-25,36.65191770590694
2023-07-26,36.65191770590694
2023-07-27,36.1482760254284
2023-07-28,36.83178924453699
2023-07-31,36.98767730143218
2023-08-01,36.74784934565569
2023-08-02,35.746560711536965
2023-08-03,35.500735741731404
2023-08-04,35.188957340750335
2023-08-07,35.782535934139254
2023-08-08,35.470757533158185
2023-08-09,34.98510232038543
2023-08-10,34.99709406125286
2023-08-11,34.943132370944774
2023-08-14,35.32685892993972
2023-08-15,34.505444121641744
2023-08-16,33.95983249172255
2023-08-17,33.42621260267079
2023-08-18,33.45019608440565
2023-08-21,33.899876074576106
2023-08-22,33.70201578104957
2023-08-23,34.439490690466236
2023-08-24,33.48616901981723
2023-08-25,33.93584900998769
2023-08-28,34.367542532452354
2023-08-29,35.35683942570365
2023-08-30,35.63264260408243
2023-08-31,35.5007357417314
2023-09-01,35.63863733092079
2023-09-05,35.32086420310135
2023-09-06,34.829214263490236
2023-09-07,34.60737277541954
2023-09-08,34.70929914200664
2023-09-11,35.15298440533874
2023-09-12,34.75726610547637
2023-09-13,34.84120600435767
2023-09-14,35.41679584285009
2023-09-15,34.55341108511146
2023-09-18,34.59538103455212
2023-09-19,34.45148243133366
2023-09-20,33.779960953092505
2023-09-21,32.68274067922505
2023-09-22,32.50886615462407
2023-09-25,32.77267759213542
2023-09-26,31.80736418061899
2023-09-27,31.83134766235385
2023-09-28,32.185096012775574
2023-09-29,32.005224474145535
2023-10-02,31.98723571924904
2023-10-03,31.135842702377843
2023-10-04,31.573530951680873
2023-10-05,31.525566275401857
2023-10-06,32.25704417078946
2023-10-09,32.664754211519266
2023-10-10,32.988524353367765
2023-10-11,33.270324545775615
2023-10-12,32.86261450504581
2023-10-13,32.52685262232988
2023-10-16,33.19837410057104
2023-10-17,33.18638235970361
2023-10-18,32.30501113425919
2023-10-19,31.69344607316448
2023-10-20,30.91999594114552
2023-10-23,30.80607783369099
2023-10-24,31.26175255069981
2023-10-25,30.36838958438796
2023-10-26,29.62491766094222
2023-10-27,29.33712274169601
2023-10-30,30.044619442539457
2023-10-31,30.40436251979954
2023-11-01,31.03991106262911
2023-11-02,32.2330606890546
2023-11-03,32.80265580070865
2023-11-06,32.9465544039271
2023-11-07,33.12043121571878
2023-11-08,33.1683958919978
2023-11-09,32.63477600294603
2023-11-10,33.66004583160891
2023-11-13,33.58809767359504
2023-11-14,34.8711842129309
2023-11-15,35.02707226982608
2023-11-16,35.087030974163234
2023-11-17,35.170970873044546
2023-11-20,35.70459076209631
2023-11-21,35.53071395030463
2023-11-22,35.788530660977614
2023-11-24,35.81851115674154
2023-11-27,35.69259902122888
2023-11-28,35.746560711536965
2023-11-29,35.71058777612538
2023-11-30,35.95641274593093
2023-12-01,36.3701175134991
2023-12-04,35.98039394047509
2023-12-05,35.96840448679836
2023-12-06,35.668617826684724
2023-12-07,36.190245974869065
2023-12-08,36.490032634982704
2023-12-11,36.777827554228914
2023-12-12,37.11358943694484
2023-12-13,38.108881057034495
2023-12-14,38.360700753678415
2023-12-15,38.210807423621596
2023-12-18,38.648495672924625
2023-12-19,39.10417267712415
2023-12-20,37.94579519269248
2023-12-21,38.69065819483435
2023-12-22,38.84683515531543
2023-12-26,39.14718180952308
2023-12-27,39.29135150324965
2023-12-28,39.29735513662691
2023-12-29,39.087113395266805
2024-01-02,38.62458156427457
2024-01-03,37.98183761612412
2024-01-04,37.71753338534811
2024-01-05,37.813644223036036
2024-01-08,38.888883503587465
2024-01-09,38.75072660909064
2024-01-10,39.189230157795116
2024-01-11,39.13516995984234
2024-01-12,39.16520187550736
2024-01-16,38.870863437603205
2024-01-17,38.43836581373911
2024-01-18,39.09912524494757
2024-01-19,40.06023820475305
2024-01-22,40.22843159784114
2024-01-23,40.474713471169764
2024-01-24,40.52877825204879
2024-01-25,40.96728180075326
2024-01-26,40.85915682192146
2024-01-29,41.48387841262452
2024-01-30,41.399781716080476
2024-01-31,40.06023820475304
2024-02-01,41.081414995888565
2024-02-02,41.928394760558746
2024-02-05,41.62203989004759
2024-02-06,41.844298064014694
2024-02-07,42.52908806897404
2024-02-08,42.56512820094256
2024-02-09,43.05168831422256
2024-02-12,42.985611683662775
2024-02-13,41.80825334911993
2024-02-14,42.55311176833556
2024-02-15,43.111756728478845
2024-02-16,42.67325317977436
2024-02-20,42.20471313247862
2024-02-21,42.2587733304314
2024-02-22,43.99477662511753
2024-02-23,44.048841405996555
2024-02-26,43.71845825319764
2024-02-27,43.8566197306207
2024-02-28,43.72446646950114
2024-02-29,44.02481312370879
2024-03-01,44.847764606091204
2024-03-04,44.727623194652395
2024-03-05,43.83859966463644
2024-03-06,44.27710321334092
2024-03-07,45.148111260298855
2024-03-08,44.60147814983633
2024-03-11,44.49936138730803
2024-03-12,45.448457914506506
2024-03-13,45.31029643708344
2024-03-14,45.08203462973907
2024-03-15,44.457313039036
2024-03-18,44.997937933195026
2024-03-19,45.49650989615578
2024-03-20,46.29423152631655
2024-03-21,46.56516744871772
2024-03-22,46.42669072163649
2024-03-25,46.14973267393832
2024-03-26,45.939004223900106
2024-03-27,46.709670894631664
2024-03-28,46.67354273638533
2024-04-01,46.51098210165177
2024-04-02,45.89083640859546
2024-04-03,45.99318957096606
2024-04-04,44.82514531427471
2024-04-05,45.77041687033384
2024-04-08,45.800522903283166
2024-04-09,45.896858533892456
2024-04-10,44.98168841724696
2024-04-11,45.6379622685496
2024-04-12,44.34950306713233
2024-04-15,43.23564415750694
2024-04-16,43.07910564807038
2024-04-17,42.54325133502935
2024-04-18,42.34456254204946
2024-04-19,41.61001943602854
2024-04-22,42.34456254204946
2024-04-23,43.37412547812387
2024-04-24,43.31993553752222
2024-04-25,42.94062432745345
2024-04-26,43.777520595844976
2024-04-29,44.06652289413716
2024-04-30,42.66968840505228
2024-05-01,42.380686106760095
2024-05-02,43.145335245730344
2024-05-03,44.22908352887072
2024-05-06,45.126187269625206
2024-05-07,45.216500774937494
2024-05-08,45.222522900234495
2024-05-09,45.70419186620957
2024-05-10,45.8366464679938
2024-05-13,45.8366464679938
2024-05-14,46.22800192865659
2024-05-15,47.36594015239861
2024-05-16,47.14317204530209
2024-05-17,47.29369302297734
2024-05-20,47.384001934753925
2024-05-21,47.60075251008914
2024-05-22,47.305732680035646
2024-05-23,46.60129560696405
2024-05-24,47.221441300020366
2024-05-28,47.26358699002801
2024-05-29,46.58925135637004
2024-05-30,45.95706600625542
2024-05-31,46.76385624169762
2024-06-03,46.83610796465459
2024-06-04,46.926421469966876
2024-06-05,48.05833756841189
2024-06-06,48.034253660759575
2024-06-07,47.883732683084325
2024-06-10,48.17273498137651
2024-06-11,48.38948555671172
2024-06-12,49.19627579215391
2024-06-13,49.36485855218448
2024-06-14,49.400986710430814
2024-06-17,50.17767091292368
2024-06-18,50.42452752120822
2024-06-20,50.12950769115473
2024-06-21,49.91275711581952
2024-06-24,49.62375481752734
2024-06-25,50.033172060545446
2024-06-26,50.14817008748934
2024-06-27,50.28093373174755
2024-06-28,49.84643620657293
2024-07-01,50.06368496916024
2024-07-02,50.71543125692217
2024-07-03,51.143892815332244
2024-07-05,51.741324610400525
2024-07-08,51.83184569549418
2024-07-09,51.922366780587836
2024-07-10,52.94222877139528
2024-07-11,52.00081593215239
2024-07-12,52.63445892371431
2024-07-15,52.918089508430725
2024-07-16,53.55172789589901
2024-07-17,52.024955195116945
2024-07-18,51.2163106042259
2024-07-19,50.51628579053487
2024-07-22,51.55425107754232
2024-07-23,51.373208907355014
2024-07-24,49.019688319481894
2024-07-25,48.49466970921362
2024-07-26,49.54470232565652
2024-07-29,49.63522341075017
2024-07-30,49.10417343781099
2024-07-31,50.618874205063975
2024-08-01,49.24900441150465
2024-08-02,47.39635856684161
2024-08-05,44.60833584970023
2024-08-06,45.44112430764947
2024-08-07,44.80144534932299
2024-08-08,46.865308593902434
2024-08-09,47.26359492258341
2024-08-12,47.293770152312504
2024-08-13,48.86278541225913
2024-08-14,49.16451929317554
2024-08-15,50.842158934415814
2024-08-16,51.017165137838575
2024-08-19,51.988748602716925
2024-08-20,51.81374239929417
2024-08-21,52.18185810233969
2024-08-22,51.33700231495501
2024-08-23,52.387034931397906
2024-08-26,52.12754360964605
2024-08-27,52.27237918743335
2024-08-28,51.66287545883598
2024-08-29,51.63873619587143
2024-08-30,52.59221636454978
2024-09-03,50.43180067220578
2024-09-04,50.190412646653925
2024-09-05,49.94902462110206
2024-09-06,48.265353617190875
2024-09-09,49.30935026686923
2024-09-10,49.7378118252793
2024-09-11,50.727498586357655
2024-09-12,51.596493636706896
2024-09-13,52.09737298401062
2024-09-16,52.26030725390428
2024-09-17,52.296518450397926
2024-09-18,51.95253740622332
2024-09-19,53.72673409932181
2024-09-20,53.485346073769946
2024-09-23,53.76294069172181
2024-09-24,54.070710539402775
2024-09-25,53.826304990878
2024-09-26,54.24351778863287
2024-09-27,54.05607649718687
2024-09-30,54.52165811608792
2024-10-01,53.50583906170467
2024-10-02,53.53002577885005
2024-10-03,53.330488822259056
2024-10-04,54.261656673205756
2024-10-07,53.30025888568578
2024-10-08,54.27979555777865
2024-10-09,55.011431065278956
2024-10-10,54.83003299326085
2024-10-11,55.42863924988923
2024-10-14,56.34166821626303
2024-10-15,55.458873799607105
2024-10-16,55.924455418508145
2024-10-17,55.91841219908025
2024-10-18,56.32957716426263
2024-10-21,56.154226924817024
2024-10-22,56.069575721380474
2024-10-23,55.02352211727934
2024-10-24,55.25328901044362
2024-10-25,55.21096340872535
2024-10-28,55.52538611847078
2024-10-29,55.694688525343885
2024-10-30,55.34398804645268
2024-10-31,53.161186415385956
2024-11-01,53.59049026514122
2024-11-04,53.36072337197695
2024-11-05,54.63654386924235
2024-11-06,57.34539160550128
2024-11-07,58.2221428027293
2024-11-08,58.705863306203234
2024-11-11,58.790519122784396
2024-11-12,58.41563192674779
2024-11-13,58.47609641303896
2024-11-14,57.70213991696498
2024-11-15,56.19050469396281
2024-11-18,56.66213414543635
2024-11-19,57.043064560900845
2024-11-20,57.085394775763724
2024-11-21,57.671905367247106
2024-11-22,57.99841912899293
2024-11-25,58.37935415760202
2024-11-26,59.01423818337618
2024-11-27,58.6091210507663
2024-11-29,59.29842634340372
2024-12-02,59.52215001714009
2024-12-03,59.55237995371337
2024-12-04,60.28401084806907
2024-12-05,60.08447850462268
2024-12-06,60.30215434578657
2024-12-09,59.655174654867416
2024-12-10,59.29842634340371
2024-12-11,60.18726859263213
2024-12-12,59.55237995371337
2024-12-13,59.510054351995095
2024-12-16,59.99377946861364
2024-12-17,59.47377658284932
2024-12-18,56.04538900423508
2024-12-19,55.88817764936236
2024-12-20,57.15795031405528
2024-12-23,57.88051471853708
2024-12-24,59.10504803776334
2024-12-26,59.11717011518933
2024-12-27,57.856265938703245
2024-12-30,56.52261079773383
2024-12-31,56.08008328446656
2025-01-02,55.78303920023856
2025-01-03,57.15306519846779
2025-01-06,57.83201715886941
2025-01-07,56.528674148937746
2025-01-08,56.63172799449512
2025-01-10,54.89797954872218
2025-01-13,55.06771638257713
2025-01-14,55.201082359172254
2025-01-15,57.19549940693153
2025-01-16,56.97726501340893
2025-01-17,58.062373629818
2025-01-21,59.11717011518931
2025-01-22,59.75975121833111
2025-01-23,60.420513125120976
2025-01-24,60.044668600151276
2025-01-27,58.341227660434235
2025-01-28,59.32328243128592
2025-01-29,58.78982314988726
2025-01-30,59.396028770787396
2025-01-31,58.73526223901568
2025-02-03,57.93507100442678
2025-02-04,58.711013459181856
2025-02-05,59.171731026060876
2025-02-06,59.57788768206833
2025-02-07,58.462471559603365
2025-02-10,59.23841401435845
2025-02-11,59.30509700265601
2025-02-12,58.9413745551123
2025-02-13,60.17197122554248
2025-02-14,60.13559574330081
2025-02-18,60.45082525615872
2025-02-19,60.74786471540487
2025-02-20,60.23259086263613
2025-02-21,58.14724204674547
2025-02-24,57.59559733671691
2025-02-25,57.01364049565059
2025-02-26,57.037884650502576
2025-02-27,55.23139449021
2025-02-28,56.904523298889295
2025-03-03,54.952540459593756
2025-03-04,53.60676324119836
2025-03-05,54.75855484590499
2025-03-06,52.824757435239356
2025-03-07,53.340031288008106
2025-03-10,50.52117422582611
2025-03-11,49.68461213397739
2025-03-12,50.181700558116226
2025-03-13,48.84198669092475
2025-03-14,50.81215495885019
2025-03-17,51.57597533617929
2025-03-18,50.484803368566304
2025-03-19,51.545663205141544
2025-03-20,51.291057954359125
2025-03-21,51.278931251951285
2025-03-24,53.08542603722571
2025-03-25,53.315782508174294
2025-03-26,52.08276212525615
2025-03-27,51.76085191710694
2025-03-28,49.68361633574262
2025-03-31,50.27884530788471
2025-04-01,50.60075551603392
2025-04-02,51.22635529925752
2025-04-03,46.34303100992444
2025-04-04,40.79765640334776
2025-04-07,40.63366607173907
2025-04-08,39.35817078321371
2025-04-09,46.73782375037301
2025-04-10,43.464050501786005
2025-04-11,44.95213220001157
2025-04-14,45.82675502514987
2025-04-15,45.59595261631
2025-04-16,43.555158301095354
2025-04-17,43.64019101140136
2025-04-21,41.56903051904038
2025-04-22,43.670561822482874
2025-04-23,45.04931045438908
2025-04-24,46.9200393489917
2025-04-25,47.5760099432968
2025-04-28,47.63674693152464
2025-04-29,48.195534637517056
2025-04-30,48.20768481552373
2025-05-01,48.918317309053336
2025-05-02,50.32136166303772
2025-05-05,49.774719501116806
2025-05-06,48.936537942128176
2025-05-07,49.35563103859007
2025-05-08,49.9994514548885
2025-05-09,49.859752211422816
2025-05-12,53.12745500494165
2025-05-13,53.85023767647793
2025-05-14,53.95956147492695
2025-05-15,54.4819079147697
2025-05-16,55.156099142149635
2025-05-19,55.28972329661198
2025-05-20,54.87670528915342
2025-05-21,53.04242229463564
2025-05-22,53.04849274970381
2025-05-23,52.31356453409604
2025-05-27,54.46368728169487
2025-05-28,53.83201240946794
2025-05-29,54.232884872855
2025-05-30,54.09926071839265
2025-06-02,54.688419235466576
2025-06-03,55.32616456276167
2025-06-04,55.27150266353716
2025-06-05,54.70056477953807
2025-06-06,55.81814482545808
2025-06-09,55.90317753576409
2025-06-10,56.54699795206252
2025-06-11,56.2250877439133
2025-06-12,56.63810575137187
2025-06-13,55.356535373843165
2025-06-16,56.41337379760016
2025-06-17,55.441568084149175
2025-06-18,55.4051268179995
2025-06-20,55.10143724292512
2025-06-23,56.18257138876029
2025-06-24,57.421625411135985
2025-06-25,57.48540114868863
2025-06-26,58.38627096970239
2025-06-27,58.88540280134353
2025-06-30,59.481928475253184
2025-07-01,59.40279481741152
2025-07-02,59.93845166190035
2025-07-03,60.83323785076783
2025-07-07,59.962800122467485
2025-07-08,59.859318004058686
2025-07-09,60.56540942852342
2025-07-10,60.9123668646155
2025-07-11,60.437583493541496
2025-07-14,60.650626718511376
2025-07-15,60.114974518016545
2025-07-16,60.52280078352945
2025-07-17,61.271500852988154
2025-07-18,61.149758550152505
2025-07-21,61.36889005126266
2025-07-22,61.38106195954922
2025-07-23,62.4097623595389
2025-07-24,62.46454755681345
2025-07-25,62.93324265174717
2025-07-28,62.89672228289348
2025-07-29,62.54976484680139
2025-07-30,62.409762359538895
2025-07-31,61.892370343470915
2025-08-01,59.84105781963182
2025-08-04,61.64280210565334
2025-08-05,61.040192799597406
2025-08-06,61.934978988464884
2025-08-07,61.84976169847693
2025-08-08,62.75671979563097
2025-08-11,62.50106792566712
2025-08-12,63.82802884061463
2025-08-13,64.26629184283495
2025-08-14,64.26629184283495
2025-08-15,63.949766499456274
2025-08-18,63.89498594617574
2025-08-19,63.176722613424445
2025-08-20,62.835853453472645
2025-08-21,62.330633345691226
2025-08-22,64.19933473727384
2025-08-25,63.63933407621189
2025-08-26,64.1506378161396
2025-08-27,64.44281469895114
2025-08-28,64.87498942503117
2025-08-29,64.08368071057849
2025-09-02,63.11585378400363
2025-09-03,63.76107173505354
2025-09-04,64.81412059561036
2025-09-05,64.43672642281086
2025-09-08,64.74107521390897
2025-09-09,65.03933572886679
2025-09-10,65.410641625526
2025-09-11,66.4697741182291
2025-09-12,66.39064510438143
2025-09-15,67.09673652884617
2025-09-16,66.89586521216285
2025-09-17,66.72543063218694
2025-09-18,67.35847667495028
2025-09-19,67.9610859810062
2025-09-22,68.60630393205611
2025-09-23,67.88195232316453
2025-09-24,67.39986643870176
2025-09-25,66.77184237879891
2025-09-26,67.50351990158254
2025-09-29,67.87545729370035
2025-09-30,68.36933938898468
2025-10-01,68.85102887470927
2025-10-02,68.97297822976805
2025-10-03,68.95468233759004
2025-10-06,69.43027784448087
2025-10-07,68.91809985701855
2025-10-08,69.71684836211143
2025-10-09,69.30832848942211
2025-10-10,65.5401794781127
2025-10-13,67.52790977259428
2025-10-14,67.35718532740425
2025-10-15,67.92423703572385
2025-10-16,67.01573643702419
2025-10-17,67.72302408879607
2025-10-20,69.13760404423206
2025-10-21,69.10711554249431
2025-10-22,68.40592652144844
2025-10-23,69.15589528451783
2025-10-24,70.26560883014527
2025-10-27,71.93018147453255
2025-10-28,72.30211886665036
2025-10-29,72.34479997794787
2025-10-30,70.78997942716737
2025-10-31,71.19240532102293
2025-11-03,71.47898049054574
2025-11-04,69.7900179751467
2025-11-05,70.19853784783602
2025-11-06,68.68030442951925
2025-11-07,68.79615515385201
2025-11-10,70.92412139178587
2025-11-11,71.24727904188019
2025-11-12,71.32044865491545
2025-11-13,68.95468233759006
2025-11-14,68.8937099860068
2025-11-17,67.60107938562957
2025-11-18,66.46697596899038
2025-11-19,66.94256682398897
2025-11-20,64.88776554719813
2025-11-21,66.16820353801559
2025-11-24,68.11935135192567
2025-11-25,69.38759673318339
2025-11-26,70.30219596260905
2025-11-28,71.04606609495244
2025-12-01,70.39975079476382
2025-12-02,70.64364485298911
2025-12-03,71.10704309842794
2025-12-04,71.22898780159447
2025-12-05,71.43629937924825
2025-12-08,71.00948361438094
2025-12-09,70.89973152077417
2025-12-10,71.78994087918807
2025-12-11,72.13139442146037
2025-12-12,70.53389275938235
2025-12-15,70.32658118172857
2025-12-16,69.92415993976525
2025-12-17,68.36324541015098
2025-12-18,69.3875967331834
2025-12-19,70.61925498197736
2025-12-22,71.49727173083151
2025-12-23,72.10700455044861
2025-12-24,72.60210406453959
2025-12-26,72.55323375544788
2025-12-29,72.04005589170859
2025-12-30,71.8445606724207
2025-12-31,70.76933463585041
2026-01-02,70.989267340171
2026-01-05,71.94231061255148
2026-01-06,72.78538287179798
2026-01-07,72.30886356609457
2026-01-08,72.24777218399966
2026-01-09,73.18859438337694
2026-01-12,73.40852708769752
2026-01-13,73.09084444324613
2026-01-14,72.40660884525164
2026-01-15,72.74872897473573
2026-01-16,72.60210406453953
2026-01-20,69.63302187815887
2026-01-21,71.20920004449155
2026-01-22,71.94231061255142
2026-01-23,71.96674809758412
2026-01-26,72.7120704166998
2026-01-27,73.29856073553718
2026-01-28,73.24968576547178
2026-01-29,72.9197867089909
2026-01-30,72.4432674032875
2026-02-02,73.2008107954064
2026-02-03,71.93008953954822
2026-02-04,71.20920004449154
2026-02-05,69.41308917383826
2026-02-06,72.10114727380342
2026-02-09,72.73650790173251
2026-02-10,72.3577385361599
2026-02-11,72.321079978124
2026-02-12,70.08510369882954
2026-02-13,70.09732011085904
2026-02-17,70.31725281517964
2026-02-18,71.02592589820682
2026-02-19,70.64715187166053
2026-02-20,71.6490654531327
2026-02-23,70.17063256595713
2026-02-24,71.19698363246201
2026-02-25,72.35773853615987
2026-02-26,71.55132017397558
2026-02-27,70.8793009880106
2026-03-02,70.9037384730433
2026-03-03,69.64523829018832
2026-03-04,70.634935459631
2026-03-05,69.84073350947621
2026-03-06,67.95908911072165
2026-03-09,69.15649791148172
2026-03-10,68.87547382506622
2026-03-11,68.72885357584371
2026-03-12,66.60283898773586
2026-03-13,65.83307918358747
2026-03-16,67.14045433650786
2026-03-17,67.50700729005095
2026-03-18,65.64980037632908
2026-03-19,65.2710263497828
2026-03-20,63.36494912696923
2026-03-23,64.7089781769518
2026-03-24,64.2568963562811
2026-03-25,64.94601859366297
2026-03-26,62.64400912499092
2026-03-27,60.46444970150928
2026-03-30,60.07261889888318
2026-03-31,63.525630766395444
2026-04-01,64.46847509489938
2026-04-02,64.57867780007494
2026-04-06,65.16642400401409
2026-04-07,65.20315668207542
2026-04-08,68.49698582633596
2026-04-09,69.292894771603
2026-04-10,69.15820205738935
2026-04-13,70.50512452853422
2026-04-14,72.23163046229035
2026-04-15,73.34590018306925
2026-04-16,73.68875096761919
2026-04-17,75.45198957943664
2026-04-20,75.14587147294803
2026-04-21,74.17854180639762
2026-04-22,75.64790498074969
2026-04-23,75.07240611682539
2026-04-24,76.17442849758943
2026-04-27,76.43156658600188
2026-04-28,75.67239498978776
2026-04-29,75.66015232076454
2026-04-30,77.0927828170553
2026-05-01,77.52135096873432
2026-05-04,76.97033744285649
2026-05-05,78.15807719074964
2026-05-06,80.33763661423127
2026-05-07,79.81111309739153
2026-05-08,81.08456554142215
2026-05-11,81.43966366598694
2026-05-12,81.21925825563581
2026-05-13,82.11311789507197
2026-05-14,83.38657033910259
2026-05-15,81.3417036298346
2026-05-18,81.1947635756061
2026-05-19,80.14171654192661
2026-05-20,81.78251445053688
2026-05-21,82.07638521701065
2026-05-22,82.66413609194142
2026-05-26,83.74166846366738
2026-05-27,83.72942112365253
2026-05-28,84.63553744508675
2026-05-29,85.02736824771286
2026-06-01,85.44368438838544
2026-06-02,85.67633713875142
2026-06-03,84.47635005084342
2026-06-04,85.0641009257742
2026-06-05,80.64375472071991
2026-06-08,81.02333818333116
2026-06-09,80.55804202458242
2026-06-10,77.96215711844499
2026-06-11,80.60702204265858
2026-06-12,81.43966366598694
2026-06-15,84.26819198050713
2026-06-16,83.31310498297995
2026-06-17,81.24374359368227
2026-06-18,82.78658146614019
2026-06-22,82.2845432873469
2026-06-23,79.9335584715903
2026-06-24,79.82090551368518
2026-06-25,79.8086434384355
2026-06-26,79.03570212101772
2026-06-29,81.40358373463255
2026-06-30,82.6672701521954
2026-07-01,82.45870254859746
2026-07-02,82.20105856291246
2026-07-06,83.62424556234896
2026-07-07,82.80222786284412
2026-07-08,82.23786350938707
2026-07-09,83.63650763759864
2026-07-10,84.3112961908423
2026-07-13,83.02306690205452
2026-07-14,83.61197412673651
2026-07-15,84.23768629789309
2026-07-16,83.36659221630119
2026-07-17,81.61215133823049
2026-07-20,81.37905022377042
2026-07-21,82.7408894055074
2026-07-22,82.5323124415467
2026-07-23,80.49569406692885
2026-07-24,80.56930395987806
2026-07-27,80.60610890635266
2026-07-28,80.9496435809621
2026-07-29,78.53268558526021
2026-07-30,81.09686336686052
2026-07-31,82.18878712730005
2026-08-03,84.5812116121398
2026-08-04,87.58706747216088
2026-08-05,87.25581359352668
2026-08-06,86.9613553010043
2026-08-07,87.94286422202002
2026-08-10,87.91833071115788
2026-08-11,87.30488997561376
2026-08-12,87.7711015648967
2026-08-13,88.97344016476
2026-08-14,88.58083846842628
2026-08-17,87.72202518280962
