date,value
2002-07-30,81.5199966430664
2002-07-31,82.52999877929688
2002-08-01,83
2002-08-02,83.8499984741211
2002-08-05,84.22000122070312
2002-08-06,83.5
2002-08-07,83.69999694824219
2002-08-08,83.69999694824219
2002-08-09,84.87999725341797
2002-08-12,85.4000015258789
2002-08-13,86.44999694824219
2002-08-14,86.77999877929688
2002-08-15,86.0199966430664
2002-08-16,85.05999755859375
2002-08-19,85.31999969482422
2002-08-20,86.2699966430664
2002-08-21,85.80999755859375
2002-08-22,85.05999755859375
2002-08-23,85.9000015258789
2002-08-26,85.9800033569336
2002-08-27,85.44000244140625
2002-08-28,85.87000274658203
2002-08-29,86.55999755859375
2002-08-30,87.08000183105469
2002-09-03,88.41300091552735
2002-09-04,88.39291189075439
2002-09-05,88.87494888297053
2002-09-06,87.83054178460064
2002-09-09,87.69999377044867
2002-09-10,88.121771350064
2002-09-11,87.65982338262081
2002-09-12,88.34270465225812
2002-09-13,89.1561339360474
2002-09-16,89.30677097497231
2002-09-17,89.47748937695212
2002-09-18,89.49757840172508
2002-09-19,90.10011889570669
2002-09-20,89.67834131609136
2002-09-23,90.48172608749415
2002-09-24,91.06418521842087
2002-09-25,89.95952636916824
2002-09-26,89.74863757936058
2002-09-27,90.42147433661141
2002-09-30,90.78300016534399
2002-10-01,89.66126867907471
2002-10-02,90.1753990281535
2002-10-03,89.95362138078961
2002-10-04,90.2358908331307
2002-10-07,90.38710880867505
2002-10-08,90.41735086553078
2002-10-09,90.88108035027194
2002-10-10,90.16532347004542
2002-10-11,89.09672208312682
2002-10-14,88.96567060633011
2002-10-15,86.85872527188009
2002-10-16,86.8990428868439
2002-10-17,85.84053244056484
2002-10-18,86.06231777919447
2002-10-21,85.22558498027932
2002-10-22,84.98364083416779
2002-10-23,85.01388289102351
2002-10-24,85.75988182810576
2002-10-25,86.07239333730256
2002-10-28,85.95142510987965
2002-10-29,87.07042736113588
2002-10-30,87.04017761301444
2002-10-31,87.43334742593606
2002-11-01,87.06941986685521
2002-11-04,86.68460010177913
2002-11-05,86.3504169561278
2002-11-06,86.69472897087675
2002-11-07,88.8415933818346
2002-11-08,89.56058856649862
2002-11-11,90.04666611829748
2002-11-12,89.53020968526913
2002-11-13,89.72261184174378
2002-11-14,87.85930168307587
2002-11-15,88.21373484085908
2002-11-18,88.6086757489694
2002-11-19,88.9327300255231
2002-11-20,88.06183270864815
2002-11-21,87.21119312996846
2002-11-22,87.13017762931419
2002-11-25,86.96814662800566
2002-11-26,88.06183270864814
2002-11-27,86.07699929899883
2002-11-29,86.6339712084177
2002-12-02,86.71396693051368
2002-12-03,86.83604476321513
2002-12-04,87.2836557217985
2002-12-05,87.50745343976824
2002-12-06,87.66004879031456
2002-12-09,88.14835235979842
2002-12-10,88.38232517082379
2002-12-11,88.97235638689789
2002-12-12,88.89097116509691
2002-12-13,88.02627452709697
2002-12-16,87.36503318227751
2002-12-17,87.36503318227751
2002-12-18,88.04662471320819
2002-12-19,88.82993612940717
2002-12-20,88.89097116509693
2002-12-23,88.91132135120813
2002-12-24,89.40979225242566
2002-12-26,89.58273002776126
2002-12-27,90.56950449846265
2002-12-30,90.78313488469874
2002-12-31,90.55526334198163
2003-01-02,88.21393290646763
2003-01-03,88.41842051242789
2003-01-06,88.18326171567475
2003-01-07,88.50020775440741
2003-01-08,88.93984635671625
2003-01-09,87.23241579907216
2003-01-10,87.45734826542615
2003-01-13,87.60048568939604
2003-01-14,87.90721319813413
2003-01-15,88.3366254700438
2003-01-16,88.45931023321538
2003-01-17,88.8989488355242
2003-01-21,89.41015614981795
2003-01-22,89.84979475212678
2003-01-23,89.41015614981796
2003-01-24,89.94181612491005
2003-01-27,89.61464375577822
2003-01-28,89.61464375577822
2003-01-29,89.12388130187819
2003-01-30,89.788452370541
2003-01-31,90.03382969728872
2003-02-03,90.16469845773176
2003-02-04,90.56483703835721
2003-02-05,89.78508421996793
2003-02-06,90.51354183668973
2003-02-07,90.71873829884622
2003-02-10,90.08262456951513
2003-02-11,90.06210022665351
2003-02-12,90.38015709131905
2003-02-13,90.87263955933521
2003-02-14,90.09287891320267
2003-02-18,90.20573931571171
2003-02-19,90.82133652992445
2003-02-20,91.12913905090247
2003-02-21,90.59562355264963
2003-02-24,91.02654081982422
2003-02-25,91.447195915568
2003-02-26,92.08331747264235
2003-02-27,92.23721873313136
2003-02-28,92.82203726079496
2003-03-03,92.9348935928775
2003-03-04,92.9966907548093
2003-03-05,93.30564513552383
2003-03-06,92.94519442940549
2003-03-07,93.26444964664802
2003-03-10,93.74848681939383
2003-03-11,93.58371272112663
2003-03-12,93.92356175418901
2003-03-13,92.19339050758487
2003-03-14,92.64653302798283
2003-03-17,91.53427840004386
2003-03-18,90.66919670535984
2003-03-19,89.99978376129086
2003-03-20,89.85560347884352
2003-03-21,88.61977024151318
2003-03-24,90.02038543434682
2003-03-25,89.9173927835392
2003-03-26,90.10276855486237
2003-03-27,90.16456571679414
2003-03-28,90.37053530393717
2003-03-31,91.55488007309981
2003-04-01,91.2953494046215
2003-04-02,90.34381935500446
2003-04-03,90.29211039695674
2003-04-04,90.03354193406842
2003-04-07,89.8266824292278
2003-04-08,90.55067885984506
2003-04-09,90.81958437981297
2003-04-10,90.39553620393541
2003-04-11,90.2507384959886
2003-04-14,90.00250709017986
2003-04-15,90.48861706295123
2003-04-16,90.86095628078108
2003-04-17,91.00575398872789
2003-04-21,90.80924732273338
2003-04-22,90.75753047380242
2003-04-23,90.94370008271734
2003-04-24,91.76077737235045
2003-04-25,91.9676289863078
2003-04-28,91.82283127836101
2003-04-29,91.66768862245135
2003-04-30,92.51579286508974
2003-05-01,92.56026632507121
2003-05-02,91.8324309352787
2003-05-05,92.32112381105829
2003-05-06,92.77862487481974
2003-05-07,93.85997804456554
2003-05-08,94.08872857644627
2003-05-09,94.18231194531147
2003-05-12,94.77498017208845
2003-05-13,94.98293087408322
2003-05-14,96.43860958647902
2003-05-15,96.74014365733899
2003-05-16,97.44718715005632
2003-05-19,97.1144612671782
2003-05-20,98.54934014968805
2003-05-21,98.53894023474507
2003-05-22,99.41235063530686
2003-05-23,99.66189306426276
2003-05-27,97.86309648685665
2003-05-28,97.6967295790122
2003-05-29,98.54934014968804
2003-05-30,98.36218134476842
2003-06-02,97.64266474460554
2003-06-03,98.42581089887219
2003-06-04,98.71818418847978
2003-06-05,97.9454822135776
2003-06-06,98.30050464622265
2003-06-09,98.95834454783976
2003-06-10,100.13828985220928
2003-06-11,100.01298359955975
2003-06-12,100.79612975382638
2003-06-13,101.47485801417238
2003-06-16,100.51420064358321
2003-06-17,99.72061030995211
2003-06-18,98.44669129102644
2003-06-19,98.25873589533946
2003-06-20,97.89326928332996
2003-06-23,98.47801586254515
2003-06-24,99.38646826946132
2003-06-25,97.79929556877379
2003-06-26,96.48360779896493
2003-06-27,96.1390215791097
2003-06-30,96.58802569288557
2003-07-01,96.11083118552297
2003-07-02,96.35191614521663
2003-07-03,94.96827273310893
2003-07-07,94.36030614364991
2003-07-08,94.44416525886744
2003-07-09,94.74814855359696
2003-07-10,94.71670338470174
2003-07-11,95.16743613243925
2003-07-14,94.0772916263475
2003-07-15,91.87604183398233
2003-07-16,92.40014930822382
2003-07-17,92.117126793676
2003-07-18,91.92844778305924
2003-07-21,89.97876733910127
2003-07-22,90.41902369537061
2003-07-23,90.72300699010012
2003-07-24,89.92636139002434
2003-07-25,89.68526843308528
2003-07-28,88.47982764012617
2003-07-29,87.27437884992166
2003-07-30,88.2596954633688
2003-07-31,86.94942677776508
2003-08-01,86.884442889086
2003-08-04,87.6320840635986
2003-08-05,86.37899114781459
2003-08-06,88.0848817364874
2003-08-07,88.45343611351714
2003-08-08,88.0954141569405
2003-08-11,87.65314087062194
2003-08-12,87.24246484566267
2003-08-13,85.55763909789606
2003-08-14,86.4000559887208
2003-08-15,86.34740192033817
2003-08-18,86.74754552484434
2003-08-19,88.0848817364874
2003-08-20,87.6110192226924
2003-08-21,87.40041901692766
2003-08-22,87.7900382348636
2003-08-25,87.10557551530385
2003-08-26,87.79003823486359
2003-08-27,87.38988659647454
2003-08-28,88.29548194225212
2003-08-29,88.08488173648738
2003-09-02,86.80230273522227
2003-09-03,86.93982069196959
2003-09-04,87.42640344819999
2003-09-05,88.9284643135594
2003-09-08,88.00818349420688
2003-09-09,88.64286437392731
2003-09-10,89.54198485979441
2003-09-11,88.9601967434849
2003-09-12,89.57371728971991
2003-09-15,89.43620740327522
2003-09-16,89.2986894465279
2003-09-17,90.40937291573603
2003-09-18,90.47283777558701
2003-09-19,90.57861523210622
2003-09-22,89.859317229352
2003-09-23,90.47283777558701
2003-09-24,91.25560063819222
2003-09-25,91.71045096449713
2003-09-26,92.53553449407316
2003-09-29,91.79507615783353
2003-09-30,93.31829735667836
2003-10-01,92.96604820946632
2003-10-02,92.5411641453625
2003-10-03,90.59728794592574
2003-10-06,90.99031461978024
2003-10-07,89.93870467993435
2003-10-08,89.91746371838677
2003-10-09,89.280129518087
2003-10-10,89.81124270236081
2003-10-13,89.46070605574552
2003-10-14,88.8446128169933
2003-10-15,88.40910422004367
2003-10-16,88.05856757342838
2003-10-17,88.73839180096735
2003-10-20,89.03581388749764
2003-10-21,89.36510146842132
2003-10-22,90.23612676646462
2003-10-23,89.57755160461727
2003-10-24,90.57603888023411
2003-10-27,90.39546234257558
2003-10-28,90.87346907090846
2003-10-29,90.05555022880611
2003-10-30,89.65190712624987
2003-10-31,90.49106692989979
2003-11-03,90.06405192974363
2003-11-04,90.57601733572677
2003-11-05,89.95738501074901
2003-11-06,89.11477494100409
2003-11-07,89.06144148150678
2003-11-10,88.98677952073659
2003-11-11,88.99744784014473
2003-11-12,89.64807698580351
2003-11-13,91.03465741975602
2003-11-14,91.64262142532564
2003-11-17,91.78128516500128
2003-11-18,92.34658403048174
2003-11-19,91.32264508097202
2003-11-20,92.2079202908061
2003-11-21,92.26125375030341
2003-11-24,91.50396582319341
2003-11-25,92.00527104731184
2003-11-26,91.6319612434609
2003-11-28,90.80000321803732
2003-12-01,90.29656673875013
2003-12-02,90.68245016661025
2003-12-03,90.31800925025459
2003-12-04,90.52166404201488
2003-12-05,91.96873098545133
2003-12-08,91.3255864870698
2003-12-09,90.68245016661027
2003-12-10,90.83251503545343
2003-12-11,91.48637261166519
2003-12-12,91.6578799920128
2003-12-15,91.60428189117366
2003-12-16,91.90441162885996
2003-12-17,92.52611361573705
2003-12-18,93.36219165012665
2003-12-19,93.33003606079197
2003-12-22,93.07278316819256
2003-12-23,92.02232090836844
2003-12-24,92.89056271001472
2003-12-26,93.23356929278793
2003-12-29,92.39748308047633
2003-12-30,92.02232090836844
2003-12-31,92.02231927278405
2004-01-02,90.93464179717091
2004-01-05,90.69771934784411
2004-01-06,91.69924992786869
2004-01-07,92.06539682868016
2004-01-08,92.033090715809
2004-01-09,93.63769064597186
2004-01-12,93.56230697720457
2004-01-13,94.19769065641769
2004-01-14,94.66076411204635
2004-01-15,95.01614778603654
2004-01-16,94.34845799395227
2004-01-20,94.32691510790237
2004-01-21,94.5530743304079
2004-01-22,95.24229879233839
2004-01-23,94.1007641016005
2004-01-26,93.5300008643334
2004-01-27,94.11153554462545
2004-01-28,93.28231518818534
2004-01-29,93.08847029475464
2004-01-30,93.73461720078903
2004-02-02,93.53861782156447
2004-02-03,94.01442383552117
2004-02-04,93.8305844436326
2004-02-05,93.46292216027211
2004-02-06,94.49022159926956
2004-02-09,94.77138044844473
2004-02-10,94.24151081939824
2004-02-11,94.944403817232
2004-02-12,94.54429346456766
2004-02-13,94.944403817232
2004-02-17,94.87951592883262
2004-02-18,95.00928345542309
2004-02-19,95.1066029127097
2004-02-20,94.44696575707276
2004-02-23,95.03090725141735
2004-02-24,95.20393062020462
2004-02-25,95.35532194278933
2004-02-26,95.0525392976199
2004-02-27,95.87438379894284
2004-03-01,95.83760958440514
2004-03-02,95.22960200051742
2004-03-03,95.0558890980418
2004-03-04,95.47932413446105
2004-03-05,97.32506617610996
2004-03-08,97.90050310850113
2004-03-09,98.55194098887827
2004-03-10,98.48679968588519
2004-03-11,98.62794193686425
2004-03-12,98.01993435297652
2004-03-15,98.18279589394132
2004-03-16,98.99709531528325
2004-03-17,98.83423377431843
2004-03-18,98.31308678340955
2004-03-19,98.1827958939413
2004-03-22,98.77995211631823
2004-03-23,98.95366501879383
2004-03-24,98.89937507731153
2004-03-25,98.5193703373817
2004-03-26,97.47706807208186
2004-03-29,96.82563019170473
2004-03-30,96.76048888871165
2004-03-31,97.22735422162032
2004-04-01,96.91032097625643
2004-04-02,94.51235515704155
2004-04-05,93.77116693159756
2004-04-06,94.28345989393587
2004-04-07,94.06546678123642
2004-04-08,93.79297123241003
2004-04-12,93.45507109705042
2004-04-13,92.44138732278003
2004-04-14,92.36508890174481
2004-04-15,91.820097804092
2004-04-16,92.16889177395363
2004-04-19,91.97269464616245
2004-04-20,91.13341201477498
2004-04-21,91.58030039058009
2004-04-22,92.1252914882329
2004-04-23,91.60210469139255
2004-04-26,91.754701533463
2004-04-27,92.10349550332464
2004-04-28,91.2424085711247
2004-04-29,90.79552019531958
2004-04-30,91.16611015008947
2004-05-03,91.28055695005189
2004-05-04,90.6568469195201
2004-05-05,90.40517899136479
2004-05-06,90.16444733952753
2004-05-07,88.9826783295823
2004-05-10,88.7747722033042
2004-05-11,89.17963983123984
2004-05-12,88.58875532626722
2004-05-13,88.24954709775244
2004-05-14,88.97173370496172
2004-05-17,89.75957971159188
2004-05-18,89.40942685845654
2004-05-19,89.11398878012149
2004-05-20,89.80334986177161
2004-05-21,89.44225238401569
2004-05-24,89.7267541860327
2004-05-25,89.98936673880857
2004-05-26,90.47083004248312
2004-05-27,91.18208037337436
2004-05-28,90.93040409691653
2004-06-01,90.10097673145792
2004-06-02,89.87028758980824
2004-06-03,90.05704312635247
2004-06-04,89.52974767324115
2004-06-07,89.55171447579387
2004-06-08,89.71649482870846
2004-06-09,89.332012925959
2004-06-10,89.50778087068842
2004-06-14,88.79373826210977
2004-06-15,90.67221417075162
2004-06-16,90.3206866623697
2004-06-17,90.9138909042161
2004-06-18,90.71615615693396
2004-06-21,90.78206494566905
2004-06-22,90.50743381783703
2004-06-23,90.68320176256644
2004-06-24,91.2324640182305
2004-06-25,91.3203396095183
2004-06-28,90.38659545110478
2004-06-29,90.95783289039846
2004-06-30,91.89157704881198
2004-07-01,92.06294653733609
2004-07-02,93.03353643681638
2004-07-06,92.87912459859938
2004-07-07,92.91221164752957
2004-07-08,92.96736233895597
2004-07-09,93.06662348574658
2004-07-12,93.19898009628146
2004-07-13,92.92324346877767
2004-07-14,92.95633051770788
2004-07-15,93.05560007931257
2004-07-16,94.29089478504855
2004-07-19,94.35707729772302
2004-07-20,93.50780377271546
2004-07-21,93.25413078770785
2004-07-22,93.38647898342866
2004-07-23,93.69530265986265
2004-07-26,93.25413078770784
2004-07-27,91.99677243947568
2004-07-28,92.0077958459097
2004-07-29,92.21735837555309
2004-07-30,93.29824124307207
2004-08-02,93.41957242761755
2004-08-03,93.79603694674411
2004-08-04,93.84032838094616
2004-08-05,94.10606853843122
2004-08-06,95.6894514083138
2004-08-09,95.35727832338931
2004-08-10,95.01402182025518
2004-08-11,95.42371125082875
2004-08-12,95.62301848087436
2004-08-13,95.93305007256149
2004-08-16,95.6008685399097
2004-08-17,96.14343227308945
2004-08-18,95.67838488555878
2004-08-19,95.91090857932413
2004-08-20,95.82232571092003
2004-08-23,95.26869545498523
2004-08-24,95.32405341194233
2004-08-25,95.65623494459412
2004-08-26,96.19879023004657
2004-08-27,96.13235730260713
2004-08-30,96.58633816738276
2004-08-31,97.18425140979231
2004-09-01,97.28391093822422
2004-09-02,96.32785767868921
2004-09-03,96.33897694399013
2004-09-07,96.23892051931053
2004-09-08,97.05045725599093
2004-09-09,96.6835978346896
2004-09-10,96.82811435754422
2004-09-13,97.25056162383581
2004-09-14,97.35060956700107
2004-09-15,97.1282751500687
2004-09-16,98.22884493245833
2004-09-17,97.73969903738988
2004-09-20,98.38448072061384
2004-09-21,98.6735222478374
2004-09-22,99.69627413614926
2004-09-23,99.29606540045951
2004-09-24,99.41835187422663
2004-09-27,99.8519099243048
2004-09-28,99.45170118861506
2004-09-29,98.48452866377912
2004-09-30,98.10655845869121
2004-10-01,97.61852357414932
2004-10-04,97.76364518833415
2004-10-05,97.76364518833415
2004-10-06,97.31713221238954
2004-10-07,96.89294956933182
2004-10-08,98.1766626649484
2004-10-11,98.27713212988608
2004-10-12,98.50038435959506
2004-10-13,98.8575930370454
2004-10-14,99.3264363458769
2004-10-15,98.98038431834334
2004-10-18,99.02503646759047
2004-10-19,99.28178419662977
2004-10-20,99.9627145687268
2004-10-21,100.02968853433416
2004-10-22,100.26410593048656
2004-10-25,100.34224506253736
2004-10-26,100.04085370077759
2004-10-27,99.05852345039413
2004-10-28,99.3822451450408
2004-10-29,99.83992328742885
2004-11-01,99.2214987022632
2004-11-02,99.36722034483489
2004-11-03,99.41205711549236
2004-11-04,99.51293343566698
2004-11-05,98.42566526450707
2004-11-08,98.07819098158612
2004-11-09,98.02214288032938
2004-11-10,97.65225448794949
2004-11-11,97.43928196526137
2004-11-12,98.49292469636308
2004-11-15,98.58258968593844
2004-11-16,98.58258968593844
2004-11-17,99.42325989435204
2004-11-18,99.7259059583551
2004-11-19,98.93007252059897
2004-11-22,99.44568255555056
2004-11-23,99.56898153692372
2004-11-24,99.5689815369237
2004-11-26,98.91886118999967
2004-11-29,97.86521845889796
2004-11-30,97.4504932958606
2004-12-01,97.29916650109365
2004-12-02,96.90524445354255
2004-12-03,98.41341419012524
2004-12-06,98.75105797937333
2004-12-07,98.8748632781546
2004-12-08,100.41679653497644
2004-12-09,99.75274915179894
2004-12-10,100.00035974936152
2004-12-13,100.21420682668496
2004-12-14,100.60812887423604
2004-12-15,101.51977826811952
2004-12-16,100.02287448742537
2004-12-17,99.88781181961217
2004-12-20,100.06789537669644
2004-12-21,100.37177564570538
2004-12-22,100.03412326960066
2004-12-23,99.70772826252785
2004-12-27,98.93114153645759
2004-12-28,98.85235712694737
2004-12-29,98.7510579793733
2004-12-30,99.41510536255082
2004-12-31,100.0397572779677
2005-01-03,100.25440475648462
2005-01-04,99.20373280174915
2005-01-05,99.73471875792136
2005-01-06,99.80250126489068
2005-01-07,100.02845732035874
2005-01-10,100.1866222495153
2005-01-11,100.77409075504787
2005-01-12,100.90966438832871
2005-01-13,101.8812538784859
2005-01-14,101.86995392087695
2005-01-18,102.20888369440794
2005-01-19,102.50262225684533
2005-01-20,102.70597839709549
2005-01-21,102.81895211515842
2005-01-24,103.2595556491434
2005-01-25,102.28796615898621
2005-01-26,102.48002234162742
2005-01-27,102.28796615898621
2005-01-28,103.31603819850376
2005-01-31,103.60977676094114
2005-02-01,103.44596478355648
2005-02-02,103.68410946242332
2005-02-03,103.62740464043264
2005-02-04,105.06762406036117
2005-02-07,105.85009696179763
2005-02-08,106.45113865829903
2005-02-09,106.73464546437019
2005-02-10,105.29442604444165
2005-02-11,105.22638717960574
2005-02-14,105.55525611288121
2005-02-15,105.02226193315686
2005-02-16,104.62535413504544
2005-02-17,103.96761626849448
2005-02-18,103.03771429065871
2005-02-22,102.58410167055663
2005-02-23,102.92431329861847
2005-02-24,102.69750266259689
2005-02-25,103.1964774099033
2005-02-28,102.08512692325024
2005-03-01,102.05337692959141
2005-03-02,101.91686276556838
2005-03-03,101.85998837324576
2005-03-04,102.96345399813521
2005-03-07,103.3729878110661
2005-03-08,102.39465800007986
2005-03-09,100.72239637713508
2005-03-10,101.33669709653142
2005-03-11,100.59726056323186
2005-03-14,101.20018293250841
2005-03-15,100.56313419201065
2005-03-16,101.17743491140698
2005-03-17,101.50733763177566
2005-03-18,100.87028021213975
2005-03-21,100.58588221311209
2005-03-22,99.73268821602908
2005-03-23,100.2104747714024
2005-03-24,100.41524167786784
2005-03-28,99.80094963760965
2005-03-29,100.3924936567664
2005-03-30,100.8930369123793
2005-03-31,101.62109509555907
2005-04-01,101.96237408305437
2005-04-04,101.93953328750882
2005-04-05,101.6769251172129
2005-04-06,102.03087904726875
2005-04-07,101.20878463185156
2005-04-08,101.56273856190741
2005-04-11,102.1108044092559
2005-04-12,103.05849706654023
2005-04-13,102.80730058280596
2005-04-14,102.64744985883164
2005-04-15,104.00618101261342
2005-04-18,103.92625565062625
2005-04-19,104.9310415855633
2005-04-20,104.66842470405628
2005-04-21,103.5723017205704
2005-04-22,104.44006901586754
2005-04-25,104.74835006604341
2005-04-26,104.58849934206908
2005-04-27,104.95387366989772
2005-04-28,105.73029520543494
2005-04-29,105.54761239712619
2005-05-02,105.52476951088998
2005-05-03,105.81124136914617
2005-05-04,104.88307534597281
2005-05-05,105.12371065781674
2005-05-06,104.34450685366278
2005-05-09,104.44764126869721
2005-05-10,105.1924698486488
2005-05-11,105.51331693110737
2005-05-12,105.92583710639049
2005-05-13,106.33835728167361
2005-05-16,106.2123089646467
2005-05-17,106.51023340268549
2005-05-18,107.22068675843471
2005-05-19,106.94567622238841
2005-05-20,107.07172453941534
2005-05-23,107.90821746976415
2005-05-24,108.20615065023026
2005-05-25,107.44986074806876
2005-05-26,107.41548552386638
2005-05-27,107.5300725186834
2005-05-31,108.8593061373573
2005-06-01,110.18738687465631
2005-06-02,110.45190487401658
2005-06-03,109.54335525781073
2005-06-06,110.1183859940722
2005-06-07,110.992435169986
2005-06-08,110.46340794553817
2005-06-09,110.37140092191088
2005-06-10,109.12933242576064
2005-06-13,108.47379773739347
2005-06-14,107.76075646569106
2005-06-15,107.95627358446723
2005-06-16,108.49679510616394
2005-06-17,108.48530080891507
2005-06-20,108.30128676166049
2005-06-21,109.0948319854686
2005-06-22,110.41740443372454
2005-06-23,110.30240004132678
2005-06-24,110.85442463454507
2005-06-27,111.1534430741974
2005-06-28,110.39439829068137
2005-06-29,110.22188731494839
2005-06-30,111.21094088325994
2005-07-01,109.86766908335312
2005-07-05,108.82901115514183
2005-07-06,109.42912482043883
2005-07-07,109.65993573673644
2005-07-08,109.20984828654565
2005-07-11,109.20984828654566
2005-07-12,108.59819143397215
2005-07-13,108.43662203158941
2005-07-14,108.15964717105787
2005-07-15,108.44816521886591
2005-07-18,107.64030940208015
2005-07-19,108.02115533835605
2005-07-20,108.60973462124862
2005-07-21,107.13252362525098
2005-07-22,107.96345701171768
2005-07-25,107.57106788816527
2005-07-26,107.7441804778245
2005-07-27,107.57106788816527
2005-07-28,108.52894992005726
2005-07-29,107.45566243001646
2005-08-01,107.0575047064823
2005-08-02,106.70999592074449
2005-08-03,107.23126351822133
2005-08-04,107.01116843416919
2005-08-05,106.1771420457543
2005-08-08,105.98021067898857
2005-08-09,106.37406457477975
2005-08-10,106.25822831286715
2005-08-11,106.99959099439614
2005-08-12,108.08846246166293
2005-08-15,107.81045366552463
2005-08-16,108.56340262456696
2005-08-17,107.84520366032439
2005-08-18,108.64448889167981
2005-08-19,108.63290261416645
2005-08-22,108.51706635225385
2005-08-23,109.0151702324443
2005-08-24,109.11942021684357
2005-08-25,109.46693784032165
2005-08-26,109.43218784552188
2005-08-29,109.5711878247209
2005-08-30,110.26622307167708
2005-08-31,111.19292200471817
2005-09-01,110.52569955064972
2005-09-02,110.61869763828506
2005-09-06,109.83984974032134
2005-09-07,108.80527040453913
2005-09-08,108.92151357969041
2005-09-09,109.27025197393002
2005-09-12,108.51465803226802
2005-09-13,109.08425579865934
2005-09-14,108.66578214187187
2005-09-15,107.77069106875688
2005-09-16,107.06159617091255
2005-09-19,107.29409139000089
2005-09-20,107.57307678412111
2005-09-21,108.57278405423654
2005-09-22,108.46815898845033
2005-09-23,107.65444789360558
2005-09-26,107.16622123669873
2005-09-27,107.31733647751682
2005-09-28,108.038058353512
2005-09-29,107.54982282781938
2005-09-30,107.17783934606382
2005-10-03,106.34320735317843
2005-10-04,106.69332230537074
2005-10-05,107.16015114564668
2005-10-06,106.75167924941255
2005-10-07,107.18348858085167
2005-10-10,107.11346737121711
2005-10-11,106.89172166868165
2005-10-12,105.85303217367792
2005-10-13,105.46790661666833
2005-10-14,105.30451785817468
2005-10-17,105.28117151895013
2005-10-18,105.39787650301423
2005-10-19,105.44456027744378
2005-10-20,105.72465402000154
2005-10-21,106.704995474983
2005-10-24,105.87637851290246
2005-10-25,104.96606717157512
2005-10-26,104.19579824951687
2005-10-27,104.56925954093371
2005-10-28,104.580932710546
2005-10-31,104.77933207385692
2005-11-01,104.65912410604288
2005-11-02,104.16677821570947
2005-11-03,103.46342566614561
2005-11-04,103.29931036936782
2005-11-07,103.6509821723433
2005-11-08,104.6591241060429
2005-11-09,103.58064960047079
2005-11-10,104.84668955585347
2005-11-11,104.9052970512096
2005-11-14,104.11988685325684
2005-11-15,104.79979819340082
2005-11-16,105.90171390839278
2005-11-17,106.15961193007587
2005-11-18,105.66726603974246
2005-11-21,105.98378050039457
2005-11-22,106.1244456441396
2005-11-23,105.7141574021951
2005-11-25,106.10100443471974
2005-11-28,106.6285166109894
2005-11-29,105.62037467728982
2005-11-30,105.50315074296465
2005-12-01,105.33903616167588
2005-12-02,105.37435573755657
2005-12-05,104.90340709975177
2005-12-06,105.97481547532264
2005-12-07,105.5745059892792
2005-12-08,106.25738106496625
2005-12-09,105.42145149959686
2005-12-12,105.22130124787421
2005-12-13,105.6098255651599
2005-12-14,106.69301012689036
2005-12-15,106.43398792696782
2005-12-16,106.78719266837281
2005-12-19,106.893160378613
2005-12-20,106.76364927865173
2005-12-21,106.57526623049056
2005-12-22,107.42297198201958
2005-12-23,108.08230366798554
2005-12-27,108.96532899539523
2005-12-28,108.66274636847734
2005-12-29,108.89919742707163
2005-12-30,108.65092110953873
2006-01-03,108.50904506236435
2006-01-04,108.76914663883589
2006-01-05,108.63909585060013
2006-01-06,108.43811154879202
2006-01-09,108.50904506236438
2006-01-10,107.63416532152989
2006-01-11,107.45682251756932
2006-01-12,108.17800997232051
2006-01-13,108.80461339562208
2006-01-17,109.28934979177897
2006-01-18,109.2538830349928
2006-01-19,108.93466418385783
2006-01-20,109.21840725817691
2006-01-23,109.18294050139075
2006-01-24,108.65092110953876
2006-01-25,107.46864777650794
2006-01-26,107.00756189822829
2006-01-27,107.00756189822829
2006-01-30,106.90115260784007
2006-01-31,107.19672094109778
2006-02-01,106.83140172840196
2006-02-02,107.03310255575676
2006-02-03,107.79245430171697
2006-02-06,108.00602254602995
2006-02-07,107.49583224307041
2006-02-08,107.24667080006974
2006-02-09,107.73313532129977
2006-02-10,107.13989120400669
2006-02-13,107.15174956877802
2006-02-14,106.77207369579791
2006-02-15,107.03310255575678
2006-02-16,107.05683738967313
2006-02-17,107.91110131473823
2006-02-21,107.73313532129978
2006-02-22,108.46875223334364
2006-02-23,108.19586500861345
2006-02-24,108.02975737994635
2006-02-27,107.85178233432106
2006-02-28,108.3856984190101
2006-03-01,107.73313568338726
2006-03-02,106.98299864754425
2006-03-03,106.36384671536115
2006-03-06,105.43511427498566
2006-03-07,105.50655243679866
2006-03-08,105.47083335589217
2006-03-09,105.50655243679866
2006-03-10,105.1136243784239
2006-03-13,105.03027682824154
2006-03-14,105.73278539480867
2006-03-15,105.1612528476998
2006-03-16,106.11380406481405
2006-03-17,105.79231416825229
2006-03-20,105.95900926861702
2006-03-21,105.4112954982469
2006-03-22,105.63752845625692
2006-03-23,105.30413825552742
2006-03-24,106.0780758997059
2006-03-27,105.6851569255328
2006-03-28,104.69688662751204
2006-03-29,104.19680132641781
2006-03-30,103.47048306731357
2006-03-31,103.43476398640708
2006-04-03,103.46809951814659
2006-04-04,103.36053627362814
2006-04-05,103.50395393298606
2006-04-06,102.71512945065672
2006-04-07,101.71116024204997
2006-04-10,101.90239594602089
2006-04-11,102.26094921303594
2006-04-12,101.63945141237102
2006-04-13,100.92233575972062
2006-04-17,101.29284353788894
2006-04-18,101.47212473070661
2006-04-19,100.85061781142143
2006-04-20,100.76695447058923
2006-04-21,101.35260697503493
2006-04-24,101.75896916804271
2006-04-25,100.55181886293207
2006-04-26,100.38449218126765
2006-04-27,100.51596444809257
2006-04-28,100.5876823963918
2006-05-01,99.8347010218128
2006-05-02,100.09868848454063
2006-05-03,99.88269957456221
2006-05-04,99.7147092173332
2006-05-05,100.31467739451905
2006-05-08,100.37467787415278
2006-05-09,100.31467739451905
2006-05-10,100.49466967863238
2006-05-11,100.0026913790418
2006-05-12,99.17474151978107
2006-05-15,99.57072271387283
2006-05-16,100.31467739451907
2006-05-17,99.69071451835242
2006-05-18,101.04663930306884
2006-05-19,101.31062676579668
2006-05-22,101.5266156757751
2006-05-23,101.46661519614136
2006-05-24,101.51461374889077
2006-05-25,101.118632554799
2006-05-26,101.04663930306883
2006-05-30,100.99864075031941
2006-05-31,100.39867257313355
2006-06-01,100.84504999553438
2006-06-02,102.14612322261772
2006-06-05,102.01360599442793
2006-06-06,102.4954859886547
2006-06-07,102.51957585237265
2006-06-08,102.72437186281269
2006-06-09,103.26649030297897
2006-06-12,103.35081861263642
2006-06-13,103.42309739488668
2006-06-14,102.38705862418287
2006-06-15,101.7967604565807
2006-06-16,101.56786539132628
2006-06-19,101.42330782682575
2006-06-20,101.25465120751085
2006-06-21,101.2787410712288
2006-06-22,100.7004832399374
2006-06-23,100.49568722949736
2006-06-26,100.30294074646451
2006-06-27,100.79686107700205
2006-06-28,100.26680135533938
2006-06-29,100.6041145939692
2006-06-30,101.5799149187335
2006-07-03,101.47992998073208
2006-07-05,100.6696315832251
2006-07-06,101.28642313150223
2006-07-07,101.93949490728136
2006-07-10,102.03624833189627
2006-07-11,102.36277960632863
2006-07-12,102.38697257593957
2006-07-13,102.78606430537589
2006-07-14,102.84653750248881
2006-07-17,103.00375489730224
2006-07-18,102.1209052717057
2006-07-19,103.08841183711169
2006-07-20,103.39075936884751
2006-07-21,103.19726174653208
2006-07-24,103.13678854941914
2006-07-25,102.83444101768332
2006-07-26,103.20934900442312
2006-07-27,103.05213160960967
2006-07-28,103.64473018827586
2006-07-31,103.77776384039278
2006-08-01,103.76809056476012
2006-08-02,104.15664377876602
2006-08-03,104.18093356555103
2006-08-04,104.8123290643709
2006-08-07,104.87304426749407
2006-08-08,104.64233761223328
2006-08-09,104.30235470795802
2006-08-10,104.14449888537355
2006-08-11,103.69523973208382
2006-08-14,103.51310338655368
2006-08-15,104.38735043402684
2006-08-16,105.09160602936238
2006-08-17,105.05517134918487
2006-08-18,105.35872883712199
2006-08-21,105.73514642157477
2006-08-22,105.77157183791292
2006-08-23,105.82014214764357
2006-08-24,106.01441412272685
2006-08-25,106.17226994531133
2006-08-28,106.26940130093328
2006-08-29,106.41511223012526
2006-08-30,106.69438919511671
2006-08-31,106.94937637332315
2006-09-01,106.98580364242916
2006-09-05,106.31531005690309
2006-09-06,106.16901801075605
2006-09-07,106.37626740132725
2006-09-08,106.46160210305013
2006-09-11,106.36407407228545
2006-09-12,106.90046894070632
2006-09-13,106.94923295608866
2006-09-14,106.70541287917695
2006-09-15,106.62007817745408
2006-09-18,106.44940877400833
2006-09-19,107.64410389891346
2006-09-20,107.80257997331738
2006-09-21,108.79002570765131
2006-09-22,109.32642057607218
2006-09-25,110.09443289157804
2006-09-26,109.63118869662316
2006-09-27,109.31422724703037
2006-09-28,109.13136451454281
2006-09-29,108.99727509822252
2006-10-02,109.29472803981746
2006-10-03,109.14785606777382
2006-10-04,109.9433962421143
2006-10-05,109.17233006095368
2006-10-06,108.03409795616616
2006-10-09,108.32784190025342
2006-10-10,107.47110273648106
2006-10-11,107.15289413686868
2006-10-12,107.21408378864578
2006-10-13,106.67557189979536
2006-10-16,107.1528941368687
2006-10-17,107.23856711948045
2006-10-18,107.45887040871851
2006-10-19,107.26304111266033
2006-10-20,107.1528941368687
2006-10-23,106.72451988615514
2006-10-24,106.72451988615514
2006-10-25,107.56901738451016
2006-10-26,108.26664291082155
2006-10-27,108.76844847872955
2006-10-30,109.07442475057937
2006-10-31,109.91891291127962
2006-11-01,110.52474779707322
2006-11-02,110.07016286303156
2006-11-03,108.76785112424332
2006-11-06,109.08728943933923
2006-11-07,109.59101007712022
2006-11-08,109.98416132129014
2006-11-09,109.92273700488346
2006-11-10,110.40188979079478
2006-11-13,110.37731256546009
2006-11-14,110.80732964763209
2006-11-15,110.38960117812744
2006-11-16,109.88588054034643
2006-11-17,110.51245918440584
2006-11-20,110.68446226788862
2006-11-21,110.95475550578016
2006-11-22,111.1390472019303
2006-11-24,111.3356275107478
2006-11-27,111.74105799412004
2006-11-28,111.97449476747455
2006-11-29,111.71649014225036
2006-11-30,112.45364755338588
2006-12-01,112.73868172736238
2006-12-04,112.93599743835622
2006-12-05,112.40572322572395
2006-12-06,112.18374775512135
2006-12-07,112.09742448369427
2006-12-08,111.2835112886411
2006-12-11,111.7644565735249
2006-12-12,111.99876662819734
2006-12-13,110.99988171475113
2006-12-14,110.59292511722452
2006-12-15,110.65458862904285
2006-12-18,110.69158297272145
2006-12-19,110.54359618947608
2006-12-20,110.53126160540623
2006-12-21,111.0862049861782
2006-12-22,110.23529744744641
2006-12-26,110.56826535761579
2006-12-27,109.75804798405458
2006-12-28,109.51057024564341
2006-12-29,109.42395209313243
2007-01-03,110.2035154657312
2007-01-04,110.87171668824611
2007-01-05,110.38912848987489
2007-01-08,110.5871182331403
2007-01-09,110.5871182331403
2007-01-10,110.09215331564734
2007-01-11,109.44869609070533
2007-01-12,108.94136389476122
2007-01-16,109.17647435472126
2007-01-17,108.84236902312853
2007-01-18,109.17647435472126
2007-01-19,108.87948973982316
2007-01-22,109.13934419735608
2007-01-23,108.4216549796954
2007-01-24,108.40927826057366
2007-01-25,107.6297148879749
2007-01-26,107.54309673546392
2007-01-29,107.3079862755039
2007-01-30,107.43172514470947
2007-01-31,108.33503682718441
2007-02-01,108.20510072418762
2007-02-02,108.3417711527479
2007-02-05,108.4908687509463
2007-02-06,109.08724966458689
2007-02-07,109.4102802419539
2007-02-08,109.49725147111471
2007-02-09,108.8760256973509
2007-02-12,108.6275391795066
2007-02-13,108.39147035214738
2007-02-14,109.42270741159204
2007-02-15,109.74574746811207
2007-02-16,110.13090441451668
2007-02-20,110.37939093236099
2007-02-21,110.19303078355428
2007-02-22,109.59664986991366
2007-02-23,110.37939093236098
2007-02-26,111.11244227456184
2007-02-27,112.51640911077297
2007-02-28,112.00700890544623
2007-03-01,111.93618727140655
2007-03-02,112.4974234014344
2007-03-05,112.68450528323696
2007-03-06,112.34776550829622
2007-03-07,112.78428355558229
2007-03-08,112.68450528323696
2007-03-09,111.4996692241205
2007-03-12,111.93618727140657
2007-03-13,112.60967633666783
2007-03-14,112.09831982743287
2007-03-15,112.08585467992454
2007-03-16,112.06090535414832
2007-03-19,111.82394385155288
2007-03-20,111.88629813523387
2007-03-21,111.93618727140654
2007-03-22,111.05067651394627
2007-03-23,110.73887654940197
2007-03-26,110.87606929503185
2007-03-27,110.6889874132293
2007-03-28,110.4644910581422
2007-03-29,110.3148236496242
2007-03-30,110.10280195742521
2007-04-02,110.28489275610389
2007-04-03,110.14719235058922
2007-04-04,110.25986065991484
2007-04-05,109.84675944337084
2007-04-09,109.12070449621895
2007-04-10,109.44617905021634
2007-04-11,109.37107321105923
2007-04-12,109.39610530724829
2007-04-13,109.05811948045132
2007-04-16,109.65898529488813
2007-04-17,110.2723719327144
2007-04-18,110.82317355477306
2007-04-19,110.63539940629033
2007-04-20,110.34748732246142
2007-04-23,110.74806771561593
2007-04-24,111.16116893215994
2007-04-25,110.773099811805
2007-04-26,109.97193902549598
2007-04-27,109.94690692930692
2007-04-30,111.09857436580238
2007-05-01,111.17868784667282
2007-05-02,111.11587368020342
2007-05-03,110.86458825764967
2007-05-04,111.31689243268768
2007-05-07,111.61842535419343
2007-05-08,111.36714951719843
2007-05-09,110.92741200967778
2007-05-10,111.19125451419016
2007-05-11,110.80177409118026
2007-05-14,110.51279825163313
2007-05-15,110.47510783463976
2007-05-16,110.399727000653
2007-05-17,109.94742282561499
2007-05-18,109.21870947854721
2007-05-21,109.54537573508772
2007-05-22,108.97999072351082
2007-05-23,108.6658911344877
2007-05-24,108.7664053035092
2007-05-25,108.5151294665142
2007-05-29,108.50256279899682
2007-05-30,108.72871488651582
2007-05-31,108.52768654847281
2007-06-01,107.95979334125192
2007-06-04,108.4517325745625
2007-06-05,107.77059704776251
2007-06-06,107.72014149502778
2007-06-07,105.79026231413414
2007-06-08,105.7019675027015
2007-06-11,105.39923418629304
2007-06-12,103.87298980386466
2007-06-13,105.10912678733413
2007-06-14,104.84424235303625
2007-06-15,105.56321713853413
2007-06-18,105.3487786335583
2007-06-19,106.33264747676675
2007-06-20,105.47492232710151
2007-06-21,104.97037642316677
2007-06-22,105.65151194996676
2007-06-25,106.23173637129729
2007-06-26,106.2569593359583
2007-06-27,106.35787044142778
2007-06-28,106.33264747676675
2007-06-29,107.43002447265617
2007-07-02,107.99259447395093
2007-07-03,107.33417484776035
2007-07-05,106.13130658557546
2007-07-06,105.70080961938577
2007-07-09,106.08065817893034
2007-07-10,107.87863314395048
2007-07-11,106.76439717834556
2007-07-12,106.3972034753154
2007-07-13,106.6884293984758
2007-07-16,107.71403306750074
2007-07-17,107.48612006769567
2007-07-18,107.89129766066071
2007-07-19,107.86597828743608
2007-07-20,108.8409335498159
2007-07-23,108.66366895665594
2007-07-24,109.068846549621
2007-07-25,109.28409503271585
2007-07-26,110.19574703193616
2007-07-27,110.51229232832122
2007-07-30,110.19574703193615
2007-07-31,110.99344736135181
2007-08-01,110.75413100272023
2007-08-02,111.033782612804
2007-08-03,111.77104418520614
2007-08-06,110.95751751841856
2007-08-07,110.86853834230126
2007-08-08,109.52113661880988
2007-08-09,109.67366680758077
2007-08-10,109.41944336096073
2007-08-13,109.7372275182372
2007-08-14,110.02958351204998
2007-08-15,109.63553426038806
2007-08-16,110.76684508445211
2007-08-17,110.3219492038656
2007-08-20,110.3855002165192
2007-08-21,110.91938497122587
2007-08-22,110.74142661899126
2007-08-23,111.12276178892132
2007-08-24,111.669350927357
2007-08-27,112.2540726129854
2007-08-28,112.44474504695185
2007-08-29,112.13967497140723
2007-08-30,112.88964092753837
2007-08-31,112.97862010365566
2007-09-04,113.03200822999821
2007-09-05,113.93820317773755
2007-09-06,113.64465214245371
2007-09-07,115.25283389221029
2007-09-10,116.14626278782804
2007-09-11,116.05691989826626
2007-09-12,115.62296176493433
2007-09-13,114.58913550891313
2007-09-14,114.75506497355973
2007-09-17,115.30387862540731
2007-09-18,114.43598183403272
2007-09-19,113.37662347376838
2007-09-20,111.23238438664114
2007-09-21,112.17686775310057
2007-09-24,112.49595089262756
2007-09-25,112.10029091566035
2007-09-26,112.20239985734369
2007-09-27,112.9809537591565
2007-09-28,113.23622611336489
2007-10-01,113.88076899163421
2007-10-02,114.23953751244598
2007-10-03,113.90640020227066
2007-10-04,114.34203302866383
2007-10-05,113.11199885506572
2007-10-08,113.02230916872344
2007-10-09,112.88136683655091
2007-10-10,112.9454350876994
2007-10-11,112.83011419072065
2007-10-12,112.27916046734876
2007-10-15,112.30479167798521
2007-10-16,112.34322871849724
2007-10-17,113.57326289209536
2007-10-18,114.20109069649132
2007-10-19,115.9052045124373
2007-10-22,115.91802011775552
2007-10-23,115.76426218026475
2007-10-24,116.62272200317553
2007-10-25,116.22552621729437
2007-10-26,115.95645715826753
2007-10-29,116.40490558997892
2007-10-30,116.3408471142731
2007-10-31,115.29019231335955
2007-11-01,116.78160586997943
2007-11-02,117.15479344704882
2007-11-05,117.10331828284437
2007-11-06,116.53710129447927
2007-11-07,116.74300195129703
2007-11-08,116.53710129447929
2007-11-09,117.52798102411822
2007-11-12,117.95264376539204
2007-11-13,117.51510977859617
2007-11-14,117.64379278016541
2007-11-15,118.75048426585157
2007-11-16,118.9177810039869
2007-11-19,119.68988883128605
2007-11-20,119.56120582971681
2007-11-21,120.25609600176746
2007-11-23,120.6164221511985
2007-11-26,122.99709204282246
2007-11-27,121.82605414740983
2007-11-28,121.00247115590624
2007-11-29,122.04481623186591
2007-11-30,121.45286657034043
2007-12-03,122.4128599447676
2007-12-04,122.39993762179633
2007-12-05,120.94003054506149
2007-12-06,119.88062676883702
2007-12-07,118.5369910283106
2007-12-10,117.82641111755572
2007-12-11,120.1390140871964
2007-12-12,118.89873721675148
2007-12-13,117.60678091126582
2007-12-14,117.0641616286045
2007-12-17,118.11064308185769
2007-12-18,118.87290242765332
2007-12-19,120.44909069744094
2007-12-20,120.19069352223718
2007-12-21,118.43363215822913
2007-12-24,117.8780905525965
2007-12-26,116.8445314223146
2007-12-27,118.11322620592114
2007-12-28,119.95510486361725
2007-12-31,120.68147341277503
2008-01-02,122.41957241141095
2008-01-03,122.25095396850769
2008-01-04,122.27689146125077
2008-01-07,122.8087040747622
2008-01-08,122.66602312460203
2008-01-09,122.89950014340693
2008-01-10,121.23922351902954
2008-01-11,122.18609539260605
2008-01-14,122.64008563185895
2008-01-15,124.01500035591599
2008-01-16,123.12000346782565
2008-01-17,124.71543141233069
2008-01-18,123.85934571136963
2008-01-22,125.18238544994048
2008-01-23,124.89702354962013
2008-01-24,122.39363491866786
2008-01-25,124.45600700475339
2008-01-28,123.98905296714359
2008-01-29,123.14595085659799
2008-01-30,122.3417500371524
2008-01-31,123.21079953647036
2008-02-01,123.94885220864677
2008-02-04,122.67330577400837
2008-02-05,123.61044030880915
2008-02-06,123.2329827917245
2008-02-07,120.57777158652829
2008-02-08,121.9574363570861
2008-02-11,122.46504924173351
2008-02-12,121.73617123920758
2008-02-13,120.44761621896552
2008-02-14,118.67747541550139
2008-02-15,119.58857291865881
2008-02-19,118.37810913291081
2008-02-20,119.1981068159705
2008-02-21,120.46063473478722
2008-02-22,119.7707924192903
2008-02-25,118.54732004793864
2008-02-26,118.58636566518568
2008-02-27,118.6904939313231
2008-02-28,120.79903670440684
2008-02-29,122.64727867258306
2008-03-03,122.33229271314225
2008-03-04,121.14346420216965
2008-03-05,119.69334758040145
2008-03-06,120.33348600938669
2008-03-07,120.49025887586406
2008-03-10,122.26696819366278
2008-03-11,121.2218456518472
2008-03-12,123.5603219160759
2008-03-13,122.59357085681557
2008-03-14,124.10901199806325
2008-03-17,125.06269616000324
2008-03-18,124.57932063037308
2008-03-19,126.6434518536081
2008-03-20,126.95698761944054
2008-03-24,124.50093918069553
2008-03-25,125.02349546804217
2008-03-26,124.50093918069553
2008-03-27,123.6256364684331
2008-03-28,124.82754184384834
2008-03-31,125.27171668151745
2008-04-01,123.24155572341434
2008-04-02,123.50396320729831
2008-04-03,123.77949406843764
2008-04-04,124.90786426750567
2008-04-07,124.25183554759187
2008-04-08,123.81886420020369
2008-04-09,125.10467488552057
2008-04-10,124.6848169051839
2008-04-11,125.52453286585724
2008-04-14,124.78978390281901
2008-04-15,123.2415557234143
2008-04-16,122.03446528122183
2008-04-17,121.82453128595156
2008-04-18,121.71956428831642
2008-04-21,122.20502914472601
2008-04-22,122.6248871250627
2008-04-23,122.21815252198138
2008-04-24,121.18162594329311
2008-04-25,120.47311372456174
2008-04-28,120.84048820608085
2008-04-29,121.29970630797973
2008-04-30,122.1656690231638
2008-05-01,122.17353896535384
2008-05-02,120.63287482692179
2008-05-05,120.6328748269218
2008-05-06,119.76377605357726
2008-05-07,120.27733076638793
2008-05-08,121.35712380470892
2008-05-09,121.80483404810059
2008-05-12,121.62048158947395
2008-05-13,120.29050166956283
2008-05-14,120.34317523580694
2008-05-15,121.43612913084733
2008-05-16,120.93573527475604
2008-05-19,121.09375597348837
2008-05-20,121.72582872196219
2008-05-21,121.75216048185649
2008-05-22,120.31684347591266
2008-05-23,120.84355904544275
2008-05-27,120.02714388479782
2008-05-28,118.96052174965173
2008-05-29,118.1046039259376
2008-05-30,118.88151642351332
2008-06-02,119.33845477833589
2008-06-03,120.19747210502784
2008-06-04,119.12699753415326
2008-06-05,118.41334445929142
2008-06-06,119.9463792311064
2008-06-09,119.9463792311064
2008-06-10,119.16664324672841
2008-06-11,118.88911317586599
2008-06-12,117.69969138442958
2008-06-13,117.44859851050818
2008-06-16,117.47502562461283
2008-06-17,117.71290998290011
2008-06-18,118.70409312862436
2008-06-19,118.00365865223303
2008-06-20,118.69087453015386
2008-06-23,118.94197748691164
2008-06-24,119.73492198692378
2008-06-25,119.78778629796943
2008-06-26,120.59394939645206
2008-06-27,122.00803694770522
2008-06-30,122.03446406180987
2008-07-01,121.74636621048782
2008-07-02,122.38301219634221
2008-07-03,122.11774472212046
2008-07-07,122.67481248956942
2008-07-08,123.47062503154014
2008-07-09,124.01443650879186
2008-07-10,124.00117009928913
2008-07-11,122.23712216903411
2008-07-14,123.3114685947293
2008-07-15,123.2716794855266
2008-07-16,121.04339829642528
2008-07-17,120.42000860076813
2008-07-18,119.96904175142457
2008-07-21,120.43327501027086
2008-07-22,119.8364080143137
2008-07-23,119.59766323979194
2008-07-24,120.7648644127008
2008-07-25,119.55787413058923
2008-07-28,120.76486441270079
2008-07-29,120.27410845415451
2008-07-30,120.39347578176265
2008-07-31,121.58719965437146
2008-08-01,121.8551275344848
2008-08-04,121.57558345578029
2008-08-05,120.67038875311529
2008-08-06,120.17785290625126
2008-08-07,122.1346716131893
2008-08-08,122.46746363393368
2008-08-11,121.29603937707579
2008-08-12,122.4275302164054
2008-08-13,122.00155683609285
2008-08-14,122.78694113016648
2008-08-15,123.85187965895112
2008-08-18,124.34441550581515
2008-08-19,123.8651941834627
2008-08-20,124.2112905727122
2008-08-21,123.98499443604757
2008-08-22,123.905127600991
2008-08-25,125.14311432440037
2008-08-26,125.24960005247364
2008-08-27,125.46259182063316
2008-08-28,125.47590634514475
2008-08-29,124.91680803172925
2008-09-02,126.07493279496516
2008-09-03,126.60931026820828
2008-09-04,127.6246458140447
2008-09-05,127.55785372618779
2008-09-08,128.0922311994309
2008-09-09,129.36140317987568
2008-09-10,128.55982677741406
2008-09-11,128.4930244969602
2008-09-12,126.83643190619325
2008-09-15,130.95119349018876
2008-09-16,130.9244786935654
2008-09-17,131.57909823310607
2008-09-18,129.65531690571757
2008-09-19,125.5405451291251
2008-09-22,125.52718263451494
2008-09-23,125.04623475451858
2008-09-24,125.59398491496881
2008-09-25,125.34014848036047
2008-09-26,126.24860445450949
2008-09-29,129.92250564233913
2008-09-30,126.75626713112923
2008-10-01,128.34606641092765
2008-10-02,129.37787911451406
2008-10-03,130.51688477330632
2008-10-06,132.88869631635703
2008-10-07,132.4866997315551
2008-10-08,130.58387909237774
2008-10-09,129.4850720697199
2008-10-10,128.57386549799455
2008-10-13,126.9256600757367
2008-10-14,126.10825372947757
2008-10-15,127.31426393079904
2008-10-16,126.65765212907759
2008-10-17,125.78665441694447
2008-10-20,126.79166121413606
2008-10-21,127.46166574559712
2008-10-22,130.04788364597513
2008-10-23,131.0126815835745
2008-10-24,129.61908115477837
2008-10-27,129.7128813802446
2008-10-28,127.82346369426466
2008-10-29,127.18026506919841
2008-10-30,126.02785645720877
2008-10-31,124.39304376469053
2008-11-03,124.72804234997626
2008-11-04,127.0689605830071
2008-11-05,128.57576407116687
2008-11-06,127.647464485543
2008-11-07,126.81334974067194
2008-11-10,127.43221270966818
2008-11-11,127.80891101564337
2008-11-12,128.62957958120032
2008-11-13,125.5487109155332
2008-11-14,128.03761923509128
2008-11-17,128.60266669405408
2008-11-18,130.2574602687411
2008-11-19,133.5939500410024
2008-11-20,140.49562754071388
2008-11-21,138.46413566005165
2008-11-24,136.2981101364353
2008-11-25,140.30727838772629
2008-11-26,140.49562754071388
2008-11-28,142.2311392483216
2008-12-01,147.65965498466164
2008-12-02,148.22653600710828
2008-12-03,148.6449467192618
2008-12-04,151.57385259703528
2008-12-05,149.11735786886692
2008-12-08,148.7934170295549
2008-12-09,151.73581271912502
2008-12-10,151.37139214685683
2008-12-11,151.66833276744305
2008-12-12,151.66833276744305
2008-12-15,153.39597605350875
2008-12-16,157.18869327674886
2008-12-17,161.4538216495941
2008-12-18,164.8416179724773
2008-12-19,165.01708850149623
2008-12-22,163.74834595810648
2008-12-23,163.5323956961314
2008-12-24,163.18146493565985
2008-12-26,163.72135603694696
2008-12-29,163.52564214027743
2008-12-30,165.083031274701
2008-12-31,161.62969059976632
2009-01-02,157.56694172671595
2009-01-05,153.5041928536656
2009-01-06,151.96034910847482
2009-01-07,152.55622224946237
2009-01-08,152.43433441057644
2009-01-09,152.6645646991155
2009-01-12,154.2490342799
2009-01-13,154.41153762227503
2009-01-14,156.95753352860024
2009-01-15,157.21483393139556
2009-01-16,154.79073619606098
2009-01-20,154.76364541759537
2009-01-21,149.87480344712304
2009-01-22,146.99025546681497
2009-01-23,145.8391453525383
2009-01-26,144.5661473993757
2009-01-27,147.96531684948383
2009-01-28,144.26821082888193
2009-01-29,140.95030338206598
2009-01-30,140.50339852632533
2009-02-02,143.11032822663094
2009-02-03,139.70196660175395
2009-02-04,139.2131175097379
2009-02-05,139.3353349627645
2009-02-06,138.90080358764416
2009-02-09,139.3489169819997
2009-02-10,142.37705458860688
2009-02-11,144.22381552287962
2009-02-12,142.8659036806229
2009-02-13,139.06375673833122
2009-02-17,143.3954884702994
2009-02-18,142.17336574025933
2009-02-19,139.75628431864962
2009-02-20,141.11419616090632
2009-02-23,142.41779028626732
2009-02-24,142.26841915481546
2009-02-25,140.62534706889028
2009-02-26,139.14522813365215
2009-02-27,138.3440547594972
2009-03-02,140.62806455018202
2009-03-03,139.6885437425064
2009-03-04,139.0485912843547
2009-03-05,142.91558579488546
2009-03-06,141.96245627139766
2009-03-09,141.1318675202157
2009-03-10,138.4222475420152
2009-03-11,139.92002695963865
2009-03-12,140.58721762608013
2009-03-13,139.8791800355367
2009-03-16,137.6733526390372
2009-03-17,136.92445773605917
2009-03-18,142.11223525199333
2009-03-19,142.289242052546
2009-03-20,141.499500225466
2009-03-23,140.27404056074406
2009-03-24,141.60843228195967
2009-03-25,139.70216284665136
2009-03-26,141.32249342491332
2009-03-27,142.3709359007499
2009-03-30,142.91558579488552
2009-03-31,143.93680045076505
2009-04-01,145.24668343577287
2009-04-02,143.47154827690616
2009-04-03,140.53575263008509
2009-04-06,139.9349461477735
2009-04-07,140.2899648452855
2009-04-08,141.53256154005754
2009-04-09,139.75742638119084
2009-04-13,141.04098597045837
2009-04-14,141.77834932485715
2009-04-15,141.53256154005754
2009-04-16,140.41286394659866
2009-04-17,138.86985880175752
2009-04-20,140.97270753441478
2009-04-21,139.57991703243488
2009-04-22,138.73331234749702
2009-04-23,138.71965457672297
2009-04-24,137.32686407474307
2009-04-27,137.91402320410728
2009-04-28,135.66097024641545
2009-04-29,134.45934686396558
2009-04-30,133.9268083998709
2009-05-01,133.00783507345068
2009-05-04,133.44612635514383
2009-05-05,133.28176320587573
2009-05-06,132.96674689855575
2009-05-07,129.7206452359078
2009-05-08,130.0356719929162
2009-05-11,131.88471301100645
2009-05-12,132.36409246759453
2009-05-13,133.8022412870472
2009-05-14,134.32270891853017
2009-05-15,134.28162074363524
2009-05-18,132.19972931832643
2009-05-19,131.501209445736
2009-05-20,132.88456009907753
2009-05-21,129.54259299480037
2009-05-22,128.10444417534774
2009-05-26,126.17322680746767
2009-05-27,123.94067177441853
2009-05-28,125.73493552577449
2009-05-29,128.98102673873404
2009-06-01,125.18021339764032
2009-06-02,125.85360229506394
2009-06-03,127.03545611276057
2009-06-04,124.41063806878762
2009-06-05,123.46240383525304
2009-06-08,123.14633274719318
2009-06-09,123.1325873349844
2009-06-10,121.19490360064385
2009-06-11,122.54166042613608
2009-06-12,123.64106273993494
2009-06-15,124.75419998126509
2009-06-16,126.92551378444522
2009-06-17,126.21089913507271
2009-06-18,124.30069574047226
2009-06-19,126.00477037532823
2009-06-22,127.22784994497378
2009-06-23,128.7257748507303
2009-06-24,127.43398918939577
2009-06-25,129.77020600037147
2009-06-26,129.99008017232475
2009-06-29,130.18248448921543
2009-06-30,129.96259983258466
2009-07-01,129.7056184577612
2009-07-02,130.0089283412368
2009-07-06,129.7607666655245
2009-07-07,130.62932727129498
2009-07-08,133.04200613910254
2009-07-09,131.45652935085425
2009-07-10,132.66976888475665
2009-07-13,131.92528385761975
2009-07-14,129.73318730242028
2009-07-15,126.39679962107894
2009-07-16,127.76168357827402
2009-07-17,125.79017985412776
2009-07-20,126.45194782884225
2009-07-21,128.9749231121764
2009-07-22,127.81683178603733
2009-07-23,125.47309080754518
2009-07-24,126.07970005605125
2009-07-27,124.6320990464338
2009-07-28,125.73503164636446
2009-07-29,126.42436846573804
2009-07-30,128.21664840348743
2009-07-31,130.71204432371738
2009-08-03,128.73778367303143
2009-08-04,127.71408189564329
2009-08-05,125.80501470737005
2009-08-06,126.23386060984583
2009-08-07,125.18248522652418
2009-08-10,126.74571677573402
2009-08-11,128.2121012585647
2009-08-12,126.84255328772494
2009-08-13,128.64094716104051
2009-08-14,129.13896652396193
2009-08-17,131.0480442666234
2009-08-18,130.28717841927454
2009-08-19,131.3662168541415
2009-08-20,132.4452552890085
2009-08-21,129.7199855959075
2009-08-24,132.07174604401155
2009-08-25,132.81877508839366
2009-08-26,133.42745721188456
2009-08-27,132.90177479741786
2009-08-28,133.51046747529696
2009-08-31,133.6349670388332
2009-09-01,133.3126371200097
2009-09-02,135.25556758149665
2009-09-03,134.42288612317915
2009-09-04,132.13300417171664
2009-09-08,131.20317671973075
2009-09-09,131.05051721709196
2009-09-10,133.46529662264845
2009-09-11,134.20083208729756
2009-09-14,132.8685396363657
2009-09-15,132.188517680687
2009-09-16,132.42444215272178
2009-09-17,134.08981565747595
2009-09-18,132.8963016849105
2009-09-21,133.20162069018807
2009-09-22,133.47917764692082
2009-09-23,133.88164264586678
2009-09-24,134.2702266205403
2009-09-25,135.9772326099925
2009-09-28,137.17073599443876
2009-09-29,137.04583854034476
2009-09-30,136.92094108625076
2009-10-01,138.79030639669418
2009-10-02,137.82977887109203
2009-10-05,137.84369201761663
2009-10-06,136.47946020762765
2009-10-07,138.08035357792792
2009-10-08,136.6325897851786
2009-10-09,133.50041126009123
2009-10-12,133.70922528590822
2009-10-13,134.40526495814987
2009-10-14,132.4145910707099
2009-10-15,131.80207276050604
2009-10-16,132.87396918264025
2009-10-19,133.91802869100272
2009-10-20,134.64191589773864
2009-10-21,133.83450732896495
2009-10-22,133.1802283377422
2009-10-23,132.17792951039863
2009-10-26,130.4656778642888
2009-10-27,132.2475377259118
2009-10-28,132.87396918264025
2009-10-29,131.42621601061347
2009-10-30,133.33335791529316
2009-11-02,132.74590637952585
2009-11-03,131.41913926038737
2009-11-04,130.21807080333642
2009-11-05,130.21807080333642
2009-11-06,130.34376946542395
2009-11-09,130.49739524400985
2009-11-10,130.25996680565297
2009-11-11,130.8046468011817
2009-11-12,130.56721836282478
2009-11-13,131.16775259135025
2009-11-16,132.7039997220714
2009-11-17,133.41626372686625
2009-11-18,132.6341766032565
2009-11-19,132.87159438647546
2009-11-20,132.84366726997706
2009-11-23,132.676072605573
2009-11-24,133.51402461731746
2009-11-25,134.1285277316611
2009-11-27,134.63130106973534
2009-11-30,134.95251085758738
2009-12-01,133.45397336811305
2009-12-02,133.56606326030175
2009-12-03,132.17897489579778
2009-12-04,130.7778833118806
2009-12-07,130.94601815016364
2009-12-08,131.14217011675362
2009-12-09,130.53970030809
2009-12-10,129.0405327408778
2009-12-11,129.0265188319841
2009-12-14,129.18063976137344
2009-12-15,128.60619777049723
2009-12-16,128.4520768411079
2009-12-17,130.56772812587738
2009-12-18,130.0072893544144
2009-12-21,127.69548610305495
2009-12-22,126.98092640220266
2009-12-23,127.00895421999007
2009-12-24,125.69192471047415
2009-12-28,125.34165181449485
2009-12-29,126.16549965194721
2009-12-30,126.99506813492931
2009-12-31,126.39046319429212
2010-01-04,126.27797605943785
2010-01-05,127.09349169608588
2010-01-06,125.39216400902863
2010-01-07,125.60307470503949
2010-01-08,125.54683113761236
2010-01-11,124.85786620951629
2010-01-12,126.99506813492931
2010-01-13,125.51870399021699
2010-01-14,127.27627524470138
2010-01-15,128.06367446131765
2010-01-19,127.69809663672308
2010-01-20,128.99166650545632
2010-01-21,129.58221859975941
2010-01-22,129.3572443300509
2010-01-25,128.7667029631114
2010-01-26,128.80888295684088
2010-01-27,128.73857581571608
2010-01-28,128.66827940195486
2010-01-29,129.7931185684067
2010-02-01,128.6190665486402
2010-02-02,128.9859478596967
2010-02-03,127.49020594490297
2010-02-04,129.50803700729477
2010-02-05,129.79025754103537
2010-02-08,129.95957909566715
2010-02-09,128.66139693729815
2010-02-10,127.43376183815487
2010-02-11,126.74234037031242
2010-02-12,127.26444028352309
2010-02-16,127.50431966299317
2010-02-17,126.05091890246996
2010-02-18,125.54293270734945
2010-02-19,126.22024045710174
2010-02-22,125.69815130950366
2010-02-23,127.65953826514736
2010-02-24,127.96997546945572
2010-02-25,128.68961360786594
2010-02-26,129.3528184051406
2010-03-01,129.296373006519
2010-03-02,129.12651386427157
2010-03-03,128.80093250864257
2010-03-04,129.48040147701084
2010-03-05,127.78173445598662
2010-03-08,127.1164348158628
2010-03-09,127.14474107297309
2010-03-10,126.8191597173441
2010-03-11,127.28629395811022
2010-03-12,128.07900955450535
2010-03-15,127.90913961246507
2010-03-16,128.928337665121
2010-03-17,129.48040147701084
2010-03-18,129.05573202180656
2010-03-19,129.183137178285
2010-03-22,129.32469006342214
2010-03-23,128.71600293751888
2010-03-24,126.36618400502955
2010-03-25,125.55932067997573
2010-03-26,125.913208292715
2010-03-29,125.43192632329016
2010-03-30,125.82827872159127
2010-03-31,126.69176536065852
2010-04-01,126.38317104243272
2010-04-05,124.28034294133141
2010-04-06,124.47925882008147
2010-04-07,126.07059669018432
2010-04-08,126.12742050688229
2010-04-09,126.42580516510976
2010-04-12,127.0935879922836
2010-04-13,127.50563112400941
2010-04-14,126.61050966963414
2010-04-15,126.75259089158385
2010-04-16,127.6761350944105
2010-04-19,127.36354990205973
2010-04-20,127.8182163163602
2010-04-21,128.86963036691085
2010-04-22,128.48600998363642
2010-04-23,128.03134356933595
2010-04-26,128.17342479128564
2010-04-27,129.97788991436425
2010-04-28,128.86963036691085
2010-04-29,129.40955418646305
2010-04-30,130.9014232770885
2010-05-03,130.7309305803939
2010-05-04,133.0834797329279
2010-05-05,133.86767003572896
2010-05-06,138.00247086535035
2010-05-07,136.2772630771226
2010-05-10,133.4541888649734
2010-05-11,133.11200167735774
2010-05-12,132.09969020879112
2010-05-13,132.96942458901245
2010-05-14,135.27920170283633
2010-05-17,134.78017645466045
2010-05-18,136.8475823084384
2010-05-19,137.30383551790413
2010-05-20,140.19819283525874
2010-05-21,140.34076992360406
2010-05-24,139.85599476970853
2010-05-25,140.54038002287442
2010-05-26,140.14115982433373
2010-05-27,136.96163745235395
2010-05-28,137.5889896945948
2010-06-01,138.55282334318971
2010-06-02,137.23668141457628
2010-06-03,136.23527145031608
2010-06-04,139.89758322195345
2010-06-07,140.9705271470394
2010-06-08,140.26954017205725
2010-06-09,140.11217418988062
2010-06-10,137.60863836468008
2010-06-11,139.3539622291479
2010-06-14,138.63866627909061
2010-06-15,138.06642733613478
2010-06-16,138.8532463324678
2010-06-17,139.98341524330434
2010-06-18,139.754526214852
2010-06-21,139.35396222914792
2010-06-22,141.01344315771487
2010-06-23,141.97193711129967
2010-06-24,141.12789312921606
2010-06-25,141.7001320721719
2010-06-28,143.03058297586048
2010-06-29,144.5899229080014
2010-06-30,145.56272583666134
2010-07-01,145.7916183577697
2010-07-02,144.6293067760101
2010-07-06,145.82032362646999
2010-07-07,144.1127214179276
2010-07-08,143.19434988085914
2010-07-09,142.37642488853717
2010-07-12,142.31902529898886
2010-07-13,141.099314127681
2010-07-14,142.5199183884818
2010-07-15,143.94052264928266
2010-07-16,144.6436594103603
2010-07-19,143.75398219413987
2010-07-20,143.96922791798298
2010-07-21,146.40865026059873
2010-07-22,144.7154006864065
2010-07-23,143.17999724650903
2010-07-26,142.9360572018179
2010-07-27,141.55849989621524
2010-07-28,142.01768566474945
2010-07-29,141.97463870955127
2010-07-30,144.18447364182606
2010-08-02,142.16691943018876
2010-08-03,142.98752804476402
2010-08-04,141.89337956407292
2010-08-05,142.5556241491887
2010-08-06,144.11046499273309
2010-08-09,143.5777959697988
2010-08-10,143.88012430319262
2010-08-11,145.8092701402118
2010-08-12,145.44935388848978
2010-08-13,147.2633348726249
2010-08-16,150.948873775451
2010-08-17,150.08507696807268
2010-08-18,150.48818141259775
2010-08-19,152.83484240343947
2010-08-20,152.66207864845487
2010-08-23,152.6908671157328
2010-08-24,155.13830421770578
2010-08-25,154.63442366204944
2010-08-26,156.08847741069025
2010-08-27,151.668706278895
2010-08-30,154.57683574372123
2010-08-31,156.29002963295275
2010-09-01,153.0680628623446
2010-09-02,151.45073596781802
2010-09-03,149.57349275054383
2010-09-07,152.63484695682234
2010-09-08,151.421860048781
2010-09-09,148.43270114866417
2010-09-10,147.75400137134375
2010-09-13,148.47602053578876
2010-09-14,149.90561539659123
2010-09-15,147.681795048044
2010-09-16,146.2233242682045
2010-09-17,146.8153742541376
2010-09-20,147.66736259709455
2010-09-21,149.71789438000525
2010-09-22,151.06085046655852
2010-09-23,151.4940663720808
2010-09-24,149.45796704011954
2010-09-27,152.05724043897686
2010-09-28,153.09693878138168
2010-09-29,152.46156940832398
2010-09-30,152.3604871659872
2010-10-01,151.62691349148344
2010-10-04,152.01825999184058
2010-10-05,151.10511078539247
2010-10-06,153.00388609685436
2010-10-07,151.7283745144221
2010-10-08,151.06162906962192
2010-10-11,151.09061319399493
2010-10-12,149.59768197428775
2010-10-13,149.36577580403738
2010-10-14,147.13362224096434
2010-10-15,145.336296894019
2010-10-18,146.5103585119347
2010-10-19,147.3945235940098
2010-10-20,147.71340425422338
2010-10-21,145.95956062304862
2010-10-22,146.9451867280624
2010-10-25,147.36552841121465
2010-10-26,145.08989313237103
2010-10-27,143.81438154993876
2010-10-28,144.2057280502959
2010-10-29,145.55371653129384
2010-11-01,144.92900379509717
2010-11-02,146.8338673483174
2010-11-03,143.83843737748697
2010-11-04,144.95809177877
2010-11-05,142.47160167787658
2010-11-08,143.11139309908017
2010-11-09,139.9560235933103
2010-11-10,140.14505111192258
2010-11-11,140.07235334037108
2010-11-12,139.31622107829145
2010-11-15,136.40804396466422
2010-11-16,139.7960729645556
2010-11-17,139.02540780445483
2010-11-18,139.5925014541069
2010-11-19,140.4504083775956
2010-11-22,141.04659001092054
2010-11-23,141.7445573994698
2010-11-24,139.2144353230671
2010-11-26,141.14837576614488
2010-11-29,142.35527193081586
2010-11-30,143.0968602010591
2010-12-01,139.92694093466886
2010-12-02,139.56212984429104
2010-12-03,138.46769657315755
2010-12-06,140.42308980682122
2010-12-07,137.41703885156525
2010-12-08,136.08913227182842
2010-12-09,136.7603833421455
2010-12-10,135.92861450141007
2010-12-13,136.43934780130883
2010-12-14,134.45477457900134
2010-12-15,132.7036857984481
2010-12-16,133.6230057382659
2010-12-17,136.05994115003358
2010-12-20,135.91401894051265
2010-12-21,136.8625300021252
2010-12-22,135.88483895186883
2010-12-23,135.60757896057336
2010-12-27,136.818754452584
2010-12-28,134.14833504438806
2010-12-29,136.41806899615855
2010-12-30,136.3155543588669
2010-12-31,137.82383559334372
2011-01-03,136.7841543966351
2011-01-04,136.94522169456815
2011-01-05,133.92868156969416
2011-01-06,134.51442044486458
2011-01-07,135.23194470162747
2011-01-10,135.96411550258057
2011-01-11,135.2026627852869
2011-01-12,134.1483350443881
2011-01-13,135.34909471106957
2011-01-14,134.48512735648424
2011-01-18,133.85547119282282
2011-01-19,134.8219308406202
2011-01-20,132.96222192189688
2011-01-21,134.0165384907559
2011-01-24,134.07511349547693
2011-01-25,135.34909471106963
2011-01-26,133.299014233993
2011-01-27,133.89939965335364
2011-01-28,134.6022773659263
2011-01-31,133.5772427134079
2011-02-01,132.91828273620783
2011-02-02,132.94767945961974
2011-02-03,131.8455377745382
2011-02-04,130.5082671484214
2011-02-07,131.1842460365503
2011-02-08,129.97923824265706
2011-02-09,131.1107766511505
2011-02-10,129.59717053082224
2011-02-11,131.4634588511384
2011-02-14,131.55162659824413
2011-02-15,132.13943773926727
2011-02-16,131.7132749423146
2011-02-17,131.91900715993796
2011-02-18,131.50754272469126
2011-02-22,133.4767083653841
2011-02-23,133.96165339759557
2011-02-24,134.8139677799359
2011-02-25,135.6075111385824
2011-02-28,135.78385784435883
2011-03-01,136.17622207809825
2011-03-02,134.082782441884
2011-03-03,132.77070329356306
2011-03-04,133.87638872738052
2011-03-07,133.0213338734149
2011-03-08,132.2104933895699
2011-03-09,133.49309254193915
2011-03-10,135.73394340552574
2011-03-11,134.96733978702906
2011-03-14,134.9083685475118
2011-03-15,136.92808007481213
2011-03-16,138.47604418120213
2011-03-17,137.41458436511917
2011-03-18,137.78314617639165
2011-03-21,136.9723169401605
2011-03-22,137.42932998690196
2011-03-23,137.25241626835017
2011-03-24,136.22044769583277
2011-03-25,135.881365880512
2011-03-28,136.07302522084655
2011-03-29,135.0262997789325
2011-03-30,136.10250521679825
2011-03-31,135.82239464099473
2011-04-01,136.47991656068228
2011-04-04,136.6279562943065
2011-04-05,136.0801968557184
2011-04-06,134.03722142440566
2011-04-07,133.77074538599896
2011-04-08,133.06013885201193
2011-04-11,133.17857515679438
2011-04-12,134.6145842918355
2011-04-13,135.45842319767203
2011-04-14,135.3547942546643
2011-04-15,137.1905117999616
2011-04-18,137.50139862898476
2011-04-19,138.09356885818934
2011-04-20,137.2053191617363
2011-04-21,137.08688285695385
2011-04-25,137.60502757199248
2011-04-26,138.93740776402586
2011-04-27,137.51620599075946
2011-04-28,138.56730278261145
2011-04-29,138.9966259164171
2011-05-02,139.21868890526574
2011-05-03,140.0066613065477
2011-05-04,140.63109098194604
2011-05-05,141.9691626741961
2011-05-06,141.34473299879775
2011-05-09,141.1960608869822
2011-05-10,140.1850746464994
2011-05-11,140.98791766184942
2011-05-12,140.0958736480011
2011-05-13,141.35960361286584
2011-05-16,142.1475760141478
2011-05-17,143.60457859007727
2011-05-18,141.7015483357461
2011-05-19,141.64207722242887
2011-05-20,141.71641894981417
2011-05-23,142.40031973852973
2011-05-24,142.93554841542976
2011-05-25,142.26651824078226
2011-05-26,143.48564770639786
2011-05-27,143.42617659308064
2011-05-31,143.75326204484787
2011-06-01,145.68899794055926
2011-06-02,142.9136842700875
2011-06-03,143.73434582248134
2011-06-06,142.64510516056288
2011-06-07,143.301634402478
2011-06-08,144.42071212818928
2011-06-09,143.8387926215272
2011-06-10,144.94294612341844
2011-06-13,144.21181853009764
2011-06-14,142.033348590108
2011-06-15,144.61468150246088
2011-06-16,145.27121074437596
2011-06-17,144.58484443866806
2011-06-20,144.76388958911957
2011-06-21,144.12228457102452
2011-06-22,144.2118185300976
2011-06-23,145.3159720319888
2011-06-24,144.7042154615339
2011-06-27,142.71971489581586
2011-06-28,141.57078872246444
2011-06-29,140.630767531052
2011-06-30,140.40694970914026
2011-07-01,140.1831323425824
2011-07-05,140.4975436457332
2011-07-06,141.21620621204497
2011-07-07,140.79699114117727
2011-07-08,142.78827415055287
2011-07-11,144.92927519627352
2011-07-12,145.42334357393676
2011-07-13,145.82759483709773
2011-07-14,143.74648329046587
2011-07-15,143.98602986406715
2011-07-18,142.5936304228257
2011-07-19,145.55809780257505
2011-07-20,143.8363118277221
2011-07-21,142.728384651464
2011-07-22,143.80637278955467
2011-07-25,142.23430485104677
2011-07-26,143.2074892214205
2011-07-27,143.2224644518812
2011-07-28,143.76144709817254
2011-07-29,146.60613547974427
2011-08-01,148.0808861234902
2011-08-02,152.52721681137774
2011-08-03,152.82764006931652
2011-08-04,158.2653881371449
2011-08-05,153.69888356191674
2011-08-08,158.5507982544756
2011-08-09,159.03148234342527
2011-08-10,163.76321168823088
2011-08-11,155.50144603037484
2011-08-12,158.58083599610447
2011-08-15,156.97354749926532
2011-08-16,159.57225337604524
2011-08-17,162.36622176403145
2011-08-18,165.70097264505029
2011-08-19,167.03787562557946
2011-08-22,166.6172784803001
2011-08-23,164.3190073218716
2011-08-24,159.64735346032361
2011-08-25,161.37481584450336
2011-08-26,162.96707974032176
2011-08-29,160.71387092454282
2011-08-30,163.29755220030202
2011-08-31,160.7739578682131
2011-09-01,164.17180042973976
2011-09-02,169.5050877318843
2011-09-06,171.26778116809172
2011-09-07,167.99850978758167
2011-09-08,169.50508773188426
2011-09-09,171.3129766673364
2011-09-12,171.4937701585926
2011-09-13,169.05310975088247
2011-09-14,170.48436569453645
2011-09-15,167.87798079341084
2011-09-16,169.09830525012717
2011-09-19,172.32238113139255
2011-09-20,173.0455436021399
2011-09-21,178.77054438820082
2011-09-22,185.48988064047714
2011-09-23,182.03981576871087
2011-09-26,179.117050878595
2011-09-27,176.37507947973535
2011-09-28,176.31481498264995
2011-09-29,177.53513943936628
2011-09-30,181.99462026946622
2011-10-03,186.99042445689386
2011-10-04,184.61925157004006
2011-10-05,183.2901904022644
2011-10-06,179.90711827894435
2011-10-07,178.57804558848272
2011-10-10,176.05584485662717
2011-10-11,175.46682819524023
2011-10-12,172.91441498077273
2011-10-13,174.6361577637017
2011-10-14,172.0988507905402
2011-10-17,175.07414658008696
2011-10-18,173.98672765977688
2011-10-19,173.92632573992498
2011-10-20,172.6878674519272
2011-10-21,170.8604040252284
2011-10-24,171.14736499661188
2011-10-25,175.49702915516622
2011-10-26,172.43111896315563
2011-10-27,166.58625955051792
2011-10-28,168.33820329337283
2011-10-31,175.01373313754905
2011-11-01,180.85708916230294
2011-11-02,178.60111023066537
2011-11-03,176.1482932472651
2011-11-04,176.36027535336237
2011-11-07,177.48069279201385
2011-11-08,175.2095698060417
2011-11-09,178.8433688939029
2011-11-10,176.17858135593417
2011-11-11,175.1035845287575
2011-11-14,177.91977795548524
2011-11-15,177.6775192922477
2011-11-16,179.29758656017998
2011-11-17,180.735971382213
2011-11-18,180.6905392192093
2011-11-21,181.76554759791486
2011-11-22,183.79441192064945
2011-11-23,185.5961731860099
2011-11-25,182.90110909090092
2011-11-28,182.8102563164224
2011-11-29,181.31131838010887
2011-11-30,178.47998089904655
2011-12-01,177.58667668311458
2011-12-02,180.0759248999522
2011-12-05,179.71164777997035
2011-12-06,177.99648699557406
2011-12-07,178.63398643074336
2011-12-08,180.86520550343386
2011-12-09,177.14650318889608
2011-12-12,179.11969311743948
2011-12-13,180.78930912919728
2011-12-14,184.20443752694948
2011-12-15,183.52141647946337
2011-12-16,185.66155758703778
2011-12-19,188.01420622644252
2011-12-20,183.32409053851254
2011-12-21,180.7741275383178
2011-12-22,181.5330449600405
2011-12-23,179.5143218390195
2011-12-27,180.36430981455536
2011-12-28,183.69903576654528
2011-12-29,184.03403255297675
2011-12-30,184.62788626808302
2012-01-03,181.85656505848343
2012-01-04,179.69432785900366
2012-01-05,179.37456136758578
2012-01-06,180.79067675375714
2012-01-09,180.47089864502803
2012-01-10,180.16636244862372
2012-01-11,182.5113283363328
2012-01-12,182.25247140765802
2012-01-13,184.06448152569274
2012-01-17,184.917203786785
2012-01-18,182.67882672954852
2012-01-19,180.1663624486237
2012-01-20,178.12594437463014
2012-01-23,176.9991348898495
2012-01-24,177.3189013812674
2012-01-25,176.89254605937688
2012-01-26,179.23751194708598
2012-01-27,179.80091668947628
2012-01-30,181.91747462122652
2012-01-31,184.0188022579632
2012-02-01,181.91595052293252
2012-02-02,181.83962603336818
2012-02-03,177.93205439370152
2012-02-06,179.70268007135178
2012-02-07,177.47413074727967
2012-02-08,177.61151249939905
2012-02-09,176.28354324116137
2012-02-10,178.57313818230645
2012-02-13,178.80210000551736
2012-02-14,179.74847010689754
2012-02-15,179.42792821259508
2012-02-16,177.9931116562566
2012-02-17,177.94732162071082
2012-02-21,175.9782685738682
2012-02-22,178.19153902544895
2012-02-23,178.19153902544895
2012-02-24,179.35160372303076
2012-02-27,180.93905761301585
2012-02-28,180.3437638599567
2012-02-29,179.24475642492996
2012-03-01,177.56113675250106
2012-03-02,179.22874271120511
2012-03-05,177.80592766001735
2012-03-06,179.9630920892081
2012-03-07,178.86156802220364
2012-03-08,177.07156660974147
2012-03-09,177.42345062122786
2012-03-12,177.39284592165185
2012-03-13,174.27184355672986
2012-03-14,169.88100294940838
2012-03-15,170.14108453443973
2012-03-16,170.47766619613813
2012-03-19,168.4428855484326
2012-03-20,169.11604887182943
2012-03-21,171.02843406577682
2012-03-22,171.5792019354155
2012-03-23,173.20090084475558
2012-03-26,172.3135513134185
2012-03-27,173.55278485624197
2012-03-28,173.3079939487257
2012-03-29,174.60841354615533
2012-03-30,171.65569033980964
2012-04-02,172.60423619735306
2012-04-03,169.61323168753665
2012-04-04,171.94467985642515
2012-04-05,173.18710701634024
2012-04-09,177.23647236917787
2012-04-10,179.24581326026717
2012-04-11,177.0984197059191
2012-04-12,176.3621778430505
2012-04-13,179.21512968960815
2012-04-16,178.95437785077357
2012-04-17,178.8470087581738
2012-04-18,179.3685241381964
2012-04-19,179.53724866976074
2012-04-20,179.56792053806635
2012-04-23,180.87169143459263
2012-04-24,179.59859240637192
2012-04-25,178.67828422660943
2012-04-26,179.75198685496017
2012-04-27,179.905369601195
2012-04-30,179.95138325483012
2012-05-01,179.02033671471585
2012-05-02,180.28115111898128
2012-05-03,180.23502562248828
2012-05-04,181.6495955919963
2012-05-07,181.68035374352343
2012-05-08,182.64902436226959
2012-05-09,182.77203350678272
2012-05-10,182.23387143223715
2012-05-11,183.74070412552888
2012-05-14,186.30845843055278
2012-05-15,187.06188064259746
2012-05-16,187.6000309863453
2012-05-17,190.92119577261622
2012-05-18,190.96732126910922
2012-05-21,190.56755914563806
2012-05-22,188.44569246057833
2012-05-23,189.75264409213446
2012-05-24,189.02998003161687
2012-05-25,189.73726501637088
2012-05-29,189.15297744533234
2012-05-30,193.95022850416552
2012-05-31,196.1950926029407
2012-06-01,200.84319754925002
2012-06-04,199.2562978304924
2012-06-05,196.59091424388103
2012-06-06,192.6621843269933
2012-06-07,192.95490575521927
2012-06-08,192.90868720099752
2012-06-11,193.78687499460437
2012-06-12,192.01508930449526
2012-06-13,193.9101323088387
2012-06-14,193.66361768037004
2012-06-15,194.74210154822381
2012-06-18,195.7897652102868
2012-06-19,193.23222883501435
2012-06-20,194.1874553886338
2012-06-21,195.21970894780134
2012-06-22,192.61595401830712
2012-06-25,195.41999326758378
2012-06-26,194.64965268531586
2012-06-27,194.95779597090169
2012-06-28,195.43540337047918
2012-06-29,192.89327709810215
2012-07-02,194.87922170168898
2012-07-03,193.38157409344836
2012-07-05,194.3697105356764
2012-07-06,196.17614636479493
2012-07-09,197.9053792489362
2012-07-10,198.30682513920553
2012-07-11,198.55386513952033
2012-07-12,199.95885507836954
2012-07-13,199.43391274697396
2012-07-16,200.36030096863885
2012-07-17,198.78545041542097
2012-07-18,198.89353925019535
2012-07-19,198.38402808418275
2012-07-20,200.80804035505713
2012-07-23,201.93512796282556
2012-07-24,203.52543324045755
2012-07-25,204.05037557185315
2012-07-26,202.18216796314036
2012-07-27,198.36857335976865
2012-07-30,199.85078980262625
2012-07-31,200.25221213386445
2012-08-01,199.25326982371496
2012-08-02,200.38274673820678
2012-08-03,197.14902559989562
2012-08-06,197.22639220696465
2012-08-07,194.68892331432724
2012-08-08,193.65227688472874
2012-08-09,193.51301935290184
2012-08-10,194.48777485774247
2012-08-13,194.1628563561289
2012-08-14,191.5325569785982
2012-08-15,188.8403666763096
2012-08-16,187.23123804606618
2012-08-17,188.14410262614896
2012-08-20,188.53091205252036
2012-08-21,189.36642183002098
2012-08-22,192.4918486056145
2012-08-23,193.29640701849277
2012-08-24,193.1107342442192
2012-08-27,194.2402229631979
2012-08-28,194.70438719215144
2012-08-29,193.8534135368265
2012-08-30,194.8591204062895
2012-08-31,197.61320163333593
2012-09-04,197.4151528461364
2012-09-05,196.48482932461602
2012-09-06,193.21318234066675
2012-09-07,192.31386447699134
2012-09-10,192.77903215260423
2012-09-11,191.56961039165716
2012-09-12,189.18177252760805
2012-09-13,188.4375066125685
2012-09-14,183.42925887636926
2012-09-17,185.63102730423213
2012-09-18,186.56135082575253
2012-09-19,187.7862813304748
2012-09-20,188.25144900608768
2012-09-21,188.4685241001189
2012-09-24,189.94153535671742
2012-09-25,191.8176911435334
2012-09-26,193.87991636653564
2012-09-27,192.49993391317756
2012-09-28,192.6084714601932
2012-10-01,193.32171657536483
2012-10-02,193.05757625774038
2012-10-03,193.11972901266833
2012-10-04,190.7113601405197
2012-10-05,188.240850367869
2012-10-08,189.82570412804148
2012-10-09,189.4838699031506
2012-10-10,190.82012449803713
2012-10-11,192.14084979501106
2012-10-12,192.6225188276704
2012-10-15,192.18746139760052
2012-10-16,189.53049336016593
2012-10-17,187.77471063312214
2012-10-18,186.62491430301952
2012-10-19,189.15757683059817
2012-10-22,187.9456277455676
2012-10-23,190.63367808767913
2012-10-24,188.75360170520528
2012-10-25,187.79025178546067
2012-10-26,190.5559841804127
2012-10-31,191.67471006026432
2012-11-01,190.1053855980044
2012-11-02,189.9655507902359
2012-11-05,191.0376532130721
2012-11-06,189.23527073786468
2012-11-07,192.66913043025997
2012-11-08,195.52808603039102
2012-11-09,195.74562659985185
2012-11-12,196.07191967240425
2012-11-13,196.72450581750903
2012-11-14,196.91096408229294
2012-11-15,196.52251825481258
2012-11-16,196.35160114236717
2012-11-19,195.24841641485406
2012-11-20,193.29064612511377
2012-11-21,193.1818817675963
2012-11-23,192.99542350281243
2012-11-26,193.91216181996757
2012-11-27,194.67351232258983
2012-11-28,194.39383085262693
2012-11-29,194.42490130287797
2012-11-30,193.89662066762912
2012-12-03,194.0753100158634
2012-12-04,195.19622270106913
2012-12-05,195.1028162800663
2012-12-06,195.52315705230296
2012-12-07,193.71723227247938
2012-12-10,194.57349739075173
2012-12-11,193.09449508443802
2012-12-12,190.8526459585787
2012-12-13,190.99276746780689
2012-12-14,192.42505468589528
2012-12-17,189.5449085536434
2012-12-18,187.61443396066673
2012-12-19,188.2371711487081
2012-12-20,188.2683026631344
2012-12-21,190.3233270692641
2012-12-24,189.98082102195517
2012-12-26,190.66271279098518
2012-12-27,191.30242156696102
2012-12-28,192.39459276524505
2012-12-31,189.0712616300894
2013-01-02,186.54365012349498
2013-01-03,184.01605052067387
2013-01-04,184.7337647229424
2013-01-07,184.8117701492351
2013-01-08,186.02877621788866
2013-01-09,185.8571476147621
2013-01-10,185.34226180538252
2013-01-11,186.9961244495764
2013-01-14,186.4812386401968
2013-01-15,187.33938165582947
2013-01-16,187.72944449861282
2013-01-17,185.8571476147621
2013-01-18,187.2925760192992
2013-01-22,187.65142716854683
2013-01-23,187.3705814455919
2013-01-24,186.71527872662148
2013-01-25,184.15646743026466
2013-01-28,183.48555886452638
2013-01-29,182.47139309253504
2013-01-30,182.15934757981768
2013-01-31,183.04869038521275
2013-02-01,180.6771102056938
2013-02-04,182.99147189038888
2013-02-05,181.36516948357846
2013-02-06,182.8507390002181
2013-02-07,182.44415743323532
2013-02-08,183.14785767577018
2013-02-11,183.00711285503905
2013-02-12,182.553620324666
2013-02-13,181.06805080802636
2013-02-14,182.70999417948698
2013-02-15,182.17832068698365
2013-02-19,181.27133562623754
2013-02-20,181.81865008339108
2013-02-21,182.88200899895813
2013-02-22,183.00711285503905
2013-02-25,186.60377116872297
2013-02-26,185.52477128850572
2013-02-27,184.97745683135219
2013-02-28,185.32148647029453
2013-03-01,186.32854850745846
2013-03-04,185.3412659686814
2013-03-05,184.80845668925323
2013-03-06,183.13165696274837
2013-03-07,181.7212618759576
2013-03-08,179.82506868662384
2013-03-11,179.99745097256755
2013-03-12,181.2981493279439
2013-03-13,181.1100926643561
2013-03-14,180.56160900728386
2013-03-15,181.40784605935832
2013-03-18,182.78689239086097
2013-03-19,184.02490519170803
2013-03-20,181.97200409407463
2013-03-21,183.72715179670578
2013-03-22,183.86819728340836
2013-03-25,183.69581499746465
2013-03-26,183.91520846029354
2013-03-27,185.48231145538395
2013-03-28,184.5420520495391
2013-04-01,185.92893389601716
2013-04-02,185.17511098566933
2013-04-03,186.83981422933664
2013-04-04,189.06989064666436
2013-04-05,192.88615357797266
2013-04-08,191.40990007099276
2013-04-09,190.93876374747518
2013-04-10,188.31606773631657
2013-04-11,188.67727105283348
2013-04-12,191.48842878247862
2013-04-15,193.15313202614593
2013-04-16,191.56695749396445
2013-04-17,192.83904114380087
2013-04-18,193.31017746731845
2013-04-19,192.90186171662967
2013-04-22,193.04319901914522
2013-04-23,192.3678928384841
2013-04-24,192.85474928245782
2013-04-25,192.02238567882503
2013-04-26,193.78132577263517
2013-04-29,193.0746152964592
2013-04-30,193.18454830345988
2013-05-01,195.16492153474292
2013-05-02,194.91311037739334
2013-05-03,190.3176648189152
2013-05-06,189.84552490239318
2013-05-07,189.10585664346672
2013-05-08,189.4048673840483
2013-05-09,188.91699827545455
2013-05-10,186.88681584563676
2013-05-13,185.45466690399894
2013-05-14,183.44022567326974
2013-05-15,184.6677750478068
2013-05-16,186.58779309803833
2013-05-17,184.22711752946188
2013-05-20,184.0067887702894
2013-05-21,185.45466690399894
2013-05-22,182.70054540732642
2013-05-23,183.5661312519445
2013-05-24,183.8179424092941
2013-05-28,179.15953205446172
2013-05-29,181.1739852922078
2013-05-30,180.733315766846
2013-05-31,180.1195410795775
2013-06-03,181.07168310725405
2013-06-04,179.3994793778115
2013-06-05,181.87623918128844
2013-06-06,181.76581086020798
2013-06-07,178.51605280916777
2013-06-10,177.6641720312109
2013-06-11,179.7780890449753
2013-06-12,177.20667983365348
2013-06-13,179.98316677390068
2013-06-14,179.55723240281444
2013-06-17,178.61070221701272
2013-06-18,178.7053516248576
2013-06-19,176.85961595717657
2013-06-20,173.956909746829
2013-06-21,171.00689086834336
2013-06-24,171.71678549874858
2013-06-25,170.18655588107336
2013-06-26,171.2908511276623
2013-06-27,173.04193738749848
2013-06-28,174.22510312869673
2013-07-01,174.5753221138169
2013-07-02,174.4646296876739
2013-07-03,173.94285772734668
2013-07-05,168.01352672279134
2013-07-08,169.64211437525512
2013-07-09,169.81604238311579
2013-07-10,168.48786596520287
2013-07-11,170.46430963338798
2013-07-12,170.32201147964096
2013-07-15,171.2232693098032
2013-07-16,171.80830097835772
2013-07-17,172.1245271399654
2013-07-18,169.97415546391963
2013-07-19,172.66211402734947
2013-07-22,172.91510460723947
2013-07-23,172.18777478493791
2013-07-24,170.00577325477846
2013-07-25,169.94253767306077
2013-07-26,170.98609365696998
2013-07-29,169.73697981108643
2013-07-30,169.67373216611392
2013-07-31,170.2903816255273
2013-08-01,167.01739670137505
2013-08-02,168.85623038062354
2013-08-05,167.55636123168574
2013-08-06,168.04778358515748
2013-08-07,169.3000984630877
2013-08-08,169.75979781227335
2013-08-09,170.02929217159732
2013-08-12,168.87208583568227
2013-08-13,166.43086580588817
2013-08-14,166.6845047101534
2013-08-15,164.4335138585582
2013-08-16,163.86283841813002
2013-08-19,162.43614981705963
2013-08-20,163.68846469498982
2013-08-21,161.89717319258028
2013-08-22,163.54578978779847
2013-08-23,165.32122583514928
2013-08-26,166.14552808567407
2013-08-27,168.23800066918778
2013-08-28,166.87472179418367
2013-08-29,168.20630185323895
2013-08-30,168.01607267504002
2013-09-03,165.65253455456877
2013-09-04,165.2869556005691
2013-09-05,162.98225720525767
2013-09-06,163.79288036305167
2013-09-09,163.87234561284632
2013-09-10,162.72793930220655
2013-09-11,164.1743450910832
2013-09-12,163.95182298918604
2013-09-13,164.5876056202687
2013-09-16,163.49088088481477
2013-09-17,164.84191139677475
2013-09-18,166.8764061150032
2013-09-19,165.8909545570429
2013-09-20,166.76514506405462
2013-09-23,167.9890287510341
2013-09-24,169.80100136736536
2013-09-25,170.1506824207881
2013-09-26,168.95859453496251
2013-09-27,169.37184293760293
2013-09-30,169.11753716109692
2013-10-01,168.60573652075814
2013-10-02,168.86071051091093
2013-10-03,168.58979684687083
2013-10-04,168.46230377259005
2013-10-07,169.1475638488383
2013-10-08,169.1953707120914
2013-10-09,167.84079023348215
2013-10-10,168.11170389752223
2013-10-11,168.06389703426913
2013-10-14,166.7093165556599
2013-10-15,166.5977631552664
2013-10-16,168.685410573377
2013-10-17,170.2152909895201
2013-10-18,170.58183053847515
2013-10-21,170.0399910519862
2013-10-22,171.93641101708437
2013-10-23,172.60573141944533
2013-10-24,171.93641101708437
2013-10-25,172.57386423007952
2013-10-28,171.98421788033747
2013-10-29,172.20732468112448
2013-10-30,171.1714768882172
2013-10-31,171.5380042787635
2013-11-01,169.68621462241157
2013-11-04,169.84600709017224
2013-11-05,167.81660495632167
2013-11-06,167.8965072858939
2013-11-07,169.31868097431652
2013-11-08,165.24391818519183
2013-11-11,164.62070683557266
2013-11-12,165.3877277487613
2013-11-13,165.99494400280543
2013-11-14,167.0176304261344
2013-11-15,167.3532104572308
2013-11-18,168.35991397636855
2013-11-19,167.0815498515154
2013-11-20,164.23720247467023
2013-11-21,164.50885088900176
2013-11-22,166.04289271537905
2013-11-25,166.5222701186611
2013-11-26,167.14546927689645
2013-11-27,166.85783795837366
2013-11-29,166.9057744795635
2013-12-02,165.6114435431458
2013-12-03,166.22048150468456
2013-12-04,164.6337692970184
2013-12-05,164.1689723416497
2013-12-06,164.95431301825792
2013-12-09,165.33898015729633
2013-12-10,166.5250065994335
2013-12-11,165.24280725855712
2013-12-12,164.61773844256865
2013-12-13,165.4191099736266
2013-12-16,164.81007201208786
2013-12-17,165.54733235330607
2013-12-18,164.7138991133487
2013-12-19,164.55362725272894
2013-12-20,167.08596422558225
2013-12-23,166.14035168835426
2013-12-24,164.81007201208786
2013-12-26,164.17698312225005
2013-12-27,163.71066112297953
2013-12-30,164.8362697561402
2013-12-31,163.7910661210911
2014-01-02,164.28954275875807
2014-01-03,164.2895427587581
2014-01-06,164.9809840310447
2014-01-07,165.39906793868042
2014-01-08,164.94882939264826
2014-01-09,165.9136280295858
2014-01-10,167.89147566317592
2014-01-13,168.72763121036704
2014-01-14,167.95578493996888
2014-01-15,167.77890375858763
2014-01-16,168.9045123917483
2014-01-17,169.6120371172733
2014-01-21,169.74066793893942
2014-01-22,169.32259629938403
2014-01-23,171.71851557252958
2014-01-24,172.82804075245187
2014-01-27,171.6220393892599
2014-01-28,172.04011102881532
2014-01-29,173.45516047986524
2014-01-30,172.956671574118
2014-01-31,174.1144348456751
2014-02-03,176.23056670979224
2014-02-04,174.36058172262503
2014-02-05,172.7485201858362
2014-02-06,172.0069610557463
2014-02-07,172.1520529895651
2014-02-10,172.63566407116966
2014-02-11,171.6361937897548
2014-02-12,170.74955502489956
2014-02-13,171.71678948716215
2014-02-14,171.81352154272582
2014-02-18,172.20041286782018
2014-02-19,171.4749900958866
2014-02-20,171.05585065258654
2014-02-21,171.95860117749118
2014-02-24,171.5233499741417
2014-02-25,173.05480351446968
2014-02-26,173.97367809847717
2014-02-27,174.92480080069038
2014-02-28,175.02152055720057
2014-03-03,176.1870395724125
2014-03-04,173.53688236249067
2014-03-05,173.90855631464652
2014-03-06,172.19564080429143
2014-03-07,171.11295718302162
2014-03-10,171.35535216671272
2014-03-11,171.80781622761825
2014-03-12,173.00361586411444
2014-03-13,175.33058798159544
2014-03-14,175.36290155935112
2014-03-17,174.05398590762854
2014-03-18,174.68420546799283
2014-03-19,173.32681328527624
2014-03-20,173.01977881735277
2014-03-21,174.89428687392825
2014-03-24,176.13856304141845
2014-03-25,175.4760175745775
2014-03-26,176.84958503925344
2014-03-27,177.73835020782616
2014-03-28,176.73646902402706
2014-03-31,176.30015558763887
2014-04-01,174.79732345581456
2014-04-02,173.79282979327968
2014-04-03,174.55429939995904
2014-04-04,175.72080497949193
2014-04-07,176.7739009810545
2014-04-08,177.19514185382292
2014-04-09,176.32026266917325
2014-04-10,177.95659909978534
2014-04-11,179.3985385350035
2014-04-14,178.92869532320736
2014-04-15,180.0465862029956
2014-04-16,180.27340535893623
2014-04-17,178.29684019441322
2014-04-21,178.1510208166131
2014-04-22,178.75047850629446
2014-04-23,179.77116470802727
2014-04-24,180.1113934419382
2014-04-25,180.3706223977086
2014-04-28,179.49574321305892
2014-04-29,179.25271915720342
2014-04-30,179.99798386396787
2014-05-01,181.92433198428722
2014-05-02,183.0449197095336
2014-05-05,181.9405757979515
2014-05-06,182.6713987280511
2014-05-07,182.0217824758735
2014-05-08,181.2422404951805
2014-05-09,180.6575871072606
2014-05-12,179.92677656756047
2014-05-13,181.48584813854703
2014-05-14,183.45092831834467
2014-05-15,184.9125617881444
2014-05-16,184.3928712644822
2014-05-19,183.0286758958693
2014-05-20,183.43468450468038
2014-05-21,182.31410916983347
2014-05-22,182.05425771280267
2014-05-23,183.02867589586936
2014-05-27,184.1005445705223
2014-05-28,186.37419525794414
2014-05-29,185.3835332612132
2014-05-30,185.30232658329118
2014-06-02,183.92839444230648
2014-06-03,181.6651122354552
2014-06-04,181.61626638421563
2014-06-05,181.697671995399
2014-06-06,181.697671995399
2014-06-09,181.43715664790528
2014-06-10,180.76956355390348
2014-06-11,181.0952232665804
2014-06-12,182.7071984707257
2014-06-13,182.60950676824652
2014-06-16,183.06541794334635
2014-06-17,181.6162663842156
2014-06-18,183.01657209210677
2014-06-19,180.67187185142433
2014-06-20,182.03961779937168
2014-06-23,181.46971640784903
2014-06-24,183.30965962219204
2014-06-25,183.7818568885877
2014-06-26,184.6611194788436
2014-06-27,184.38430561740628
2014-06-30,184.84021679250614
2014-07-01,183.2966285627694
2014-07-02,181.33763856197004
2014-07-03,180.68463774338537
2014-07-07,182.00695537117718
2014-07-08,184.0475751449076
2014-07-09,184.19450624519263
2014-07-10,184.2434791269694
2014-07-11,185.41887810943086
2014-07-14,184.61894619056116
2014-07-15,184.2434791269694
2014-07-16,185.22297412736907
2014-07-17,187.55744364671486
2014-07-18,186.95341570990698
2014-07-21,187.88393782852987
2014-07-22,188.27574579265345
2014-07-23,188.03086892881487
2014-07-24,186.62692152809197
2014-07-25,188.83078839272991
2014-07-28,188.56959553826886
2014-07-29,189.25524079305316
2014-07-30,186.626921528092
2014-07-31,186.07187892801556
2014-08-01,187.50846578295622
2014-08-04,187.01744201734834
2014-08-05,187.62303924368845
2014-08-06,187.73761270442068
2014-08-07,189.4889570256538
2014-08-08,189.0797643105286
2014-08-11,189.06340559297445
2014-08-12,187.8358274475988
2014-08-13,189.06340559297445
2014-08-14,190.58560299274308
2014-08-15,192.66429649104808
2014-08-18,190.74927758127902
2014-08-19,190.16003907249308
2014-08-20,189.8490486129753
2014-08-21,190.912952169815
2014-08-22,191.9768557266547
2014-08-25,192.6970389012977
2014-08-26,192.07505798226214
2014-08-27,193.711828842763
2014-08-28,194.726631271799
2014-08-29,194.85757593765604
2014-09-02,191.5038329439926
2014-09-03,192.570193939343
2014-09-04,190.22417721976092
2014-09-05,189.8632621615313
2014-09-08,189.94528319071733
2014-09-09,189.79763782824548
2014-09-10,188.6000156497616
2014-09-11,187.9766032583885
2014-09-12,186.00791080949793
2014-09-15,186.28681735510327
2014-09-16,185.53214378059673
2014-09-17,185.05638926825728
2014-09-18,185.6469957512683
2014-09-19,188.00940916675054
2014-09-22,188.23908807497017
2014-09-23,189.40389182853028
2014-09-24,188.35392752907998
2014-09-25,190.58510479455228
2014-09-26,190.3062107655087
2014-09-29,191.83194209386016
2014-09-30,190.74915936948608
2014-10-01,194.43881407381585
2014-10-02,192.74488513100962
2014-10-03,193.56717561799712
2014-10-06,193.6822957842891
2014-10-07,196.29718605743108
2014-10-08,196.3465214791052
2014-10-09,195.4913448933873
2014-10-10,197.4319509445641
2014-10-13,198.6324880291579
2014-10-14,199.93170850425702
2014-10-15,201.5105047336142
2014-10-16,200.22773358145884
2014-10-17,199.10941801726952
2014-10-20,199.83303766090881
2014-10-21,198.2377921086079
2014-10-22,198.4515831182481
2014-10-23,196.6918819779811
2014-10-24,196.88923621183466
2014-10-27,197.25104603365432
2014-10-28,196.01761030317303
2014-10-29,196.46164164539718
2014-10-30,196.62609723336325
2014-10-31,196.1162811465213
2014-11-03,196.11627964086244
2014-11-04,196.7262625147278
2014-11-05,196.4460052123077
2014-11-06,195.1765837732963
2014-11-07,197.41866734814616
2014-11-10,195.60522072730288
2014-11-11,195.73711095588098
2014-11-12,195.5722418812861
2014-11-13,196.03385768130946
2014-11-14,196.99003039413952
2014-11-17,196.49546090358834
2014-11-18,197.03948608542018
2014-11-19,195.78656664716164
2014-11-20,196.80868447428074
2014-11-21,197.99567137599473
2014-11-24,198.16052787284514
2014-11-25,199.80911799683798
2014-11-26,200.3531557564143
2014-11-28,201.93580076611812
2014-12-01,200.76035952947967
2014-12-02,198.81058763226167
2014-12-03,199.5871935091971
2014-12-04,201.25606916347837
2014-12-05,200.08289053677615
2014-12-08,202.52837206799282
2014-12-09,203.56934717168645
2014-12-10,205.05646346726283
2014-12-11,205.89916480249272
2014-12-12,208.69163803494058
2014-12-15,208.26202385923636
2014-12-16,210.83968370062232
2014-12-17,208.93948024552026
2014-12-18,205.22169580978914
2014-12-19,207.9811276162996
2014-12-22,208.26202385923636
2014-12-23,204.13115226397957
2014-12-24,205.23987164480826
2014-12-26,206.0015636273363
2014-12-29,207.5414715104132
2014-12-30,208.10445958885157
2014-12-31,208.5018547640661
2015-01-02,210.8200164465864
2015-01-05,214.1316850165903
2015-01-06,217.98974194922263
2015-01-07,217.55923577314223
2015-01-08,214.6780860121836
2015-01-09,217.02938396149946
2015-01-12,218.2712549378891
2015-01-13,218.2712549378891
2015-01-14,219.92708290640863
2015-01-15,223.38775729679128
2015-01-16,220.53973116966333
2015-01-20,223.4705537484032
2015-01-21,220.88744089413183
2015-01-22,220.09265054370277
2015-01-23,223.15594239183577
2015-01-26,222.47704686091964
2015-01-27,222.82478185131782
2015-01-28,226.4675983288748
2015-01-29,224.9773379976494
2015-01-30,228.9678894656046
2015-02-02,228.10519804081997
2015-02-03,223.27697937872915
2015-02-04,223.65858559497326
2015-02-05,221.20299402513558
2015-02-06,217.2873086648627
2015-02-09,216.9388679858892
2015-02-10,215.2133233112691
2015-02-11,215.6115122961485
2015-02-12,214.89807348677024
2015-02-13,212.6913500324822
2015-02-17,209.48911614018962
2015-02-18,210.73350735234578
2015-02-19,209.33978261225784
2015-02-20,209.95368683401827
2015-02-23,212.35950478074602
2015-02-24,215.14694160231988
2015-02-25,216.07608298997718
2015-02-26,213.1227298718362
2015-02-27,214.91465625540556
2015-03-02,210.9193374527159
2015-03-03,210.1545963789758
2015-03-04,210.2210845734353
2015-03-05,209.95509374436057
2015-03-06,205.31676213045705
2015-03-09,207.2119927661924
2015-03-10,209.9384653538729
2015-03-11,211.4679475013531
2015-03-12,211.31833003820086
2015-03-13,210.66996233038327
2015-03-16,212.6981947225288
2015-03-17,214.46042360185396
2015-03-18,218.60001765483776
2015-03-19,217.48615648333015
2015-03-20,218.63324906832187
2015-03-23,218.36727092299273
2015-03-24,220.47860721633978
2015-03-25,218.61663336157977
2015-03-26,215.20853628510633
2015-03-27,217.88513638506944
2015-03-30,216.8045319945372
2015-03-31,217.2700254582272
2015-04-01,220.11786444438994
2015-04-02,217.78556281665067
2015-04-06,216.5694491811298
2015-04-07,218.38529461579458
2015-04-08,218.4519456045351
2015-04-09,215.6198632408585
2015-04-10,215.9363918876156
2015-04-13,216.23627049713963
2015-04-14,217.76891277941758
2015-04-15,217.58566069023738
2015-04-16,216.50282361229338
2015-04-17,218.98502641493843
2015-04-20,217.0525544599298
2015-04-21,216.06966844519243
2015-04-22,212.771156259853
2015-04-23,213.687416705754
2015-04-24,215.02015686161872
2015-04-27,215.02015686161872
2015-04-28,212.05481065031734
2015-04-29,209.45598132732843
2015-04-30,209.82247279573676
2015-05-01,207.0037432026832
2015-05-04,205.05056577919964
2015-05-05,204.76677338154414
2015-05-06,201.26105463818757
2015-05-07,203.965462965132
2015-05-08,204.51636308039053
2015-05-11,199.54159009940813
2015-05-12,200.0590953817678
2015-05-13,198.45648728534047
2015-05-14,198.99068998414955
2015-05-15,202.98051917696694
2015-05-18,199.574984932307
2015-05-19,197.80542814417927
2015-05-20,198.13931279118307
2015-05-21,200.91048531113125
2015-05-22,200.99395965698145
2015-05-26,204.43288873454028
2015-05-27,204.90031450394864
2015-05-28,204.39950663803842
2015-05-29,204.85023499099734
2015-06-01,202.6533212402723
2015-06-02,199.82592035445793
2015-06-03,196.6137057036137
2015-06-04,199.17344224510418
2015-06-05,196.74755063993132
2015-06-08,196.53006219153195
2015-06-09,194.97414990826786
2015-06-10,193.26765888060754
2015-06-11,197.33310628112625
2015-06-12,197.33310628112625
2015-06-15,197.65098481384166
2015-06-16,199.20689709710575
2015-06-17,197.6677186219203
2015-06-18,196.69736197985117
2015-06-19,199.22363090518442
2015-06-22,195.15818350466571
2015-06-23,193.98705945812014
2015-06-24,195.66008286962324
2015-06-25,194.97414990826792
2015-06-26,192.7824933237287
2015-06-29,197.8852070703197
2015-06-30,196.51332838345337
2015-07-01,193.8666114732502
2015-07-02,194.50377440474358
2015-07-06,198.1088038164626
2015-07-07,199.97000475012595
2015-07-08,201.6970620794839
2015-07-09,197.72314415224415
2015-07-10,194.58761735559406
2015-07-13,193.98398392885795
2015-07-14,194.62114686035133
2015-07-15,196.6835632004728
2015-07-16,198.04173201430999
2015-07-17,199.06455461002184
2015-07-20,198.22617627207038
2015-07-21,199.29929952123723
2015-07-22,200.54009587946675
2015-07-23,203.03845974462345
2015-07-24,203.54149186444963
2015-07-27,204.63138626231418
2015-07-28,203.13907384417158
2015-07-29,202.38452566443232
2015-07-30,203.9439098847276
2015-07-31,205.4529934515679
2015-08-03,207.61098645733242
2015-08-04,205.96420815997172
2015-08-05,204.4182613961043
2015-08-06,206.2330751555751
2015-08-07,208.93847558220114
2015-08-10,206.3507012610806
2015-08-11,209.62743764322178
2015-08-12,208.4847785524754
2015-08-13,207.81262388375097
2015-08-14,208.2999356980691
2015-08-17,209.24094454211294
2015-08-18,207.59417906503626
2015-08-19,209.64424503551803
2015-08-20,211.76151493461666
2015-08-21,212.40006763903267
2015-08-24,212.33285089013182
2015-08-25,208.92168101018896
2015-08-26,204.8887658181263
2015-08-27,205.00639192363178
2015-08-28,205.6113298434554
2015-08-31,204.03176829499557
2015-09-01,205.49874128905543
2015-09-02,203.73054707604743
2015-09-03,204.72410198889273
2015-09-04,206.59334504829712
2015-09-08,203.5453058468874
2015-09-09,204.52201714401426
2015-09-10,203.14113615713043
2015-09-11,204.42098114553218
2015-09-14,204.7409456046112
2015-09-15,200.81721825664235
2015-09-16,200.05942257219812
2015-09-17,202.50122008688672
2015-09-18,205.61662090325595
2015-09-21,202.26546085848565
2015-09-22,205.0777408314943
2015-09-23,205.06089721577584
2015-09-24,206.4586218183781
2015-09-25,204.67358398965163
2015-09-28,208.1763108800594
2015-09-29,208.76570895106207
2015-09-30,208.04158765014043
2015-10-01,208.92736695976666
2015-10-02,210.19297982068016
2015-10-05,207.34114092873466
2015-10-06,208.2355052905301
2015-10-07,207.5436307468138
2015-10-08,205.8055244777427
2015-10-09,206.34551878341992
2015-10-12,207.91487924593184
2015-10-13,208.26924930205004
2015-10-14,210.09173491164063
2015-10-15,209.06236875480593
2015-10-16,209.12986965232554
2015-10-19,208.5561184606486
2015-10-20,207.27364003121505
2015-10-21,209.33237234488445
2015-10-22,209.68674240100265
2015-10-23,207.898000802932
2015-10-26,209.28173701588491
2015-10-27,209.80486575304207
2015-10-28,208.9611238457664
2015-10-29,205.6367786711835
2015-10-30,207.18926069069556
2015-11-02,206.239204213228
2015-11-03,204.5480257845745
2015-11-04,204.7847897323726
2015-11-05,204.24361315131017
2015-11-06,201.25023300976713
2015-11-09,200.1171465592095
2015-11-10,200.70905642870474
2015-11-11,200.28626182154136
2015-11-12,201.25023300976716
2015-11-13,202.40023485735824
2015-11-16,202.21420419799298
2015-11-17,202.55243472265673
2015-11-18,202.9752293298201
2015-11-19,204.32817723380992
2015-11-20,203.70243657024787
2015-11-23,204.32817723380992
2015-11-24,204.3112618367765
2015-11-25,204.7847897323727
2015-11-27,204.58185657864146
2015-11-30,205.39361499890137
2015-12-01,208.1620823443143
2015-12-02,208.22987257266018
2015-12-03,202.56951133758798
2015-12-04,204.3489692750911
2015-12-07,206.33178496796782
2015-12-08,206.43346384565461
2015-12-09,206.21315530077854
2015-12-10,206.48430328449803
2015-12-11,209.7381695967798
2015-12-14,207.026625111265
2015-12-15,205.8064268603673
2015-12-16,205.36579684095113
2015-12-17,207.6875636755572
2015-12-18,208.83997169810897
2015-12-21,208.78911932960156
2015-12-22,207.28082230548193
2015-12-23,205.7216858425189
2015-12-24,206.8978235222518
2015-12-28,207.50919462648693
2015-12-29,204.06174881776255
2015-12-30,203.8579541308106
2015-12-31,204.77501078716332
2016-01-04,206.25248015854766
2016-01-05,205.42034119424676
2016-01-06,208.1884843364187
2016-01-07,208.56210145085356
2016-01-08,209.49614423694075
2016-01-11,207.20350907436932
2016-01-12,210.192420076607
2016-01-13,212.26428737911266
2016-01-14,210.2773377686588
2016-01-15,213.55496114990024
2016-01-19,212.8926446130823
2016-01-20,215.1343343430709
2016-01-21,213.67383814480036
2016-01-22,212.8586723536133
2016-01-25,214.01348299976624
2016-01-26,214.11538682155253
2016-01-27,214.06444138896973
2016-01-28,214.3701269410873
2016-01-29,216.1872541240582
2016-02-01,215.52662650866142
2016-02-02,219.5251178253658
2016-02-03,217.70452042849172
2016-02-04,218.7594564564876
2016-02-05,219.0146682585992
2016-02-08,223.72777858375943
2016-02-09,223.96598491991136
2016-02-10,225.93968343550893
2016-02-11,227.52207449623106
2016-02-12,223.74478404971902
2016-02-16,221.37972615415907
2016-02-17,220.0185359636293
2016-02-18,222.7238849161858
2016-02-19,222.91104889191544
2016-02-22,222.7919587051112
2016-02-23,223.6937416892967
2016-02-24,223.25136591145548
2016-02-25,224.0510382122529
2016-02-26,221.8901757209257
2016-02-29,222.86000653149316
2016-03-01,218.94319150717874
2016-03-02,219.84674185880954
2016-03-03,220.64795833730616
2016-03-04,219.23302475945658
2016-03-07,219.1648195191521
2016-03-08,221.58558529641172
2016-03-09,220.23883094618913
2016-03-10,219.3353066072358
2016-03-11,217.11910452553465
2016-03-14,217.80101385885337
2016-03-15,218.00557755441187
2016-03-16,218.65338426757836
2016-03-17,219.5569086065317
2016-03-18,220.0172029342158
2016-03-21,218.32950042050322
2016-03-22,218.27833348393614
2016-03-23,220.75026619776287
2016-03-24,220.83548372912728
2016-03-28,221.12531698140512
2016-03-29,223.4438009108855
2016-03-30,221.0912143612529
2016-03-31,222.65959672344883
2016-04-01,223.23920391909988
2016-04-04,223.37587017313794
2016-04-05,225.81873710613124
2016-04-06,224.1787681240973
2016-04-07,226.94621415212814
2016-04-08,225.51123151793993
2016-04-11,225.22082550301758
2016-04-12,223.66627618806027
2016-04-13,224.45210063217337
2016-04-14,223.3758701731379
2016-04-15,225.28917166324794
2016-04-18,224.31543437813534
2016-04-19,223.61502960109883
2016-04-20,221.15511522768193
2016-04-21,219.83972534068553
2016-04-22,219.27598681768708
2016-04-25,218.37059569280484
2016-04-26,217.379784900846
2016-04-27,219.5493193257632
2016-04-28,220.45471045064545
2016-04-29,221.0184489736439
2016-05-02,218.79766431246608
2016-05-03,221.55359221603288
2016-05-04,222.76895609501278
2016-05-05,224.25818235114133
2016-05-06,223.2995987325094
2016-05-09,224.001428210238
2016-05-10,224.01853644648332
2016-05-11,225.28525115364386
2016-05-12,224.2581823511413
2016-05-13,226.4321298487531
2016-05-16,224.48072001955393
2016-05-17,224.85731017250856
2016-05-18,221.6563199918388
2016-05-19,222.61490361047075
2016-05-20,222.78606433125807
2016-05-23,223.28249049626402
2016-05-24,222.28966428569677
2016-05-25,221.4508905596715
2016-05-26,222.59776925478076
2016-05-27,222.27255604945142
2016-05-31,222.80319868694806
2016-06-01,223.7052888721812
2016-06-02,225.3176452642043
2016-06-03,228.52518861455843
2016-06-06,226.82708974574376
2016-06-07,227.37596199262896
2016-06-08,228.59381400349233
2016-06-09,230.06894579056484
2016-06-10,231.18385971802735
2016-06-13,232.21303116869828
2016-06-14,232.0414938692807
2016-06-15,232.93344071500104
2016-06-16,234.0655240761556
2016-06-17,232.607535549858
2016-06-20,230.12040174580665
2016-06-21,229.05691760066875
2016-06-22,229.4342787210536
2016-06-23,226.80992031205164
2016-06-24,232.89912802053408
2016-06-27,238.71388651911528
2016-06-28,239.21132898367588
2016-06-29,237.37597933699337
2016-06-30,238.25075674902163
2016-07-01,241.55267126351427
2016-07-05,244.57701039977673
2016-07-06,244.97223042874148
2016-07-07,244.95505606935905
2016-07-08,246.75936017956624
2016-07-11,244.5941847591592
2016-07-12,240.57318215039757
2016-07-13,243.40849845186884
2016-07-14,239.86864010977635
2016-07-15,237.80658950685216
2016-07-18,237.58319173290008
2016-07-19,238.9235259358206
2016-07-20,237.61756667206097
2016-07-21,238.09871093873008
2016-07-22,238.51113154747333
2016-07-25,238.33928307206463
2016-07-26,238.71732874164695
2016-07-27,241.690118579366
2016-07-28,241.24334925185784
2016-07-29,243.25385055623863
2016-08-01,240.62130412853855
2016-08-02,238.1422653161478
2016-08-03,238.27999261336907
2016-08-04,240.07039493965354
2016-08-05,237.57415006590864
2016-08-08,238.02174408028077
2016-08-09,240.36305559545025
2016-08-10,241.29270828449475
2016-08-11,239.14076851940501
2016-08-12,241.15498098727352
2016-08-15,238.88251998631668
2016-08-16,238.24555422186484
2016-08-17,239.67444537813992
2016-08-18,240.0531888782994
2016-08-19,238.79646341074988
2016-08-22,240.81067587861838
2016-08-23,241.0688981429108
2016-08-24,240.5007828926716
2016-08-25,239.58836253377723
2016-08-26,238.19390976900644
2016-08-29,241.37879112885767
2016-08-30,240.44913843981314
2016-08-31,240.7934435484683
2016-09-01,241.05857828880494
2016-09-02,239.0924437555108
2016-09-06,240.83436142350175
2016-09-07,240.66188286303262
2016-09-08,237.64369227055707
2016-09-09,233.72868684993574
2016-09-12,233.84940078903736
2016-09-13,231.1934046469336
2016-09-14,231.5383354513384
2016-09-15,230.5380176969911
2016-09-16,232.40067562061716
2016-09-19,231.64181206100653
2016-09-20,232.45241392545122
2016-09-21,234.33230917851083
2016-09-22,236.1949671021369
2016-09-23,235.9707765533672
2016-09-26,237.47124002662147
2016-09-27,239.21315769461245
2016-09-28,238.69574832973854
2016-09-29,239.29939697484704
2016-09-30,237.16078388108374
2016-10-03,236.37950895102392
2016-10-04,233.61505418198834
2016-10-05,232.52653545168002
2016-10-06,231.23068986380665
2016-10-07,231.3861850069804
2016-10-10,230.02123925460072
2016-10-11,229.50289574664217
2016-10-12,229.72751741836825
2016-10-13,230.5914144769505
2016-10-14,227.36042155030165
2016-10-17,228.81176228134876
2016-10-18,229.5547274610334
2016-10-19,229.74478586848332
2016-10-20,229.98667599032453
2016-10-21,230.33222954094825
2016-10-24,229.33010578930734
2016-10-25,229.9348442759333
2016-10-26,228.3798137520577
2016-10-27,225.89181236913947
2016-10-28,225.39073731129602
2016-10-31,226.77297787783678
2016-11-01,226.79024632795188
2016-11-02,227.77698098094478
2016-11-03,226.02858839565047
2016-11-04,228.0539619096118
2016-11-07,226.11512182329813
2016-11-08,225.19764560964956
2016-11-09,215.64202809265794
2016-11-10,212.45682665605327
2016-11-11,211.2623695137377
2016-11-14,209.9986671392554
2016-11-15,211.03733241457897
2016-11-16,212.94153007404284
2016-11-17,209.80824605259124
2016-11-18,209.20236678010423
2016-11-21,209.72169941776602
2016-11-22,209.65245418559925
2016-11-23,208.838839216612
2016-11-25,209.15043615777356
2016-11-28,210.69110625374523
2016-11-29,211.57396645489925
2016-11-30,208.14640010212216
2016-12-01,205.95311708289043
2016-12-02,207.4622403134609
2016-12-05,207.23674263977554
2016-12-06,207.08061868552548
2016-12-07,208.8499529179154
2016-12-08,206.3867756175064
2016-12-09,203.81951126952796
2016-12-12,204.20113289746337
2016-12-13,204.92967605940828
2016-12-14,202.63995952600405
2016-12-15,203.6634005494861
2016-12-16,203.19504192094422
2016-12-19,205.38068464098725
2016-12-20,204.3572436175052
2016-12-21,205.25926078066308
2016-12-22,204.89324556629055
2016-12-23,205.310659244817
2016-12-27,204.64976088827672
2016-12-28,206.14546006403032
2016-12-29,206.87591409807192
2016-12-30,207.18896772250687
2017-01-03,208.07595520322582
2017-01-04,208.8759781836885
2017-01-05,212.14565232088
2017-01-06,210.1977616278493
2017-01-09,211.88477208903092
2017-01-10,211.74563419618875
2017-01-11,212.4587059453149
2017-01-12,211.98911887420263
2017-01-13,210.98038905447677
2017-01-17,213.18915997935653
2017-01-18,210.45864185969842
2017-01-19,209.0151160765307
2017-01-20,208.59771566692405
2017-01-23,210.6847309838771
2017-01-24,209.24120520070935
2017-01-25,206.61504713514273
2017-01-26,207.3107100615139
2017-01-27,208.0585596493907
2017-01-30,207.43245240052082
2017-01-31,208.87597818368857
2017-02-01,207.58724294804688
2017-02-02,207.50010262880775
2017-02-03,207.41294901179364
2017-02-06,208.66788662925688
2017-02-07,210.20169188517033
2017-02-08,213.06015499260332
2017-02-09,210.60257990655026
2017-02-10,210.4805728213955
2017-02-13,209.81823724674825
2017-02-14,208.30186537379262
2017-02-15,207.34322877773738
2017-02-16,208.47615931004586
2017-02-17,209.7136635445513
2017-02-21,209.34764228908702
2017-02-22,209.6962301615935
2017-02-23,210.32369897032513
2017-02-24,212.65928026899837
2017-02-27,211.4043426515351
2017-02-28,212.18867201356215
2017-03-01,208.63999917392755
2017-03-02,207.8890553185665
2017-03-03,208.43042879900563
2017-03-06,207.43499283481268
2017-03-07,206.80629503386757
2017-03-08,205.68861301525865
2017-03-09,204.04701172125527
2017-03-10,204.76303384270634
2017-03-13,203.47071650690614
2017-03-14,204.44868494223377
2017-03-15,206.9460086171488
2017-03-16,205.89818339018055
2017-03-17,207.1905007259807
2017-03-20,208.08115816462302
2017-03-21,209.8100704553117
2017-03-22,210.6483386311787
2017-03-23,210.35144393575084
2017-03-24,211.10238779111188
2017-03-27,212.06290202139482
2017-03-28,210.6483386311787
2017-03-29,211.90572090924823
2017-03-30,210.1942761474249
2017-03-31,210.80550641950464
2017-04-03,212.92735630140425
2017-04-04,211.77233688387906
2017-04-05,212.41984311658047
2017-04-06,212.10483539330176
2017-04-07,211.24731956116614
2017-04-10,212.2273376550354
2017-04-11,214.23988625644137
2017-04-12,215.4124098118557
2017-04-13,216.0774335341914
2017-04-17,215.4124098118557
2017-04-18,218.22997518347503
2017-04-19,217.03994749017156
2017-04-20,216.19993579592506
2017-04-21,216.19993579592506
2017-04-24,215.13241036435525
2017-04-25,212.54234537831414
2017-04-26,213.7148822854736
2017-04-27,213.64487908566218
2017-04-28,214.1173839947077
2017-05-01,212.3410993303253
2017-05-02,213.4284006416246
2017-05-03,213.56870190110337
2017-05-04,212.5164692147415
2017-05-05,212.7093801015587
2017-05-08,211.55191478065547
2017-05-09,211.53438715811902
2017-05-10,211.2888666439634
2017-05-11,211.2888666439634
2017-05-12,212.8847499859749
2017-05-15,212.3060173255233
2017-05-16,213.0952018751931
2017-05-17,216.19929030694033
2017-05-18,216.44481082109593
2017-05-19,216.95339285180813
2017-05-22,216.35713256882008
2017-05-23,214.90153710642284
2017-05-24,216.11161205466448
2017-05-25,216.18174930453932
2017-05-26,216.55004345563728
2017-05-30,217.6198037645356
2017-05-31,218.16346780004977
2017-06-01,218.18626623290038
2017-06-02,220.76970621486578
2017-06-05,219.39889120191035
2017-06-06,220.59395141777838
2017-06-07,219.53948967629682
2017-06-08,218.95953102560898
2017-06-09,218.62562640920171
2017-06-12,218.55532717200848
2017-06-13,218.59047008650086
2017-06-14,221.96476643073382
2017-06-15,221.61327024476762
2017-06-16,222.05263042106898
2017-06-19,221.73629055780367
2017-06-20,223.7222071359393
2017-06-21,224.1791320653826
2017-06-22,224.67121331752676
2017-06-23,224.56577116584117
2017-06-26,225.40933519574304
2017-06-27,223.001650010865
2017-06-28,222.26352813264876
2017-06-29,220.40064527575768
2017-06-30,219.89098586226308
2017-07-03,219.1844882628304
2017-07-05,219.23731862710056
2017-07-06,217.4234044618088
2017-07-07,216.12020621113365
2017-07-10,216.43720183275767
2017-07-11,216.80702781865185
2017-07-12,218.3039463623196
2017-07-13,216.93030314728324
2017-07-14,217.19446840463712
2017-07-17,217.79323044770297
2017-07-18,219.69520417744707
2017-07-19,219.7832637418994
2017-07-20,220.41725498514742
2017-07-21,221.35062724992838
2017-07-24,220.48768651350557
2017-07-25,217.61712475480147
2017-07-26,217.96933614060453
2017-07-27,216.89508738310423
2017-07-28,218.18067103368827
2017-07-31,218.44483629104212
2017-08-01,219.97521542692928
2017-08-02,220.09875681030684
2017-08-03,222.3754595596943
2017-08-04,220.4870335766366
2017-08-07,220.73411634339175
2017-08-08,219.93992365953605
2017-08-09,221.14004572591855
2017-08-10,223.02847170897624
2017-08-11,223.13436047615676
2017-08-14,221.98718279336452
2017-08-15,221.0517961099342
2017-08-16,221.86364140998694
2017-08-17,223.52263724248655
2017-08-18,223.46969285889628
2017-08-21,224.01680277599684
2017-08-22,223.15201309235383
2017-08-23,224.6698149252788
2017-08-24,223.840317009029
2017-08-25,224.705106692672
2017-08-28,224.56391269309736
2017-08-29,225.28752184216665
2017-08-30,225.21692484237934
2017-08-31,225.88757614285745
2017-09-01,224.16328765917027
2017-09-05,227.71805670713255
2017-09-06,226.32091672884297
2017-09-07,228.63770852024228
2017-09-08,228.1425176176171
2017-09-11,225.41895416023846
2017-09-12,224.23403114425102
2017-09-13,223.34975782015175
2017-09-14,224.26939614032136
2017-09-15,224.35782886990734
2017-09-18,223.0667838798287
2017-09-19,222.518538736628
2017-09-20,222.67771495129472
2017-09-21,222.5539037326983
2017-09-22,223.190581605485
2017-09-25,224.5877350767147
2017-09-26,224.18097690367551
2017-09-27,220.80304632900496
2017-09-28,220.14869270465317
2017-09-29,220.64388360727835
2017-10-02,220.2406490345954
2017-10-03,220.45330982517117
2017-10-04,220.47103493779403
2017-10-05,219.6381304084133
2017-10-06,219.01787314930885
2017-10-09,219.70901733860524
2017-10-10,220.06343846926538
2017-10-11,220.48874653011742
2017-10-12,221.4279746946363
2017-10-13,223.02289682320585
2017-10-16,222.86341137049865
2017-10-17,223.14694557096686
2017-10-18,221.67607219015832
2017-10-19,222.06594354606415
2017-10-20,219.7090173386053
2017-10-23,220.09887517421163
2017-10-24,218.7343389488407
2017-10-25,217.6887736288842
2017-10-26,216.9622062549411
2017-10-27,218.39762941050392
2017-10-30,220.48874653011742
2017-10-31,220.55963346030936
2017-11-01,221.53962446247178
2017-11-02,222.51635768523442
2017-11-03,223.12014655108538
2017-11-06,223.95480702348195
2017-11-07,224.8960152842515
2017-11-08,224.3987742067735
2017-11-09,223.75946037892948
2017-11-10,220.38530707615323
2017-11-13,220.8470367404413
2017-11-14,222.3387599728753
2017-11-15,224.75394253388546
2017-11-16,222.8004896371634
2017-11-17,224.45204810096
2017-11-20,224.36324924478043
2017-11-21,225.0735994478075
2017-11-22,225.80171213183115
2017-11-24,225.18016078498366
2017-11-27,224.86050387106164
2017-11-28,225.1623983039871
2017-11-29,222.94256238752945
2017-11-30,222.19670077131246
2017-12-01,225.18904012864948
2017-12-04,225.2958026122842
2017-12-05,226.41684941876161
2017-12-06,227.1998105016943
2017-12-07,225.4203633685595
2017-12-08,225.43816164120003
2017-12-11,224.9755015852758
2017-12-12,224.88652379817734
2017-12-13,226.57700672031794
2017-12-14,227.53790980134323
2017-12-15,228.3920503987338
2017-12-18,226.3100869351269
2017-12-19,223.37399645023365
2017-12-20,220.9005660212646
2017-12-21,222.18532522225541
2017-12-22,222.4884640578642
2017-12-26,223.14824882182253
2017-12-27,226.05484171345307
2017-12-28,225.85870345867468
2017-12-29,226.21533578237313
2018-01-02,223.77236219062038
2018-01-03,224.84227276636682
2018-01-04,224.8066149758574
2018-01-05,224.16466590947934
2018-01-08,224.02200753813952
2018-01-09,221.02624976325885
2018-01-10,220.75878232281056
2018-01-11,221.66819882963694
2018-01-12,222.04266685091562
2018-01-16,222.96993265997335
2018-01-17,222.66679382436456
2018-01-18,220.5982882538905
2018-01-19,219.4392127948939
2018-01-22,219.65320035190362
2018-01-23,220.5982882538905
2018-01-24,219.4035550043845
2018-01-25,221.20457952975917
2018-01-26,220.38430069688076
2018-01-29,218.85077082125656
2018-01-30,217.5668726885004
2018-01-31,218.85077082125656
2018-02-01,215.68559922401454
2018-02-02,213.68421708576855
2018-02-05,215.70347260264694
2018-02-06,214.3632555064744
2018-02-07,212.32612661096354
2018-02-08,212.0938272223152
2018-02-09,210.75361012614266
2018-02-12,211.68282131412926
2018-02-13,212.62990588074828
2018-02-14,210.2711243368203
2018-02-15,210.985909514791
2018-02-16,212.12956034618676
2018-02-20,211.2003491582002
2018-02-21,208.60925459223057
2018-02-22,209.23468651043243
2018-02-23,211.09312251979892
2018-02-26,211.1646024009353
2018-02-27,210.86082313115057
2018-02-28,212.20104022732312
2018-03-01,213.64668718972553
2018-03-02,211.90986563505533
2018-03-05,211.33689484327044
2018-03-06,211.53385483363724
2018-03-07,211.30109014534065
2018-03-08,212.51865478547123
2018-03-09,211.12203933428938
2018-03-12,212.33959031371873
2018-03-13,213.413922501429
2018-03-14,215.2939765085195
2018-03-15,215.29397650851948
2018-03-16,214.52404572636777
2018-03-19,213.84364718009235
2018-03-20,212.98418416206437
2018-03-21,213.21696251106215
2018-03-22,215.32979486715044
2018-03-23,215.1686395747134
2018-03-26,214.34499491531645
2018-03-27,216.63687808245604
2018-03-28,217.20984887424092
2018-03-29,218.2662718826357
2018-04-02,218.69599273630274
2018-04-03,217.00930826622977
2018-04-04,216.56071949517494
2018-04-05,214.945797181409
2018-04-06,217.29639796098655
2018-04-09,217.65527719173613
2018-04-10,217.26051688283303
2018-04-11,218.03209011664103
2018-04-12,216.4351151868733
2018-04-13,216.93753242007986
2018-04-16,217.00930826622977
2018-04-17,217.60143503974157
2018-04-18,215.86092210751687
2018-04-19,214.1024481014511
2018-04-20,212.55930163383508
2018-04-23,212.6131300959868
2018-04-24,211.64417670772724
2018-04-25,210.22664823825573
2018-04-26,211.69801885972183
2018-04-27,213.33087486764308
2018-04-30,213.70768779254797
2018-05-01,212.93971312559526
2018-05-02,212.70592204718253
2018-05-03,213.6590322957257
2018-05-04,213.9827314103379
2018-05-07,213.64105892056602
2018-05-08,213.44324203274005
2018-05-09,212.16643266958468
2018-05-10,213.87483627884507
2018-05-11,214.4143393765766
2018-05-14,213.28138561536713
2018-05-15,210.8536491158426
2018-05-16,210.04440818937897
2018-05-17,208.98338908920925
2018-05-18,210.7817144548028
2018-05-21,210.88960958629562
2018-05-22,210.56591047168345
2018-05-23,212.09449800854492
2018-05-24,213.78491452251194
2018-05-25,215.11568517154743
2018-05-29,219.82728884851693
2018-05-30,218.35266259753558
2018-05-31,217.99300301247035
2018-06-01,216.8438763966882
2018-06-04,215.27567387583332
2018-06-05,215.78037893941467
2018-06-06,214.03192657473528
2018-06-07,216.10483415917147
2018-06-08,215.45592371965785
2018-06-11,215.0593658119349
2018-06-12,215.1134393898641
2018-06-13,215.0052922340057
2018-06-14,216.78978906657738
2018-06-15,216.98806802043885
2018-06-18,216.78978906657738
2018-06-19,218.05156547771233
2018-06-20,216.14089237924532
2018-06-21,217.27647877230336
2018-06-22,217.25844966226646
2018-06-25,217.74513936799246
2018-06-26,218.05156547771236
2018-06-27,220.10644395211165
2018-06-28,220.16051753004086
2018-06-29,219.40345993466883
2018-07-02,219.23221501933568
2018-07-03,220.40651478098562
2018-07-05,221.038825796229
2018-07-06,221.7614728636556
2018-07-09,220.33424869590831
2018-07-10,220.31617872880238
2018-07-11,221.16528799927767
2018-07-12,221.14723181551815
2018-07-13,221.70727674568425
2018-07-16,220.78590139013167
2018-07-17,220.37038863012017
2018-07-18,219.48513942543303
2018-07-19,220.87623744231487
2018-07-20,218.16632127697488
2018-07-23,215.47446129539443
2018-07-24,216.21517832992697
2018-07-25,215.8719178716464
2018-07-26,215.45640511163492
2018-07-27,215.81772175367502
2018-07-30,215.07701850248887
2018-07-31,216.2513044807924
2018-08-01,214.49347605421218
2018-08-02,214.80128880502883
2018-08-03,215.8695988067749
2018-08-06,215.99634604619428
2018-08-07,214.87371777247034
2018-08-08,215.0910046747949
2018-08-09,216.90168741759368
2018-08-10,218.4769863770173
2018-08-13,218.0243156913176
2018-08-14,217.53542361469064
2018-08-15,218.80289600888457
2018-08-16,218.78479912783396
2018-08-17,219.05640430213637
2018-08-20,220.5230529031912
2018-08-21,219.78066634772546
2018-08-22,220.6498001426106
2018-08-23,220.9938342843545
2018-08-24,221.42839427459057
2018-08-27,220.16090806598365
2018-08-28,218.83911739981184
2018-08-29,219.1288194551649
2018-08-30,219.5996008363282
2018-08-31,219.09261187865064
2018-09-04,217.82875311387102
2018-09-05,217.2480221696964
2018-09-06,218.0465324100807
2018-09-07,216.19544300659308
2018-09-10,216.99395324697738
2018-09-11,215.3425052493037
2018-09-12,215.85064309474177
2018-09-13,216.17730511619737
2018-09-14,215.14287768920767
2018-09-17,215.14287768920767
2018-09-18,212.8925331655279
2018-09-19,211.62218855193277
2018-09-20,212.60217461629952
2018-09-21,212.51142978144938
2018-09-24,211.967002309502
2018-09-25,211.74922301329232
2018-09-26,213.23734692309714
2018-09-27,213.38253312057026
2018-09-28,212.8199400667914
2018-10-01,211.26104781309812
2018-10-02,212.55243953553915
2018-10-03,208.8601479854782
2018-10-04,207.3868587689445
2018-10-05,205.60437989221256
2018-10-08,204.9132165958841
2018-10-09,206.98672036169992
2018-10-10,206.42286310830758
2018-10-11,208.93290420774917
2018-10-12,208.20535586187
2018-10-15,208.11440711482365
2018-10-16,208.58731562116967
2018-10-17,207.3504875962242
2018-10-18,207.27773137395323
2018-10-19,206.8230153923826
2018-10-22,206.5501830280741
2018-10-23,207.2049751516823
2018-10-24,208.76919923843184
2018-10-25,207.89615232484124
2018-10-26,209.15115899773156
2018-10-29,208.67826436821602
2018-10-30,207.6415124853081
2018-10-31,206.58656807762486
2018-11-01,206.77755212032386
2018-11-02,204.20672859226607
2018-11-05,205.00897376308913
2018-11-06,204.88134511413813
2018-11-07,205.15482514011921
2018-11-08,205.1366024120401
2018-11-09,206.66814619945197
2018-11-12,208.01736533271662
2018-11-13,207.88973668376565
2018-11-14,208.01736533271662
2018-11-15,207.92620996088274
2018-11-16,209.12956380663786
2018-11-19,209.71301104619658
2018-11-20,209.78594368995135
2018-11-21,209.71301104619658
2018-11-23,209.9318089774609
2018-11-26,209.45775374829458
2018-11-27,209.69478831811747
2018-11-28,208.6737452160301
2018-11-29,209.4942270254117
2018-11-30,210.27823555767617
2018-12-03,211.76784236549457
2018-12-04,215.3131490701707
2018-12-06,215.9893199812006
2018-12-07,216.39136679627077
2018-12-10,217.28682583004388
2018-12-11,217.25026851456622
2018-12-12,216.28170879236848
2018-12-13,215.7700179159267
2018-12-14,216.51928951538122
2018-12-17,217.7802380487468
2018-12-18,219.08140107916103
2018-12-19,221.97562364831933
2018-12-20,221.16963407832455
2018-12-21,221.13300454123623
2018-12-24,222.23207233415306
2018-12-26,219.85074713666228
2018-12-27,219.88739064915578
2018-12-28,221.73749671873233
2018-12-31,222.5801158258154
2019-01-02,223.75245666831404
2019-01-03,226.29863574581003
2019-01-04,223.67918361873222
2019-01-07,223.01974014790108
2019-01-08,222.43356972665174
2019-01-09,222.0855262349894
2019-01-10,220.656736706657
2019-01-11,221.51767756998683
2019-01-14,220.6933802191505
2019-01-15,219.88739064915572
2019-01-16,220.10720979790116
2019-01-17,220.16216109123621
2019-01-18,219.00812802957913
2019-01-22,220.49188282665182
2019-01-23,220.40028802082324
2019-01-24,221.8473993054024
2019-01-25,220.78496104957387
2019-01-28,220.56515587623363
2019-01-29,221.682531449992
2019-01-30,221.51767756998683
2019-01-31,223.4227349328984
2019-02-01,222.07636954948757
2019-02-04,221.08495549706214
2019-02-05,222.0947329598597
2019-02-06,222.20488540773653
2019-02-07,223.6736500795915
2019-02-08,224.62833731127265
2019-02-11,223.74708971390206
2019-02-12,223.1779360497898
2019-02-13,222.33340126598546
2019-02-14,223.60021044528094
2019-02-15,223.94904520646153
2019-02-19,224.51818486339576
2019-02-20,223.87560557215096
2019-02-21,221.874414056928
2019-02-22,223.1962994601619
2019-02-25,222.53535675854496
2019-02-26,223.6369232588472
2019-02-27,221.10331890743424
2019-02-28,220.3505731611346
2019-03-01,218.31819068603204
2019-03-04,220.02925011685738
2019-03-05,220.48921595190762
2019-03-06,221.29876031344995
2019-03-07,222.7338514728798
2019-03-08,223.67218570675442
2019-03-11,223.00983378131858
2019-03-12,224.57371481308076
2019-03-13,224.15055410557878
2019-03-14,222.5314653824942
2019-03-15,224.00336166947233
2019-03-18,223.87457179714
2019-03-19,223.37781487158477
2019-03-20,225.71443513734098
2019-03-21,226.2111920628962
2019-03-22,229.7253377804609
2019-03-25,230.0933048336838
2019-03-26,229.92772387084648
2019-03-27,232.04356951948628
2019-03-28,232.8530998439853
2019-03-29,232.6323252268689
2019-04-01,229.33529068271042
2019-04-02,229.75939726682324
2019-04-03,227.76789989291493
2019-04-04,228.41330272091062
2019-04-05,228.70833155310825
2019-04-08,227.8969776448301
2019-04-09,228.61614119798017
2019-04-10,229.16932553400812
2019-04-11,227.82323098809553
2019-04-12,226.20052317153923
2019-04-15,226.77216527438057
2019-04-16,225.35229593489382
2019-04-17,225.44450035844173
2019-04-18,226.62464382407188
2019-04-22,225.53669071356984
2019-04-23,226.0161283928633
2019-04-24,227.86010431646287
2019-04-25,227.52818808747816
2019-04-26,228.3026545989692
2019-04-29,226.84591193111515
2019-04-30,228.00762576677158
2019-05-01,228.94620951188375
2019-05-02,227.8559821491448
2019-05-03,228.50273412427845
2019-05-06,229.1309897485669
2019-05-07,230.88642314379953
2019-05-08,229.88860704614473
2019-05-09,230.8309904825774
2019-05-10,230.51686267043317
2019-05-13,232.32774282471632
2019-05-14,231.64404044137737
2019-05-15,233.06686377144896
2019-05-16,232.2907783186826
2019-05-17,232.80816862052686
2019-05-20,232.3277428247163
2019-05-21,231.95816825352156
2019-05-22,233.2886085141658
2019-05-23,235.91252452942058
2019-05-24,236.11578701912057
2019-05-28,237.81578775313113
2019-05-29,238.53644054467537
2019-05-30,240.58753359686384
2019-05-31,243.59950643633016
2019-06-03,245.22559845914628
2019-06-04,242.42966791226812
2019-06-05,241.05950372672444
2019-06-06,241.83717135306662
2019-06-07,243.929485748576
2019-06-10,241.63349448046714
2019-06-11,241.78162568355205
2019-06-12,241.9667684975546
2019-06-13,242.80001004654943
2019-06-14,243.41104066434787
2019-06-17,243.83690021500567
2019-06-18,245.05896145060257
2019-06-19,245.41074127314883
2019-06-20,246.05881175500303
2019-06-21,243.3554667416952
2019-06-24,245.17005278963174
2019-06-25,245.9292146105151
2019-06-26,244.35534529923382
2019-06-27,246.0773175604619
2019-06-28,245.91068055191818
2019-07-01,245.3366999693052
2019-07-02,247.22902247553907
2019-07-03,248.99152134215964
2019-07-05,245.68917143394208
2019-07-08,246.02312901713393
2019-07-09,245.930361449098
2019-07-10,244.57604554357286
2019-07-11,241.31083663299432
2019-07-12,241.58911102841483
2019-07-15,242.9805396228918
2019-07-16,242.25699788611126
2019-07-17,244.87289043781288
2019-07-18,244.8914326279452
2019-07-19,244.31631333828466
2019-07-22,244.780122869777
2019-07-23,243.44434915438413
2019-07-24,244.50182016566924
2019-07-25,243.3330393962159
2019-07-26,243.90815868587643
2019-07-29,243.9823557550928
2019-07-30,244.57604554357283
2019-07-31,246.54259342771033
2019-08-01,251.42928159273356
2019-08-02,253.75285555957294
2019-08-05,258.1397643435232
2019-08-06,260.2030991606341
2019-08-07,260.2960477920957
2019-08-08,260.85371121692515
2019-08-09,260.33323291746837
2019-08-12,265.76109830033226
2019-08-13,264.85024709431286
2019-08-14,270.8171975212899
2019-08-15,273.8285403058529
2019-08-16,271.6351000958478
2019-08-19,267.750062866698
2019-08-20,270.5197732461889
2019-08-21,268.71667757880635
2019-08-22,266.93218865608014
2019-08-23,271.3190974400304
2019-08-26,270.22234897108785
2019-08-27,274.3862037306824
2019-08-28,274.7393915118724
2019-08-29,273.69843491295876
2019-08-30,273.77277679976396
2019-09-03,274.12597479197234
2019-09-04,274.53561994855096
2019-09-05,269.5637035204949
2019-09-06,271.4817077765378
2019-09-09,266.65876613907216
2019-09-10,261.9847992921969
2019-09-11,261.5192637268654
2019-09-12,259.8060962561298
2019-09-13,254.2568918592725
2019-09-16,257.4970296230327
2019-09-17,258.89363631902717
2019-09-18,259.99229343384087
2019-09-19,260.77438977391347
2019-09-20,264.2193643229809
2019-09-23,264.163502328264
2019-09-24,267.34777809730724
2019-09-25,263.43726798290834
2019-09-26,265.1318242600836
2019-09-27,265.7835570031261
2019-09-30,266.4353181602046
2019-10-01,267.2360256938375
2019-10-02,267.888924225588
2019-10-03,270.3325829904257
2019-10-04,272.32856592880194
2019-10-07,270.07142927044964
2019-10-08,270.7989309520702
2019-10-09,269.26932443895913
2019-10-10,265.25871489064434
2019-10-11,261.97563548757086
2019-10-14,263.87834314089406
2019-10-15,260.68851055925285
2019-10-16,261.0056237575366
2019-10-17,260.3713973609691
2019-10-18,260.3713973609691
2019-10-21,258.41273022933825
2019-10-22,259.923693070887
2019-10-23,260.1848467908631
2019-10-24,259.66253935091095
2019-10-25,258.39408655777595
2019-10-28,256.0436746143706
2019-10-29,256.2115815129144
2019-10-30,259.9610088776324
2019-10-31,263.46795465755736
2019-11-01,262.6583597950598
2019-11-04,259.201362289712
2019-11-05,256.286234123875
2019-11-06,257.8372224801521
2019-11-07,253.16558111067982
2019-11-08,252.1004617054269
2019-11-11,252.26863395150326
2019-11-12,253.42719188683284
2019-11-13,255.07161877318666
2019-11-14,257.70643134879367
2019-11-15,257.4261157585637
2019-11-18,257.89327989551094
2019-11-19,260.04225203352985
2019-11-20,262.7331220244957
2019-11-21,261.0886951381419
2019-11-22,261.4250396302946
2019-11-25,262.1911956581127
2019-11-26,263.7235077137489
2019-11-27,262.9573516859308
2019-11-29,262.3967490189069
2019-12-02,258.904228790552
2019-12-03,264.33279250311756
2019-12-04,261.69338886510053
2019-12-05,260.4204734361432
2019-12-06,258.9791212903776
2019-12-09,259.54067222347084
2019-12-10,259.55940962998704
2019-12-11,261.5997875218784
2019-12-12,257.2943828017387
2019-12-13,260.2707169996117
2019-12-16,257.9308262346575
2019-12-17,257.575186831405
2019-12-18,255.45991643968813
2019-12-19,255.86799338909614
2019-12-20,256.2054621687908
2019-12-23,255.83048732176994
2019-12-24,256.5616982865221
2019-12-26,257.1804196580427
2019-12-27,257.4616722498686
2019-12-30,256.52422082794294
2019-12-31,254.0118292745344
2020-01-02,256.88042833692725
2020-01-03,260.8364744818035
2020-01-06,259.3553138230096
2020-01-07,258.08036501264223
2020-01-08,256.37422516738525
2020-01-09,257.27417052198473
2020-01-10,259.56155428018315
2020-01-13,258.7740985188152
2020-01-14,260.10526351705136
2020-01-15,261.830170700345
2020-01-16,261.0052374803979
2020-01-17,258.77409851881526
2020-01-21,261.49270192065035
2020-01-22,262.4114146132864
2020-01-23,264.2488113898116
2020-01-24,266.38619948745225
2020-01-27,270.52971875146545
2020-01-28,268.41109799186137
2020-01-29,271.0359505297545
2020-01-30,271.0734565970807
2020-01-31,273.54831347441603
2020-02-03,273.3270737944917
2020-02-04,269.646169893215
2020-02-05,266.6976641383675
2020-02-06,267.89959603662555
2020-02-07,271.2424700241657
2020-02-10,271.993695370775
2020-02-11,270.6227485156487
2020-02-12,269.25177300420546
2020-02-13,270.28468994559523
2020-02-14,271.4678519563069
2020-02-18,273.3270737944917
2020-02-19,273.3083039069453
2020-02-20,275.4492459962274
2020-02-21,278.0221247496118
2020-02-24,282.1725624027174
2020-02-25,283.6749844396192
2020-02-26,282.1725624027174
2020-02-27,285.2337447954771
2020-02-28,291.6753409508697
2020-03-02,289.5325288649743
2020-03-03,294.0276734427071
2020-03-04,290.90551513042186
2020-03-05,298.14666093799553
2020-03-06,313.6633773551284
2020-03-09,322.164636474365
2020-03-10,305.651090874229
2020-03-11,294.4038305251514
2020-03-12,296.22822250889965
2020-03-13,289.53252886497427
2020-03-16,308.28424784923106
2020-03-17,287.7269346907172
2020-03-18,271.4955284266238
2020-03-19,278.8871141080186
2020-03-20,299.8581799679592
2020-03-23,312.2151424538244
2020-03-24,306.4034337380634
2020-03-25,305.70751300164824
2020-03-26,307.2121700303715
2020-03-27,315.41252070302016
2020-03-30,312.817016744892
2020-03-31,310.2779062152374
2020-04-01,314.6188102603604
2020-04-02,316.6153379475619
2020-04-03,317.3687240160572
2020-04-06,316.5399820968106
2020-04-07,313.2250431596605
2020-04-08,310.94600288173234
2020-04-09,311.511056803022
2020-04-13,308.6669913436405
2020-04-14,308.5916354928892
2020-04-15,316.76599216939195
2020-04-16,320.363472437105
2020-04-17,316.06910861904197
2020-04-20,318.6118368949271
2020-04-21,322.62365938242715
2020-04-22,319.32754503804676
2020-04-23,321.0227068019156
2020-04-24,321.77609287041093
2020-04-27,315.7865960283154
2020-04-28,319.4217254815678
2020-04-29,317.7642703829109
2020-04-30,314.05378507890725
2020-05-01,316.73963130179123
2020-05-04,315.2497701125844
2020-05-05,313.2318258939387
2020-05-06,308.1775841110106
2020-05-07,313.3261274626527
2020-05-08,309.2525414193146
2020-05-11,306.8385708995879
2020-05-12,309.98804761240626
2020-05-13,312.1568685856347
2020-05-14,315.21204372973904
2020-05-15,314.4011135477552
2020-05-18,307.49865310378755
2020-05-19,308.6490631777822
2020-05-20,309.5731437315034
2020-05-21,310.34637630744044
2020-05-22,312.21344377150336
2020-05-26,308.0267073564278
2020-05-27,307.46092672094215
2020-05-28,306.3293654499709
2020-05-29,308.51703522622273
2020-06-01,306.4425319367155
2020-06-02,305.32840836648745
2020-06-03,301.26842405427925
2020-06-04,296.9063245598996
2020-06-05,294.7913742145125
2020-06-08,295.92439979327696
2020-06-09,299.2856725124975
2020-06-10,303.7232935989107
2020-06-11,309.46391427072916
2020-06-12,306.48030713975095
2020-06-15,306.6502523323544
2020-06-16,301.94823363873047
2020-06-17,303.1945560125639
2020-06-18,306.40475673368
2020-06-19,306.65025233235434
2020-06-22,306.6880275353898
2020-06-23,304.5919503845017
2020-06-24,307.8587995031523
2020-06-25,308.7463294832424
2020-06-26,312.05095380492844
2020-06-29,311.0690002242684
2020-06-30,309.55830905726157
2020-07-01,308.9578219821458
2020-07-02,309.27921633171616
2020-07-06,308.012534301801
2020-07-07,312.3419680325989
2020-07-08,311.09418137105
2020-07-09,316.0474795847317
2020-07-10,314.45940320524625
2020-07-13,315.49922542320365
2020-07-14,315.95294504711916
2020-07-15,314.4782985736125
2020-07-16,315.97186926337605
2020-07-17,315.3101563479784
2020-07-20,316.08529916935487
2020-07-21,316.27433939668947
2020-07-22,317.21962707703426
2020-07-23,320.92516747705776
2020-07-24,320.9062721086915
2020-07-27,319.71520040013206
2020-07-28,321.927170110392
2020-07-29,321.3789159488639
2020-07-30,323.4963511215112
2020-07-31,323.28838667791973
2020-08-03,321.6624860981486
2020-08-04,324.72866188160634
2020-08-05,321.8896284140496
2020-08-06,323.6876771674738
2020-08-07,321.53001288733634
2020-08-10,320.09155078048343
2020-08-11,316.28725633080853
2020-08-12,313.41036099724465
2020-08-13,310.0603222992299
2020-08-14,308.84897362813615
2020-08-17,309.62498304050234
2020-08-18,311.83942567957956
2020-08-19,309.88995834226864
2020-08-20,312.6911588239601
2020-08-21,314.56490242925673
2020-08-24,314.0538683186568
2020-08-25,311.6501741098276
2020-08-26,310.45777081180836
2020-08-27,305.1771812694153
2020-08-28,304.9500389535143
2020-08-31,306.9752300228395
2020-09-01,310.4823792341442
2020-09-02,313.4382668930452
2020-09-03,314.32882649699553
2020-09-04,308.36020940978364
2020-09-08,310.2550121565043
2020-09-09,309.4212943219639
2020-09-10,310.99398407122953
2020-09-11,311.65714768514454
2020-09-14,311.63821006613966
2020-09-15,310.88030053240954
2020-09-16,309.95183677805403
2020-09-17,310.89923815141435
2020-09-18,309.93289915904916
2020-09-21,311.5055599959193
2020-09-22,311.2592552992745
2020-09-23,311.6761142165447
2020-09-24,312.86982028654984
2020-09-25,312.86982028654984
2020-09-28,311.9792606825995
2020-09-29,312.3392778304597
2020-09-30,309.3454860211536
2020-10-01,309.85519952497964
2020-10-02,308.6981729571255
2020-10-05,302.66648061285076
2020-10-06,304.2976689802685
2020-10-07,302.0784597813954
2020-10-08,303.70967709111915
2020-10-09,303.65277651747925
2020-10-12,304.62014415396914
2020-10-13,306.80140998964697
2020-10-14,307.50320302607605
2020-10-15,306.97211171056654
2020-10-16,306.11857416366246
2020-10-19,304.9615475958083
2020-10-20,302.0595025709507
2020-10-21,301.01627715037637
2020-10-22,297.8866298309593
2020-10-23,299.7075060720473
2020-10-26,302.4957499496252
2020-10-27,304.5253002171341
2020-10-28,304.80980308533344
2020-10-29,301.85085748683593
2020-10-30,298.8729546778938
2020-11-02,301.1092277973208
2020-11-03,299.3623496599299
2020-11-04,305.8561887053884
2020-11-05,306.3878460092399
2020-11-06,302.68522229557726
2020-11-09,296.3242830895067
2020-11-10,294.61538875186244
2020-11-11,295.6787033595656
2020-11-12,300.7104703328572
2020-11-13,300.31174184154355
2020-11-16,299.5901945121093
2020-11-17,301.5459400883811
2020-11-18,302.4193936436516
2020-11-19,303.97638175545967
2020-11-20,306.67265207446405
2020-11-23,305.26757018849213
2020-11-24,302.22950361806886
2020-11-25,301.2990888497536
2020-11-27,304.2232329940873
2020-11-30,303.84348191607194
2020-12-01,299.3680390594638
2020-12-02,296.99210224153154
2020-12-03,299.38703611287866
2020-12-04,294.9963095138415
2020-12-07,297.6573761518066
2020-12-08,299.0639121860161
2020-12-09,298.0755433520135
2020-12-10,300.7175839334287
2020-12-11,301.7819989873608
2020-12-14,300.94566458694703
2020-12-15,299.9382696963945
2020-12-16,299.1399584059455
2020-12-17,298.3492431525614
2020-12-18,297.4549542128395
2020-12-21,298.6346421616345
2020-12-22,300.17585487756855
2020-12-23,298.1018779890516
2020-12-24,299.2815659378466
2020-12-28,299.4147714977273
2020-12-29,299.0342298078067
2020-12-30,299.6811535840188
2020-12-31,300.118775075754
2021-01-04,299.7572503086149
2021-01-05,297.53105093743574
2021-01-06,291.42327987551414
2021-01-07,288.85457265997746
2021-01-08,287.92224987469234
2021-01-11,287.4465655039241
2021-01-12,287.2182172631958
2021-01-13,290.45286517772615
2021-01-14,287.73196451299714
2021-01-15,288.873618616229
2021-01-19,289.8059414015141
2021-01-20,290.09136944405697
2021-01-21,288.0554264011032
2021-01-22,288.9877782198582
2021-01-25,292.3936655398324
2021-01-26,291.84188444446795
2021-01-27,292.58395090152766
2021-01-28,290.96661242752754
2021-01-29,289.21609742711667
2021-02-01,289.5509792241375
2021-02-02,287.68414552318745
2021-02-03,285.1315029574618
2021-02-04,284.36953832318073
2021-02-05,281.98836250719273
2021-02-08,283.2265623046714
2021-02-09,283.43610693916185
2021-02-10,285.3220086495758
2021-02-11,283.7599724291733
2021-02-12,280.23582059467606
2021-02-16,275.9687430682741
2021-02-17,277.7212849807907
2021-02-18,276.5973769717454
2021-02-19,272.920855464062
2021-02-22,270.8444480615339
2021-02-23,270.06344448487647
2021-02-24,268.2918345628959
2021-02-25,263.91046524806046
2021-02-26,272.63509692589093
2021-03-01,269.0385736241567
2021-03-02,269.05766488399416
2021-03-03,266.13952507429656
2021-03-04,264.42299963567933
2021-03-05,264.93796890827656
2021-03-08,262.87812092041776
2021-03-09,266.5210010406827
2021-03-10,267.05503247058715
2021-03-11,265.1286777889394
2021-03-12,259.50225651510505
2021-03-15,261.0280730730594
2021-03-16,259.9790723705577
2021-03-17,258.03365553160273
2021-03-18,255.4207139565323
2021-03-19,257.00374608893844
2021-03-22,259.8837033789611
2021-03-23,262.2296583416096
2021-03-24,263.6410146481299
2021-03-25,261.5621045029639
2021-03-26,260.6466262092034
2021-03-29,258.4341936552962
2021-03-30,259.78836348989483
2021-03-31,258.33882466369965
2021-04-01,262.620626389259
2021-04-05,261.47474625134595
2021-04-06,263.2508735788687
2021-04-07,261.4174537015345
2021-04-08,263.57554107502824
2021-04-09,262.620626389259
2021-04-12,262.506041289636
2021-04-13,264.47316321098606
2021-04-14,263.6328336248397
2021-04-15,268.0445639521079
2021-04-16,265.9628277894514
2021-04-19,265.1989076975094
2021-04-20,266.42119732962675
2021-04-21,266.95594722232283
2021-04-22,268.1209443046287
2021-04-23,267.490697115019
2021-04-26,267.108737069048
2021-04-27,264.7787429044363
2021-04-28,264.9506205538707
2021-04-29,264.16761265921934
2021-04-30,264.7787429044362
2021-05-03,264.93726806761265
2021-05-04,266.7351432561898
2021-05-05,267.1750395732702
2021-05-06,267.6149358903507
2021-05-07,266.2952177547189
2021-05-10,263.5984341562436
2021-05-11,262.1065573014148
2021-05-12,259.3523971913373
2021-05-13,259.75403277255276
2021-05-14,262.18307877314464
2021-05-17,261.6284002484693
2021-05-18,260.95899788497996
2021-05-19,260.3278270729652
2021-05-20,262.4699613311556
2021-05-21,263.311522413842
2021-05-24,264.28695229547003
2021-05-25,266.73514325618964
2021-05-26,266.27610197898156
2021-05-27,265.2050348498864
2021-05-28,264.78425430854315
2021-06-01,264.72497100560724
2021-06-02,265.33787807548583
2021-06-03,264.3418712072205
2021-06-04,267.96194218125004
2021-06-07,267.13834191282325
2021-06-08,269.0154081739912
2021-06-09,271.39049248249745
2021-06-10,273.01854971999626
2021-06-11,272.578020023545
2021-06-14,270.49026056382877
2021-06-15,270.16464911632903
2021-06-16,269.93478339201477
2021-06-17,273.97624076314077
2021-06-18,279.12862325148365
2021-06-21,274.455086284713
2021-06-22,275.1254817054786
2021-06-23,274.4167996860033
2021-06-24,274.85732938245457
2021-06-25,272.0033995523761
2021-06-28,274.7998702579788
2021-06-29,275.25957248019614
2021-06-30,276.4854158463646
2021-07-01,276.5007237053211
2021-07-02,278.1692697452575
2021-07-06,281.4296887750281
2021-07-07,283.9229090714085
2021-07-08,285.0352828528738
2021-07-09,281.0269211458075
2021-07-12,280.6625193061609
2021-07-13,278.5145033223786
2021-07-14,281.6789932459525
2021-07-15,284.78597838194963
2021-07-16,284.2489743860041
2021-07-19,290.482083656001
2021-07-20,287.68196630755074
2021-07-21,284.03800644013097
2021-07-22,286.7230264198589
2021-07-23,284.8051466444752
2021-07-26,283.9612748609827
2021-07-27,286.99152841783166
2021-07-28,287.0106966803572
2021-07-29,285.41888221956896
2021-07-30,286.761392209433
2021-08-02,289.31599636443485
2021-08-03,289.4696155968225
2021-08-04,290.06487180990433
2021-08-05,288.5863123355615
2021-08-06,283.76662978137284
2021-08-09,282.7489280041931
2021-08-10,281.4432084787068
2021-08-11,281.27036852985026
2021-08-12,280.8095401325599
2021-08-13,285.2451892557157
2021-08-16,285.9364611515239
2021-08-17,285.8212540522013
2021-08-18,286.7813522797198
2021-08-19,288.8935508003368
2021-08-20,289.08558216578956
2021-08-23,288.8935508003368
2021-08-24,286.6469244639283
2021-08-25,284.2658703117283
2021-08-26,285.0531578902629
2021-08-27,286.9925750617688
2021-08-30,287.74145050723826
2021-08-31,285.7828419191362
2021-09-01,286.26096614846074
2021-09-02,287.5106664746141
2021-09-03,284.895883142774
2021-09-07,282.4925907178131
2021-09-08,284.41522465778183
2021-09-09,287.85675583908267
2021-09-10,285.3188649565324
2021-09-13,287.04925310474374
2021-09-14,290.52921584215665
2021-09-15,289.5102222009385
2021-09-16,288.1836000884295
2021-09-17,286.79930130468676
2021-09-20,290.3561858284552
2021-09-21,290.10623402839826
2021-09-22,291.8365928395438
2021-09-23,285.2419725072427
2021-09-24,282.45415916170117
2021-09-27,281.41592040536125
2021-09-28,277.0323173691978
2021-09-29,277.51297585419
2021-09-30,277.474544298078
2021-10-01,279.8066969202948
2021-10-04,279.0944067463646
2021-10-05,276.3993420650127
2021-10-06,277.9586315859379
2021-10-07,275.0518097243368
2021-10-08,273.12675513079915
2021-10-11,272.43373430216553
2021-10-12,277.09236289364634
2021-10-13,279.7874275749982
2021-10-14,280.82697350494965
2021-10-15,279.19066535084187
2021-10-18,280.49971774892845
2021-10-19,276.6303392165566
2021-10-20,274.76303391090494
2021-10-21,274.4357781548838
2021-10-22,277.4581279662588
2021-10-25,277.0346136057604
2021-10-26,279.32543327191047
2021-10-27,284.40757622388975
2021-10-28,283.4450489271209
2021-10-29,284.3113176194124
2021-11-01,282.2669096410755
2021-11-02,283.51978976527255
2021-11-03,280.58997144770444
2021-11-04,283.5390838485974
2021-11-05,287.77963512862476
2021-11-08,287.239930206351
2021-11-09,290.97933531904204
2021-11-10,285.65934478275483
2021-11-11,285.2352867135809
2021-11-12,283.9824065893838
2021-11-15,280.4164717563424
2021-11-16,279.70329655441907
2021-11-17,281.91993967006385
2021-11-18,282.9800848429988
2021-11-19,285.96775599882915
2021-11-22,282.6138502003747
2021-11-23,278.52750452838444
2021-11-24,282.99937892632374
2021-11-26,290.15048385230676
2021-11-29,287.8181938835623
2021-11-30,292.1936566883019
2021-12-01,293.99396595632624
2021-12-02,294.3606429461728
2021-12-03,297.87299153603254
2021-12-06,293.7816808278486
2021-12-07,291.4079685346798
2021-12-08,286.3710481655618
2021-12-09,287.97283059912274
2021-12-10,287.27808194658104
2021-12-13,291.5237550688973
2021-12-14,290.8290064163556
2021-12-15,288.0307238662315
2021-12-16,288.1426542259249
2021-12-17,291.40778625695594
2021-12-20,289.2245851871265
2021-12-21,288.1233445589062
2021-12-22,289.45644859338944
2021-12-23,286.9448063017957
2021-12-27,287.64033755976925
2021-12-28,286.5004186366962
2021-12-29,283.3705427160192
2021-12-30,285.7469288972589
2021-12-31,286.30723352528605
2022-01-03,278.7916457979313
2022-01-04,277.6324172078396
2022-01-05,276.12543772896487
2022-01-06,276.8402786539571
2022-01-07,274.85029217594547
2022-01-10,275.5265137669002
2022-01-11,277.36193446753913
2022-01-12,276.29931317335627
2022-01-13,278.7529969834861
2022-01-14,274.5411901016076
2022-01-18,270.67713410851195
2022-01-19,272.55120362359594
2022-01-20,274.2320585468621
2022-01-21,277.49719057789315
2022-01-24,275.21738221215475
2022-01-25,274.7730240274629
2022-01-26,271.44993351496805
2022-01-27,276.43456928371035
2022-01-28,276.5311765796192
2022-01-31,275.1014652492271
2022-02-01,274.1895515725055
2022-02-02,275.11821239777385
2022-02-03,272.9706639432439
2022-02-04,268.9464276716204
2022-02-07,269.1205755626545
2022-02-08,267.32126384700194
2022-02-09,267.8242823103566
2022-02-10,263.56788821281486
2022-02-11,267.4760455714792
2022-02-14,264.1483122992058
2022-02-15,261.14947912084847
2022-02-16,262.697266844026
2022-02-17,264.65133076256046
2022-02-18,267.4373427599609
2022-02-22,268.13384575931104
2022-02-23,264.43850958160357
2022-02-24,264.61265747263764
2022-02-25,264.80611248703775
2022-02-28,270.610294307757
2022-03-01,273.7348942058071
2022-03-02,264.37792313940656
2022-03-03,267.0707138517477
2022-03-04,271.68140295815454
2022-03-07,269.6085201883844
2022-03-08,266.8963675141728
2022-03-09,264.2810542095604
2022-03-10,260.4840404656642
2022-03-11,261.355801713786
2022-03-14,255.25341385643927
2022-03-15,254.8078522514432
2022-03-16,257.30693466433905
2022-03-17,255.38903627027344
2022-03-18,258.5080266257403
2022-03-21,252.52189922035734
2022-03-22,249.28664841292675
2022-03-23,254.74973680558492
2022-03-24,252.7543610037906
2022-03-25,249.24792448918595
2022-03-28,251.3788931445673
2022-03-29,253.2774295767625
2022-03-30,255.25341385643932
2022-03-31,255.87335135925744
2022-04-01,256.84586196998674
2022-04-04,255.06086639665418
2022-04-05,249.29842119763265
2022-04-06,247.28057951970646
2022-04-07,245.41797351240157
2022-04-08,242.75988646156492
2022-04-11,238.91825139465834
2022-04-12,238.58841815228362
2022-04-13,239.0734722626029
2022-04-14,234.28113528421997
2022-04-18,233.11700837998902
2022-04-19,231.37081062230422
2022-04-20,236.02733304190482
2022-04-21,234.28113528422
2022-04-22,232.80656664409986
2022-04-25,235.1348352552385
2022-04-26,237.50190168202494
2022-04-27,234.45574765865013
2022-04-28,234.8049872101871
2022-04-29,231.758847989489
2022-05-02,227.74842711854683
2022-05-03,229.28385522458018
2022-05-04,230.54718364886793
2022-05-05,224.23055635574968
2022-05-06,220.92646549004937
2022-05-09,222.87004311870115
2022-05-10,224.89136563189746
2022-05-11,229.2255502682519
2022-05-12,228.79796081741722
2022-05-13,225.4161398954929
2022-05-16,225.1829052418593
2022-05-17,222.46189359608272
2022-05-18,227.2042277550556
2022-05-19,227.74842711854683
2022-05-20,230.3333889234506
2022-05-23,226.54340365058732
2022-05-24,231.0136381278146
2022-05-25,231.92712198581222
2022-05-26,230.8775882869418
2022-05-27,231.44122757864926
2022-05-31,226.54340365058732
2022-06-01,226.28491494357047
2022-06-02,226.40173255070013
2022-06-03,225.91497271468478
2022-06-06,221.74830970677195
2022-06-07,224.14317463604925
2022-06-08,222.1571861864571
2022-06-09,222.89707064422848
2022-06-10,221.51465963778134
2022-06-13,214.56372977367147
2022-06-14,211.85734627380467
2022-06-15,215.80983376549227
2022-06-16,217.52323789529433
2022-06-17,218.22417324753494
2022-06-21,214.52479552287204
2022-06-22,220.424322358621
2022-06-23,222.23506954278736
2022-06-24,219.15874381403486
2022-06-27,217.28958782630372
2022-06-28,218.3020566038652
2022-06-29,221.70937545597263
2022-06-30,223.656414800034
2022-07-01,225.94807416610172
2022-07-05,227.72335974268165
2022-07-06,223.8996700214088
2022-07-07,221.92931676342897
2022-07-08,219.47123476656662
2022-07-11,223.25589904448293
2022-07-12,224.5824813255369
2022-07-13,227.15760988477746
2022-07-14,225.30428830533015
2022-07-15,226.572347305195
2022-07-18,224.2118140328783
2022-07-19,223.00227831420256
2022-07-20,223.587540893785
2022-07-21,227.45022629072298
2022-07-22,231.2739160119958
2022-07-25,229.01091658037905
2022-07-26,229.18650130779204
2022-07-27,227.89892958624893
2022-07-28,229.7132257223397
2022-07-29,229.0889525832464
2022-08-01,234.59621862502973
2022-08-02,229.63225156786393
2022-08-03,233.24773509986002
2022-08-04,233.16956062924453
2022-08-05,227.61930740784612
2022-08-08,231.29341806523988
2022-08-09,230.3944340185453
2022-08-10,228.88961646240028
2022-08-11,223.55432439737484
2022-08-12,225.8213393144569
2022-08-15,225.62589568279034
2022-08-16,226.5639744199205
2022-08-17,224.19925259726082
2022-08-18,224.5314829146849
2022-08-19,220.9159993826888
2022-08-22,220.1733642772252
2022-08-23,218.96168234806868
2022-08-24,217.3591429760904
2022-08-25,220.38832543359814
2022-08-26,222.0495068412298
2022-08-29,220.21244405740507
2022-08-30,220.75965044145778
2022-08-31,218.64898446560667
2022-09-01,214.65436283248408
2022-09-02,215.86865385780175
2022-09-06,210.5218733899946
2022-09-07,213.85137525591915
2022-09-08,211.65782161280515
2022-09-09,212.1278634854861
2022-09-12,210.38477722119757
2022-09-13,210.87440853009574
2022-09-14,211.59906824651526
2022-09-15,211.46197207771826
2022-09-16,209.6992963772125
2022-09-19,210.18892768611067
2022-09-20,208.09330628172097
2022-09-21,211.57947881029807
2022-09-22,206.17394497620103
2022-09-23,207.01611142520036
2022-09-26,203.05989702394234
2022-09-27,197.7131165561352
2022-09-28,204.33294141554993
2022-09-29,203.27533599524648
2022-09-30,200.6509044095242
2022-10-03,203.83155895523822
2022-10-04,203.2622501074298
2022-10-05,201.31875781834322
2022-10-06,200.19977559402355
2022-10-07,198.25626832746076
2022-10-10,195.17415834275735
2022-10-11,196.0379393501186
2022-10-12,196.99986775901328
2022-10-13,195.11526690634204
2022-10-14,193.50550274192642
2022-10-17,192.5631948268527
2022-10-18,193.0147208018305
2022-10-19,189.50072031344646
2022-10-20,186.26155651331806
2022-10-21,182.904609840359
2022-10-24,181.39300805495307
2022-10-25,186.6738115457015
2022-10-26,189.36330196931868
2022-10-27,191.3460652009996
2022-10-28,190.03077319613678
2022-10-31,188.6762102486796
2022-11-01,190.4351649336958
2022-11-02,189.60864407651357
2022-11-03,188.58533468390738
2022-11-04,185.41698971737256
2022-11-07,183.56714445358128
2022-11-08,185.57442655131285
2022-11-09,186.18447551532793
2022-11-10,193.34768630557983
2022-11-11,192.63923556685137
2022-11-14,192.16694007903337
2022-11-15,195.2762499863413
2022-11-16,199.54662276245244
2022-11-17,197.4409539040103
2022-11-18,196.0830874857803
2022-11-21,196.90960834296257
2022-11-22,199.70405959639277
2022-11-23,203.18726321680532
2022-11-25,202.4984958358201
2022-11-28,203.06919309835152
2022-11-29,200.6880172875153
2022-11-30,202.1639538241991
2022-12-01,208.60690638342905
2022-12-02,211.23026086822605
2022-12-05,208.2715774978146
2022-12-06,210.954118290879
2022-12-07,215.92471478040963
2022-12-08,215.3329720868706
2022-12-09,209.73120546223967
2022-12-12,210.40183313618485
2022-12-13,212.4334599760847
2022-12-14,213.34080278581567
2022-12-15,214.1711987598174
2022-12-16,211.7787785682563
2022-12-19,208.21979765566016
2022-12-20,204.5224278527484
2022-12-21,205.0364911407552
2022-12-22,204.99695361279387
2022-12-23,201.99160368596972
2022-12-27,197.9976345412894
2022-12-28,196.8310889051563
2022-12-29,199.06532881506826
2022-12-30,196.85085012668597
2023-01-03,200.60754884889258
2023-01-04,203.3558671317133
2023-01-05,204.20606728945003
2023-01-06,207.96276601165667
2023-01-09,209.06999781339684
2023-01-10,205.60988334805688
2023-01-11,208.95137014461093
2023-01-12,213.06396695807717
2023-01-13,211.066982385737
2023-01-17,209.70270385509147
2023-01-18,214.78412849508035
2023-01-19,213.43962627086646
2023-01-20,209.9795118055265
2023-01-23,208.99090767257223
2023-01-24,211.99627268429828
2023-01-25,212.51035105720703
2023-01-26,211.52174692425274
2023-01-27,210.98789224491236
2023-01-30,210.21678222800017
2023-01-31,211.89740623704205
2023-02-01,214.43812308250708
2023-02-02,214.71563469522863
2023-02-03,211.5044094467024
2023-02-06,209.93845754202306
2023-02-07,208.25354616346536
2023-02-08,209.2446633869705
2023-02-09,207.2624289399602
2023-02-10,204.9432182665378
2023-02-13,206.66776767980627
2023-02-14,206.19202052378475
2023-02-15,204.26926581371362
2023-02-16,201.37519021261974
2023-02-17,202.94115724054774
2023-02-21,198.9965149255068
2023-02-22,200.82016698717663
2023-02-23,202.7825899784559
2023-02-24,200.14621453435248
2023-02-27,200.7012377597956
2023-02-28,201.6130637906305
2023-03-01,199.45243550254858
2023-03-02,197.68385384464673
2023-03-03,202.47292991441725
2023-03-06,200.90306240082356
2023-03-07,202.13511435300174
2023-03-08,202.33382849730987
2023-03-09,202.83062143853886
2023-03-10,209.82545938023952
2023-03-13,210.30239151967987
2023-03-14,206.8447017328655
2023-03-15,210.83892122540354
2023-03-16,209.1895650219031
2023-03-17,212.32930004909053
2023-03-20,210.46136889949332
2023-03-21,208.65303531617943
2023-03-22,211.43507881924532
2023-03-23,211.43507881924532
2023-03-24,212.32930004909056
2023-03-27,207.34149467409455
2023-03-28,207.71906216092214
2023-03-29,207.30175790959987
2023-03-30,208.2556070275632
2023-03-31,211.37546609204463
2023-04-03,212.367056312624
2023-04-04,213.42291261862465
2023-04-05,215.65416674393705
2023-04-06,216.21197647547135
2023-04-10,212.72565045420677
2023-04-11,213.1639338716052
2023-04-12,212.944792162906
2023-04-13,211.27136296830312
2023-04-14,209.33893982750558
2023-04-17,206.84870695517372
2023-04-18,207.58580615791178
2023-04-19,207.3865905679603
2023-04-20,209.15963515712653
2023-04-21,207.98425253699
2023-04-24,209.9963649536032
2023-04-25,213.08424459578956
2023-04-26,210.81315343215692
2023-04-27,208.72135173972808
2023-04-28,212.0881514468568
2023-05-01,205.9880733549907
2023-05-02,211.12129646910464
2023-05-03,212.2997487500082
2023-05-04,210.20251117210958
2023-05-05,209.5034370590343
2023-05-08,206.5673105454453
2023-05-09,205.82829587105405
2023-05-10,207.82565918765363
2023-05-11,210.02275578817859
2023-05-12,208.26506631682042
2023-05-15,206.10792551628418
2023-05-16,205.48873252584085
2023-05-17,204.88953267406464
2023-05-18,203.3715322866206
2023-05-19,201.93342826048126
2023-05-22,201.21437624741162
2023-05-23,201.7936134378662
2023-05-24,200.79493177956644
2023-05-25,200.29559095041654
2023-05-26,201.9134503604869
2023-05-30,203.93079157708084
2023-05-31,205.70844370976064
2023-06-01,206.51339087910083
2023-06-02,204.25038531428294
2023-06-05,203.86989198774182
2023-06-06,205.0714796149022
2023-06-07,202.0274413284793
2023-06-08,204.39057028280143
2023-06-09,204.11020034576455
2023-06-12,204.71100179885255
2023-06-13,202.688319871073
2023-06-14,204.31046240378868
2023-06-15,206.27306724206255
2023-06-16,205.47200373095043
2023-06-20,206.893884205642
2023-06-21,207.39454699021013
2023-06-22,204.89123306736957
2023-06-23,206.93394578465623
2023-06-26,207.15423863218746
2023-06-27,206.61351426860514
2023-06-28,207.49468565873002
2023-06-29,203.74972252971492
2023-06-30,206.15291306305124
2023-07-03,204.98736887825544
2023-07-05,203.03950451232694
2023-07-06,200.167913654225
2023-07-07,198.96305367837383
2023-07-10,199.22410182161005
2023-07-11,200.24823969536513
2023-07-12,202.4772375449714
2023-07-13,204.60582401299598
2023-07-14,203.4009640371448
2023-07-17,203.50136009810066
2023-07-18,204.42510191089988
2023-07-19,206.73441048102052
2023-07-20,204.22427914773652
2023-07-21,204.28453516906103
2023-07-24,203.54153077898366
2023-07-25,203.15998591372423
2023-07-26,203.36079335626178
2023-07-27,199.40483924433187
2023-07-28,200.42896179746117
2023-07-31,200.9109180443023
2023-08-01,197.62765890646642
2023-08-02,195.5132341433313
2023-08-03,191.0024787273398
2023-08-04,194.38554913022242
2023-08-07,192.472509859619
2023-08-08,194.7077536274284
2023-08-09,195.71461963586302
2023-08-10,192.49263611802732
2023-08-11,192.04962797970316
2023-08-14,191.62674609978734
2023-08-15,190.4587778427497
2023-08-16,188.96860508850608
2023-08-17,188.1631245726032
2023-08-18,188.8276444618675
2023-08-21,186.3104794407809
2023-08-22,187.74024269268742
2023-08-23,192.39195873531753
2023-08-24,191.12331309557007
2023-08-25,191.74756510446161
2023-08-28,191.94893523343734
2023-08-29,193.94252562834225
2023-08-30,193.74115549936656
2023-08-31,194.60706088116257
2023-09-01,191.58444728021504
2023-09-05,188.8980195545066
2023-09-06,189.36259590368533
2023-09-07,189.88776581789443
2023-09-08,190.614919418994
2023-09-11,189.24140877362458
2023-09-12,190.3321391752739
2023-09-13,190.29173319167532
2023-09-14,188.9182225463059
2023-09-15,187.76689857962623
2023-09-18,188.8374259894763
2023-09-19,187.44372776267505
2023-09-20,188.02947583154705
2023-09-21,183.20199328613847
2023-09-22,184.6765034801369
2023-09-25,180.13180117844843
2023-09-26,179.50564712597784
2023-09-27,178.57650983798786
2023-09-28,179.12186733362876
2023-09-29,179.14207032542805
2023-10-02,176.15266182985897
2023-10-03,172.36333754269504
2023-10-04,174.7949951961707
2023-10-05,173.92365390917595
2023-10-06,171.8162234601653
2023-10-09,175.848702690674
2023-10-10,175.60554774732924
2023-10-11,179.2732791028168
2023-10-12,174.40997925586944
2023-10-13,177.5305965288273
2023-10-16,174.67340226449429
2023-10-17,172.74835348299624
2023-10-18,171.22857324707545
2023-10-19,167.7229400338164
2023-10-20,168.6753381219274
2023-10-23,170.7017117698218
2023-10-24,172.9509877557849
2023-10-25,169.10087473278477
2023-10-26,171.69464598849297
2023-10-27,170.96515023845066
2023-10-30,170.19511835784823
2023-10-31,169.36431320141364
2023-11-01,173.02393720710913
2023-11-02,176.96831871853288
2023-11-03,178.16788970736968
2023-11-06,176.43968659045433
2023-11-07,179.04215935643902
2023-11-08,182.09193503757007
2023-11-09,177.90358139931104
2023-11-10,178.89983711179804
2023-11-13,178.49320655909838
2023-11-14,182.5392379527164
2023-11-15,179.97742203721717
2023-11-16,182.21393661294894
2023-11-17,183.06787008079493
2023-11-20,184.18611185669957
2023-11-21,184.10479815572864
2023-11-22,184.75541634722484
2023-11-24,182.57991031516315
2023-11-27,185.6296859962942
2023-11-28,185.9956596985084
2023-11-29,188.33380864447318
2023-11-30,186.1583026124115
2023-12-01,189.65334616346613
2023-12-04,188.8987401450688
2023-12-05,192.95734604239283
2023-12-06,195.5271237260025
2023-12-07,194.40539104977637
2023-12-08,192.81458147997952
2023-12-11,192.40667161581987
2023-12-12,192.97774542564338
2023-12-13,197.5054282165381
2023-12-14,202.62662868240164
2023-12-15,202.85167969838008
2023-12-18,201.2354113150039
2023-12-19,202.3197395143373
2023-12-20,203.69049344145571
2023-12-21,202.4015776664232
2023-12-22,201.48092577126164
2023-12-26,202.05377722683164
2023-12-27,205.6341144331756
2023-12-28,204.14059547341253
2023-12-29,202.2992760740579
2024-01-02,201.13310972263858
2024-01-03,201.97193907474573
2024-01-04,198.9030786121652
2024-01-05,197.000384501004
2024-01-08,198.9439898836924
2024-01-09,197.67553754893927
2024-01-10,196.7548700447462
2024-01-11,197.859661684359
2024-01-12,197.47093436420872
2024-01-16,193.99289875023004
2024-01-17,193.68600958216567
2024-01-18,191.88561706336978
2024-01-19,192.49937979046697
2024-01-22,193.64509831063845
2024-01-23,192.1106680793482
2024-01-24,190.98541299945606
2024-01-25,192.23341750296134
2024-01-26,191.86515362309044
2024-01-29,194.07473690231598
2024-01-30,195.83421814958467
2024-01-31,197.75737570102524
2024-02-01,201.6241280210128
2024-02-02,197.17050426149774
2024-02-05,193.18891520293948
2024-02-06,195.07710098162582
2024-02-07,194.13300026313945
2024-02-08,193.00421005690066
2024-02-09,192.61425609310353
2024-02-12,192.84001726600857
2024-02-13,189.53571172616543
2024-02-14,190.50032479979853
2024-02-15,191.48546588686472
2024-02-16,190.37718803577263
2024-02-20,190.54136516837835
2024-02-21,189.18681378923452
2024-02-22,190.1103708360014
2024-02-23,192.65531211996975
2024-02-26,192.08063735184743
2024-02-27,190.72608597270357
2024-02-28,191.93697257438845
2024-02-29,193.29153961181868
2024-03-01,194.4921737939189
2024-03-04,193.7098304599981
2024-03-05,196.46859283029698
2024-03-06,197.6215000080553
2024-03-07,197.43621808613656
2024-03-08,197.08623065105738
2024-03-11,196.98328577853658
2024-03-12,195.33626206129705
2024-03-13,194.38922892139811
2024-03-14,191.40401610448149
2024-03-15,191.34225546384187
2024-03-18,190.7658018749627
2024-03-19,191.30107123196066
2024-03-20,191.2393105913211
2024-03-21,191.65105866703985
2024-03-22,193.4833800133804
2024-03-25,192.51575475754086
2024-03-26,193.0510241145388
2024-03-27,194.96568251027728
2024-03-28,194.80099270429912
2024-04-01,191.1816725205657
2024-04-02,190.1281548741203
2024-04-03,190.08683180399032
2024-04-04,191.45020943587656
2024-04-05,188.78543877729908
2024-04-08,188.76477724223406
2024-04-09,190.52064523968758
2024-04-10,186.36855925910098
2024-04-11,185.52160968290497
2024-04-12,186.5131584842889
2024-04-15,183.62115822039706
2024-04-16,182.40239557383228
2024-04-17,184.42678472646307
2024-04-18,183.49722053027412
2024-04-19,184.15824781115222
2024-04-22,183.84838782571137
2024-04-23,183.91035667077284
2024-04-24,182.6089636440816
2024-04-25,181.32821639232185
2024-04-26,182.2784421235758
2024-04-29,183.80708051571494
2024-04-30,182.23713481357936
2024-05-01,183.57570876906428
2024-05-02,184.36341955972748
2024-05-03,186.22901375563558
2024-05-06,186.9545401817612
2024-05-07,188.09462376648892
2024-05-08,186.9545401817612
2024-05-09,187.86660388655432
2024-05-10,186.8094380595251
2024-05-13,187.28619539760996
2024-05-14,188.34337703958437
2024-05-15,190.9137642684572
2024-05-16,190.72721117484446
2024-05-17,189.44200965293544
2024-05-20,188.88233455715203
2024-05-21,189.85658262648275
2024-05-22,190.08460250641735
2024-05-23,188.8616011639911
2024-05-24,189.4212762597745
2024-05-28,186.7057869086656
2024-05-29,184.44633731742587
2024-05-30,186.2290137556355
2024-05-31,187.49348188438356
2024-06-03,190.51576814091274
2024-06-04,192.74122466018954
2024-06-05,194.15553451427996
2024-06-06,193.86435447386035
2024-06-07,190.30778466463042
2024-06-10,189.03906483074977
2024-06-11,190.99414441767183
2024-06-12,192.42924151170504
2024-06-13,195.25786121988594
2024-06-14,196.90095765832353
2024-06-17,194.94589393952356
2024-06-18,196.73456453004886
2024-06-20,195.42425434816062
2024-06-21,195.42425434816062
2024-06-24,196.21459790528215
2024-06-25,196.54738416183145
2024-06-26,193.7395675617154
2024-06-27,194.50910801077205
2024-06-28,190.89014474546968
2024-07-01,187.60604569904103
2024-07-02,189.0666580237234
2024-07-03,191.54971489516376
2024-07-05,193.13551801353879
2024-07-08,193.5528471916483
2024-07-09,192.69733431613412
2024-07-10,193.30244968478263
2024-07-11,195.18039118757451
2024-07-12,196.01503362431316
2024-07-15,193.76150382096293
2024-07-16,196.49494227978866
2024-07-17,196.5366831573398
2024-07-18,195.0343299551063
2024-07-19,193.8866946146556
2024-07-22,193.32332012355823
2024-07-23,193.05205217791695
2024-07-24,190.9654540458105
2024-07-25,192.53040264489033
2024-07-26,194.03275584712384
2024-07-29,195.07605491317705
2024-07-30,195.8272315142938
2024-07-31,197.83036381077835
2024-08-01,199.53094128844512
2024-08-02,205.7486220603957
2024-08-05,206.83724806622845
2024-08-06,202.21061149958066
2024-08-07,200.78705067549745
2024-08-08,199.55188070412115
2024-08-09,201.5197705032151
2024-08-12,202.25249033093274
2024-08-13,203.6551277114343
2024-08-14,204.93216054206832
2024-08-15,203.27829808973743
2024-08-16,203.99009447387337
2024-08-19,204.9321605420683
2024-08-20,206.56508357872312
2024-08-21,206.69070410068497
2024-08-22,204.63907261098126
2024-08-23,205.97890771654903
2024-08-26,205.45553412930866
2024-08-27,205.09964392328786
2024-08-28,204.84841885145855
2024-08-29,204.17850129867466
2024-08-30,202.00126525910343
2024-09-03,205.29433634220618
2024-09-04,207.9405900746583
2024-09-05,209.11669572319803
2024-09-06,209.09568925854907
2024-09-09,209.99877495960286
2024-09-10,211.46892304351525
2024-09-11,211.30090337279879
2024-09-12,210.3138078363868
2024-09-13,210.8808702192454
2024-09-16,212.81304836277147
2024-09-17,211.7839398970615
2024-09-18,209.15869262925833
2024-09-19,208.46563952821896
2024-09-20,207.66755410393466
2024-09-23,207.22651448573225
2024-09-24,207.18451757967202
2024-09-25,205.46235601292267
2024-09-26,205.9453925371853
2024-09-27,207.01649790895556
2024-09-30,206.02940237254356
2024-10-01,207.51214074753977
2024-10-02,205.76339592745384
2024-10-03,203.8250024168994
2024-10-04,201.31775928282417
2024-10-07,199.8007626548457
2024-10-08,200.13786408625901
2024-10-09,199.00011661527515
2024-10-10,198.2205605131427
2024-10-11,197.41991447357213
2024-10-14,197.56739936381183
2024-10-15,199.96932140787607
2024-10-16,200.81208302373304
2024-10-17,197.63062095218376
2024-10-18,197.77810584242349
2024-10-21,194.322731778538
2024-10-22,194.5123483197116
2024-10-23,193.98561427247728
2024-10-24,195.228714982767
2024-10-25,194.133099162717
2024-10-28,193.60636511548265
2024-10-29,193.90133489596207
2024-10-30,194.47021666877774
2024-10-31,194.78624423740038
2024-11-01,192.04933284199896
2024-11-04,195.03029137931156
2024-11-05,196.0662201180239
2024-11-06,190.6962784523435
2024-11-07,193.08527771039192
2024-11-08,195.53768274301223
2024-11-11,194.58632191986342
2024-11-12,191.66880141648394
2024-11-13,189.8506315560693
2024-11-14,190.9499821990341
2024-11-15,190.44259083533348
2024-11-18,190.78084636790703
2024-11-19,191.75335320236687
2024-11-20,191.14026404147228
2024-11-21,190.99225809197563
2024-11-22,191.09797201885021
2024-11-25,196.04509023639352
2024-11-26,195.28399512600225
2024-11-27,196.6370495156577
2024-11-29,198.6666311001409
2024-12-02,199.14231796358754
2024-12-03,197.4239169198165
2024-12-04,199.54538610205574
2024-12-05,199.94847042604934
2024-12-06,200.24547481672082
2024-12-09,198.39979080138352
2024-12-10,197.46635536735548
2024-12-11,195.59945212824869
2024-12-12,193.22341700287697
2024-12-13,191.25045001597346
2024-12-16,191.82323957354689
2024-12-17,192.28996538332356
2024-12-18,189.89483574046963
2024-12-19,187.01956457911731
2024-12-20,188.0844750094719
2024-12-23,186.3593253120554
2024-12-24,187.14736488024553
2024-12-26,187.04086733751262
2024-12-27,185.507393717923
2024-12-30,186.99827806996564
2024-12-31,185.99725966555332
2025-01-02,186.5084121223353
2025-01-03,185.9120648812157
2025-01-06,185.08143604547863
2025-01-07,182.9942044523164
2025-01-08,183.2284860469339
2025-01-10,182.01448880629943
2025-01-13,181.95059678035713
2025-01-14,181.65242315979734
2025-01-15,184.78326242491883
2025-01-16,185.37960966603842
2025-01-17,185.69908604499352
2025-01-21,187.36034371646772
2025-01-22,186.3806280704507
2025-01-23,184.9323492351987
2025-01-24,185.7629780709358
2025-01-27,187.95669095758728
2025-01-28,187.82890690570267
2025-01-29,187.44553850080527
2025-01-30,188.14836703541414
2025-01-31,186.91308328562798
2025-02-03,188.42951898830165
2025-02-04,189.00659856484577
2025-02-05,192.12713978289
2025-02-06,192.04164349252235
2025-02-07,190.80197174231643
2025-02-10,190.22489216577227
2025-02-11,189.00659856484577
2025-02-12,186.44177508081626
2025-02-13,189.54093814958105
2025-02-14,190.54549917796342
2025-02-18,188.3012663993751
2025-02-19,188.53637712119863
2025-02-20,189.24170928666925
2025-02-21,191.5286820570664
2025-02-24,192.08439979108113
2025-02-25,195.39729543239005
2025-02-26,196.55147089222834
2025-02-27,195.16218471056652
2025-02-28,197.55603192061076
2025-03-03,198.4750947018155
2025-03-04,196.0308742463072
2025-03-05,194.4657074981416
2025-03-06,193.82250105912297
2025-03-07,193.20072338425365
2025-03-10,195.21613954708286
2025-03-11,193.822501059123
2025-03-12,192.6647098394872
2025-03-13,194.3585146038895
2025-03-14,193.32936140049037
2025-03-17,194.29419559577116
2025-03-18,194.48715262012615
2025-03-19,195.49486070154074
2025-03-20,195.62349871777744
2025-03-21,194.46570749814163
2025-03-24,192.47173645729694
2025-03-25,192.45030769314766
2025-03-26,191.18530722142447
2025-03-27,190.62786491250867
2025-03-28,193.26504239237195
2025-03-31,195.17324930311378
2025-04-01,196.8584739249193
2025-04-02,196.72937754171056
2025-04-03,197.63308505641558
2025-04-04,199.78477899587818
2025-04-07,193.7600458150561
2025-04-08,190.1021562682965
2025-04-09,191.22104630984535
2025-04-10,185.94938630848878
2025-04-11,186.96068508661574
2025-04-14,188.29474123888647
2025-04-15,188.96176110696084
2025-04-16,190.01608654078336
2025-04-17,188.33776789458204
2025-04-21,185.04567879378376
2025-04-22,186.07849910781948
2025-04-23,187.88591413722952
2025-04-24,189.86546862166585
2025-04-25,191.26407296554095
2025-04-28,192.46901631848098
2025-04-29,194.08278677307794
2025-04-30,192.51205939029853
2025-05-01,191.53949635624096
2025-05-02,189.46623289834642
2025-05-05,188.40799180252006
2025-05-06,189.03429271326425
2025-05-07,189.8333696980413
2025-05-08,187.71690398322193
2025-05-09,187.99766922273366
2025-05-12,186.24834030760914
2025-05-13,185.49246557975695
2025-05-14,184.26146488673103
2025-05-15,185.88120350791428
2025-05-16,186.37793060155047
2025-05-19,185.83801772782272
2025-05-20,184.49902786931793
2025-05-21,181.3459386639679
2025-05-22,182.2961905943154
2025-05-23,182.59854048545625
2025-05-27,185.14692990852456
2025-05-28,184.3478529237475
2025-05-29,186.05397958194715
2025-05-30,186.33472834462557
2025-06-02,184.6070176938701
2025-06-03,184.28184938537746
2025-06-04,187.27336143826588
2025-06-05,187.40342214616405
2025-06-06,185.01888211513005
2025-06-09,185.21398971572452
2025-06-10,186.1677958048898
2025-06-11,186.73141977036056
2025-06-12,188.96421679593098
2025-06-13,187.14330073036774
2025-06-16,185.25733777210823
2025-06-17,187.51181709524406
2025-06-18,187.8369854037367
2025-06-20,187.49013479767865
2025-06-23,188.09710681953305
2025-06-24,189.46281040745268
2025-06-25,189.70126606443083
2025-06-26,190.6550721535961
2025-06-27,189.44112810988727
2025-06-30,191.30540877058138
2025-07-01,191.77798058189506
2025-07-02,190.5595190245818
2025-07-03,189.23225914238253
2025-07-07,187.4263131911549
2025-07-08,187.18697015664068
2025-07-09,189.14522380253248
2025-07-10,189.2757685121607
2025-07-11,186.6647747178341
2025-07-14,186.27312398865573
2025-07-15,184.96762709149243
2025-07-16,185.22871651074888
2025-07-17,185.1852071409707
2025-07-18,185.4680595452631
2025-07-21,187.12169780182657
2025-07-22,188.25312401928977
2025-07-23,187.20873314167662
2025-07-24,186.88235476731236
2025-07-25,188.05730695484743
2025-07-28,186.83884539753416
2025-07-29,189.9937976157033
2025-07-30,189.01467909290423
2025-07-31,189.12346081749652
2025-08-01,191.80191541655583
2025-08-04,192.32607904815274
2025-08-05,192.91577771370297
2025-08-06,191.8019154165558
2025-08-07,191.4743068982347
2025-08-08,190.6443797596345
2025-08-11,190.86277988422805
2025-08-12,189.90179934058256
2025-08-13,191.4743068982347
2025-08-14,190.05468109408423
2025-08-15,188.70059032388713
2025-08-18,188.15458168097243
2025-08-19,189.2465989668018
2025-08-20,189.66155420467118
2025-08-21,188.7224353352049
2025-08-22,190.12021612803755
2025-08-25,189.57420748512288
2025-08-26,189.46499909139538
2025-08-27,189.24659896680177
2025-08-28,190.49149800613282
2025-08-29,189.13739057307427
2025-09-02,187.73523771201155
2025-09-03,189.7960994129061
2025-09-04,191.24309168630543
2025-09-05,194.15897146690767
2025-09-08,196.74600457327134
2025-09-09,195.62789242748536
2025-09-10,196.74600457327134
2025-09-11,198.06144145028782
2025-09-12,197.2064066438927
2025-09-15,197.66682544120152
2025-09-16,198.0833701374662
2025-09-17,197.57912741917545
2025-09-18,195.5401944054593
2025-09-19,195.16747363017657
2025-09-22,194.46590618065528
2025-09-23,195.82520043202854
2025-09-24,195.07979233483792
2025-09-25,195.07979233483792
2025-09-26,194.90439629078574
2025-09-29,196.50483919437147
2025-09-30,195.934827141233
2025-10-01,196.43907521206373
2025-10-02,197.0110830367987
2025-10-03,196.63706823711067
2025-10-06,195.0750617176218
2025-10-07,196.19707254716664
2025-10-08,196.351072717123
2025-10-09,196.19707254716664
2025-10-10,199.36509522599457
2025-10-13,199.25508791112873
2025-10-14,199.89309341087935
2025-10-15,199.45309772093532
2025-10-16,200.94908978064888
2025-10-17,200.64108944073612
2025-10-20,201.4111070752777
2025-10-21,202.40110577003162
2025-10-22,202.5331011200629
2025-10-23,201.1470995904555
2025-10-24,201.23510208539625
2025-10-27,201.9171004402374
2025-10-28,202.44509862512214
2025-10-29,200.39908677583904
2025-10-30,199.23308309120367
2025-10-31,198.63908723130325
2025-11-03,198.1440778130705
2025-11-04,198.58568382530134
2025-11-05,196.42185647923768
2025-11-06,198.18824683706706
2025-11-07,197.7687253368345
2025-11-10,197.72457315838489
2025-11-11,198.62983600375097
2025-11-12,198.9831208135356
2025-11-13,197.34920383660202
2025-11-14,196.223146407894
2025-11-17,196.7088877530275
2025-11-18,196.6426510625796
2025-11-19,196.24521407434534
2025-11-20,197.01802038436253
2025-11-21,197.6141674439405
2025-11-24,198.7402417181954
2025-11-25,199.2480675753272
2025-11-26,200.1312627542419
2025-11-28,199.1818308848793
2025-12-01,196.7110964063739
2025-12-02,196.7997369859414
2025-12-03,197.3537279283916
2025-12-04,196.29007478650587
2025-12-05,195.38152152578584
2025-12-08,194.7388900037682
2025-12-09,194.93833553441044
2025-12-10,195.69175510104103
2025-12-11,195.42585026880053
2025-12-12,193.54226753930038
2025-12-15,193.6752368618825
2025-12-16,194.73889000376823
2025-12-17,194.5616257510952
2025-12-18,195.49232647686068
2025-12-19,194.76549441791684
2025-12-22,194.34281117232948
2025-12-23,194.65425662512936
2025-12-24,195.83330254965801
2025-12-26,195.18816069099995
2025-12-29,195.92228938938717
2025-12-30,195.45512121018737
2025-12-31,193.89789394618805
2026-01-02,193.60868247394228
2026-01-05,194.5652697854002
2026-01-06,194.1648374928712
2026-01-07,195.2993984837874
2026-01-08,194.3205602192711
2026-01-09,195.61084393658726
2026-01-12,195.03243796459995
2026-01-13,195.36613437045816
2026-01-14,196.50069536137437
2026-01-15,196.4561934552577
2026-01-16,195.32164943684572
2026-01-20,192.76333295527175
2026-01-21,194.23157337954197
2026-01-22,195.07693987071667
2026-01-23,195.61084393658726
2026-01-26,196.54518029498684
2026-01-27,195.32164943684572
2026-01-28,194.87671523820003
2026-01-29,194.92121714431673
2026-01-30,193.83114108701292
2026-02-02,193.27944820733862
2026-02-03,193.74840841230417
2026-02-04,193.25711190111846
2026-02-05,195.35628170796298
2026-02-06,195.49026547006466
2026-02-09,195.44559285762435
2026-02-10,197.70108273279072
2026-02-11,196.65149782936848
2026-02-12,199.2643004536189
2026-02-13,200.35854093187186
2026-02-17,200.6935173747357
2026-02-18,199.93423630173697
2026-02-19,200.13522898249914
2026-02-20,199.6662687775336
2026-02-23,200.40319650670253
2026-02-24,200.76050925578653
2026-02-25,200.7828455620067
2026-02-26,201.58676517222648
2026-02-27,202.81500645019077
2026-03-02,200.78507190053182
2026-03-03,200.38175336498142
2026-03-04,199.75437277520058
2026-03-05,198.94773570409978
2026-03-06,198.20831553978422
2026-03-09,199.9336292565205
2026-03-10,197.80499700423383
2026-03-11,195.25065197736097
2026-03-12,194.86974477568532
2026-03-13,193.9062625571393
2026-03-16,195.4074971248062
2026-03-17,195.9452494739271
2026-03-18,194.84733344181063
2026-03-19,196.03487771458708
2026-03-20,192.31539974881252
2026-03-23,193.5701609283742
2026-03-24,192.71871828436292
2026-03-25,194.57844871983073
2026-03-26,192.94278033859337
2026-03-27,191.8896698793874
2026-03-30,194.44401490626026
2026-03-31,194.24236418590453
2026-04-01,194.05190784989247
2026-04-02,195.2442017489611
2026-04-06,194.92925683838487
2026-04-07,194.9067558695693
2026-04-08,195.53664569072177
2026-04-09,195.04172735604186
2026-04-10,194.56930999017752
2026-04-13,195.15421503690925
2026-04-14,196.18903648068974
2026-04-15,195.33418846101293
2026-04-16,194.09689262431323
2026-04-17,195.87409157011353
2026-04-20,195.8291067956928
2026-04-21,194.74928341428122
2026-04-22,195.13171406809374
2026-04-23,194.70429863986053
2026-04-24,195.06422832485748
2026-04-27,194.09689262431326
2026-04-28,194.2993670172325
2026-04-29,192.7921110443773
2026-04-30,192.61215478348402
2026-05-01,193.2982829528428
2026-05-04,191.8306485880099
2026-05-05,192.8918613937562
2026-05-06,194.3594957585891
2026-05-07,193.38860076890228
2026-05-08,194.35949575858913
2026-05-11,193.18538137617796
2026-05-12,191.89838264346395
2026-05-13,191.46939455013396
2026-05-14,191.74033077195037
2026-05-15,188.895397084706
2026-05-18,188.6695939313763
2026-05-19,187.45032925411644
2026-05-20,189.45987051530622
2026-05-21,190.15981205681464
2026-05-22,191.19844110195558
2026-05-26,192.14675233103705
2026-05-27,192.59834141133445
2026-05-28,193.59180293526464
2026-05-29,193.6369704564754
2026-06-01,193.7408315005424
2026-06-02,194.14885078563702
2026-06-03,193.37814000531057
2026-06-04,193.8088318323778
2026-06-05,192.81144751457265
2026-06-08,191.81408049084988
2026-06-09,192.94746547232577
2026-06-10,192.40342822947807
2026-06-11,194.8968890239909
2026-06-12,194.42085211297854
2026-06-15,194.30752399128036
2026-06-16,195.37290864092088
2026-06-17,195.69025505220753
2026-06-18,196.6422942860675
2026-06-22,195.1462178093598
2026-06-23,195.3955638888111
2026-06-24,198.0703531368575
2026-06-25,198.00235280502213
2026-06-26,198.0250253469947
2026-06-29,198.22902634250084
2026-06-30,195.8942560477137
2026-07-01,194.57499247045928
2026-07-02,194.55225298064775
2026-07-06,194.41572924983262
2026-07-07,192.3680642298866
2026-07-08,191.93577090601886
2026-07-09,192.23154049907149
2026-07-10,192.18604416105921
2026-07-13,191.0484447684718
2026-07-14,191.29871802351215
2026-07-15,191.66274080277776
2026-07-16,191.59448761656478
2026-07-17,192.29979368528444
2026-07-20,190.8664246996444
2026-07-21,190.34313869975213
2026-07-22,189.8425921896714
2026-07-23,189.22827879697624
2026-07-24,189.4102988658036
2026-07-27,190.54789825839103
2026-07-28,191.66274080277773
2026-07-29,188.50021588005586
2026-07-30,188.3864663558306
2026-07-31,187.13510008062877
2026-08-03,187.74940930731051
2026-08-04,189.1885333939508
2026-08-05,189.5997141941458
2026-08-06,188.50322625093085
2026-08-07,189.05147893658062
2026-08-10,187.45243474556236
2026-08-11,187.7494093073105
2026-08-12,187.5666584120939
2026-08-13,188.66312892722422
2026-08-14,187.40675573580054
2026-08-17,185.8305597637055
