date,value
2010-02-11,0.21627600491046906
2010-02-12,0.21716099977493286
2010-02-16,0.22557300329208374
2010-02-17,0.22940100729465485
2010-02-18,0.23375000059604645
2010-02-19,0.23375000059604645
2010-02-22,0.23210899531841278
2010-02-23,0.22304700314998627
2010-02-24,0.22979199886322021
2010-02-25,0.2296610027551651
2010-02-26,0.2325260043144226
2010-03-01,0.24250000715255737
2010-03-02,0.2439579963684082
2010-03-03,0.24531300365924835
2010-03-04,0.24802100658416748
2010-03-05,0.2589839994907379
2010-03-08,0.26036500930786133
2010-03-09,0.2649739980697632
2010-03-10,0.2714579999446869
2010-03-11,0.2739579975605011
2010-03-12,0.27458301186561584
2010-03-15,0.27273398637771606
2010-03-16,0.27789101004600525
2010-03-17,0.27981799840927124
2010-03-18,0.2826560139656067
2010-03-19,0.2776559889316559
2010-03-22,0.2851560115814209
2010-03-23,0.2911199927330017
2010-03-24,0.28697898983955383
2010-03-25,0.28518199920654297
2010-03-26,0.28666698932647705
2010-03-29,0.29059898853302
2010-03-30,0.2936460077762604
2010-03-31,0.28968799114227295
2010-04-01,0.2891150116920471
2010-04-05,0.2974739968776703
2010-04-06,0.2997399866580963
2010-04-07,0.2980470061302185
2010-04-08,0.29911500215530396
2010-04-09,0.30450499057769775
2010-04-12,0.3057290017604828
2010-04-13,0.3103390038013458
2010-04-14,0.3212760090827942
2010-04-15,0.32557299733161926
2010-04-16,0.3139840066432953
2010-04-19,0.31349000334739685
2010-04-20,0.31812500953674316
2010-04-21,0.32372400164604187
2010-04-22,0.32851600646972656
2010-04-23,0.33286499977111816
2010-04-26,0.330390989780426
2010-04-27,0.3100000023841858
2010-04-28,0.3107289969921112
2010-04-29,0.3265889883041382
2010-04-30,0.307343989610672
2010-05-03,0.31989601254463196
2010-05-04,0.29161500930786133
2010-05-05,0.28682300448417664
2010-05-06,0.25872400403022766
2010-05-07,0.2398959994316101
2010-05-10,0.27567699551582336
2010-05-11,0.2754949927330017
2010-05-12,0.29033899307250977
2010-05-13,0.277213990688324
2010-05-14,0.2601560056209564
2010-05-17,0.26367199420928955
2010-05-18,0.2535940110683441
2010-05-19,0.2469010055065155
2010-05-20,0.2219270020723343
2010-05-21,0.22364600002765656
2010-05-24,0.22549499571323395
2010-05-25,0.2239059954881668
2010-05-26,0.2169789969921112
2010-05-27,0.24046899378299713
2010-05-28,0.2371090054512024
2010-06-01,0.2305469959974289
2010-06-02,0.24677099287509918
2010-06-03,0.2531769871711731
2010-06-04,0.2281769961118698
2010-06-07,0.21494799852371216
2010-06-08,0.21375000476837158
2010-06-09,0.2090359926223755
2010-06-10,0.22638000547885895
2010-06-11,0.23229199647903442
2010-06-14,0.23242199420928955
2010-06-15,0.2494010031223297
2010-06-16,0.2544269859790802
2010-06-17,0.25697898864746094
2010-06-18,0.2576819956302643
2010-06-21,0.25091099739074707
2010-06-22,0.24497400224208832
2010-06-23,0.24169300496578217
2010-06-24,0.22997400164604187
2010-06-25,0.22981800138950348
2010-06-28,0.22776000201702118
2010-06-29,0.20234400033950806
2010-06-30,0.19234399497509003
2010-07-01,0.19046899676322937
2010-07-02,0.18942700326442719
2010-07-06,0.19041700661182404
2010-07-07,0.20841099321842194
2010-07-08,0.21192699670791626
2010-07-09,0.2178650051355362
2010-07-12,0.22033900022506714
2010-07-13,0.22786499559879303
2010-07-14,0.2315099984407425
2010-07-15,0.2323179990053177
2010-07-16,0.21362000703811646
2010-07-19,0.21843799948692322
2010-07-20,0.22533899545669556
2010-07-21,0.21744799613952637
2010-07-22,0.23210899531841278
2010-07-23,0.23815099895000458
2010-07-26,0.24338500201702118
2010-07-27,0.24333299696445465
2010-07-28,0.2383590042591095
2010-07-29,0.232682004570961
2010-07-30,0.23427100479602814
2010-08-02,0.24687500298023224
2010-08-03,0.2443230003118515
2010-08-04,0.25137999653816223
2010-08-05,0.24989600479602814
2010-08-06,0.24872399866580963
2010-08-09,0.2530730068683624
2010-08-10,0.24770799279212952
2010-08-11,0.22731800377368927
2010-08-12,0.22091099619865417
2010-08-13,0.21650999784469604
2010-08-16,0.21773399412631989
2010-08-17,0.22601599991321564
2010-08-18,0.22804699838161469
2010-08-19,0.21966099739074707
2010-08-20,0.2189060002565384
2010-08-23,0.21286499500274658
2010-08-24,0.20065100491046906
2010-08-25,0.2066670060157776
2010-08-26,0.19992199540138245
2010-08-27,0.20653599500656128
2010-08-30,0.19984400272369385
2010-08-31,0.198853999376297
2010-09-01,0.21552099287509918
2010-09-02,0.22291700541973114
2010-09-03,0.23427100479602814
2010-09-07,0.22856800258159637
2010-09-08,0.23664100468158722
2010-09-09,0.23963500559329987
2010-09-10,0.24221399426460266
2010-09-13,0.25289100408554077
2010-09-14,0.2560940086841583
2010-09-15,0.2604430019855499
2010-09-16,0.26411500573158264
2010-09-17,0.26692700386047363
2010-09-20,0.28083300590515137
2010-09-21,0.27994799613952637
2010-09-22,0.27862000465393066
2010-09-23,0.277785986661911
2010-09-24,0.29351601004600525
2010-09-27,0.2901560068130493
2010-09-28,0.29088500142097473
2010-09-29,0.2885420024394989
2010-09-30,0.2846350073814392
2010-10-01,0.2837499976158142
2010-10-04,0.27390599250793457
2010-10-05,0.2942970097064972
2010-10-06,0.2867969870567322
2010-10-07,0.28960898518562317
2010-10-08,0.29544299840927124
2010-10-11,0.29604199528694153
2010-10-12,0.3021880090236664
2010-10-13,0.30953100323677063
2010-10-14,0.30781298875808716
2010-10-15,0.3274480104446411
2010-10-18,0.3274480104446411
2010-10-19,0.314426988363266
2010-10-20,0.3209640085697174
2010-10-21,0.3232029974460602
2010-10-22,0.32950499653816223
2010-10-25,0.33450499176979065
2010-10-26,0.3365100026130676
2010-10-27,0.33997398614883423
2010-10-28,0.3419269919395447
2010-10-29,0.340285986661911
2010-11-01,0.34106799960136414
2010-11-02,0.3514060080051422
2010-11-03,0.35648399591445923
2010-11-04,0.3691149950027466
2010-11-05,0.3695569932460785
2010-11-08,0.3704949915409088
2010-11-09,0.36450499296188354
2010-11-10,0.3700779974460602
2010-11-11,0.36385399103164673
2010-11-12,0.34533900022506714
2010-11-15,0.34164100885391235
2010-11-16,0.32468798756599426
2010-11-17,0.3277600109577179
2010-11-18,0.3429949879646301
2010-11-19,0.34380200505256653
2010-11-22,0.3528650104999542
2010-11-23,0.33619800209999084
2010-11-24,0.3558329939842224
2010-11-26,0.35359400510787964
2010-11-29,0.3486720025539398
2010-11-30,0.3354170024394989
2010-12-01,0.35674500465393066
2010-12-02,0.36757799983024597
2010-12-03,0.3706510066986084
2010-12-06,0.3700000047683716
2010-12-07,0.3703390061855316
2010-12-08,0.37546899914741516
2010-12-09,0.37585899233818054
2010-12-10,0.38374999165534973
2010-12-13,0.37924501299858093
2010-12-14,0.3808329999446869
2010-12-15,0.37695300579071045
2010-12-16,0.3848179876804352
2010-12-17,0.3859899938106537
2010-12-20,0.3870309889316559
2010-12-21,0.3934110105037689
2010-12-22,0.39382800459861755
2010-12-23,0.3908329904079437
2010-12-27,0.3909899890422821
2010-12-28,0.3892970085144043
2010-12-29,0.39161500334739685
2010-12-30,0.38867199420928955
2010-12-31,0.3851040005683899
2011-01-03,0.4025000035762787
2011-01-04,0.40187498927116394
2011-01-05,0.4118489921092987
2011-01-06,0.41557300090789795
2011-01-07,0.41460898518562317
2011-01-10,0.41927099227905273
2011-01-11,0.4211980104446411
2011-01-12,0.4297400116920471
2011-01-13,0.4310939908027649
2011-01-14,0.4404430091381073
2011-01-18,0.44395801424980164
2011-01-19,0.4290890097618103
2011-01-20,0.4194529950618744
2011-01-21,0.4098699986934662
2011-01-24,0.4267970025539398
2011-01-25,0.4282810091972351
2011-01-26,0.4349220097064972
2011-01-27,0.4433070123195648
2011-01-28,0.4098699986934662
2011-01-31,0.41593798995018005
2011-02-01,0.4390360116958618
2011-02-02,0.4370569884777069
2011-02-03,0.4387499988079071
2011-02-04,0.44666698575019836
2011-02-07,0.45315098762512207
2011-02-08,0.46281298995018005
2011-02-09,0.46000000834465027
2011-02-10,0.4622400104999542
2011-02-11,0.47171899676322937
2011-02-14,0.47468799352645874
2011-02-15,0.4734640121459961
2011-02-16,0.4822140038013458
2011-02-17,0.4817970097064972
2011-02-18,0.4790630042552948
2011-02-22,0.43687498569488525
2011-02-23,0.4260939955711365
2011-02-24,0.43216100335121155
2011-02-25,0.4506770074367523
2011-02-28,0.45395800471305847
2011-03-01,0.4321349859237671
2011-03-02,0.4382289946079254
2011-03-03,0.46437498927116394
2011-03-04,0.45750001072883606
2011-03-07,0.4392710030078888
2011-03-08,0.4438540041446686
2011-03-09,0.43489599227905273
2011-03-10,0.41499999165534973
2011-03-11,0.42192700505256653
2011-03-14,0.4178130030632019
2011-03-15,0.4007290005683899
2011-03-16,0.3713020086288452
2011-03-17,0.38098999857902527
2011-03-18,0.3789060115814209
2011-03-21,0.400052011013031
2011-03-22,0.3989579975605011
2011-03-23,0.4050000011920929
2011-03-24,0.427031010389328
2011-03-25,0.43015599250793457
2011-03-28,0.42286500334739685
2011-03-29,0.4350000023841858
2011-03-30,0.4414060115814209
2011-03-31,0.44328099489212036
2011-04-01,0.44395801424980164
2011-04-04,0.4399479925632477
2011-04-05,0.43494799733161926
2011-04-06,0.4382289946079254
2011-04-07,0.43812501430511475
2011-04-08,0.43156298995018005
2011-04-11,0.42765599489212036
2011-04-12,0.4192189872264862
2011-04-13,0.42921900749206543
2011-04-14,0.4268749952316284
2011-04-15,0.42411500215530396
2011-04-18,0.41593798995018005
2011-04-19,0.42343801259994507
2011-04-20,0.45161500573158264
2011-04-21,0.4630729854106903
2011-04-25,0.46650999784469604
2011-04-26,0.47453099489212036
2011-04-27,0.484375
2011-04-28,0.4836460053920746
2011-04-29,0.4813019931316376
2011-05-02,0.4786979854106903
2011-05-03,0.47150999307632446
2011-05-04,0.46875
2011-05-05,0.46171900629997253
2011-05-06,0.4657289981842041
2011-05-09,0.47078099846839905
2011-05-10,0.48286500573158264
2011-05-11,0.4724479913711548
2011-05-12,0.4807809889316559
2011-05-13,0.4637500047683716
2011-05-16,0.4396350085735321
2011-05-17,0.44322898983955383
2011-05-18,0.454010009765625
2011-05-19,0.4579170048236847
2011-05-20,0.4478130042552948
2011-05-23,0.4283849895000458
2011-05-24,0.4203130006790161
2011-05-25,0.42500001192092896
2011-05-26,0.43296900391578674
2011-05-27,0.439426988363266
2011-05-31,0.4605729877948761
2011-06-01,0.4311459958553314
2011-06-02,0.43364599347114563
2011-06-03,0.41395801305770874
2011-06-06,0.4039579927921295
2011-06-07,0.4016149938106537
2011-06-08,0.392969012260437
2011-06-09,0.3946880102157593
2011-06-10,0.37656301259994507
2011-06-13,0.3768230080604553
2011-06-14,0.3908329904079437
2011-06-15,0.3694790005683899
2011-06-16,0.3643229901790619
2011-06-17,0.36161500215530396
2011-06-20,0.36640599370002747
2011-06-21,0.3908329904079437
2011-06-22,0.38203099370002747
2011-06-23,0.3926039934158325
2011-06-24,0.3719269931316376
2011-06-27,0.38999998569488525
2011-06-28,0.4074999988079071
2011-06-29,0.4126040041446686
2011-06-30,0.4282810091972351
2011-07-01,0.4481250047683716
2011-07-05,0.45458298921585083
2011-07-06,0.45942699909210205
2011-07-07,0.4780209958553314
2011-07-08,0.4740630090236664
2011-07-11,0.44864600896835327
2011-07-12,0.4377079904079437
2011-07-13,0.4435420036315918
2011-07-14,0.4282810091972351
2011-07-15,0.4453130066394806
2011-07-18,0.43796899914741516
2011-07-19,0.46885401010513306
2011-07-20,0.46229198575019836
2011-07-21,0.47166699171066284
2011-07-22,0.486301988363266
2011-07-25,0.48343798518180847
2011-07-26,0.48609399795532227
2011-07-27,0.4492189884185791
2011-07-28,0.45161500573158264
2011-07-29,0.4472399950027466
2011-08-01,0.4411979913711548
2011-08-02,0.40770798921585083
2011-08-03,0.4182809889316559
2011-08-04,0.3613539934158325
2011-08-05,0.35338500142097473
2011-08-08,0.29130199551582336
2011-08-09,0.3311980068683624
2011-08-10,0.29213500022888184
2011-08-11,0.32963499426841736
2011-08-12,0.33802101016044617
2011-08-15,0.3526040017604828
2011-08-16,0.3435420095920563
2011-08-17,0.33796900510787964
2011-08-18,0.28895801305770874
2011-08-19,0.2727600038051605
2011-08-22,0.2752079963684082
2011-08-23,0.3092710077762604
2011-08-24,0.3165630102157593
2011-08-25,0.30135399103164673
2011-08-26,0.3231250047683716
2011-08-29,0.35062500834465027
2011-08-30,0.3577600121498108
2011-08-31,0.35984399914741516
2011-09-01,0.34968799352645874
2011-09-02,0.32520800828933716
2011-09-06,0.32515600323677063
2011-09-07,0.34973999857902527
2011-09-08,0.34489598870277405
2011-09-09,0.32218798995018005
2011-09-12,0.33427101373672485
2011-09-13,0.34724000096321106
2011-09-14,0.3622399866580963
2011-09-15,0.3786979913711548
2011-09-16,0.38859400153160095
2011-09-19,0.3895829916000366
2011-09-20,0.3840630054473877
2011-09-21,0.364531010389328
2011-09-22,0.3290629982948303
2011-09-23,0.3393230140209198
2011-09-26,0.350832998752594
2011-09-27,0.3615629971027374
2011-09-28,0.34453099966049194
2011-09-29,0.334322988986969
2011-09-30,0.30833300948143005
2011-10-03,0.28416699171066284
2011-10-04,0.3014580011367798
2011-10-05,0.3243750035762787
2011-10-06,0.34104201197624207
2011-10-07,0.3340100049972534
2011-10-10,0.3682810068130493
2011-10-11,0.37614598870277405
2011-10-12,0.38218799233436584
2011-10-13,0.3924480080604553
2011-10-14,0.4140630066394806
2011-10-17,0.394896000623703
2011-10-18,0.40921899676322937
2011-10-19,0.3856250047683716
2011-10-20,0.38072898983955383
2011-10-21,0.39427098631858826
2011-10-24,0.41890600323677063
2011-10-25,0.39515599608421326
2011-10-26,0.39359399676322937
2011-10-27,0.42531299591064453
2011-10-28,0.4267190098762512
2011-10-31,0.4055730104446411
2011-11-01,0.37416699528694153
2011-11-02,0.3833850026130676
2011-11-03,0.40671899914741516
2011-11-04,0.4004170000553131
2011-11-07,0.4093230068683624
2011-11-08,0.4229690134525299
2011-11-09,0.3792189955711365
2011-11-10,0.3776560127735138
2011-11-11,0.39885398745536804
2011-11-14,0.39208298921585083
2011-11-15,0.4046880006790161
2011-11-16,0.3847399950027466
2011-11-17,0.3582809865474701
2011-11-18,0.34968799352645874
2011-11-21,0.3293749988079071
2011-11-22,0.3322399854660034
2011-11-23,0.310155987739563
2011-11-25,0.3031249940395355
2011-11-28,0.33442699909210205
2011-11-29,0.32838499546051025
2011-11-30,0.36442700028419495
2011-12-01,0.37224000692367554
2011-12-02,0.36869800090789795
2011-12-05,0.38078099489212036
2011-12-06,0.3778649866580963
2011-12-07,0.37843799591064453
2011-12-08,0.3591670095920563
2011-12-09,0.3761979937553406
2011-12-12,0.36385399103164673
2011-12-13,0.3515630066394806
2011-12-14,0.335207998752594
2011-12-15,0.33260399103164673
2011-12-16,0.33677101135253906
2011-12-19,0.3274480104446411
2011-12-20,0.3565100133419037
2011-12-21,0.3416669964790344
2011-12-22,0.3499999940395355
2011-12-23,0.3590629994869232
2011-12-27,0.3618229925632477
2011-12-28,0.35020801424980164
2011-12-29,0.357030987739563
2011-12-30,0.35411500930786133
2012-01-03,0.3742710053920746
2012-01-04,0.3787499964237213
2012-01-05,0.38807299733161926
2012-01-06,0.39208298921585083
2012-01-09,0.3888019919395447
2012-01-10,0.39677101373672485
2012-01-11,0.3995310068130493
2012-01-12,0.4042710065841675
2012-01-13,0.39963498711586
2012-01-17,0.4103649854660034
2012-01-18,0.4266670048236847
2012-01-19,0.4352079927921295
2012-01-20,0.4332810044288635
2012-01-23,0.433228999376297
2012-01-24,0.43083301186561584
2012-01-25,0.4472920000553131
2012-01-26,0.44255200028419495
2012-01-27,0.446927011013031
2012-01-30,0.4476560056209564
2012-01-31,0.4492189884185791
2012-02-01,0.4602600038051605
2012-02-02,0.4650000035762787
2012-02-03,0.483489990234375
2012-02-06,0.48302099108695984
2012-02-07,0.4851039946079254
2012-02-08,0.49317699670791626
2012-02-09,0.5041149854660034
2012-02-10,0.49333301186561584
2012-02-13,0.5066149830818176
2012-02-14,0.5110419988632202
2012-02-15,0.4996350109577179
2012-02-16,0.5205209851264954
2012-02-17,0.5160940289497375
2012-02-21,0.5204690098762512
2012-02-22,0.5135939717292786
2012-02-23,0.5233330130577087
2012-02-24,0.5284379720687866
2012-02-27,0.5309900045394897
2012-02-28,0.546875
2012-02-29,0.539687991142273
2012-03-01,0.5528129935264587
2012-03-02,0.5511459708213806
2012-03-05,0.5339580178260803
2012-03-06,0.5186460018157959
2012-03-07,0.5304170250892639
2012-03-08,0.5472400188446045
2012-03-09,0.5538539886474609
2012-03-12,0.5547400116920471
2012-03-13,0.5859900116920471
2012-03-14,0.5925520062446594
2012-03-15,0.5970829725265503
2012-03-16,0.5957810282707214
2012-03-19,0.6087499856948853
2012-03-20,0.6120830178260803
2012-03-21,0.6118749976158142
2012-03-22,0.6081770062446594
2012-03-23,0.6073439717292786
2012-03-26,0.6390630006790161
2012-03-27,0.641510009765625
2012-03-28,0.6340100169181824
2012-03-29,0.6274999976158142
2012-03-30,0.6231250166893005
2012-04-02,0.6421350240707397
2012-04-03,0.6421880125999451
2012-04-04,0.6159899830818176
2012-04-05,0.627240002155304
2012-04-09,0.6128129959106445
2012-04-10,0.5832290053367615
2012-04-11,0.5916669964790344
2012-04-12,0.6115099787712097
2012-04-13,0.5838540196418762
2012-04-16,0.5654690265655518
2012-04-17,0.5988019704818726
2012-04-18,0.5944269895553589
2012-04-19,0.5752080082893372
2012-04-20,0.5690100193023682
2012-04-23,0.5546879768371582
2012-04-24,0.5448960065841675
2012-04-25,0.5881770253181458
2012-04-26,0.5986980199813843
2012-04-27,0.6089580059051514
2012-04-30,0.5963019728660583
2012-05-01,0.5996879935264587
2012-05-02,0.6036459803581238
2012-05-03,0.5848960280418396
2012-05-04,0.5419790148735046
2012-05-07,0.5427600145339966
2012-05-08,0.5367709994316101
2012-05-09,0.5338019728660583
2012-05-10,0.5283330082893372
2012-05-11,0.5278130173683167
2012-05-14,0.5132290124893188
2012-05-15,0.5087500214576721
2012-05-16,0.4977079927921295
2012-05-17,0.46708300709724426
2012-05-18,0.4483329951763153
2012-05-21,0.48604199290275574
2012-05-22,0.48427098989486694
2012-05-23,0.48697900772094727
2012-05-24,0.47822898626327515
2012-05-25,0.4755209982395172
2012-05-29,0.4932290017604828
2012-05-30,0.48124998807907104
2012-05-31,0.47437500953674316
2012-06-01,0.43708300590515137
2012-06-04,0.44645801186561584
2012-06-05,0.4526039958000183
2012-06-06,0.48354199528694153
2012-06-07,0.4781250059604645
2012-06-08,0.4921880066394806
2012-06-11,0.46864598989486694
2012-06-12,0.48343798518180847
2012-06-13,0.47395798563957214
2012-06-14,0.4792709946632385
2012-06-15,0.4969789981842041
2012-06-18,0.5097919702529907
2012-06-19,0.5265629887580872
2012-06-20,0.5284379720687866
2012-06-21,0.48885399103164673
2012-06-22,0.5040630102157593
2012-06-25,0.47416698932647705
2012-06-26,0.4833329916000366
2012-06-27,0.4921880066394806
2012-06-28,0.47447898983955383
2012-06-29,0.5208330154418945
2012-07-02,0.5249999761581421
2012-07-03,0.5375000238418579
2012-07-05,0.5393750071525574
2012-07-06,0.5181249976158142
2012-07-09,0.5163540244102478
2012-07-10,0.5005210041999817
2012-07-11,0.4936459958553314
2012-07-12,0.4793750047683716
2012-07-13,0.5002080202102661
2012-07-16,0.4964579939842224
2012-07-17,0.5040630102157593
2012-07-18,0.5245829820632935
2012-07-19,0.5416669845581055
2012-07-20,0.5208330154418945
2012-07-23,0.5015630125999451
2012-07-24,0.49010398983955383
2012-07-25,0.47916701436042786
2012-07-26,0.4979169964790344
2012-07-27,0.5356249809265137
2012-07-30,0.5323960185050964
2012-07-31,0.5327079892158508
2012-08-01,0.5274999737739563
2012-08-02,0.5219789743423462
2012-08-03,0.5516669750213623
2012-08-06,0.5640630125999451
2012-08-07,0.5780209898948669
2012-08-08,0.5770829916000366
2012-08-09,0.581978976726532
2012-08-10,0.5843750238418579
2012-08-13,0.5879169702529907
2012-08-14,0.5887500047683716
2012-08-15,0.5929170250892639
2012-08-16,0.6141669750213623
2012-08-17,0.6226040124893188
2012-08-20,0.625
2012-08-21,0.617812991142273
2012-08-22,0.6244789958000183
2012-08-23,0.6106250286102295
2012-08-24,0.6214579939842224
2012-08-27,0.6244789958000183
2012-08-28,0.6243749856948853
2012-08-29,0.6245830059051514
2012-08-30,0.605521023273468
2012-08-31,0.6184380054473877
2012-09-04,0.6158329844474792
2012-09-05,0.6130210161209106
2012-09-06,0.6535419821739197
2012-09-07,0.6507290005683899
2012-09-10,0.6267709732055664
2012-09-11,0.6240630149841309
2012-09-12,0.6294789910316467
2012-09-13,0.6545829772949219
2012-09-14,0.6713539958000183
2012-09-17,0.6726040244102478
2012-09-18,0.6738539934158325
2012-09-19,0.6783329844474792
2012-09-20,0.6767709851264954
2012-09-21,0.6767709851264954
2012-09-24,0.6642709970474243
2012-09-25,0.6376039981842041
2012-09-26,0.6208329796791077
2012-09-27,0.6471880078315735
2012-09-28,0.6316670179367065
2012-10-01,0.628957986831665
2012-10-02,0.6330209970474243
2012-10-03,0.6449999809265137
2012-10-04,0.6524999737739563
2012-10-05,0.6412500143051147
2012-10-08,0.6242709755897522
2012-10-09,0.5921880006790161
2012-10-10,0.5849999785423279
2012-10-11,0.5797920227050781
2012-10-12,0.5796880125999451
2012-10-15,0.5912500023841858
2012-10-16,0.6169790029525757
2012-10-17,0.6151040196418762
2012-10-18,0.5940629839897156
2012-10-19,0.5511459708213806
2012-10-22,0.5597919821739197
2012-10-23,0.5432289838790894
2012-10-24,0.5378130078315735
2012-10-25,0.5378130078315735
2012-10-26,0.5434380173683167
2012-10-31,0.5329170227050781
2012-11-01,0.5555210113525391
2012-11-02,0.535207986831665
2012-11-05,0.5483329892158508
2012-11-06,0.5516669750213623
2012-11-07,0.5120829939842224
2012-11-08,0.4881249964237213
2012-11-09,0.4934380054473877
2012-11-12,0.4941670000553131
2012-11-13,0.48343798518180847
2012-11-14,0.46614599227905273
2012-11-15,0.4619790017604828
2012-11-16,0.4671880006790161
2012-11-19,0.5008329749107361
2012-11-20,0.5009379982948303
2012-11-21,0.5044789910316467
2012-11-23,0.5276039838790894
2012-11-26,0.534375011920929
2012-11-27,0.5283330082893372
2012-11-28,0.5425000190734863
2012-11-29,0.5518749952316284
2012-11-30,0.5498960018157959
2012-12-03,0.5471879839897156
2012-12-04,0.543645977973938
2012-12-05,0.5268750190734863
2012-12-06,0.536562979221344
2012-12-07,0.527396023273468
2012-12-10,0.5320829749107361
2012-12-11,0.5526040196418762
2012-12-12,0.5488539934158325
2012-12-13,0.5364580154418945
2012-12-14,0.5212500095367432
2012-12-17,0.5415629744529724
2012-12-18,0.5666670203208923
2012-12-19,0.558542013168335
2012-12-20,0.5589579939842224
2012-12-21,0.5415629744529724
2012-12-24,0.5369790196418762
2012-12-26,0.5242710113525391
2012-12-27,0.5213540196418762
2012-12-28,0.5062500238418579
2012-12-31,0.5392709970474243
2013-01-02,0.5895829796791077
2013-01-03,0.5810419917106628
2013-01-04,0.5753129720687866
2013-01-07,0.5759379863739014
2013-01-08,0.5726040005683899
2013-01-09,0.5784379839897156
2013-01-10,0.5886459946632385
2013-01-11,0.5908330082893372
2013-01-14,0.5832290053367615
2013-01-15,0.5745829939842224
2013-01-16,0.5810419917106628
2013-01-17,0.5899999737739563
2013-01-18,0.586667001247406
2013-01-22,0.5890629887580872
2013-01-23,0.5986459851264954
2013-01-24,0.5747920274734497
2013-01-25,0.5833330154418945
2013-01-28,0.5874999761581421
2013-01-29,0.5874999761581421
2013-01-30,0.5842710137367249
2013-01-31,0.5805209875106812
2013-02-01,0.5995830297470093
2013-02-04,0.5690630078315735
2013-02-05,0.5940629839897156
2013-02-06,0.5885419845581055
2013-02-07,0.5899999737739563
2013-02-08,0.6079170107841492
2013-02-11,0.6077079772949219
2013-02-12,0.6006249785423279
2013-02-13,0.6076040267944336
2013-02-14,0.6063539981842041
2013-02-15,0.6011459827423096
2013-02-19,0.6142709851264954
2013-02-20,0.5862500071525574
2013-02-21,0.567188024520874
2013-02-22,0.5838540196418762
2013-02-25,0.5620830059051514
2013-02-26,0.5688539743423462
2013-02-27,0.5861459970474243
2013-02-28,0.5839580297470093
2013-03-01,0.5899999737739563
2013-03-04,0.597603976726532
2013-03-05,0.6238539814949036
2013-03-06,0.6198959946632385
2013-03-07,0.6253129839897156
2013-03-08,0.6260420083999634
2013-03-11,0.6324999928474426
2013-03-12,0.6247919797897339
2013-03-13,0.6228129863739014
2013-03-14,0.6291670203208923
2013-03-15,0.6232290267944336
2013-03-18,0.6189579963684082
2013-03-19,0.616457998752594
2013-03-20,0.628229022026062
2013-03-21,0.6081249713897705
2013-03-22,0.6248959898948669
2013-03-25,0.6185420155525208
2013-03-26,0.6280210018157959
2013-03-27,0.6313539743423462
2013-03-28,0.6349999904632568
2013-04-01,0.6227080225944519
2013-04-02,0.636771023273468
2013-04-03,0.6198959946632385
2013-04-04,0.6202080249786377
2013-04-05,0.6050000190734863
2013-04-08,0.6142709851264954
2013-04-09,0.6263539791107178
2013-04-10,0.6630210280418396
2013-04-11,0.6618750095367432
2013-04-12,0.6611459851264954
2013-04-15,0.6209380030632019
2013-04-16,0.6468750238418579
2013-04-17,0.6090630292892456
2013-04-18,0.5827080011367798
2013-04-19,0.6068750023841858
2013-04-22,0.6255210041999817
2013-04-23,0.6439579725265503
2013-04-24,0.6423959732055664
2013-04-25,0.6528130173683167
2013-04-26,0.6472920179367065
2013-04-29,0.6644790172576904
2013-04-30,0.6790630221366882
2013-05-01,0.6704170107841492
2013-05-02,0.6946880221366882
2013-05-03,0.7189580202102661
2013-05-06,0.7282289862632751
2013-05-07,0.7264580130577087
2013-05-08,0.7378129959106445
2013-05-09,0.7352079749107361
2013-05-10,0.7477080225944519
2013-05-13,0.7506250143051147
2013-05-14,0.761667013168335
2013-05-15,0.7672920227050781
2013-05-16,0.7644789814949036
2013-05-17,0.7860419750213623
2013-05-20,0.7825000286102295
2013-05-21,0.7854170203208923
2013-05-22,0.7662500143051147
2013-05-23,0.7579169869422913
2013-05-24,0.7574999928474426
2013-05-28,0.7731249928474426
2013-05-29,0.7614579796791077
2013-05-30,0.7738540172576904
2013-05-31,0.7517709732055664
2013-06-03,0.7561460137367249
2013-06-04,0.7447919845581055
2013-06-05,0.7162500023841858
2013-06-06,0.7250000238418579
2013-06-07,0.755312979221344
2013-06-10,0.7556250095367432
2013-06-11,0.7337499856948853
2013-06-12,0.7083330154418945
2013-06-13,0.7337499856948853
2013-06-14,0.7208330035209656
2013-06-17,0.7408329844474792
2013-06-18,0.7583330273628235
2013-06-19,0.7344790101051331
2013-06-20,0.680312991142273
2013-06-21,0.6707289814949036
2013-06-24,0.6499999761581421
2013-06-25,0.6638540029525757
2013-06-26,0.6819790005683899
2013-06-27,0.6895830035209656
2013-06-28,0.691457986831665
2013-07-01,0.706250011920929
2013-07-02,0.7065629959106445
2013-07-03,0.7161459922790527
2013-07-05,0.7319790124893188
2013-07-08,0.734375
2013-07-09,0.7478129863739014
2013-07-10,0.7604169845581055
2013-07-11,0.8078129887580872
2013-07-12,0.8162500262260437
2013-07-15,0.8226040005683899
2013-07-16,0.8193749785423279
2013-07-17,0.8252080082893372
2013-07-18,0.8191670179367065
2013-07-19,0.7942709922790527
2013-07-22,0.800000011920929
2013-07-23,0.7821879982948303
2013-07-24,0.7895830273628235
2013-07-25,0.8038539886474609
2013-07-26,0.817188024520874
2013-07-29,0.8134379982948303
2013-07-30,0.8255209922790527
2013-07-31,0.8307290077209473
2013-08-01,0.8560420274734497
2013-08-02,0.8703129887580872
2013-08-05,0.8721879720687866
2013-08-06,0.8566669821739197
2013-08-07,0.8517709970474243
2013-08-08,0.8631250262260437
2013-08-09,0.8538540005683899
2013-08-12,0.8591669797897339
2013-08-13,0.8734380006790161
2013-08-14,0.8637499809265137
2013-08-15,0.8204169869422913
2013-08-16,0.8174999952316284
2013-08-19,0.8142709732055664
2013-08-20,0.8254169821739197
2013-08-21,0.817188024520874
2013-08-22,0.840520977973938
2013-08-23,0.8582289814949036
2013-08-26,0.8589580059051514
2013-08-27,0.8048959970474243
2013-08-28,0.8153129816055298
2013-08-29,0.8321880102157593
2013-08-30,0.8166670203208923
2013-09-03,0.8301039934158325
2013-09-04,0.8571879863739014
2013-09-05,0.8609380125999451
2013-09-06,0.864063024520874
2013-09-09,0.894478976726532
2013-09-10,0.9080209732055664
2013-09-11,0.9034379720687866
2013-09-12,0.8993750214576721
2013-09-13,0.902292013168335
2013-09-16,0.8946880102157593
2013-09-17,0.9126039743423462
2013-09-18,0.9461460113525391
2013-09-19,0.9519789814949036
2013-09-20,0.9415630102157593
2013-09-23,0.9362499713897705
2013-09-24,0.9364579916000366
2013-09-25,0.9276040196418762
2013-09-26,0.9488540291786194
2013-09-27,0.9443749785423279
2013-09-30,0.9384379982948303
2013-10-01,0.9665629863739014
2013-10-02,0.964792013168335
2013-10-03,0.9312499761581421
2013-10-04,0.9552080035209656
2013-10-07,0.9315630197525024
2013-10-08,0.878853976726532
2013-10-09,0.8691669702529907
2013-10-10,0.9243749976158142
2013-10-11,0.9452080130577087
2013-10-14,0.964792013168335
2013-10-15,0.9544789791107178
2013-10-16,0.9870830178260803
2013-10-17,1.003021001815796
2013-10-18,1.0526039600372314
2013-10-21,1.0586459636688232
2013-10-22,1.0622919797897339
2013-10-23,1.0452079772949219
2013-10-24,1.0582289695739746
2013-10-25,1.0793750286102295
2013-10-28,1.0815629959106445
2013-10-29,1.086771011352539
2013-10-30,1.0833330154418945
2013-10-31,1.0763540267944336
2013-11-01,1.0758329629898071
2013-11-04,1.0810420513153076
2013-11-05,1.0856250524520874
2013-11-06,1.0837500095367432
2013-11-07,1.0236459970474243
2013-11-08,1.0640629529953003
2013-11-11,1.0589580535888672
2013-11-12,1.0641670227050781
2013-11-13,1.1022919416427612
2013-11-14,1.1108330488204956
2013-11-15,1.118541955947876
2013-11-18,1.08760404586792
2013-11-19,1.0768749713897705
2013-11-20,1.0693750381469727
2013-11-21,1.1020829677581787
2013-11-22,1.1194789409637451
2013-11-25,1.1268750429153442
2013-11-26,1.1455210447311401
2013-11-27,1.1684379577636719
2013-11-29,1.1876039505004883
2013-12-02,1.1802079677581787
2013-12-03,1.1767710447311401
2013-12-04,1.179792046546936
2013-12-05,1.1761460304260254
2013-12-06,1.2004170417785645
2013-12-09,1.214792013168335
2013-12-10,1.21260404586792
2013-12-11,1.1672919988632202
2013-12-12,1.1578129529953003
2013-12-13,1.152292013168335
2013-12-16,1.1720830202102661
2013-12-17,1.164687991142273
2013-12-18,1.2048959732055664
2013-12-19,1.1940629482269287
2013-12-20,1.2300000190734863
2013-12-23,1.2697919607162476
2013-12-24,1.2715630531311035
2013-12-26,1.2839579582214355
2013-12-27,1.2745829820632935
2013-12-30,1.2679170370101929
2013-12-31,1.2928129434585571
2014-01-02,1.262603998184204
2014-01-03,1.235103964805603
2014-01-06,1.221979022026062
2014-01-07,1.2536460161209106
2014-01-08,1.2630209922790527
2014-01-09,1.25
2014-01-10,1.2625000476837158
2014-01-13,1.206354022026062
2014-01-14,1.2754169702529907
2014-01-15,1.3052079677581787
2014-01-16,1.3079169988632202
2014-01-17,1.2846879959106445
2014-01-21,1.313438057899475
2014-01-22,1.325624942779541
2014-01-23,1.3096879720687866
2014-01-24,1.2320829629898071
2014-01-27,1.1962499618530273
2014-01-28,1.1958329677581787
2014-01-29,1.1581250429153442
2014-01-30,1.2191669940948486
2014-01-31,1.2106250524520874
2014-02-03,1.130416989326477
2014-02-04,1.152500033378601
2014-02-05,1.1418750286102295
2014-02-06,1.1856249570846558
2014-02-07,1.2485419511795044
2014-02-10,1.2714580297470093
2014-02-11,1.315000057220459
2014-02-12,1.3212499618530273
2014-02-13,1.3552080392837524
2014-02-14,1.3591669797897339
2014-02-18,1.380416989326477
2014-02-19,1.350208044052124
2014-02-20,1.3697919845581055
2014-02-21,1.3627079725265503
2014-02-24,1.386667013168335
2014-02-25,1.3816670179367065
2014-02-26,1.3770829439163208
2014-02-27,1.4041670560836792
2014-02-28,1.397083044052124
2014-03-03,1.3664580583572388
2014-03-04,1.4214580059051514
2014-03-05,1.4331250190734863
2014-03-06,1.4277080297470093
2014-03-07,1.4072920083999634
2014-03-10,1.410207986831665
2014-03-11,1.3927079439163208
2014-03-12,1.4083329439163208
2014-03-13,1.3485419750213623
2014-03-14,1.3208329677581787
2014-03-17,1.3560420274734497
2014-03-18,1.4047919511795044
2014-03-19,1.3816670179367065
2014-03-20,1.3925000429153442
2014-03-21,1.3414579629898071
2014-03-24,1.3077080249786377
2014-03-25,1.3197920322418213
2014-03-26,1.269582986831665
2014-03-27,1.2470829486846924
2014-03-28,1.2552080154418945
2014-03-31,1.2802079916000366
2014-04-01,1.3495830297470093
2014-04-02,1.3602080345153809
2014-04-03,1.328125
2014-04-04,1.222707986831665
2014-04-07,1.1860419511795044
2014-04-08,1.2191669940948486
2014-04-09,1.2816669940948486
2014-04-10,1.1633330583572388
2014-04-11,1.1227079629898071
2014-04-14,1.1479170322418213
2014-04-15,1.1593749523162842
2014-04-16,1.2043750286102295
2014-04-17,1.2050000429153442
2014-04-21,1.2322920560836792
2014-04-22,1.2625000476837158
2014-04-23,1.228124976158142
2014-04-24,1.2643749713897705
2014-04-25,1.2033330202102661
2014-04-28,1.216249942779541
2014-04-29,1.2431249618530273
2014-04-30,1.2541669607162476
2014-05-01,1.2654169797897339
2014-05-02,1.259166955947876
2014-05-05,1.2770830392837524
2014-05-06,1.2277079820632935
2014-05-07,1.2166670560836792
2014-05-08,1.212499976158142
2014-05-09,1.226667046546936
2014-05-12,1.2864580154418945
2014-05-13,1.289167046546936
2014-05-14,1.2699999809265137
2014-05-15,1.240625023841858
2014-05-16,1.2637499570846558
2014-05-19,1.2908329963684082
2014-05-20,1.2766669988632202
2014-05-21,1.3127080202102661
2014-05-22,1.3289580345153809
2014-05-23,1.3587499856948853
2014-05-27,1.4097919464111328
2014-05-28,1.3964580297470093
2014-05-29,1.4247920513153076
2014-05-30,1.4235420227050781
2014-06-02,1.4199999570846558
2014-06-03,1.417917013168335
2014-06-04,1.4329169988632202
2014-06-05,1.4702080488204956
2014-06-06,1.4939579963684082
2014-06-09,1.4912500381469727
2014-06-10,1.4997919797897339
2014-06-11,1.497499942779541
2014-06-12,1.4583330154418945
2014-06-13,1.4683330059051514
2014-06-16,1.4737499952316284
2014-06-17,1.4758330583572388
2014-06-18,1.5027079582214355
2014-06-19,1.4968750476837158
2014-06-20,1.5022920370101929
2014-06-23,1.503957986831665
2014-06-24,1.4997919797897339
2014-06-25,1.5273330392837527
2014-06-26,1.5315006821765107
2014-06-27,1.5467111777966143
2014-06-30,1.5581720467156925
2014-07-01,1.610471642975611
2014-07-02,1.616722690013929
2014-07-03,1.647769751711292
2014-07-07,1.6319341394644757
2014-07-08,1.5750498379505098
2014-07-09,1.6106806510714768
2014-07-10,1.59546920162093
2014-07-11,1.6231827451481133
2014-07-14,1.6542287337862276
2014-07-15,1.6369349532493693
2014-07-16,1.6554789670396526
2014-07-17,1.5894271626784784
2014-07-18,1.6646474237173043
2014-07-21,1.6586044309444092
2014-07-22,1.6915268425219092
2014-07-23,1.7231990208459846
2014-07-24,1.7171560280730893
2014-07-25,1.6961105939455134
2014-07-28,1.698194951921517
2014-07-29,1.6896516118705778
2014-07-30,1.709862921275575
2014-07-31,1.6056798372865841
2014-08-01,1.5871347504370523
2014-08-04,1.619640099653263
2014-08-05,1.5817168742908694
2014-08-06,1.579008472747402
2014-08-07,1.5637979771272985
2014-08-08,1.597136378006839
2014-08-11,1.626099200957004
2014-08-12,1.62234850119673
2014-08-13,1.6750662328771866
2014-08-14,1.7009033534649842
2014-08-15,1.7240321917381203
2014-08-18,1.7657059976319824
2014-08-19,1.7961269888721898
2014-08-20,1.7961269888721898
2014-08-21,1.806337624537843
2014-08-22,1.8134218424682969
2014-08-25,1.833633151873294
2014-08-26,1.8398841989116124
2014-08-27,1.8400932070074787
2014-08-28,1.8325919267157356
2014-08-29,1.8540534693741575
2014-09-02,1.8694729730901274
2014-09-03,1.8373837324047628
2014-09-04,1.8315497477277338
2014-09-05,1.8598874540511863
2014-09-08,1.8692639649942608
2014-09-09,1.823840532399373
2014-09-10,1.8661385010895044
2014-09-11,1.8646802135706566
2014-09-12,1.8353004474880077
2014-09-15,1.7800833223599504
2014-09-16,1.8282162295575541
2014-09-17,1.8371756781393396
2014-09-18,1.876765245286004
2014-09-19,1.872598556223689
2014-09-22,1.8217561744233697
2014-09-23,1.8059205621765535
2014-09-24,1.8644721593052336
2014-09-25,1.7461188510232541
2014-09-26,1.8019619273796617
2014-09-29,1.7959189346067665
2014-09-30,1.802587044006374
2014-10-01,1.7163229764097594
2014-10-02,1.7154888516871807
2014-10-03,1.7671642851508302
2014-10-06,1.755079253435483
2014-10-07,1.68090009832541
2014-10-08,1.7779990836127528
2014-10-09,1.689443557605155
2014-10-10,1.56296385240472
2014-10-13,1.4898268762826488
2014-10-14,1.4925363508853646
2014-10-15,1.4606561182958662
2014-10-16,1.4379433885535764
2014-10-17,1.49420257344083
2014-10-20,1.558588155246539
2014-10-21,1.680483035964121
2014-10-22,1.6544378611109003
2014-10-23,1.7300751845110156
2014-10-24,1.7698726866942978
2014-10-27,1.7765407960939055
2014-10-28,1.855928819254295
2014-10-29,1.8336331518732945
2014-10-30,1.8450940207923725
2014-10-31,1.921147452723334
2014-11-03,1.9409426535974852
2014-11-04,1.9203142818311987
2014-11-05,1.920106346794581
2014-11-06,1.936566956439304
2014-11-07,1.9317741969198337
2014-11-10,1.9515693977939848
2014-11-11,1.9701144846435166
2014-11-12,1.9809492831054392
2014-11-13,2.006370414391196
2014-11-14,2.0249145474102845
2014-11-17,2.0059533520299064
2014-11-18,2.0509607953227533
2014-11-19,2.0249145474102836
2014-11-20,2.0517937277572775
2014-11-21,2.066588353304146
2014-11-24,2.1132628537540965
2014-11-25,2.120139017419127
2014-11-26,2.16347916509726
2014-11-28,2.195776340819242
2014-12-01,2.1147212605017494
2014-12-02,2.137432917184791
2014-12-03,2.156810936468847
2014-12-04,2.1503520736227166
2014-12-05,2.1518102419127594
2014-12-08,2.1053446303298697
2014-12-09,2.125764947830733
2014-12-10,2.0228311432647237
2014-12-11,2.054503321588799
2014-12-12,1.9865752135170445
2014-12-15,1.926982391230806
2014-12-16,1.8313418126911163
2014-12-17,1.9296909120030783
2014-12-18,2.071171985498945
2014-12-19,2.0943007045432758
2014-12-22,2.1136169117077235
2014-12-23,2.093401381340356
2014-12-24,2.097777811606763
2014-12-26,2.14029191004977
2014-12-29,2.1407090422860615
2014-12-30,2.0965273688881374
2014-12-31,2.0308806763944696
2015-01-02,2.0142089813038617
2015-01-05,1.9235540306815957
2015-01-06,1.847278813577176
2015-01-07,1.918343335942606
2015-01-08,2.0277544503491254
2015-01-09,1.9866999569867945
2015-01-12,1.9256376646337738
2015-01-13,1.9239702089276385
2015-01-14,1.894377312160831
2015-01-15,1.8191444486520152
2015-01-16,1.8839568766731003
2015-01-20,1.9256376646337738
2015-01-21,1.9552305614005814
2015-01-22,2.064016573696569
2015-01-23,2.077771205103884
2015-01-26,2.0731865664656746
2015-01-27,1.9127164629575741
2015-01-28,1.8797894895199636
2015-01-29,1.934182555292348
2015-01-30,1.8897927927714027
2015-02-02,1.9393922960410888
2015-02-03,1.9923268299718269
2015-02-04,1.987116015984056
2015-02-05,2.039842460791773
2015-02-06,2.0027463114693087
2015-02-09,1.9806559517654712
2015-02-10,2.0754792435311225
2015-02-11,2.0988200459535853
2015-02-12,2.1721773646332445
2015-02-13,2.2269874433931394
2015-02-17,2.233031448614463
2015-02-18,2.242617619629611
2015-02-19,2.2763788575398043
2015-02-20,2.320143398701437
2015-02-23,2.329313391470542
2015-02-24,2.3341059999829916
2015-02-25,2.315349836198738
2015-02-26,2.3505704406920453
2015-02-27,2.3195180580933425
2015-03-02,2.382038763039229
2015-03-03,2.3478606313903065
2015-03-04,2.3218109736563535
2015-03-05,2.332022246782033
2015-03-06,2.2517876123987164
2015-03-09,2.2734608398662624
2015-03-10,2.1475861194921566
2015-03-11,2.1098658220494095
2015-03-12,2.150295213301209
2015-03-13,2.122577980612339
2015-03-16,2.2038548493424783
2015-03-17,2.2161508296593655
2015-03-18,2.2799219773238764
2015-03-19,2.2909667994294516
2015-03-20,2.3384824302493974
2015-03-23,2.31889295598281
2015-03-24,2.2953432296958587
2015-03-25,2.1353112451639498
2015-03-26,2.117803407362605
2015-03-27,2.138229337392416
2015-03-30,2.215138265131684
2015-03-31,2.146566198563689
2015-04-01,2.1103001846038296
2015-04-02,2.1138436845340323
2015-04-06,2.1646989670204686
2015-04-07,2.1546945905010504
2015-04-08,2.2059670499784616
2015-04-09,2.2470271407488447
2015-04-10,2.2739139473678716
2015-04-13,2.257031517268263
2015-04-14,2.2376479334080117
2015-04-15,2.277248262494709
2015-04-16,2.2693278627449582
2015-04-17,2.163240397952537
2015-04-20,2.2599488939272763
2015-04-21,2.2889203928854234
2015-04-22,2.3260198067346294
2015-04-23,2.353948959523216
2015-04-24,2.4460723249676453
2015-04-27,2.4304404717483576
2015-04-28,2.41460062634146
2015-04-29,2.3685384665729434
2015-04-30,2.2572395094558733
2015-05-01,2.348529713534108
2015-05-04,2.35686633618223
2015-05-05,2.2451513946899393
2015-05-06,2.1972132503393653
2015-05-07,2.234937833367156
2015-05-08,2.3168488301045578
2015-05-11,2.291421546646066
2015-05-12,2.261824639986183
2015-05-13,2.273496770376897
2015-05-14,2.3741659432728137
2015-05-15,2.3739577125620523
2015-05-18,2.4031364881383563
2015-05-19,2.3962584345581655
2015-05-20,2.4002193500024935
2015-05-21,2.4379439330302843
2015-05-22,2.431273871637704
2015-05-26,2.347070905943025
2015-05-27,2.460036424315637
2015-05-28,2.4419036558588583
2015-05-29,2.4006355729008653
2015-06-01,2.4216866721092614
2015-06-02,2.399593942300758
2015-06-03,2.4206443259397017
2015-06-04,2.3679130588712085
2015-06-05,2.3499882826020397
2015-06-08,2.2780816623840563
2015-06-09,2.266826708984317
2015-06-10,2.3566581054714693
2015-06-11,2.3695808127425044
2015-06-12,2.3093453688226315
2015-06-15,2.277456493205471
2015-06-16,2.3122636995742485
2015-06-17,2.3316472834344997
2015-06-18,2.4302324795607486
2015-06-19,2.393132111618939
2015-06-22,2.45086640177817
2015-06-23,2.4569101013764105
2015-06-24,2.4191855183486197
2015-06-25,2.4033456729417217
2015-06-26,2.3587420822411365
2015-06-29,2.192002950630471
2015-06-30,2.2170140111905914
2015-07-01,2.2624498091647682
2015-07-02,2.270995616616255
2015-07-06,2.2518202634667652
2015-07-07,2.2632841631467184
2015-07-08,2.1499005136905276
2015-07-09,2.1436478678120725
2015-07-10,2.243275410107882
2015-07-13,2.3579086823517903
2015-07-14,2.405221419000628
2015-07-15,2.416684603111128
2015-07-16,2.511100891605439
2015-07-17,2.625943348652712
2015-07-20,2.65533107050923
2015-07-21,2.6480358399380646
2015-07-22,2.5611227742025293
2015-07-23,2.53048447546569
2015-07-24,2.4585778552477064
2015-07-27,2.3954252731919707
2015-07-28,2.4585778552477064
2015-07-29,2.4860898310453186
2015-07-30,2.5206880911338825
2015-07-31,2.5129766376643454
2015-08-03,2.4898415616862817
2015-08-04,2.473792531476019
2015-08-05,2.531735052346011
2015-08-06,2.410223726521912
2015-08-07,2.4006355729008653
2015-08-10,2.4817129312257697
2015-08-11,2.387088650543849
2015-08-12,2.4081387956596414
2015-08-13,2.397301019250877
2015-08-14,2.410223726521912
2015-08-17,2.4694156316564704
2015-08-18,2.430023294757383
2015-08-19,2.3843783119798414
2015-08-20,2.188042273709293
2015-08-21,1.9158398923921875
2015-08-24,1.6888654361232245
2015-08-25,1.6665636407729316
2015-08-26,1.9070860927530906
2015-08-27,2.0561093943748014
2015-08-28,2.054442594596109
2015-08-31,1.9781591938201528
2015-09-01,1.798705585649213
2015-09-02,1.945019741322671
2015-09-03,1.9129216809021459
2015-09-04,1.8489355796954885
2015-09-08,2.0058795195901005
2015-09-09,1.9360567568802087
2015-09-10,1.9979588813171987
2015-09-11,2.030265172448485
2015-09-14,2.0121321654685547
2015-09-15,2.0823710318152417
2015-09-16,2.117178238184019
2015-09-17,2.123013707071499
2015-09-18,2.0331832646769503
2015-09-21,2.0504819176749303
2015-09-22,1.9600263061017968
2015-09-23,1.9631526290410242
2015-09-24,1.9404336566997566
2015-09-25,1.8933301048542837
2015-09-28,1.7301335190812166
2015-09-29,1.704497289342511
2015-09-30,1.8172546962659373
2015-10-01,1.8426828145554575
2015-10-02,1.9383497991916647
2015-10-05,2.026721433995131
2015-10-06,1.997750889129588
2015-10-07,2.0298479954575095
2015-10-08,2.054650825306869
2015-10-09,2.0796616473438387
2015-10-12,2.0971694851451836
2015-10-13,2.0561093943748006
2015-10-14,2.0473555947357034
2015-10-15,2.1473993599298837
2015-10-16,2.1740781743613007
2015-10-19,2.2130533342694125
2015-10-20,2.1763710974111814
2015-10-21,2.1413558988547936
2015-10-22,2.268286470668001
2015-10-23,2.4569101013764088
2015-10-26,2.4642053319475745
2015-10-27,2.480254362157837
2015-10-28,2.5377797060368543
2015-10-29,2.5284004986960213
2015-10-30,2.493801284514854
2015-11-02,2.578838604191483
2015-11-03,2.603433441853232
2015-11-04,2.604474833930188
2015-11-05,2.5815487042323384
2015-11-06,2.5900935575912216
2015-11-09,2.506723991785889
2015-11-10,2.4890081617969337
2015-11-11,2.4779614391079554
2015-11-12,2.406054818889972
2015-11-13,2.2645347400270373
2015-11-16,2.358951267044499
2015-11-17,2.36707965898186
2015-11-18,2.502764268957315
2015-11-19,2.506515999598278
2015-11-20,2.5563286973920034
2015-11-23,2.535694775174582
2015-11-24,2.527775329517435
2015-11-25,2.533402567694154
2015-11-27,2.5425725902316225
2015-11-30,2.5265247526371146
2015-12-01,2.6015574572711744
2015-12-02,2.554244720622336
2015-12-03,2.4239795951591407
2015-12-04,2.590510734582196
2015-12-07,2.558829851152646
2015-12-08,2.559039035956011
2015-12-09,2.4398196790891897
2015-12-10,2.4744177006546026
2015-12-11,2.304760476815471
2015-12-14,2.3564501132838576
2015-12-15,2.3964676193615295
2015-12-16,2.5023470919663406
2015-12-17,2.3981344191402223
2015-12-18,2.2664107246090954
2015-12-21,2.333731021681015
2015-12-22,2.3779174353906254
2015-12-23,2.432316456330415
2015-12-24,2.4273141488091308
2015-12-28,2.426688979630546
2015-12-29,2.5373625290458808
2015-12-30,2.472541954595698
2015-12-31,2.3808357661422437
2016-01-04,2.2353550103581314
2016-01-05,2.2153462573192955
2016-01-06,2.1559451673813723
2016-01-07,1.9508553294717268
2016-01-08,1.9047930504416346
2016-01-11,1.9214673690920576
2016-01-12,1.986287824280665
2016-01-13,1.778487767068588
2016-01-14,1.8935380970418956
2016-01-15,1.7195038541216396
2016-01-19,1.7267990846928052
2016-01-20,1.7111672314735176
2016-01-21,1.7174199966135475
2016-01-22,1.8654008328041227
2016-01-25,1.7814059785586296
2016-01-26,1.832261261045066
2016-01-27,1.6959514818910257
2016-01-28,1.7628559138493003
2016-01-29,1.8776982516349978
2016-02-01,1.8883279165945763
2016-02-02,1.7684832712875944
2016-02-03,1.7434723299890493
2016-02-04,1.740346007049822
2016-02-05,1.561309456608282
2016-02-08,1.4900282440920345
2016-02-09,1.4727286370014507
2016-02-10,1.4902363555412201
2016-02-11,1.4866938097036215
2016-02-12,1.5500546224701184
2016-02-16,1.6532248298651016
2016-02-17,1.7674418792106383
2016-02-18,1.7074155008325544
2016-02-19,1.7251313308215095
2016-02-22,1.8066250313063605
2016-02-23,1.7165855233700227
2016-02-24,1.767649990659824
2016-02-25,1.816421296376593
2016-02-26,1.8122525080062304
2016-02-29,1.7643155562714112
2016-03-01,1.9331394994827726
2016-03-02,1.93522347625244
2016-03-03,1.9243856998436757
2016-03-04,1.9277201342320887
2016-03-07,1.8918714165247792
2016-03-08,1.841849533927689
2016-03-09,1.8770729631948377
2016-03-10,1.8699867981654614
2016-03-11,1.96690435968199
2016-03-14,1.9783673052693391
2016-03-15,1.9771168476505934
2016-03-16,2.027556026500234
2016-03-17,2.021719364997
2016-03-18,2.033391495387714
2016-03-21,2.0575691560584883
2016-03-22,2.0759101552260284
2016-03-23,2.0265134418075235
2016-03-24,2.0258882726289382
2016-03-28,2.0185930420577725
2016-03-29,2.1150942614143546
2016-03-30,2.146774190751301
2016-03-31,2.134268660471241
2016-04-01,2.2053418807998786
2016-04-04,2.178037897189877
2016-04-05,2.1194711612339034
2016-04-06,2.220973734019166
2016-04-07,2.125098637933773
2016-04-08,2.1200965689356392
2016-04-11,2.0973774773327962
2016-04-12,2.1463579678529303
2016-04-13,2.2301447106492382
2016-04-14,2.2316032797171697
2016-04-15,2.2145128574299506
2016-04-18,2.2472351329364573
2016-04-19,2.2084682037391064
2016-04-20,2.213887688251366
2016-04-21,2.2145128574299506
2016-04-22,2.1142599074324053
2016-04-25,2.112593107653713
2016-04-26,2.0836213701724153
2016-04-27,2.033599487575325
2016-04-28,1.961484994431307
2016-04-29,1.9302212879927318
2016-05-02,1.9812856360209576
2016-05-03,1.928553534121436
2016-05-04,1.89041177410267
2016-05-05,1.8893703820257137
2016-05-06,1.9166732922815362
2016-05-09,1.933555722381145
2016-05-10,2.0146333192292003
2016-05-11,1.9596091291108255
2016-05-12,1.9320970340516381
2016-05-13,1.908753846624389
2016-05-16,1.982327028097914
2016-05-17,1.9062526928637467
2016-05-18,1.9279282456812752
2016-05-19,1.8974988932246497
2016-05-20,1.9608597059911466
2016-05-23,1.9512725064627034
2016-05-24,2.070699855517135
2016-05-25,2.115302492125117
2016-05-26,2.1330180835909207
2016-05-27,2.1651161440114457
2016-05-31,2.1780378971898773
2016-06-01,2.1788722511718275
2016-06-02,2.1911685966485233
2016-06-03,2.161155467090269
2016-06-06,2.184290543068333
2016-06-07,2.16886787465241
2016-06-08,2.178455074180853
2016-06-09,2.16886787465241
2016-06-10,2.0959189082648666
2016-06-13,2.042145295026813
2016-06-14,2.0431878797195235
2016-06-15,2.024845687936229
2016-06-16,2.03943614907856
2016-06-17,1.9696135056302435
2016-06-20,2.005046119700757
2016-06-21,2.025054872739593
2016-06-22,2.011924173280948
2016-06-23,2.096752308154212
2016-06-24,1.8399736686072081
2016-06-27,1.7328426650294722
2016-06-28,1.841432356936715
2016-06-29,1.9370992223113472
2016-06-30,2.0075470349382485
2016-07-01,2.0350592492590116
2016-07-05,1.9990013467483376
2016-07-06,2.0461050178553863
2016-07-07,2.0654886017156375
2016-07-08,2.1609474749026596
2016-07-11,2.1978386580411042
2016-07-12,2.232436679606517
2016-07-13,2.2168048263872295
2016-07-14,2.2618246399861865
2016-07-15,2.249111117518516
2016-07-18,2.2939227004067115
2016-07-19,2.270162216726912
2016-07-20,2.3479043058323756
2016-07-21,2.333940206484384
2016-07-22,2.361035005291021
2016-07-25,2.3631189820606884
2016-07-26,2.3710393818104394
2016-07-27,2.417309772289717
2016-07-28,2.4435714097301586
2016-07-29,2.4596204399404216
2016-08-01,2.4981781843344075
2016-08-02,2.4419036558588627
2016-08-03,2.4650387318369265
2016-08-04,2.4871324157380337
2016-08-05,2.559039035956017
2016-08-08,2.550910405495505
2016-08-09,2.567792835595114
2016-08-10,2.547992074743888
2016-08-11,2.5809235350537594
2016-08-12,2.585716657771679
2016-08-15,2.6182309410905753
2016-08-16,2.576962858132582
2016-08-17,2.589052165514271
2016-08-18,2.591553080751762
2016-08-19,2.5880095808215597
2016-08-22,2.590510734582202
2016-08-23,2.605934595613879
2016-08-24,2.555703528213424
2016-08-25,2.5436151749243385
2016-08-26,2.555912474493638
2016-08-29,2.5629987587845897
2016-08-30,2.539863444283375
2016-08-31,2.533193621413945
2016-09-01,2.5444485748136842
2016-09-02,2.574253473661177
2016-09-06,2.621982433208386
2016-09-07,2.6267765100189098
2016-09-08,2.581756934943104
2016-09-09,2.386046065851141
2016-09-12,2.50839174565719
2016-09-13,2.4491986479068766
2016-09-14,2.480670585056213
2016-09-15,2.5957210342910964
2016-09-16,2.592803657632083
2016-09-19,2.5588298511526517
2016-09-20,2.5730031353040084
2016-09-21,2.647827847750458
2016-09-22,2.709730091449024
2016-09-23,2.6609585472091037
2016-09-26,2.594887634401751
2016-09-27,2.6684620084910304
2016-09-28,2.683051277017607
2016-09-29,2.626151340840326
2016-09-30,2.68013294626599
2016-10-03,2.674089246667749
2016-10-04,2.6588736163468325
2016-10-05,2.686594776947809
2016-10-06,2.6824261078390217
2016-10-07,2.664918270037677
2016-10-10,2.712647229584886
2016-10-11,2.60051511110162
2016-10-12,2.5950956265893605
2016-10-13,2.564666274132735
2016-10-14,2.570501981543366
2016-10-17,2.5527861515544106
2016-10-18,2.618230941090575
2016-10-19,2.619273287260135
2016-10-20,2.608226564571157
2016-10-21,2.636572894350719
2016-10-24,2.7326559826237222
2016-10-25,2.705352953106324
2016-10-26,2.6534553244503276
2016-10-27,2.616354956508518
2016-10-28,2.571127150721951
2016-10-31,2.5565378821953746
2016-11-01,2.5040148458376423
2016-11-02,2.4387770943964844
2016-11-03,2.368538466572948
2016-11-04,2.341651659953921
2016-11-07,2.509433137734147
2016-11-08,2.5586216204418912
2016-11-09,2.5944704574107758
2016-11-10,2.4710833855277707
2016-11-11,2.4689994087581035
2016-11-14,2.385628888860167
2016-11-15,2.4960942075647408
2016-11-16,2.536737121344149
2016-11-17,2.5955128035803363
2016-11-18,2.5663330739114283
2016-11-21,2.6434509479309103
2016-11-22,2.66721143161071
2016-11-23,2.6351133711901844
2016-11-25,2.6605413702181293
2016-11-28,2.645742916888188
2016-11-29,2.6711711544392833
2016-11-30,2.584675265694723
2016-12-01,2.442738009840813
2016-12-02,2.452533201556866
2016-12-05,2.5092251455465373
2016-12-06,2.5273579140033164
2016-12-07,2.6211490333190426
2016-12-08,2.637198302052456
2016-12-09,2.698891122424506
2016-12-12,2.661374770107476
2016-12-13,2.765379450745985
2016-12-14,2.745161512903784
2016-12-15,2.7618357122926316
2016-12-16,2.728279082804175
2016-12-19,2.7616277201050217
2016-12-20,2.794975403313264
2016-12-21,2.7851790189814563
2016-12-22,2.7610025509264364
2016-12-23,2.7695471657621686
2016-12-27,2.809981848830816
2016-12-28,2.744953520716174
2016-12-29,2.7316145905467675
2016-12-30,2.651787570579033
2017-01-03,2.71598273732748
2017-01-04,2.7622531278067575
2017-01-05,2.811232425711137
2017-01-06,2.8825136382273846
2017-01-09,2.9116936064194436
2017-01-10,2.9283668517156873
2017-01-11,2.950876758515166
2017-01-12,2.935870074474463
2017-01-13,2.969634934673681
2017-01-17,2.941706735977698
2017-01-18,2.9617154890165343
2017-01-19,2.9537950892667832
2017-01-20,2.9729704424162735
2017-01-23,2.9796393111930994
2017-01-24,3.0417505011718786
2017-01-25,3.1305395514894707
2017-01-26,3.1434610661447513
2017-01-27,3.1584677501854537
2017-01-30,3.0867703147708347
2017-01-31,3.069678699867861
2017-02-01,3.1280383977288277
2017-02-02,3.1201179979790767
2017-02-03,3.1472127967857135
2017-02-06,3.1588849271764277
2017-02-07,3.1913992104953244
2017-02-08,3.2093239867644936
2017-02-09,3.2426716699727365
2017-02-10,3.274768776300658
2017-02-13,3.3322938816565237
2017-02-14,3.363557588095099
2017-02-15,3.4215001089650907
2017-02-16,3.4185817782134738
2017-02-17,3.461517615042763
2017-02-21,3.516541805161138
2017-02-22,3.516958982152113
2017-02-23,3.479025214320957
2017-02-24,3.497783390479472
2017-02-27,3.508204943989865
2017-02-28,3.480692968192253
2017-03-01,3.5932422636664936
2017-03-02,3.5365505581999734
2017-03-03,3.5548915573675135
2017-03-06,3.5302976737983682
2017-03-07,3.5127900745201743
2017-03-08,3.530714850789343
2017-03-09,3.5415526271981075
2017-03-10,3.580319556395459
2017-03-13,3.601161709323641
2017-03-14,3.574484087507979
2017-03-15,3.6370115003851295
2017-03-16,3.6349265695228583
2017-03-17,3.6261727698837616
2017-03-20,3.6370115003851295
2017-03-21,3.4748563066890186
2017-03-22,3.543220381069404
2017-03-23,3.514874051289842
2017-03-24,3.534049404439332
2017-03-27,3.5528075805978467
2017-03-28,3.6195039011069357
2017-03-29,3.667440852841755
2017-03-30,3.6857828061018987
2017-03-31,3.6770290064628015
2017-04-03,3.6691086067130505
2017-04-04,3.6857828061018982
2017-04-05,3.6436803691619546
2017-04-06,3.646598699913572
2017-04-07,3.642429792281634
2017-04-10,3.646598699913572
2017-04-11,3.6007457249484203
2017-04-12,3.553224757588821
2017-04-13,3.511122320648878
2017-04-17,3.5944928405468146
2017-04-18,3.5840712870364215
2017-04-19,3.596576817316482
2017-04-20,3.683697875239627
2017-04-21,3.6820313139840857
2017-04-24,3.815839939377484
2017-04-25,3.9004600820631374
2017-04-26,3.8833694212527674
2017-04-27,3.9513153645495738
2017-04-28,3.973825271349052
2017-05-01,4.073869036543233
2017-05-02,4.098046697214007
2017-05-03,4.057611775622209
2017-05-04,4.061780683254147
2017-05-05,4.105967096963758
2017-05-08,4.130560742009752
2017-05-09,4.175997971122835
2017-05-10,4.182666601376511
2017-05-11,4.172662463380243
2017-05-12,4.199758216279484
2017-05-15,4.238941368375206
2017-05-16,4.292298997238039
2017-05-17,3.9675723869474466
2017-05-18,4.068033329132602
2017-05-19,4.117222050363497
2017-05-22,4.223934922857654
2017-05-23,4.234356476368047
2017-05-24,4.292714981613259
2017-05-25,4.405681454078476
2017-05-26,4.424439868760142
2017-05-30,4.433610606867062
2017-05-31,4.428191360877953
2017-06-01,4.48113157422666
2017-06-02,4.634114598676945
2017-06-05,4.630363106559132
2017-06-06,4.577839831678249
2017-06-07,4.62786195279849
2017-06-08,4.640367244555399
2017-06-09,4.304804288994948
2017-06-12,4.226853015086119
2017-06-13,4.325646441923129
2017-06-14,4.267703921053138
2017-06-15,4.2101788156972715
2017-06-16,4.15974071020181
2017-06-19,4.361079055993643
2017-06-20,4.262285629156632
2017-06-21,4.386090116553763
2017-06-22,4.381087809032479
2017-06-23,4.430275099124469
2017-06-26,4.371499655411433
2017-06-27,4.130978157523876
2017-06-28,4.30438687348082
2017-06-29,4.08512398994297
2017-06-30,4.070951898407368
2017-07-03,3.9600691641886687
2017-07-05,4.073035636653884
2017-07-06,3.965488410177777
2017-07-07,4.084290590053624
2017-07-10,4.169744848198077
2017-07-11,4.203926169818817
2017-07-12,4.3535755947117165
2017-07-13,4.38233814738965
2017-07-14,4.485299527765995
2017-07-17,4.487800681526637
2017-07-18,4.577006431788902
2017-07-19,4.660793413108361
2017-07-20,4.678301012386555
2017-07-21,4.671214966618754
2017-07-24,4.732074625624609
2017-07-25,4.700393503671908
2017-07-26,4.742496179135002
2017-07-27,4.657874843833594
2017-07-28,4.642868398316042
2017-07-31,4.582426154824313
2017-08-01,4.612439045859417
2017-08-02,4.646203906058634
2017-08-03,4.597848584717085
2017-08-04,4.615773599509405
2017-08-07,4.697476365536045
2017-08-08,4.679968766257851
2017-08-09,4.661626812997707
2017-08-10,4.358993886608221
2017-08-11,4.458621667427181
2017-08-14,4.632030860430428
2017-08-15,4.640367244555399
2017-08-16,4.664544905226173
2017-08-17,4.377752301289887
2017-08-18,4.362329394350813
2017-08-21,4.354408994601062
2017-08-22,4.548243879110969
2017-08-23,4.497388835147683
2017-08-24,4.4598724828306535
2017-08-25,4.429859114749248
2017-08-28,4.46862628246975
2017-08-29,4.523650234064974
2017-08-30,4.6803847506330705
2017-08-31,4.813360453183424
2017-09-01,4.810025899533437
2017-09-05,4.681219104615021
2017-09-06,4.721653072114216
2017-09-07,4.750833040306275
2017-09-08,4.633698614301724
2017-09-11,4.7812633468555035
2017-09-12,4.821696837308396
2017-09-13,4.841705590347233
2017-09-14,4.760003778413196
2017-09-15,4.798353530619572
2017-09-18,4.786681638752008
2017-09-19,4.807107330258669
2017-09-20,4.767089824180997
2017-09-21,4.675382920158089
2017-09-22,4.663711505336828
2017-09-25,4.51739758818652
2017-09-26,4.548243879110969
2017-09-27,4.671630950993974
2017-09-28,4.663711505336827
2017-09-29,4.7625049321738375
2017-10-02,4.775843623820093
2017-10-03,4.805856991901498
2017-10-04,4.8183622836584075
2017-10-05,4.95717321657309
2017-10-06,4.97509823136541
2017-10-09,4.962592462562199
2017-10-10,4.973013061979989
2017-10-11,5.016366075800254
2017-10-12,4.989270322901013
2017-10-13,5.045128628478187
2017-10-16,5.097234487844944
2017-10-17,5.1151595026372645
2017-10-18,5.095566733973649
2017-10-19,5.039292444021255
2017-10-20,5.075975396448939
2017-10-23,4.981350877243867
2017-10-24,5.006777922179208
2017-10-25,4.945918263173354
2017-10-26,4.90006504968505
2017-10-27,5.322333555839729
2017-10-30,5.360266846624583
2017-10-31,5.416958075044801
2017-11-01,5.409871552230698
2017-11-02,5.382359814956238
2017-11-03,5.532425701270659
2017-11-06,5.588699991223053
2017-11-07,5.597871206376276
2017-11-08,5.667902080535353
2017-11-09,5.5770280993554895
2017-11-10,5.575361299576797
2017-11-13,5.592034544873041
2017-11-14,5.535759777874345
2017-11-15,5.454474427361831
2017-11-16,5.658730865382131
2017-11-17,5.5953700526156345
2017-11-20,5.581613945455254
2017-11-21,5.757524292219142
2017-11-22,5.780451137486445
2017-11-24,5.845479704124237
2017-11-27,5.83589155050319
2017-11-28,5.878827148809329
2017-11-29,5.576611637933968
2017-11-30,5.7150056323808265
2017-12-01,5.638722112343295
2017-12-04,5.4440538279440425
2017-12-05,5.451973273601189
2017-12-06,5.524088840099387
2017-12-07,5.578695853226787
2017-12-08,5.652478219503676
2017-12-11,5.782117937265136
2017-12-12,5.760442384447608
2017-12-13,5.789204937125541
2017-12-14,5.7808675989079665
2017-12-15,5.968866776007243
2017-12-18,6.122267215971653
2017-12-19,6.022640389245296
2017-12-20,5.997629328685176
2017-12-21,5.99471123645671
2017-12-22,5.9747024834178735
2017-12-26,5.877994225966285
2017-12-27,5.877994225966285
2017-12-28,5.893834071373183
2017-12-29,5.782535352779263
2018-01-02,6.079332094711817
2018-01-03,6.257326179722223
2018-01-04,6.294009609196209
2018-01-05,6.484092524542001
2018-01-08,6.556207136947594
2018-01-09,6.561209444468879
2018-01-10,6.51452283109123
2018-01-11,6.644996425788338
2018-01-12,6.785892051042141
2018-01-16,6.7333687761612575
2018-01-17,6.945545136885006
2018-01-18,6.952214721231284
2018-01-19,7.018910087647769
2018-01-22,7.2381734482319215
2018-01-23,7.421586779231435
2018-01-24,7.271104908541793
2018-01-25,7.26193369338857
2018-01-26,7.586243126688188
2018-01-29,7.4857819459798804
2018-01-30,7.2944482152306165
2018-01-31,7.3844873653822285
2018-02-01,7.199823696025545
2018-02-02,6.760046636500069
2018-02-05,5.979704790939158
2018-02-06,6.440740941860641
2018-02-07,6.186044967205975
2018-02-08,5.419458751759143
2018-02-09,5.6745707107890295
2018-02-12,5.992210082696067
2018-02-13,6.0651590490836105
2018-02-14,6.420314773307679
2018-02-15,6.755878682960734
2018-02-16,6.680428562812549
2018-02-20,6.713776484543942
2018-02-21,6.653333764005911
2018-02-22,6.654584579409383
2018-02-23,7.051008148068293
2018-02-26,7.3340483057941634
2018-02-27,7.071433362528651
2018-02-28,6.92928787596398
2018-03-01,6.595808658650045
2018-03-02,6.777138251403041
2018-03-05,6.989731550594613
2018-03-06,7.078102946874929
2018-03-07,7.131043160223636
2018-03-08,7.237340048342573
2018-03-09,7.6587746775616035
2018-03-12,7.773407949805512
2018-03-13,7.4912011919689885
2018-03-14,7.465773192941044
2018-03-15,7.432425271209651
2018-03-16,7.383237027025057
2018-03-19,6.919700676435537
2018-03-20,6.9705561974451244
2018-03-21,6.8696785553152955
2018-03-22,6.3677914984267945
2018-03-23,5.853399149781384
2018-03-26,6.512022154376887
2018-03-27,5.887581425494727
2018-03-28,5.684575325831599
2018-03-29,5.999297082556471
2018-04-02,5.466563734743521
2018-04-03,5.649977065743035
2018-04-04,5.917177378062006
2018-04-05,6.010135097488386
2018-04-06,5.561605192416416
2018-04-09,5.672903911010335
2018-04-10,6.047651449805414
2018-04-11,5.945939930739938
2018-04-12,6.154365276392175
2018-04-13,6.063075310837092
2018-04-16,6.196883936230489
2018-04-17,6.593307504889399
2018-04-18,6.639160718377702
2018-04-19,6.458664525514051
2018-04-20,6.148945553356764
2018-04-23,6.1005916631541215
2018-04-24,5.711671078730837
2018-04-25,5.7341809855303145
2018-04-26,6.089752694129602
2018-04-27,6.103926216804109
2018-04-30,5.973869083528524
2018-05-01,6.168121383552556
2018-05-02,6.060574157076449
2018-05-03,6.060990141451669
2018-05-04,6.401973774140136
2018-05-07,6.554123398701074
2018-05-08,6.532446891790942
2018-05-09,6.751292836860969
2018-05-10,6.9613849822919
2018-05-11,6.940542829363718
2018-05-14,6.971389120288167
2018-05-15,6.745874544964464
2018-05-16,6.8700950167368156
2018-05-17,6.792561158342114
2018-05-18,6.683763116462534
2018-05-21,6.800481558091864
2018-05-22,6.76504894402135
2018-05-23,6.935123583374607
2018-05-24,6.929287875963977
2018-05-25,6.946795475242171
2018-05-29,6.85800666344773
2018-05-30,7.004320580598037
2018-05-31,6.989314135080486
2018-06-01,7.31445696826945
2018-06-04,7.5020392069009025
2018-06-05,7.579573065295604
2018-06-06,7.704627891049905
2018-06-07,7.525799452057551
2018-06-08,7.520797144536266
2018-06-11,7.579573065295604
2018-06-12,7.699625583528621
2018-06-13,7.6908717838895235
2018-06-14,7.9247241744771015
2018-06-15,7.845939977725229
2018-06-18,7.828431901400734
2018-06-19,7.758401504287959
2018-06-20,7.92097268235929
2018-06-21,7.715882844449644
2018-06-22,7.638348986054942
2018-06-25,7.150634974794647
2018-06-26,7.229419648592821
2018-06-27,6.9392924910065465
2018-06-28,7.1093666533135025
2018-06-29,7.14188117515555
2018-07-02,7.301951199466239
2018-07-03,7.050591209600466
2018-07-05,7.309454660748165
2018-07-06,7.638348986054942
2018-07-09,7.850941808200213
2018-07-10,7.869700222881879
2018-07-11,7.754649535123845
2018-07-12,8.137317473668675
2018-07-13,8.161078195871625
2018-07-16,8.1060537672301
2018-07-17,8.256119176498219
2018-07-18,8.203596378663637
2018-07-19,8.082293045027148
2018-07-20,8.07103856867371
2018-07-23,8.141068965786486
2018-07-24,8.244864700144781
2018-07-25,8.58876547096911
2018-07-26,8.213600993706205
2018-07-27,7.870950561239047
2018-07-30,7.5320520979360035
2018-07-31,7.682117984250425
2018-08-01,7.78716405696589
2018-08-02,8.097299967591
2018-08-03,8.16983199551072
2018-08-06,8.319897404778839
2018-08-07,8.401183232337655
2018-08-08,8.423693139137134
2018-08-09,8.416190154901509
2018-08-10,8.21985411663096
2018-08-13,8.19609339442801
2018-08-14,8.347409619099603
2018-08-15,8.043526354352947
2018-08-16,8.11730919767614
2018-08-17,8.116058382272666
2018-08-20,8.09980064430534
2018-08-21,8.1835881026711
2018-08-22,8.278629083297695
2018-08-23,8.237361715909154
2018-08-24,8.466211321929146
2018-08-27,8.721323280959034
2018-08-28,8.760090925725837
2018-08-29,9.066474867186834
2018-08-30,9.01520193066312
2018-08-31,9.041464283673013
2018-09-04,8.933917057196906
2018-09-05,8.578760855926538
2018-09-06,8.344908942385262
2018-09-07,8.262372299422973
2018-09-10,8.334904327342691
2018-09-11,8.5199849351672
2018-09-12,8.446203045936612
2018-09-13,8.696312697445213
2018-09-14,8.63003379245025
2018-09-17,8.266123791540783
2018-09-18,8.462459829811332
2018-09-19,8.443701415129667
2018-09-20,8.708817989202123
2018-09-21,8.570007056287439
2018-09-24,8.643789899610631
2018-09-25,8.678805098167018
2018-09-26,8.670051298527921
2018-09-27,8.910156334993955
2018-09-28,8.896400227833574
2018-10-01,8.947673164357287
2018-10-02,8.896400227833574
2018-10-03,8.922661626750864
2018-10-04,8.413688524094564
2018-10-05,8.097299967590999
2018-10-08,7.952236388797862
2018-10-09,8.013513463317842
2018-10-10,6.974307689562932
2018-10-11,6.691683516212282
2018-10-12,7.25693138586728
2018-10-15,6.983061489202029
2018-10-16,7.584575372816887
2018-10-17,7.609585956330705
2018-10-18,7.08185491603904
2018-10-19,7.053092363361107
2018-10-22,7.159388774433742
2018-10-23,7.0806041006355676
2018-10-24,6.117681846918188
2018-10-25,6.745457129450336
2018-10-26,6.221477581276483
2018-10-29,5.888831763851893
2018-10-30,6.116431508561017
2018-10-31,6.52911233814095
2018-11-01,6.814237665252242
2018-11-02,6.509103585102114
2018-11-05,6.445325833867793
2018-11-06,6.581635613021834
2018-11-07,7.186900988754503
2018-11-08,7.064347316760844
2018-11-09,6.705439623372663
2018-11-12,6.116431508561018
2018-11-13,6.113930354800376
2018-11-14,5.958862638010971
2018-11-15,6.277752348275179
2018-11-16,6.208972289519574
2018-11-19,5.613711051783172
2018-11-20,5.302324802800891
2018-11-21,5.421126505630435
2018-11-23,5.301073987397419
2018-11-26,5.6649835112605835
2018-11-27,5.723759432019921
2018-11-28,6.266497394875441
2018-11-29,6.208972289519575
2018-11-30,6.339028945748859
2018-12-03,6.664171778937822
2018-12-04,5.931350423690208
2018-12-06,6.017638081724007
2018-12-07,5.428629966912362
2018-12-10,5.59870460626562
2018-12-11,5.658730865382128
2018-12-12,5.801293290414623
2018-12-13,5.802544105818096
2018-12-14,5.364852215678042
2018-12-17,5.018450291093071
2018-12-18,5.1022367953662275
2018-12-19,4.7333249639817785
2018-12-20,4.543242048635986
2018-12-21,4.1042993430924595
2018-12-24,3.8004160783458034
2018-12-26,4.489593375732573
2018-12-27,4.553444046313133
2018-12-28,4.5346646620678985
2018-12-31,4.6373268242353705
2019-01-02,4.70368150823364
2019-01-03,4.247961573228428
2019-01-04,4.791320067486578
2019-01-07,4.944061542824793
2019-01-08,5.086786964492169
2019-01-09,5.206976742991883
2019-01-10,5.257056056162627
2019-01-11,5.19445715349506
2019-01-14,5.059243294489088
2019-01-15,5.339686588580147
2019-01-16,5.3471981512415505
2019-01-17,5.472395956576684
2019-01-18,5.62263341849719
2019-01-22,5.312142918577065
2019-01-23,5.317150945412484
2019-01-24,5.411049299413834
2019-01-25,5.603853556660229
2019-01-28,5.397277464412293
2019-01-29,5.244535989074078
2019-01-30,5.637657021411722
2019-01-31,5.88554861866428
2019-02-01,5.81043012649989
2019-02-04,6.023266491087962
2019-02-05,6.1822677611745895
2019-02-06,6.133440693508564
2019-02-07,5.883045082838296
2019-02-08,5.913092288667362
2019-02-11,5.899320453665822
2019-02-12,6.154724091171508
2019-02-13,6.1672436806683315
2019-02-14,6.189779323835993
2019-02-15,6.2636460480873914
2019-02-19,6.301205771761312
2019-02-20,6.296197744925893
2019-02-21,6.224835034092205
2019-02-22,6.360048415506452
2019-02-25,6.430159358427148
2019-02-26,6.4501909881771
2019-02-27,6.430159358427148
2019-02-28,6.390096098927243
2019-03-01,6.517797917680086
2019-03-04,6.519049685593078
2019-03-05,6.535325534012329
2019-03-06,6.422647318174018
2019-03-07,6.188527555923001
2019-03-08,6.153472323258515
2019-03-11,6.537829547430038
2019-03-12,6.644247490928212
2019-03-13,6.788225158100306
2019-03-14,6.758177474679514
2019-03-15,6.925942552932263
2019-03-18,6.9885414555998295
2019-03-19,7.058652398520526
2019-03-20,7.140030628122322
2019-03-21,7.470669187889648
2019-03-22,6.98222626271276
2019-03-25,6.938391849476568
2019-03-26,7.033575351543416
2019-03-27,6.895809643293151
2019-03-28,6.939644056529343
2019-03-29,7.096196214886132
2019-04-01,7.37548520806353
2019-04-02,7.456892521512769
2019-04-03,7.585891347115795
2019-04-04,7.574619572603735
2019-04-05,7.6885895247771066
2019-04-08,7.748705496255
2019-04-09,7.663541083888165
2019-04-10,7.787530603520821
2019-04-11,7.728666839095702
2019-04-12,7.823850818921822
2019-04-15,7.830112809704239
2019-04-16,7.906510339423836
2019-04-17,7.985412283248981
2019-04-18,8.010460724137921
2019-04-22,8.078091371210279
2019-04-23,8.384933219382166
2019-04-24,8.303526861451472
2019-04-25,8.396205471653499
2019-04-26,8.426263218512808
2019-04-29,8.471350316561047
2019-04-30,8.27722525799121
2019-05-01,8.182042233683635
2019-05-02,8.081848470127873
2019-05-03,8.462583433913808
2019-05-06,8.311041059286662
2019-05-07,7.827607917839417
2019-05-08,7.7587250637142855
2019-05-09,7.635988228893677
2019-05-10,7.65727909310575
2019-05-13,6.86575141867457
2019-05-14,7.081167341456478
2019-05-15,7.375485208063531
2019-05-16,7.605930004275094
2019-05-17,7.369223217281114
2019-05-20,6.9997600280072385
2019-05-21,7.210166167059504
2019-05-22,7.116234872045431
2019-05-23,6.780587006307735
2019-05-24,6.770567916607723
2019-05-28,6.697927485805723
2019-05-29,6.5301035529368745
2019-05-30,6.607753289709245
2019-05-31,6.289639667025298
2019-06-03,5.887613361268019
2019-06-04,6.364784511932848
2019-06-05,6.505055112047935
2019-06-06,6.655345279622306
2019-06-07,7.034827558596194
2019-06-10,7.291573480508744
2019-06-11,7.319126335503234
2019-06-12,7.195137293629849
2019-06-13,7.312864344720816
2019-06-14,7.2176808426539685
2019-06-17,7.349184560121816
2019-06-18,7.667298660565035
2019-06-19,7.75747237890224
2019-06-20,7.970383409819327
2019-06-21,7.934063194418327
2019-06-24,7.931558780312778
2019-06-25,7.525775375637902
2019-06-26,7.62095887770475
2019-06-27,7.703618398206763
2019-06-28,7.736181514690168
2019-07-01,8.044276525433375
2019-07-02,8.141964919365043
2019-07-03,8.322312356039452
2019-07-05,8.268458375343975
2019-07-08,8.09437245169271
2019-07-09,8.215857079460545
2019-07-10,8.458826334996214
2019-07-11,8.436282785972095
2019-07-12,8.577805593139955
2019-07-15,8.650446023941955
2019-07-16,8.527708711362074
2019-07-17,8.401215255383141
2019-07-18,8.437535470784141
2019-07-19,8.233390844755021
2019-07-22,8.427515903324856
2019-07-23,8.59032957470479
2019-07-24,8.773183336521837
2019-07-25,8.522699883150976
2019-07-26,8.775687750627386
2019-07-29,8.694280437178147
2019-07-30,8.577805593139955
2019-07-31,8.215857079460543
2019-08-01,8.100634920234397
2019-08-02,7.729919523907747
2019-08-05,6.918353192317269
2019-08-06,7.202651491465037
2019-08-07,7.30785456099117
2019-08-08,7.7912877024384155
2019-08-09,7.560842906226853
2019-08-12,7.30785456099117
2019-08-13,7.787530603520819
2019-08-14,7.089934224103712
2019-08-15,7.059875999485128
2019-08-16,7.3855047755228105
2019-08-19,7.7311717309605195
2019-08-20,7.57211468073891
2019-08-21,7.764987054496698
2019-08-22,7.689842209589149
2019-08-23,6.985983361630352
2019-08-26,7.269029931484618
2019-08-27,7.225195040489154
2019-08-28,7.297835471291155
2019-08-29,7.629725760351983
2019-08-30,7.575872257415779
2019-09-03,7.355446550904228
2019-09-04,7.664793768700209
2019-09-05,8.08811093866956
2019-09-06,8.065567389645441
2019-09-09,8.014218300814784
2019-09-10,7.9478398607952006
2019-09-11,8.162003098765062
2019-09-12,8.263449547132872
2019-09-13,8.175779765141943
2019-09-16,8.063062020021347
2019-09-17,8.169518252118799
2019-09-18,8.164508468389156
2019-09-19,8.200828683790157
2019-09-20,7.942830077065559
2019-09-23,7.950344752660023
2019-09-24,7.635988228893671
2019-09-25,7.880209213722844
2019-09-26,7.801307269897698
2019-09-27,7.518260700043433
2019-09-30,7.718647749395685
2019-10-01,7.5320373664203135
2019-10-02,7.146293096664008
2019-10-03,7.381747198845942
2019-10-04,7.692346623694697
2019-10-07,7.620958877704744
2019-10-08,7.274039715214261
2019-10-09,7.494464943966539
2019-10-10,7.6585317779177915
2019-10-11,7.945334968930381
2019-10-14,7.95410185157762
2019-10-15,8.255934393779137
2019-10-16,8.19456621524847
2019-10-17,8.250924610049495
2019-10-18,8.014218300814788
2019-10-21,8.225876646919827
2019-10-22,8.035509642786131
2019-10-23,8.073081587480633
2019-10-24,8.30477859074497
2019-10-25,8.493893865585163
2019-10-28,8.753144201603263
2019-10-29,8.551504945198236
2019-10-30,8.671736888154022
2019-10-31,8.677999356695711
2019-11-01,8.913453458877644
2019-11-04,9.072510986858527
2019-11-05,9.083782283611315
2019-11-06,9.026171203998242
2019-11-07,9.117598084906765
2019-11-08,9.22530604629772
2019-11-11,9.186480461272625
2019-11-12,9.261625306180175
2019-11-13,9.247848639803294
2019-11-14,9.245344225697746
2019-11-15,9.419430149349012
2019-11-18,9.468274346314846
2019-11-19,9.50709993133994
2019-11-20,9.340528205523867
2019-11-21,9.267887774721867
2019-11-22,9.292935737851536
2019-11-25,9.614806937212352
2019-11-26,9.67241897234397
2019-11-27,9.867795760207306
2019-11-29,9.736291564980187
2019-12-02,9.423187248266611
2019-12-03,9.211529379920844
2019-12-04,9.348042403359061
2019-12-05,9.396886600324896
2019-12-06,9.687447368014354
2019-12-09,9.568468109870613
2019-12-10,9.54717724565854
2019-12-11,9.69120446693195
2019-12-12,9.912882858255546
2019-12-13,10.001804369539977
2019-12-16,10.288608038311839
2019-12-17,10.30238470468872
2019-12-18,10.326179983006341
2019-12-19,10.536586122058607
2019-12-20,10.661827848744037
2019-12-23,10.740730748087726
2019-12-24,10.754631853555715
2019-12-26,11.034022186258094
2019-12-27,11.00144731002802
2019-12-30,10.782195136837807
2019-12-31,10.84358643355287
2020-01-02,11.38106663409918
2020-01-03,11.071608655436146
2020-01-06,11.282090779933295
2020-01-07,11.26830913829225
2020-01-08,11.5276530992027
2020-01-09,11.818318799140323
2020-01-10,11.721847307653004
2020-01-13,12.131536189412058
2020-01-14,11.989961317256519
2020-01-15,11.997479184610302
2020-01-16,12.331995128013247
2020-01-17,12.516167106431205
2020-01-21,12.509902376280323
2020-01-22,12.595097544668779
2020-01-23,12.711614452084408
2020-01-24,12.382110101629447
2020-01-27,11.61660672333624
2020-01-28,12.156593198288352
2020-01-29,12.200443441753672
2020-01-30,12.338259858164129
2020-01-31,11.731870493548971
2020-02-03,12.2706047871618
2020-02-04,13.108773873541699
2020-02-05,13.260370975729584
2020-02-06,13.583611551897281
2020-02-07,13.408209622172386
2020-02-10,13.891817349221032
2020-02-11,13.901840535116996
2020-02-12,14.30902314247025
2020-02-13,14.253896575906067
2020-02-14,14.350368067393386
2020-02-18,14.375425076269678
2020-02-19,14.791377732315997
2020-02-20,14.370413483321698
2020-02-21,13.548531357125027
2020-02-24,11.987455998714339
2020-02-25,11.017735226074864
2020-02-26,11.16933232826275
2020-02-27,9.499256973926597
2020-02-28,9.647095620369399
2020-03-02,10.96386179671358
2020-03-03,9.93149659015614
2020-03-04,11.136757452032674
2020-03-05,10.159518812039417
2020-03-06,9.627049248577471
2020-03-09,7.671320265183485
2020-03-10,8.865305281892963
2020-03-11,7.7251936945447675
2020-03-12,5.607843945135125
2020-03-13,7.12131060433541
2020-03-16,4.666939115048832
2020-03-17,5.427430900394056
2020-03-18,4.925030416688191
2020-03-19,5.03904152762983
2020-03-20,4.448939601129709
2020-03-23,4.462721242770754
2020-03-24,5.457499980150137
2020-03-25,5.330959886838544
2020-03-26,6.199198530906334
2020-03-27,5.555223652976739
2020-03-30,6.139060849325978
2020-03-31,5.968670512549065
2020-04-01,5.228224621063959
2020-04-02,5.537683555590611
2020-04-03,5.314672448723507
2020-04-06,6.427220752789611
2020-04-07,6.414692248351465
2020-04-08,6.82438065217871
2020-04-09,6.849437661055002
2020-04-13,7.087483068834242
2020-04-14,8.007089345789323
2020-04-15,7.7414811326598
2020-04-16,8.156180651503217
2020-04-17,8.360399001713102
2020-04-20,8.089778717703789
2020-04-21,7.195229927556808
2020-04-22,7.83168741606443
2020-04-23,7.780319783177138
2020-04-24,8.156180651503218
2020-04-27,8.315295621044886
2020-04-28,7.865514951565594
2020-04-29,8.683638622017183
2020-04-30,8.741270507123549
2020-05-01,7.956974372173123
2020-05-04,8.237617364146592
2020-05-05,8.500719780802125
2020-05-06,8.668604799036856
2020-05-07,9.006879198184881
2020-05-08,9.370211562072816
2020-05-11,9.603245376904075
2020-05-12,9.031936207061174
2020-05-13,8.689903352168066
2020-05-14,8.97806373356351
2020-05-15,9.132166154293577
2020-05-18,9.660877262010443
2020-05-19,9.586957460857231
2020-05-20,10.148243444804171
2020-05-21,9.836279191735338
2020-05-22,9.925232815868876
2020-05-26,9.883887890945738
2020-05-27,10.022956488695478
2020-05-28,9.959059873438232
2020-05-29,10.370000936536568
2020-06-01,10.497794167051062
2020-06-02,10.707023154345311
2020-06-03,10.852356482245932
2020-06-04,10.63185117185282
2020-06-05,11.262044408141369
2020-06-08,11.512618320358754
2020-06-09,11.769456962727023
2020-06-10,12.194179667466406
2020-06-11,10.39881735702156
2020-06-12,10.624334260362655
2020-06-15,10.998941991485836
2020-06-16,11.580273391361084
2020-06-17,11.693031843031633
2020-06-18,11.783238604368071
2020-06-19,11.766950688321225
2020-06-22,12.185409618773344
2020-06-23,12.503638601993059
2020-06-24,11.766950688321227
2020-06-25,12.07891589725368
2020-06-26,11.210677253185889
2020-06-29,11.568997068262224
2020-06-30,12.234271455186647
2020-07-01,12.671522664364174
2020-07-02,12.940889811170587
2020-07-06,13.891817349221036
2020-07-07,13.618691746669539
2020-07-08,14.142391261438421
2020-07-09,14.495700439430392
2020-07-10,14.80265405541486
2020-07-13,13.88805889347595
2020-07-14,14.182483049158657
2020-07-15,14.252644394566785
2020-07-16,13.946943915785216
2020-07-17,14.012092712381746
2020-07-20,15.204825069820133
2020-07-21,14.718712024229305
2020-07-22,14.8891014051426
2020-07-23,13.72268014964702
2020-07-24,13.316750679496666
2020-07-27,14.032139084173672
2020-07-28,13.504681113659705
2020-07-29,13.964484013171342
2020-07-30,14.19125309785172
2020-07-31,14.956756476144927
2020-08-03,15.514284004346784
2020-08-04,15.71599608015087
2020-08-05,15.841283036259563
2020-08-06,16.447671445011103
2020-08-07,15.910190288601173
2020-08-10,15.695949708358942
2020-08-11,14.805159373957043
2020-08-12,15.912696563006975
2020-08-13,16.024201877474624
2020-08-14,15.977845359603505
2020-08-17,16.505304285981087
2020-08-18,16.990164194369015
2020-08-19,16.65815452537187
2020-08-20,17.343472416497367
2020-08-21,17.70555355490964
2020-08-24,18.0338047681617
2020-08-25,18.454769017156
2020-08-26,19.636224095631906
2020-08-27,19.45831684736483
2020-08-28,19.759006689062037
2020-08-31,20.216303314167874
2020-09-01,21.266208618111442
2020-09-02,21.8663322967121
2020-09-03,18.508641490653666
2020-09-04,17.74564438676626
2020-09-08,15.237399946050209
2020-09-09,16.546649210904224
2020-09-10,15.589455986839276
2020-09-11,15.248675313285451
2020-09-14,16.034225063370585
2020-09-15,16.715785454614615
2020-09-16,15.912696563006971
2020-09-17,15.179768060943838
2020-09-18,14.593425068120608
2020-09-21,14.766320723439701
2020-09-22,15.573169026656045
2020-09-23,14.13111589420317
2020-09-24,14.337839562955237
2020-09-25,15.342640530366968
2020-09-28,16.252224099357896
2020-09-29,16.081833762580985
2020-09-30,16.400061789937084
2020-10-01,17.16807144263609
2020-10-02,15.752329412126027
2020-10-05,16.745855012302513
2020-10-06,15.84629462920755
2020-10-07,16.679453078503087
2020-10-08,16.925014441908875
2020-10-09,17.677990271627554
2020-10-12,19.32676516110526
2020-10-13,19.32927143551106
2020-10-14,18.851928438613296
2020-10-15,18.46228592864617
2020-10-16,18.179138096062328
2020-10-19,17.275818301358665
2020-10-20,17.38732361582631
2020-10-21,17.34222023515809
2020-10-22,17.350991239714773
2020-10-23,17.45247336828646
2020-10-26,16.65690043230536
2020-10-27,17.050301398017567
2020-10-28,15.04946951188717
2020-10-29,15.814972890180377
2020-10-30,14.714952612620607
2020-11-02,14.719964205568589
2020-11-03,15.460410574985504
2020-11-04,17.550197041113055
2020-11-05,18.904548730771673
2020-11-06,18.968444390165303
2020-11-09,17.810794139226406
2020-11-10,16.849843415279995
2020-11-11,17.9824366573426
2020-11-12,17.71933328482345
2020-11-13,18.184148733146685
2020-11-16,18.602606707735184
2020-11-17,18.430964189618987
2020-11-18,18.003735210473806
2020-11-19,18.4497564683444
2020-11-20,18.075149693084835
2020-11-23,18.078908148829917
2020-11-24,18.818100425180315
2020-11-25,19.172662740375184
2020-11-27,19.696363211007686
2020-11-30,19.797845339579368
2020-12-01,20.575876266447104
2020-12-02,20.65856611629338
2020-12-03,20.742508147478937
2020-12-04,20.996840515441406
2020-12-07,21.352655011975557
2020-12-08,21.548104269355996
2020-12-09,20.10479799970022
2020-12-10,20.351613456172526
2020-12-11,20.208786402677706
2020-12-14,20.63977383756797
2020-12-15,21.281242441091763
2020-12-16,21.638311030692435
2020-12-17,22.081826014157226
2020-12-18,21.841275287835803
2020-12-21,21.75983761932881
2020-12-22,21.93148204917224
2020-12-23,21.60072456151438
2020-12-24,21.881366119692423
2020-12-28,22.537870457923784
2020-12-29,22.604272391723214
2020-12-30,22.60051393597813
2020-12-31,22.777169002905925
2021-01-04,21.78113808418726
2021-01-05,22.327389289290252
2021-01-06,21.404023122794662
2021-01-07,22.9500637023614
2021-01-08,23.83960185542402
2021-01-11,22.78593809573537
2021-01-12,22.68696224156949
2021-01-13,23.127972862355715
2021-01-14,22.775914909839408
2021-01-15,22.22214679324625
2021-01-19,23.185603791598464
2021-01-20,24.801806672436953
2021-01-21,25.418218267084455
2021-01-22,25.18768881493176
2021-01-25,25.88679025942554
2021-01-26,25.91435354270763
2021-01-27,23.824568032443697
2021-01-28,24.175371891893487
2021-01-29,22.66942214418337
2021-02-01,24.33573904277444
2021-02-02,25.513435665505263
2021-02-03,25.22026464702546
2021-02-04,26.11230716276664
2021-02-05,26.38543372118175
2021-02-08,26.90161536859685
2021-02-09,26.889085908295087
2021-02-10,26.698651111453483
2021-02-11,27.129636634616514
2021-02-12,27.590693627194668
2021-02-16,27.36016608676921
2021-02-17,26.97929266963153
2021-02-18,26.615961261607215
2021-02-19,26.265157402157424
2021-02-22,24.230496546730436
2021-02-23,24.015002829285304
2021-02-24,24.59382986648199
2021-02-25,22.02544726625377
2021-02-26,22.35620475391163
2021-03-01,24.305669485086547
2021-03-02,23.140500410930247
2021-03-03,21.13340283878535
2021-03-04,20.088510083653382
2021-03-05,20.988071422611963
2021-03-08,19.193961293506398
2021-03-09,21.45413905227448
2021-03-10,21.271219255195806
2021-03-11,22.747099445218037
2021-03-12,22.180801868323115
2021-03-15,22.889926498712857
2021-03-16,23.265787367038936
2021-03-17,23.55895838551874
2021-03-18,21.396506211304494
2021-03-19,21.66963276971961
2021-03-22,22.824776746252706
2021-03-23,22.526595090688538
2021-03-24,21.388989299814334
2021-03-25,21.273725529601602
2021-03-26,22.213377700416803
2021-03-29,22.20084824011504
2021-03-30,21.885124575437505
2021-03-31,22.86737576424236
2021-04-01,24.030038563992854
2021-04-05,25.473344833648632
2021-04-06,25.41320571827285
2021-04-07,25.60113615243589
2021-04-08,26.40046754416207
2021-04-09,26.879062722399116
2021-04-12,26.773822138082352
2021-04-13,27.690923574427064
2021-04-14,26.71869557151817
2021-04-15,27.898898468654796
2021-04-16,28.016668513273324
2021-04-19,27.252419228046634
2021-04-20,26.65605209346382
2021-04-21,27.33009652908131
2021-04-22,26.335317791701925
2021-04-23,27.32759025467551
2021-04-26,27.86883082269414
2021-04-27,27.502993140264024
2021-04-28,27.219843395952946
2021-04-29,27.49296995436806
2021-04-30,26.976788306952958
2021-05-03,26.535777686166732
2021-05-04,25.137574797179177
2021-05-05,24.844403778699373
2021-05-06,25.388148709396564
2021-05-07,26.00957285285567
2021-05-10,24.055095572869156
2021-05-11,23.934819253844825
2021-05-12,22.113147753184403
2021-05-13,22.57921538284692
2021-05-14,24.04757866137899
2021-05-17,23.641648235365018
2021-05-18,23.145512959741843
2021-05-19,23.23070717226668
2021-05-20,24.573783494690055
2021-05-21,24.167853068676084
2021-05-24,25.378125523500604
2021-05-25,25.500906205203496
2021-05-26,25.758998940638282
2021-05-27,25.458309098941076
2021-05-28,25.706376736752663
2021-06-01,25.455802824535276
2021-06-02,25.588608603861367
2021-06-03,24.784266575050825
2021-06-04,26.054676233523885
2021-06-07,26.285203773949345
2021-06-08,26.31527141991
2021-06-09,26.345340977597893
2021-06-10,27.152189280814238
2021-06-11,27.36768299825937
2021-06-14,28.13443855789186
2021-06-15,27.613244361665156
2021-06-16,27.317567068779553
2021-06-17,28.337402815035226
2021-06-18,27.660854016739172
2021-06-21,28.167014389985546
2021-06-22,28.953816321409963
2021-06-23,29.003930339162547
2021-06-24,29.537652083963778
2021-06-25,29.444940959948774
2021-06-28,30.48732744067494
2021-06-29,30.830614388634565
2021-06-30,30.69530424662991
2021-07-01,30.710338069610238
2021-07-02,31.75272646206364
2021-07-06,32.178701348142305
2021-07-07,32.384173791418704
2021-07-08,31.822886851608146
2021-07-09,32.36161923349374
2021-07-12,32.76755157123495
2021-07-13,32.75000956212158
2021-07-14,32.92791872211589
2021-07-15,32.24635737500824
2021-07-16,31.45454289477222
2021-07-19,30.70031488371426
2021-07-20,31.712633718479772
2021-07-21,32.43679217184984
2021-07-22,33.11835351895749
2021-07-23,34.21837284065364
2021-07-26,34.3612018058757
2021-07-27,33.23862792625459
2021-07-28,33.60196315773338
2021-07-29,33.76733903397146
2021-07-30,33.26118248417956
2021-08-02,33.25115738655636
2021-08-03,33.82998251202581
2021-08-04,33.997866574396916
2021-08-05,34.63683081524215
2021-08-06,34.18579700855996
2021-08-09,34.368718717365866
2021-08-10,33.85504143262933
2021-08-11,33.672123547277884
2021-08-12,34.022925495000436
2021-08-13,34.36370616855426
2021-08-16,34.42384528393004
2021-08-17,33.5192733078871
2021-08-18,32.54454094229964
2021-08-19,33.008100385829124
2021-08-20,34.02793804381203
2021-08-23,35.543910977418115
2021-08-24,35.89471292514067
2021-08-25,35.93480566872452
2021-08-26,35.325909073839945
2021-08-27,36.35827619212462
2021-08-30,37.56353609813753
2021-08-31,37.45829551382077
2021-09-01,37.66376413364271
2021-09-02,37.61114575321156
2021-09-03,37.94941824063235
2021-09-07,38.10477666615617
2021-09-08,37.71387815139529
2021-09-09,37.31045399978712
2021-09-10,36.47103368793156
2021-09-13,36.388343838085284
2021-09-14,36.07512644781355
2021-09-15,36.87445783953974
2021-09-16,36.94712259176281
2021-09-17,35.64163465024473
2021-09-20,33.4491129183426
2021-09-21,33.49171002460502
2021-09-22,34.471454939004076
2021-09-23,35.42864529547817
2021-09-24,35.52887333098334
2021-09-27,34.67191101001441
2021-09-28,31.780289745345733
2021-09-29,31.569806664984966
2021-09-30,31.213992168450815
2021-10-01,31.782794108024298
2021-10-04,29.82831873976502
2021-10-05,30.975947716535188
2021-10-06,31.587346762371094
2021-10-07,32.44180472066146
2021-10-08,31.94316317063248
2021-10-11,31.23403854024274
2021-10-12,30.915808601159405
2021-10-13,31.639967054529475
2021-10-14,33.38646944028825
2021-10-15,34.00538730934156
2021-10-18,35.02522114387
2021-10-19,35.79448488963553
2021-10-20,35.681723570374125
2021-10-21,36.32068781121936
2021-10-22,35.401082012196085
2021-10-25,36.46351677644141
2021-10-26,36.80429744999524
2021-10-27,37.094960282342015
2021-10-28,38.3127496486567
2021-10-29,38.879049137278855
2021-11-01,39.2624269170951
2021-11-02,39.786125476000365
2021-11-03,41.049020134710496
2021-11-04,42.58002306784244
2021-11-05,42.73788585604483
2021-11-08,42.562484882183554
2021-11-09,41.6854761894227
2021-11-10,39.85879405167792
2021-11-11,40.18203271611838
2021-11-12,41.45745301167581
2021-11-15,41.444923551374046
2021-11-16,42.30188969579745
2021-11-17,42.35200371355003
2021-11-18,43.647470380899385
2021-11-19,44.386662657249786
2021-11-22,42.84813898917321
2021-11-23,42.26430131489216
2021-11-24,42.655196006198565
2021-11-26,40.30230712341548
2021-11-29,42.80554188291079
2021-11-30,40.96633028486424
2021-12-01,38.86401531429854
2021-12-02,39.59569067915877
2021-12-03,37.6061332044
2021-12-06,38.48564625983942
2021-12-07,41.95609647343202
2021-12-08,42.53993414771307
2021-12-09,40.70322691234509
2021-12-10,41.96361338492219
2021-12-13,40.1594819816479
2021-12-14,38.96424334980371
2021-12-15,41.54264722420066
2021-12-16,38.372888764032496
2021-12-17,37.78654672707288
2021-12-20,36.65645593596161
2021-12-21,39.107072315025775
2021-12-22,40.502767017880295
2021-12-23,41.46496992316599
2021-12-27,43.44701048643459
2021-12-28,42.93584138783109
2021-12-29,42.86818536096514
2021-12-30,42.46726557203554
2021-12-31,41.67795927793256
2022-01-03,42.88071482126691
2022-01-04,41.214396010948604
2022-01-05,37.42321531904857
2022-01-06,37.32047909741037
2022-01-07,36.10018536841713
2022-01-10,36.23298923601599
2022-01-11,37.82663947065675
2022-01-12,38.25762308209254
2022-01-13,35.481267499363824
2022-01-14,36.017495518570854
2022-01-18,33.42154963506054
2022-01-19,32.25888683531005
2022-01-20,31.01102791130748
2022-01-21,28.400046293089602
2022-01-24,28.810989267915172
2022-01-25,26.686121651151744
2022-01-26,26.63600763339916
2022-01-27,25.83918251607878
2022-01-28,28.24970232810461
2022-01-31,30.98597090243118
2022-02-01,31.57732357647516
2022-02-02,32.324034676042956
2022-02-03,28.435128399589086
2022-02-04,29.417377676666707
2022-02-07,28.750850152539385
2022-02-08,29.728088792532642
2022-02-09,31.57231293939079
2022-02-10,29.477514880315255
2022-02-11,26.70115547413207
2022-02-14,26.776328412488176
2022-02-15,28.71576995776713
2022-02-16,28.710759320682765
2022-02-17,26.164927454925035
2022-02-18,25.277895576268214
2022-02-22,24.496106193655397
2022-02-23,22.621812489109356
2022-02-24,24.836886867209223
2022-02-25,26.01458348994005
2022-02-28,26.29021441103373
2022-03-01,25.077437593530647
2022-03-02,26.2751805880534
2022-03-03,25.177667540763046
2022-03-04,24.100198953537387
2022-03-07,21.409035671606272
2022-03-08,21.113358378720665
2022-03-09,23.373534225761514
2022-03-10,22.621812489109352
2022-03-11,21.21859896303743
2022-03-14,19.975752587846458
2022-03-15,21.82498737178897
2022-03-16,24.27559992739866
2022-03-17,25.087460779426603
2022-03-18,26.646028907567874
2022-03-21,26.455594110726267
2022-03-22,28.019174787679137
2022-03-23,26.836465616136714
2022-03-24,28.575449178678095
2022-03-25,28.53034579800988
2022-03-28,29.82831873976503
2022-03-29,31.356819221945646
2022-03-30,30.414660776724645
2022-03-31,29.156780578553345
2022-04-01,29.031493622444653
2022-04-04,30.84564821161491
2022-04-05,28.80597671910356
2022-04-06,26.911638554492825
2022-04-07,27.087039528354104
2022-04-08,25.97950329516779
2022-04-11,24.13527914830964
2022-04-12,23.824568032443704
2022-04-13,25.252838567391915
2022-04-14,23.55394774843439
2022-04-18,23.619097500894537
2022-04-19,25.137574797179187
2022-04-20,24.004981555116583
2022-04-21,22.59675548023306
2022-04-22,20.802645351127495
2022-04-25,21.574413459571584
2022-04-26,19.14885791283819
2022-04-27,19.063663700313352
2022-04-28,21.078278183948413
2022-04-29,18.30692941484959
2022-05-02,19.168904284630116
2022-05-03,19.214007665298336
2022-05-04,21.11836901580503
2022-05-05,17.97116129010736
2022-05-06,17.344726509563895
2022-05-09,15.29503183115658
2022-05-10,15.821236664467644
2022-05-11,14.413011545447741
2022-05-12,14.297747775235012
2022-05-13,15.851305266291918
2022-05-16,15.360180627753108
2022-05-17,16.517831834555622
2022-05-18,14.10731106666617
2022-05-19,13.82165695967653
2022-05-20,13.701381596515818
2022-05-23,14.377931350675487
2022-05-24,13.480876286122704
2022-05-25,14.022115898277717
2022-05-26,15.194801883924177
2022-05-27,16.683211534248173
2022-05-31,16.562935215223842
2022-06-01,16.177051161001796
2022-06-02,17.49005983746451
2022-06-03,16.10689077145728
2022-06-06,16.307350665922083
2022-06-07,16.70325790604009
2022-06-08,16.362477232486267
2022-06-09,15.029423140095238
2022-06-10,13.425750675422131
2022-06-13,11.566491749720038
2022-06-14,11.64166373221253
2022-06-15,12.478580637253147
2022-06-16,10.955091748020514
2022-06-17,11.361021218170867
2022-06-21,12.217983539139794
2022-06-22,12.172881114335192
2022-06-23,12.694074354698277
2022-06-24,14.022115898277704
2022-06-27,13.691358410619841
2022-06-28,12.443500442480888
2022-06-29,12.46855745135718
2022-06-30,12.027547786434571
2022-07-01,12.222995132087775
2022-07-05,12.854441505579224
2022-07-06,13.100003824848628
2022-07-07,13.911863721012953
2022-07-08,13.97701251760948
2022-07-11,13.0849700018683
2022-07-12,12.704097540594237
2022-07-13,12.623913965153763
2022-07-14,12.754212514210439
2022-07-15,13.425750675422124
2022-07-18,13.115038603692573
2022-07-19,14.262666624599124
2022-07-20,14.97930816647903
2022-07-21,15.615766132918461
2022-07-22,14.798895599669772
2022-07-25,14.578390289276657
2022-07-26,13.696370003567822
2022-07-27,15.40528400842131
2022-07-28,15.846294629207538
2022-07-29,16.71829172902041
2022-08-01,16.69323472014412
2022-08-02,16.537878206347536
2022-08-03,17.86090815697898
2022-08-04,18.116494618007966
2022-08-05,17.685507183117704
2022-08-08,17.505093660444828
2022-08-09,16.903715888777654
2022-08-10,18.291895591869245
2022-08-11,18.016264670775566
2022-08-12,19.03359414262544
2022-08-15,19.489638586391994
2022-08-16,19.364351630283302
2022-08-17,18.692813469071613
2022-08-18,18.818100425180305
2022-08-19,17.715574829078353
2022-08-22,16.322384488902397
2022-08-23,16.267257922338214
2022-08-24,16.392544878446905
2022-08-25,17.254519748227434
2022-08-26,15.154710096203921
2022-08-29,14.688642466541403
2022-08-30,14.197517828002592
2022-08-31,13.936920729889241
2022-09-01,13.951955508733187
2022-09-02,13.37062410885794
2022-09-06,13.064923630076372
2022-09-07,13.83669173852046
2022-09-08,14.062207685997938
2022-09-09,14.954251157602739
2022-09-12,15.500502362705731
2022-09-13,12.949659859863644
2022-09-14,13.240325559801267
2022-09-15,12.573798991537563
2022-09-16,12.328236672268158
2022-09-19,12.623913965153763
2022-09-20,12.323225079320176
2022-09-21,11.646675325160507
2022-09-22,11.215687890270244
2022-09-23,10.679459871063216
2022-09-26,10.534127499026214
2022-09-27,10.544150684922178
2022-09-28,11.160562279569682
2022-09-29,10.218403834348681
2022-09-30,9.682175815141651
2022-10-03,10.353713976353337
2022-10-04,11.315917837502647
2022-10-05,11.315917837502647
2022-10-06,11.030263730513004
2022-10-07,9.772382576478089
2022-10-10,9.46668209769652
2022-10-11,9.09082122937044
2022-10-12,9.070775813442129
2022-10-13,9.67716422219367
2022-10-14,8.805167122380798
2022-10-17,9.672152629245689
2022-10-18,9.91270431143073
2022-10-19,9.792428948270018
2022-10-20,9.62704924857747
2022-10-21,10.308610595685119
2022-10-24,10.659414455134907
2022-10-25,11.300883058658703
2022-10-26,10.554172914954524
2022-10-27,9.972841515079276
2022-10-28,10.87490817258004
2022-10-31,10.49904730425396
2022-11-01,10.173300453680461
2022-11-02,9.12089078705833
2022-11-03,8.594684997883647
2022-11-04,8.995603830949637
2022-11-07,9.28125793793928
2022-11-08,9.481716876540466
2022-11-09,8.820201901224744
2022-11-10,10.749621216471347
2022-11-11,11.361021218170869
2022-11-14,11.060332332337282
2022-11-15,11.506353590207873
2022-11-16,11.040286916408972
2022-11-17,10.955091748020516
2022-11-18,10.945068562124552
2022-11-21,10.61431107446669
2022-11-22,11.06033233233728
2022-11-23,11.391089819995141
2022-11-25,11.1555506866217
2022-11-28,10.66442604808289
2022-11-29,10.40884054291752
2022-11-30,11.807042476041458
2022-12-01,11.872192228501605
2022-12-02,11.731870493548966
2022-12-05,11.140515907777754
2022-12-06,10.433897551793812
2022-12-07,10.308610595685119
2022-12-08,10.674448278115236
2022-12-09,10.468977746566067
2022-12-12,10.849850207840129
2022-12-13,11.190630881393954
2022-12-14,10.925022190332621
2022-12-15,9.842542966022599
2022-12-16,9.551877266084974
2022-12-19,9.155970981830583
2022-12-20,9.115879194110345
2022-12-21,9.511785478364734
2022-12-22,8.839245786195074
2022-12-23,8.864442794315476
2022-12-27,8.48648190528396
2022-12-28,8.143797212102706
2022-12-29,8.718297455845251
2022-12-30,8.718297455845251
2023-01-03,8.521758101134223
2023-01-04,8.652784658009658
2023-01-05,8.24458716699281
2023-01-06,8.889639802435878
2023-01-09,9.076100930621294
2023-01-10,9.317995668912443
2023-01-11,9.781627731239272
2023-01-12,9.932811702370179
2023-01-13,10.129352018285454
2023-01-17,10.184785628391188
2023-01-18,9.806824739359673
2023-01-19,9.499417203232928
2023-01-20,10.27549639555143
2023-01-23,10.950786594184077
2023-01-24,10.885273796348484
2023-01-25,10.8046422169181
2023-01-26,11.429537438105697
2023-01-27,11.75710334969216
2023-01-30,11.051576549074182
2023-01-31,11.545445213386344
2023-02-01,12.291287803719515
2023-02-02,13.561236621554425
2023-02-03,12.860749414801376
2023-02-06,12.53318350321491
2023-02-07,13.309262695533414
2023-02-08,12.593656707185577
2023-02-09,12.256011607869253
2023-02-10,12.004037681848244
2023-02-13,12.573499292930103
2023-02-14,12.845630633206586
2023-02-15,13.132880755077858
2023-02-16,12.381998570879757
2023-02-17,12.114906824468205
2023-02-21,11.263234685380002
2023-02-22,11.273313873109862
2023-02-23,11.555524401116205
2023-02-24,10.970944969643801
2023-02-27,11.207800114070022
2023-02-28,11.152365542760041
2023-03-01,10.880234202483559
2023-03-02,11.142287316234428
2023-03-03,11.822616147527759
2023-03-06,11.87301112497281
2023-03-07,11.4295374381057
2023-03-08,11.585761003101538
2023-03-09,10.975984563508733
2023-03-10,10.522430727707517
2023-03-13,10.749207645608125
2023-03-14,11.479932415550754
2023-03-15,11.646235168276451
2023-03-16,12.56845969906518
2023-03-17,12.381998570879762
2023-03-20,12.513025127755196
2023-03-21,13.04216998791762
2023-03-22,12.513025319996045
2023-03-23,12.959194349335094
2023-03-24,13.09101725885592
2023-03-27,12.822302183373608
2023-03-28,12.60935763215477
2023-03-29,13.29889158658785
2023-03-30,13.658869717788233
2023-03-31,14.328123745319933
2023-04-03,14.226721209674299
2023-04-04,14.084758820225908
2023-04-05,13.6335186003537
2023-04-06,13.907304866369168
2023-04-10,13.876884492493978
2023-04-11,13.608168449965417
2023-04-12,13.248190318765033
2023-04-13,14.008706434968557
2023-04-14,13.927584793270547
2023-04-17,13.942795463731267
2023-04-18,13.95293591070508
2023-04-19,13.922514569783639
2023-04-20,13.598028002991603
2023-04-21,13.623379120426138
2023-04-24,13.54225651168188
2023-04-25,12.776671139037699
2023-04-26,12.989615690256537
2023-04-27,14.03912777589
2023-04-28,14.323053521833032
2023-05-01,14.282492700984026
2023-05-02,13.902234642882265
2023-05-03,13.628448376866796
2023-05-04,13.47634554044459
2023-05-05,14.302772627885403
2023-05-08,14.41938583399176
2023-05-09,14.140529344489384
2023-05-10,14.596839787848497
2023-05-11,14.71852225039551
2023-05-12,14.566418446927056
2023-05-15,14.789503445119706
2023-05-16,14.84527493642943
2023-05-17,15.377635830953396
2023-05-18,16.204062918394207
2023-05-19,16.092520902821008
2023-05-22,16.259834409703934
2023-05-23,15.631141203021238
2023-05-24,15.377635830953398
2023-05-25,16.487989631383492
2023-05-26,17.73523559777507
2023-05-30,17.983671713402256
2023-05-31,17.618623358714967
2023-06-01,18.257456045325227
2023-06-02,18.66813544434843
2023-06-05,18.708697232243683
2023-06-06,18.688416338296058
2023-06-07,17.735235597775073
2023-06-08,18.34364887755639
2023-06-09,18.566732908702793
2023-06-12,19.514844392783118
2023-06-13,19.950872008102106
2023-06-14,20.376761110539782
2023-06-15,21.091646182407395
2023-06-16,20.686037973917347
2023-06-20,20.58463543827171
2023-06-21,19.762264011283634
2023-06-22,20.41846323055595
2023-06-23,19.81313329599358
2023-06-26,19.029763775643595
2023-06-27,19.970823227432415
2023-06-28,20.09290757027149
2023-06-29,19.95556341225183
2023-06-30,20.855929376737492
2023-07-03,20.998359492995743
2023-07-05,20.983099677815158
2023-07-06,20.48967828868507
2023-07-07,20.28111907253629
2023-07-10,20.29638082818167
2023-07-11,20.58632895940157
2023-07-12,21.349350765867573
2023-07-13,22.412494560495464
2023-07-14,22.392146846611485
2023-07-17,23.01273853681924
2023-07-18,23.56211322843307
2023-07-19,23.56211322843307
2023-07-20,21.90889931442339
2023-07-21,21.715599913455193
2023-07-24,21.802076727229704
2023-07-25,22.23954287341125
2023-07-26,22.01063594337849
2023-07-27,21.822424441113686
2023-07-28,23.00256467987726
2023-07-31,23.048346065883816
2023-08-01,22.8703064800962
2023-08-02,21.374784437990158
2023-08-03,21.22218046478992
2023-08-04,20.927144434866626
2023-08-07,21.445999496119285
2023-08-08,20.896624804505457
2023-08-09,20.199730157465183
2023-08-10,20.291292929478285
2023-08-11,19.884348354122707
2023-08-14,20.54563353163362
2023-08-15,19.914869924948675
2023-08-16,19.253582806972965
2023-08-17,18.602471486404042
2023-08-18,18.51599661309433
2023-08-21,19.4112746788766
2023-08-22,19.32479980556689
2023-08-23,20.235337686529743
2023-08-24,18.90259347456593
2023-08-25,19.350233477689464
2023-08-28,19.782611725167616
2023-08-29,21.044140879002303
2023-08-30,21.395132151874137
2023-08-31,21.58842961237754
2023-09-01,21.512128596009816
2023-09-05,21.56808383895836
2023-09-06,20.99835949299575
2023-09-07,20.540547573395024
2023-09-08,20.60158877458216
2023-09-11,21.30356937986103
2023-09-12,20.62193648846614
2023-09-13,20.82540780591153
2023-09-14,21.313743236803024
2023-09-15,20.22007787134916
2023-09-18,20.265859257355714
2023-09-19,20.14377491451664
2023-09-20,19.273422150127004
2023-09-21,18.175729778426835
2023-09-22,18.191047729675788
2023-09-25,18.431006892998052
2023-09-26,17.609016220070977
2023-09-27,17.716232140764532
2023-09-28,18.14509777114857
2023-09-29,18.18594109672286
2023-10-02,18.619913360059826
2023-10-03,17.634543542006135
2023-10-04,18.34931829423965
2023-10-05,18.155309089444597
2023-10-06,19.06919967942609
2023-10-09,19.350006063542292
2023-10-10,19.66654914027985
2023-10-11,20.085203452367864
2023-10-12,19.8503489743887
2023-10-13,19.099833634314177
2023-10-16,19.743131106085325
2023-10-17,19.554226586633373
2023-10-18,18.727129280753374
2023-10-19,18.226786369906964
2023-10-20,17.404793749370068
2023-10-23,17.557959628590833
2023-10-24,18.05319785409414
2023-10-25,16.730862322710834
2023-10-26,15.755703822953173
2023-10-27,15.98034698263631
2023-10-30,16.496007844731672
2023-10-31,16.735967008053937
2023-11-01,17.59880490177494
2023-11-02,18.53311812834849
2023-11-03,19.18662886602549
2023-11-06,19.406165392755703
2023-11-07,19.952460209739147
2023-11-08,19.98819884997033
2023-11-09,19.51338326105908
2023-11-10,20.81529615585033
2023-11-13,20.626391636398377
2023-11-14,21.9231978982367
2023-11-15,21.984465808012864
2023-11-16,22.020204448244048
2023-11-17,22.035520451883176
2023-11-20,22.821774432188885
2023-11-21,22.408224805443975
2023-11-22,22.668608552968116
2023-11-24,22.556285999321638
2023-11-27,22.489913404202373
2023-11-28,22.66860855296812
2023-11-29,22.586919954209723
2023-11-30,22.39801348714795
2023-12-01,22.586919954209723
2023-12-04,21.943620534828753
2023-12-05,22.101893047002445
2023-12-06,21.70876605684959
2023-12-07,22.617551961487987
2023-12-08,22.888147027308158
2023-12-11,23.47017853691296
2023-12-12,24.036894042878636
2023-12-13,24.884413985350687
2023-12-14,24.84356871216658
2023-12-15,25.139691099921905
2023-12-18,25.665561332703472
2023-12-19,26.048477004560297
2023-12-20,24.896156343098998
2023-12-21,25.721925320267996
2023-12-22,25.824503713297805
2023-12-26,26.296372538776133
2023-12-27,26.43485571723529
2023-12-28,26.36817819651997
2023-12-29,26.00401981421483
2024-01-02,24.685867506896
2024-01-03,23.896001358598916
2024-01-04,23.49594014742186
2024-01-05,23.583132172808682
2024-01-08,25.00386482971475
2024-01-09,25.16799260643136
2024-01-10,25.665506030167137
2024-01-11,25.78860088442588
2024-01-12,25.81937557626928
2024-01-16,25.803989208626295
2024-01-17,25.35776498140542
2024-01-18,26.44511394784975
2024-01-19,27.973555091371576
2024-01-22,28.08639171501585
2024-01-23,28.419777362035017
2024-01-24,28.886516093927394
2024-01-25,28.9685799822857
2024-01-26,28.435163729678003
2024-01-29,29.27119093746147
2024-01-30,28.686485488338867
2024-01-31,26.99904470512895
2024-02-01,27.95303863014264
2024-02-02,29.358384919405722
2024-02-05,29.2096435103321
2024-02-06,29.04038564002954
2024-02-07,29.90718753965641
2024-02-08,30.03028239391515
2024-02-09,30.912470661185004
2024-02-12,30.548312278879866
2024-02-13,29.101935023716347
2024-02-14,30.025154256886637
2024-02-15,30.276474058990072
2024-02-16,29.445576944792553
2024-02-20,28.76342123966866
2024-02-21,28.40439099439204
2024-02-22,30.86117950811267
2024-02-23,30.579085014165837
2024-02-26,30.5380540482654
2024-02-27,30.727826423239463
2024-02-28,30.23031299950368
2024-02-29,30.95863172067139
2024-03-01,32.37936437757746
2024-03-04,31.994689534043385
2024-03-05,30.281604152576012
2024-03-06,30.840665003441163
2024-03-07,32.21523660086085
2024-03-08,30.804762174569245
2024-03-11,30.445731929292624
2024-03-12,31.738239638354003
2024-03-13,30.999662686571824
2024-03-14,30.74834288446839
2024-03-15,29.62509108915214
2024-03-18,30.461118296935602
2024-03-19,30.6714071331386
2024-03-20,31.756190974527662
2024-03-21,32.16794021662542
2024-03-22,32.23485008202107
2024-03-25,31.905450688342864
2024-03-26,31.606931260712457
2024-03-27,31.88486273539416
2024-03-28,31.68413510258246
2024-04-01,31.879714765469355
2024-04-02,31.025334351850795
2024-04-03,31.2312099545873
2024-04-04,29.75920469613448
2024-04-05,30.809166736015193
2024-04-08,30.829754688963895
2024-04-09,31.14886010616775
2024-04-10,30.330507628521787
2024-04-11,31.75619097452766
2024-04-12,30.22242382060399
2024-04-15,28.704096649704216
2024-04-16,28.70924265625376
2024-04-17,27.64384063334915
2024-04-18,27.149741542831848
2024-04-19,25.466714675092973
2024-04-22,26.20786331086893
2024-04-23,27.376203135141797
2024-04-24,27.64384063334915
2024-04-25,27.201209461828345
2024-04-26,28.45189913452076
2024-04-29,28.791592504673314
2024-04-30,27.144595536282303
2024-05-01,26.55785065749584
2024-05-02,27.540902831980905
2024-05-03,29.182755757197633
2024-05-06,30.140073972184446
2024-05-07,30.140073972184446
2024-05-08,30.083458083263146
2024-05-09,30.248157780102247
2024-05-10,30.454031419463497
2024-05-13,30.654761015650454
2024-05-14,31.226061984662508
2024-05-15,32.667187277067534
2024-05-16,32.46645964425583
2024-05-17,32.39440180893537
2024-05-20,33.063494572766125
2024-05-21,33.23334223953003
2024-05-22,33.21275428658133
2024-05-23,32.71865519606402
2024-05-24,33.63479750515343
2024-05-28,34.00022483480423
2024-05-29,33.289958128451325
2024-05-30,32.21940813562191
2024-05-31,32.183380199649314
2024-06-03,32.49733961030362
2024-06-04,32.73924314901273
2024-06-05,34.71563951108195
2024-06-06,34.674467531935065
2024-06-07,34.54579577106856
2024-06-10,34.91122310071936
2024-06-11,35.63178574692188
2024-06-12,37.03687917660379
2024-06-13,37.6287700619398
2024-06-14,38.1743370714536
2024-06-17,39.558846474937326
2024-06-18,39.57943442788603
2024-06-20,38.64784820902221
2024-06-21,38.29271681922101
2024-06-24,36.995703270706386
2024-06-25,38.23095296037491
2024-06-26,38.46925321856969
2024-06-27,38.74824102696483
2024-06-28,38.13860187714025
2024-07-01,38.76373969270763
2024-07-02,39.952020660871185
2024-07-03,40.93364355522261
2024-07-05,42.17358411474556
2024-07-08,42.452571923140695
2024-07-09,42.5455678592724
2024-07-10,43.87850829660197
2024-07-11,40.99563821819381
2024-07-12,41.662108436858595
2024-07-15,41.97209357673933
2024-07-16,42.003094849899846
2024-07-17,38.309095083660885
2024-07-18,37.73562080112781
2024-07-19,36.71266550367898
2024-07-22,38.31426261946678
2024-07-23,37.90094647184252
2024-07-24,33.81429675952801
2024-07-25,32.688016366848025
2024-07-26,33.62314129313359
2024-07-29,33.81946429533391
2024-07-30,32.44002786077594
2024-07-31,35.27639800028079
2024-08-01,32.73451433491388
2024-08-02,30.347623239487337
2024-08-05,27.702408566376903
2024-08-06,28.394710551558838
2024-08-07,27.480251826821974
2024-08-08,29.99630569650919
2024-08-09,30.404452337490085
2024-08-12,30.611110411302214
2024-08-13,32.83784337181994
2024-08-14,32.894672469822694
2024-08-15,35.36939393641251
2024-08-16,35.46238987254422
2024-08-19,36.8366627129712
2024-08-20,36.60933843761036
2024-08-21,37.11048298556043
2024-08-22,35.3280615333151
2024-08-23,36.43884523108974
2024-08-26,35.369393936412514
2024-08-27,35.66904794635636
2024-08-28,34.460100776644104
2024-08-29,34.279276440186585
2024-08-30,35.44689120680144
2024-09-03,32.21270358541513
2024-09-04,31.938883312825894
2024-09-05,32.04221234973196
2024-09-06,29.443497615524837
2024-09-09,30.538780676719224
2024-09-10,31.360243465324377
2024-09-11,33.359652150481274
2024-09-12,34.3464425806386
2024-09-13,34.79591965387945
2024-09-16,34.33093997322089
2024-09-17,34.3516061747696
2024-09-18,33.90212910152875
2024-09-19,36.46467896844437
2024-09-20,36.23218715727763
2024-09-23,36.500843835735864
2024-09-24,37.01748704942873
2024-09-25,37.14664611851499
2024-09-26,37.93446615828447
2024-09-27,37.28140553795636
2024-09-30,37.57165294506914
2024-10-01,35.98046841651981
2024-10-02,36.11522783596118
2024-10-03,36.03229774574361
2024-10-04,37.30213806051074
2024-10-07,36.0737627908524
2024-10-08,37.63903463195199
2024-10-09,38.5460617335038
2024-10-10,38.411302314062425
2024-10-11,38.509780807614696
2024-10-14,39.494549925840026
2024-10-15,37.91891775494975
2024-10-16,37.89818523239536
2024-10-17,38.012208174958
2024-10-18,38.6860013178405
2024-10-21,38.898506708279754
2024-10-22,39.01252965084239
2024-10-23,37.208843686178156
2024-10-24,38.095138265175564
2024-10-25,38.73783064706431
2024-10-28,38.7741115729534
2024-10-29,39.84699490061598
2024-10-30,38.960700321618575
2024-10-31,35.99601681985451
2024-11-01,36.7631043370696
2024-11-04,36.421023646408656
2024-11-05,37.80489085806276
2024-11-06,40.87323301827443
2024-11-07,42.78576571493031
2024-11-08,42.88942437337792
2024-11-11,42.81167840238004
2024-11-12,42.578444443710744
2024-11-13,42.39185569504557
2024-11-14,41.495192877608794
2024-11-15,38.494228449955635
2024-11-18,39.271680251285744
2024-11-19,40.05950029105523
2024-11-20,40.01285112672676
2024-11-21,40.4067611466115
2024-11-22,40.55706896938758
2024-11-25,40.74365771805275
2024-11-26,41.375985815826475
2024-11-27,40.37566433994209
2024-11-29,41.40708262249589
2024-12-02,42.74948478904122
2024-12-03,43.12784245126691
2024-12-04,44.70347857648152
2024-12-05,44.335485198370854
2024-12-06,45.47574625859195
2024-12-09,44.413231169368736
2024-12-10,43.93121089437109
2024-12-11,46.27911470169614
2024-12-12,45.361719361704964
2024-12-13,46.33612815013962
2024-12-16,48.3523195052431
2024-12-17,47.704443004134674
2024-12-18,42.54734368271698
2024-12-19,41.94611634593702
2024-12-20,43.034548076934314
2024-12-23,44.229231712286364
2024-12-24,45.98675608850791
2024-12-26,45.88795921279594
2024-12-27,44.02124413600034
2024-12-30,42.25332196780799
2024-12-31,41.145768685252115
2025-01-02,40.885780247785846
2025-01-03,42.84609528786238
2025-01-06,44.307229036948
2025-01-07,41.92053708521987
2025-01-08,41.951734428241025
2025-01-10,39.94982425317252
2025-01-13,39.533841166383006
2025-01-14,39.393449155679065
2025-01-15,42.05572821638404
2025-01-16,41.19776954643235
2025-01-17,43.23087706452201
2025-01-21,43.94844372376976
2025-01-22,45.6539712059198
2025-01-23,45.93475522732769
2025-01-24,45.107993900397155
2025-01-27,41.150969564791886
2025-01-28,42.976089506595514
2025-01-29,42.71090018958948
2025-01-30,43.24647573603259
2025-01-31,43.01248772915644
2025-02-03,41.97253397929138
2025-02-04,43.496066381528045
2025-02-05,44.06283927099232
2025-02-06,44.723212123737525
2025-02-07,43.01768860869621
2025-02-10,44.530819251853345
2025-02-11,44.213633040775804
2025-02-12,44.30202815740824
2025-02-13,46.16874720131257
2025-02-14,46.709523627295454
2025-02-18,47.00070940778288
2025-02-19,47.00591028732264
2025-02-20,46.4339365183186
2025-02-21,43.52726372454921
2025-02-24,41.96213222021184
2025-02-25,40.360606460422275
2025-02-26,40.620594897888544
2025-02-27,37.251143002797896
2025-02-28,38.9566665178392
2025-03-03,36.43998034737793
2025-03-04,36.039595932099
2025-03-05,37.44353587468207
2025-03-06,34.339273296597455
2025-03-07,35.05164304341417
2025-03-10,31.099817603794303
2025-03-11,30.73583339463066
2025-03-12,31.7861869200209
2025-03-13,30.049464078404068
2025-03-14,32.181368472205705
2025-03-17,32.80534111883562
2025-03-18,31.151814497865818
2025-03-19,32.36336156856471
2025-03-20,32.03057470242223
2025-03-21,32.33216224198919
2025-03-24,34.3860693111292
2025-03-25,34.999642182233934
2025-03-26,33.05909030985573
2025-03-27,32.49575996170261
2025-03-28,29.908618041427797
2025-03-31,29.88775351229227
2025-04-01,30.576267055756517
2025-04-02,31.259565461812393
2025-04-03,26.2365444831178
2025-04-04,21.4325970808442
2025-04-07,21.516053207635288
2025-04-08,20.290290972312835
2025-04-09,27.44144417905574
2025-04-10,24.06668319679844
2025-04-11,25.339391617551332
2025-04-14,25.871423182250147
2025-04-15,25.97052870076839
2025-04-16,23.623322896299086
2025-04-17,23.55551417148413
2025-04-21,21.83423031282351
2025-04-22,23.50335483839633
2025-04-23,25.06294158088314
2025-04-24,27.19629093609084
2025-04-25,28.09344579140832
2025-04-28,28.07258126227279
2025-04-29,28.62026221869876
2025-04-30,28.625479345858146
2025-05-01,29.611305465375093
2025-05-02,30.998764816871354
2025-05-05,30.461516125013148
2025-05-06,29.595658063398957
2025-05-07,29.93991483513108
2025-05-08,30.83185256328917
2025-05-09,30.75882870106584
2025-05-12,34.48306159246364
2025-05-13,36.06351286408598
2025-05-14,36.699867074462425
2025-05-15,36.8146199949568
2025-05-16,37.2684105702729
2025-05-19,37.36751608879114
2025-05-20,36.97631512137959
2025-05-21,35.4375929080283
2025-05-22,35.62015256358662
2025-05-23,34.59259738579862
2025-05-27,37.0023967776745
2025-05-28,36.527737693720844
2025-05-29,36.7050842016218
2025-05-30,36.512090291744705
2025-06-02,37.351868686814996
2025-06-03,38.222941885837564
2025-06-04,38.53068871620904
2025-06-05,37.63353386089156
2025-06-06,38.70803124460797
2025-06-09,38.88016062534954
2025-06-10,39.63126775622036
2025-06-11,39.22441540733064
2025-06-12,39.48000290461432
2025-06-13,37.98822289719144
2025-06-16,39.5373793648615
2025-06-17,38.36898961028421
2025-06-18,38.31683027719641
2025-06-20,37.790011860154955
2025-06-23,38.963614762389604
2025-06-24,40.737059943889044
2025-06-25,41.048980062119824
2025-06-26,42.17353476160263
2025-06-27,42.58674488448005
2025-06-30,43.41316513023487
2025-07-01,42.30952892635429
2025-07-02,43.15164003908888
2025-07-03,44.35988468320539
2025-07-07,43.37132015791803
2025-07-08,43.42885599721464
2025-07-09,44.328502949245845
2025-07-10,44.124513697396466
2025-07-11,43.78976189997409
2025-07-14,44.255276242969465
2025-07-15,44.3703479215627
2025-07-16,44.49587884795704
2025-07-17,45.5315199647399
2025-07-18,45.37460331382982
2025-07-21,46.065029394833
2025-07-22,45.348449208492745
2025-07-23,45.944726097061114
2025-07-24,46.24809616052396
2025-07-25,46.50962125166995
2025-07-28,46.9646763468642
2025-07-29,46.75022385665751
2025-07-30,46.91237212674625
2025-07-31,46.138256101109384
2025-08-01,43.371320157918035
2025-08-04,45.7459684643904
2025-08-05,44.794017292241236
2025-08-06,46.46777627935311
2025-08-07,46.93852224152714
2025-08-08,48.20430671549646
2025-08-11,47.78063335426174
2025-08-12,49.54331390518596
2025-08-13,49.61654061146234
2025-08-14,49.48054644671069
2025-08-15,48.77966111790641
2025-08-18,48.71689365943114
2025-08-19,46.729301370499115
2025-08-20,45.87673100996341
2025-08-21,45.238609149078194
2025-08-22,47.27327403894952
2025-08-25,46.860063916072114
2025-08-26,47.40403658452252
2025-08-27,47.61848907472921
2025-08-28,48.48675030224468
2025-08-29,46.739764608856426
2025-09-02,45.54721083171969
2025-09-03,46.60900206328343
2025-09-04,47.869550927517885
2025-09-05,48.02646757842796
2025-09-08,48.71166204025248
2025-09-09,49.109181296150126
2025-09-10,49.16148551626809
2025-09-11,49.98790576202292
2025-09-12,50.610336755928365
2025-09-15,51.90227134467857
2025-09-16,51.761045560748265
2025-09-17,51.431525382504546
2025-09-18,52.81760916368955
2025-09-19,53.863709528273525
2025-09-22,54.773815728105845
2025-09-23,53.670179524225254
2025-09-24,53.09377981956196
2025-09-25,52.381743823576144
2025-09-26,53.010008999134186
2025-09-29,53.71680832024013
2025-09-30,54.13565443355388
2025-10-01,54.90004519510077
2025-10-02,55.5701957808727
2025-10-03,54.81627437467299
2025-10-06,56.04139665974752
2025-10-07,55.135643637331896
2025-10-08,57.004737128191536
2025-10-09,56.779608041307604
2025-10-10,50.821546245615664
2025-10-13,54.04665093265881
2025-10-14,52.947180883813374
2025-10-15,54.030940908019176
2025-10-16,53.428855112447955
2025-10-17,54.44455034645304
2025-10-20,56.486418158635544
2025-10-21,56.42359004331472
2025-10-22,54.76391960911196
2025-10-23,56.135636835522526
2025-10-24,57.88431077062038
2025-10-27,60.9575838414476
2025-10-28,62.35023977855254
2025-10-29,63.14604659496614
2025-10-30,60.25601720080897
2025-10-31,61.10941545766352
2025-11-03,61.947103689878446
2025-11-04,58.156561942598096
2025-11-05,59.28744005748509
2025-11-06,55.96286251419968
2025-11-07,55.38171542932283
2025-11-10,59.009956205040076
2025-11-11,58.523049295938186
2025-11-12,58.40263373458897
2025-11-13,54.79533566397866
2025-11-14,54.83721707977998
2025-11-17,53.42885511244798
2025-11-18,51.4969335062675
2025-11-19,52.38174382357619
2025-11-20,48.63832016697703
2025-11-21,49.71684351630295
2025-11-24,53.48644655288892
2025-11-25,54.46025637668012
2025-11-26,55.884328368651765
2025-11-28,57.10945065372629
2025-12-01,56.59636436463758
2025-12-02,57.905253475727314
2025-12-03,58.3136262392813
2025-12-04,58.12514588773137
2025-12-05,58.79530046791588
2025-12-08,58.42880912016321
2025-12-09,58.648701532167266
2025-12-10,59.31885611235177
2025-12-11,58.753415057701986
2025-12-12,55.308417958654786
2025-12-15,54.47072972643987
2025-12-16,54.79533566397865
2025-12-17,51.7272992680313
2025-12-18,53.93670073224421
2025-12-19,56.04139665974754
2025-12-22,56.80578742129444
2025-12-23,57.60159024329547
2025-12-24,58.05813316189111
2025-12-26,58.005697064867086
2025-12-29,57.14573227169632
2025-12-30,56.736721113426334
2025-12-31,55.28946563259812
2026-01-02,54.9014297132613
2026-01-05,56.21235214195061
2026-01-06,57.691072481487446
2026-01-07,57.858870392334964
2026-01-08,56.83110768831667
2026-01-09,58.477625938701024
2026-01-12,58.61396299145769
2026-01-13,58.309828027853506
2026-01-14,56.453565389373075
2026-01-15,57.03037045787282
2026-01-16,56.77867159129266
2026-01-20,53.20247536585292
2026-01-21,55.299951251755814
2026-01-22,56.52697672533024
2026-01-23,57.03037045787281
2026-01-26,57.76448781806238
2026-01-27,59.29564425462323
2026-01-28,59.84098846503211
2026-01-29,58.7712752831475
2026-01-30,56.631848919378285
2026-02-02,57.78545905637777
2026-02-03,55.07971724388427
2026-02-04,52.185198280992324
2026-02-05,49.961874962108226
2026-02-06,53.05565269393855
2026-02-09,54.261702928579815
2026-02-10,53.50661032945709
2026-02-11,53.90513186795162
2026-02-12,50.612091366565146
2026-02-13,50.83232937505445
2026-02-17,50.70647794145549
2026-02-18,51.797166362273266
2026-02-19,51.20987567461582
2026-02-20,52.49982286437198
2026-02-23,50.59112012824976
2026-02-24,52.20617351992549
2026-02-25,54.39803598071873
2026-02-26,52.489333244596516
2026-02-27,51.93350341502993
2026-03-02,52.12227656481061
2026-03-03,50.444293455717634
2026-03-04,52.709567252468055
2026-03-05,52.22714875885865
2026-03-06,49.857002768060184
2026-03-09,51.79716636227326
2026-03-10,51.80765598204872
2026-03-11,51.755215884406944
2026-03-12,49.11239978871292
2026-03-13,48.16853403980951
2026-03-16,49.77310181232754
2026-03-17,50.507219172517104
2026-03-18,48.34681756981472
2026-03-19,47.91683517322934
2026-03-20,45.17963250264498
2026-03-23,46.742249797296694
2026-03-24,45.74594795136927
2026-03-25,46.628985779408524
2026-03-26,43.30959875589185
2026-03-27,40.736022448042554
2026-03-30,39.80113239500785
2026-03-31,43.78229709931016
2026-04-01,45.41047672032283
2026-04-02,45.51552302280841
2026-04-06,46.32435751286043
2026-04-07,46.37688266765658
2026-04-08,50.42107114634353
2026-04-09,51.429491607564785
2026-04-10,51.65008283212443
2026-04-13,53.21523867875247
2026-04-14,56.103945879845064
2026-04-15,58.45693096313472
2026-04-16,59.276272086988655
2026-04-17,61.54522012828984
2026-04-20,61.009498010486894
2026-04-21,60.29519918201183
2026-04-22,63.24693015748906
2026-04-23,62.20699780907549
2026-04-24,65.7154641699595
2026-04-27,65.79949720484126
2026-04-28,63.80366554289585
2026-04-29,64.98015608098731
2026-04-30,66.74489389167788
2026-05-01,68.5936687443569
2026-05-04,68.18399818242995
2026-05-05,70.78908237036485
2026-05-06,75.17991763659414
2026-05-07,74.93831314443067
2026-05-08,80.12748428112349
2026-05-11,80.84178310959855
2026-05-12,78.74090514516757
2026-05-13,81.13590474234475
2026-05-14,82.93215444022763
2026-05-15,79.14006907329264
2026-05-18,78.06862483768674
2026-05-19,76.60851529354429
2026-05-20,80.36908877328698
2026-05-21,80.83127647579666
2026-05-22,81.76616652883136
2026-05-26,86.08347138687411
2026-05-27,85.78934975412793
2026-05-28,87.90073435236083
2026-05-29,88.82511777159363
2026-06-01,90.37977099152646
2026-06-02,91.61928931110927
2026-06-03,90.9259957360246
2026-06-04,89.51841134667829
2026-06-05,76.73457085652699
2026-06-08,80.11697764732159
2026-06-09,77.43836305120014
2026-06-10,72.76390477181315
2026-06-11,79.84386928217921
2026-06-12,81.43002637509095
2026-06-15,88.85662965878592
2026-06-16,83.9615881690527
2026-06-17,81.45103964269475
2026-06-18,87.04988134131455
2026-06-22,86.74525307476645
2026-06-23,78.19468040066943
2026-06-24,77.17680566803969
2026-06-25,78.91406696409324
2026-06-26,75.62905677556176
2026-06-29,81.27254529211179
2026-06-30,85.28405182598831
2026-07-01,81.55682193038486
2026-07-02,77.22944532472972
2026-07-06,80.46181585657116
2026-07-07,76.05021419363005
2026-07-08,76.56612781348616
2026-07-09,80.3775827663756
2026-07-10,81.10407911172065
2026-07-13,76.4818947232906
2026-07-14,78.987768909787
2026-07-15,78.37709908814307
2026-07-16,74.48140301214845
2026-07-17,71.10162858891955
2026-07-20,71.22797822421293
2026-07-21,75.14472855630164
2026-07-22,73.99707479288831
2026-07-23,69.80657896702839
2026-07-24,67.38492983781796
2026-07-27,66.75319772717035
2026-07-28,64.81588083367488
2026-07-29,60.80437028334355
2026-07-30,66.64790636442586
2026-07-31,68.03772423746928
2026-08-03,71.55437140758379
2026-08-04,78.77719421720766
2026-08-05,76.69246941586994
2026-08-06,75.83963146814112
2026-08-07,78.408684488739
2026-08-10,77.70325043239765
2026-08-11,76.92410639745297
2026-08-12,78.54555723562461
2026-08-13,81.23042874701402
2026-08-14,80.85138787404352
2026-08-17,80.44076160047709
