date,value
2009-06-25,1.205556035041809
2009-06-26,1.1993060111999512
2009-06-29,1.2333329916000366
2009-06-30,1.203889012336731
2009-07-01,1.2168060541152954
2009-07-02,1.1163890361785889
2009-07-06,1.1194440126419067
2009-07-07,1.0497219562530518
2009-07-08,1.0509719848632812
2009-07-09,1.0575000047683716
2009-07-10,1.0473610162734985
2009-07-13,1.1238889694213867
2009-07-14,1.1469440460205078
2009-07-15,1.2450000047683716
2009-07-16,1.2783329486846924
2009-07-17,1.2761110067367554
2009-07-20,1.3148610591888428
2009-07-21,1.3366669416427612
2009-07-22,1.3341670036315918
2009-07-23,1.4227780103683472
2009-07-24,1.4413889646530151
2009-07-27,1.4536110162734985
2009-07-28,1.441249966621399
2009-07-29,1.4220830202102661
2009-07-30,1.466528058052063
2009-07-31,1.4708329439163208
2009-08-03,1.5448609590530396
2009-08-04,1.5597219467163086
2009-08-05,1.548611044883728
2009-08-06,1.519582986831665
2009-08-07,1.579861044883728
2009-08-10,1.5688890218734741
2009-08-11,1.509166955947876
2009-08-12,1.5616669654846191
2009-08-13,1.596943974494934
2009-08-14,1.558750033378601
2009-08-17,1.442916989326477
2009-08-18,1.4824999570846558
2009-08-19,1.5165280103683472
2009-08-20,1.5661109685897827
2009-08-21,1.6536109447479248
2009-08-24,1.6533329486846924
2009-08-25,1.6643060445785522
2009-08-26,1.6638890504837036
2009-08-27,1.6793060302734375
2009-08-28,1.6733330488204956
2009-08-31,1.632222056388855
2009-09-01,1.5206940174102783
2009-09-02,1.506250023841858
2009-09-03,1.5395829677581787
2009-09-04,1.606943964958191
2009-09-08,1.6491669416427612
2009-09-09,1.6879169940948486
2009-09-10,1.7393059730529785
2009-09-11,1.736806035041809
2009-09-14,1.7661110162734985
2009-09-15,1.7862499952316284
2009-09-16,1.865556001663208
2009-09-17,1.8566670417785645
2009-09-18,1.8620829582214355
2009-09-21,1.8463890552520752
2009-09-22,1.8811110258102417
2009-09-23,1.8306939601898193
2009-09-24,1.7715690174102783
2009-09-25,1.7443335281475845
2009-09-28,1.8352124359402053
2009-09-29,1.8247903037612243
2009-09-30,1.8007503673167975
2009-10-01,1.6645722053941434
2009-10-02,1.646091001835208
2009-10-05,1.7148749989498449
2009-10-06,1.7903282351378162
2009-10-07,1.804085106121662
2009-10-08,1.847718660604029
2009-10-09,1.8773162565201686
2009-10-12,1.9014951404147982
2009-10-13,1.8913511416726176
2009-10-14,1.9875096947683486
2009-10-15,2.0054343929172878
2009-10-16,1.9624972454407006
2009-10-19,2.0109932450709764
2009-10-20,1.981117515718036
2009-10-21,1.9269237164838684
2009-10-22,1.981950961882857
2009-10-23,1.9160853382952674
2009-10-26,1.8485519875006524
2009-10-27,1.8260409500812458
2009-10-28,1.7236292846536028
2009-10-29,1.8329883225913808
2009-10-30,1.6765220439161683
2009-11-02,1.7105669123843752
2009-11-03,1.7273812236136685
2009-11-04,1.7365517553270469
2009-11-05,1.8350733692218044
2009-11-06,1.8529981866389411
2009-11-09,1.9773656960261676
2009-11-10,1.9756978495509447
2009-11-11,2.008631019149332
2009-11-12,1.9447105405963827
2009-11-13,1.9801450028348142
2009-11-16,2.0647698441499425
2009-11-17,2.072273483533679
2009-11-18,2.069494057456834
2009-11-19,1.9882039549465707
2009-11-20,1.9705563168206537
2009-11-23,2.0436484005007602
2009-11-24,2.0489288806812533
2009-11-25,2.070050324330435
2009-11-27,1.9700010040926332
2009-11-30,1.991539647897016
2009-12-01,2.0569880713294046
2009-12-02,2.0628248183834987
2009-12-03,2.013633604429419
2009-12-04,2.0454543595488017
2009-12-07,2.036005694398623
2009-12-08,1.9718068438724774
2009-12-09,1.9887602218201712
2009-12-10,2.0233604030163983
2009-12-11,2.053236132369338
2009-12-14,2.0917270807076362
2009-12-15,2.061156971908275
2009-12-16,2.070466570340054
2009-12-17,1.9982088869703496
2009-12-18,2.0297524627985126
2009-12-21,2.0889488473127678
2009-12-22,2.11382199138562
2009-12-23,2.1283842680428933
2009-12-24,2.1617561073058225
2009-12-28,2.176077214670206
2009-12-29,2.1617561073058225
2009-12-30,2.1550814052884952
2009-12-31,2.0950133835363673
2010-01-04,2.2004108524387815
2010-01-05,2.2193212351460034
2010-01-06,2.2257164322261866
2010-01-07,2.252831275398349
2010-01-08,2.2748002202443938
2010-01-11,2.282865286274413
2010-01-12,2.220850038837213
2010-01-13,2.2774422699021604
2010-01-14,2.2944063816807136
2010-01-15,2.218347144925265
2010-01-19,2.3014973574899953
2010-01-20,2.2318354660166384
2010-01-21,2.101131462570416
2010-01-22,1.964865883728873
2010-01-25,1.9890603657516288
2010-01-26,1.964032023354909
2010-01-27,1.9933702555018744
2010-01-28,1.9235690889381472
2010-01-29,1.8605807060366129
2010-02-01,1.9476244152150832
2010-02-02,2.019789081255837
2010-02-03,1.9897550703797728
2010-02-04,1.8071871476127108
2010-02-05,1.8176160711534084
2010-02-08,1.77854373943844
2010-02-09,1.8427824951949938
2010-02-10,1.83263307659144
2010-02-11,1.8875562741184042
2010-02-12,1.8824114498932405
2010-02-16,1.972374446120163
2010-02-17,1.99990556308428
2010-02-18,2.037726567187825
2010-02-19,2.0510745390878737
2010-02-22,2.047737904146513
2010-02-23,1.9740433603135956
2010-02-24,2.029522106722885
2010-02-25,2.0227094424052425
2010-02-26,2.026880295754219
2010-03-01,2.087922407727085
2010-03-02,2.102382670837288
2010-03-03,2.110725332291644
2010-03-04,2.129357403507227
2010-03-05,2.221962330047366
2010-03-08,2.2216849733121298
2010-03-09,2.232808601480972
2010-03-10,2.2631209238486756
2010-03-11,2.2923200002498216
2010-03-12,2.290652040812793
2010-03-15,2.2944063816807136
2010-03-16,2.349190542806409
2010-03-17,2.3895142021328
2010-03-18,2.387566976447728
2010-03-19,2.3487730755689498
2010-03-22,2.387011308220853
2010-03-23,2.4395708869262402
2010-03-24,2.4044470067099497
2010-03-25,2.39025980368258
2010-03-26,2.3915117140345474
2010-03-29,2.4325453859924453
2010-03-30,2.436856752255105
2010-03-31,2.410011477212
2010-04-01,2.4611994004816986
2010-04-05,2.519203704605415
2010-04-06,2.5375642605093227
2010-04-07,2.497364877082757
2010-04-08,2.519203704605415
2010-04-09,2.5690005102496007
2010-04-12,2.5834661278240607
2010-04-13,2.591534419030046
2010-04-14,2.674576213860658
2010-04-15,2.684868717336065
2010-04-16,2.5566208527809557
2010-04-19,2.580545879186914
2010-04-20,2.6507903947282454
2010-04-21,2.636045168719272
2010-04-22,2.6603878169458652
2010-04-23,2.7128276505675313
2010-04-26,2.681112986280163
2010-04-27,2.4912445325964643
2010-04-28,2.544936276570098
2010-04-29,2.642443927752655
2010-04-30,2.5083531781484045
2010-05-03,2.609060686402622
2010-05-04,2.420721602508042
2010-05-05,2.3803839669178695
2010-05-06,2.143221573183981
2010-05-07,2.0487736166896013
2010-05-10,2.3144508176391976
2010-05-11,2.2944207295626873
2010-05-12,2.391789173471699
2010-05-13,2.3027671965382783
2010-05-14,2.178413315202678
2010-05-17,2.1807779286330677
2010-05-18,2.0938411954730083
2010-05-19,2.0565632545710124
2010-05-20,1.820792814183833
2010-05-21,1.8870033035109144
2010-05-24,1.828581496955305
2010-05-25,1.834701722052855
2010-05-26,1.7967286998930723
2010-05-27,1.980894430911114
2010-05-28,1.9025817435525392
2010-06-01,1.8109160223091842
2010-06-02,1.9494581811708356
2010-06-03,1.9696275959096337
2010-06-04,1.7716909704086918
2010-06-07,1.6983858050692446
2010-06-08,1.747626856117931
2010-06-09,1.7211981283967803
2010-06-10,1.8762922231049337
2010-06-11,1.9009132858786175
2010-06-14,1.8947921056711288
2010-06-15,2.0208153997905898
2010-06-16,2.019006660344442
2010-06-17,2.028605276449485
2010-06-18,2.034864589431838
2010-06-21,2.014972753518934
2010-06-22,1.917813682369392
2010-06-23,1.8997074807375818
2010-06-24,1.8061151599479621
2010-06-25,1.8406559088781114
2010-06-28,1.8086221632861745
2010-06-29,1.6439989977243628
2010-06-30,1.5871755412196957
2010-07-01,1.5770083827263888
2010-07-02,1.5495713279300019
2010-07-06,1.57840126861695
2010-07-07,1.7274251163446648
2010-07-08,1.7781205682657548
2010-07-09,1.8165610868841788
2010-07-12,1.821853742463015
2010-07-13,1.904443555754587
2010-07-14,1.9037466346473115
2010-07-15,1.9051395205378727
2010-07-16,1.7476200491098235
2010-07-19,1.7800709910421362
2010-07-20,1.8367560196493375
2010-07-21,1.7676757171940258
2010-07-22,1.884109238767973
2010-07-23,1.9325765753342596
2010-07-26,1.995528992746493
2010-07-27,1.9916292230582182
2010-07-28,1.9541643939899795
2010-07-29,1.9251950690815764
2010-07-30,1.923245722169683
2010-08-02,2.0531886350393918
2010-08-03,2.0246375823358527
2010-08-04,2.06446991098035
2010-08-05,2.0570885242681656
2010-08-06,2.0316008163836723
2010-08-09,2.0639123740945298
2010-08-10,2.0341078197218843
2010-08-11,1.866281925119572
2010-08-12,1.832438097296698
2010-08-13,1.8122431645315393
2010-08-16,1.8116865839697085
2010-08-17,1.8740814644961217
2010-08-18,1.8871727031275178
2010-08-19,1.7902381495354436
2010-08-20,1.7736642180156494
2010-08-23,1.749987668226581
2010-08-24,1.6751973943115586
2010-08-25,1.688985673590729
2010-08-26,1.6559771947725959
2010-08-27,1.733971273592607
2010-08-30,1.6595981960179607
2010-08-31,1.6643333147109762
2010-09-01,1.808204010621809
2010-09-02,1.8587610346454333
2010-09-03,1.92937372675326
2010-09-07,1.867953459912544
2010-09-08,1.9043041715331315
2010-09-09,1.9310443052222428
2010-09-10,1.9611276280377983
2010-09-13,2.025054778676228
2010-09-14,2.020598547966621
2010-09-15,2.046921365774858
2010-09-16,2.0431608607675398
2010-09-17,2.044693130879556
2010-09-20,2.141906572455039
2010-09-21,2.1245394609144075
2010-09-22,2.0976354127198205
2010-09-23,2.0443855789798504
2010-09-24,2.1669157356991744
2010-09-27,2.139732675824788
2010-09-28,2.1623149144577476
2010-09-29,2.1464241703478675
2010-09-30,2.129418097387606
2010-10-01,2.156460694263671
2010-10-04,2.109345049555998
2010-10-05,2.234383200628648
2010-10-06,2.2359168077091236
2010-10-07,2.226995373354096
2010-10-08,2.262123326704212
2010-10-11,2.2696506598186637
2010-10-12,2.2920933926117235
2010-10-13,2.341857494671043
2010-10-14,2.326385268080862
2010-10-15,2.332518499954738
2010-10-18,2.299899737405975
2010-10-19,2.267838041058389
2010-10-20,2.3386517318286137
2010-10-21,2.3511974465457697
2010-10-22,2.369040315255824
2010-10-25,2.3835371974147335
2010-10-26,2.3864649057357847
2010-10-27,2.3680637743765263
2010-10-28,2.3715495060571765
2010-10-29,2.3730821559792306
2010-11-01,2.375173786419305
2010-11-02,2.429120192200352
2010-11-03,2.4606238651883388
2010-11-04,2.6019712778905677
2010-11-05,2.6362631533597063
2010-11-08,2.6203712128017997
2010-11-09,2.561267158867754
2010-11-10,2.590540652734188
2010-11-11,2.5588974739063013
2010-11-12,2.4695452995433658
2010-11-15,2.4606238651883383
2010-11-16,2.3449247088319933
2010-11-17,2.348548749904517
2010-11-18,2.4514234191535116
2010-11-19,2.470102365744543
2010-11-22,2.4663385795425143
2010-11-23,2.3557973106287737
2010-11-24,2.458254180226885
2010-11-26,2.393992238850235
2010-11-29,2.39873160877314
2010-11-30,2.353567131507221
2010-12-01,2.50606615768603
2010-12-02,2.6036443908109423
2010-12-03,2.623856944482449
2010-12-06,2.6153530704887
2010-12-07,2.619535134920822
2010-12-08,2.648250844717263
2010-12-09,2.682542480896796
2010-12-10,2.728543036043692
2010-12-13,2.733979935166096
2010-12-14,2.740113167039971
2010-12-15,2.701778493689005
2010-12-16,2.748895095555099
2010-12-17,2.760743281072757
2010-12-20,2.7744050425091102
2010-12-21,2.828072436610358
2010-12-22,2.8566484012772935
2010-12-23,2.843684169040438
2010-12-27,2.843684169040438
2010-12-28,2.8594366037584447
2010-12-29,2.8662664076733977
2010-12-30,2.854975288356918
2010-12-31,2.8563693895974938
2011-01-03,2.9394497834050752
2011-01-04,2.9302493373702485
2011-01-05,2.979874890748089
2011-01-06,2.962311033717834
2011-01-07,2.9461410386385496
2011-01-10,2.936801086763823
2011-01-11,2.964540973549781
2011-01-12,3.0479006183267674
2011-01-13,3.0380024038028366
2011-01-14,3.090833720023107
2011-01-18,3.114810059896642
2011-01-19,3.1111857795345133
2011-01-20,3.0106810345365767
2011-01-21,3.033960802369035
2011-01-24,3.0810762077871026
2011-01-25,3.085119005668931
2011-01-26,3.1223373930110947
2011-01-27,3.1439440479231777
2011-01-28,2.977922766147915
2011-01-31,3.04385782044494
2011-02-01,3.189108525189097
2011-02-02,3.171544668158842
2011-02-03,3.191617715990449
2011-02-04,3.2238179610195137
2011-02-07,3.2818069253927833
2011-02-08,3.326552885139004
2011-02-09,3.303692591984666
2011-02-10,3.308431961907571
2011-02-11,3.367396510001717
2011-02-14,3.385796444912949
2011-02-15,3.359590165207466
2011-02-16,3.416881600381237
2011-02-17,3.4529860946106505
2011-02-18,3.4743137378429343
2011-02-22,3.2673102825234794
2011-02-23,3.2132243709025325
2011-02-24,3.2015147340663535
2011-02-25,3.2944921459498384
2011-02-28,3.3601481885670643
2011-03-01,3.191617715990449
2011-03-02,3.208345495139727
2011-03-03,3.373948259395291
2011-03-04,3.302855556945267
2011-03-07,3.218799579416809
2011-03-08,3.304110152345943
2011-03-09,3.2932375505491622
2011-03-10,3.108816333862667
2011-03-11,3.1740536196705884
2011-03-14,3.1180167798974936
2011-03-15,3.013469237017729
2011-03-16,2.842848091159461
2011-03-17,2.9478131944005033
2011-03-18,2.987959290063718
2011-03-21,3.123034922210593
2011-03-22,3.0929253504631817
2011-03-23,3.1175982623777947
2011-03-24,3.2054177868186757
2011-03-25,3.2325998895346406
2011-03-28,3.2129453592227324
2011-03-29,3.276092211038606
2011-03-30,3.3434201701281805
2011-03-31,3.3333836462123765
2011-04-01,3.3710207903638447
2011-04-04,3.3810573142796483
2011-04-05,3.381475831799347
2011-04-06,3.4065670219440536
2011-04-07,3.38523937871177
2011-04-08,3.35471128944466
2011-04-11,3.3225110444155956
2011-04-12,3.248909151164219
2011-04-13,3.243473448489842
2011-04-14,3.2510007816042936
2011-04-15,3.278182645030653
2011-04-18,3.1794905187929916
2011-04-19,3.225490834650283
2011-04-20,3.3630747004400887
2011-04-21,3.4124214814277356
2011-04-25,3.3998757667105797
2011-04-26,3.489368404071836
2011-04-27,3.5546059291693624
2011-04-28,3.589733882519478
2011-04-29,3.624443079060289
2011-05-02,3.597261215633929
2011-05-03,3.5612962272444153
2011-05-04,3.4914590773534884
2011-05-05,3.4007118445915556
2011-05-06,3.436676593691464
2011-05-09,3.4847678221200136
2011-05-10,3.5721697861996167
2011-05-11,3.454658011082997
2011-05-12,3.5048408699516207
2011-05-13,3.419948814542186
2011-05-16,3.358893593166387
2011-05-17,3.358893593166387
2011-05-18,3.4496398687698977
2011-05-19,3.4722221074028576
2011-05-20,3.3877485695131218
2011-05-23,3.268564638634548
2011-05-24,3.2639640566827266
2011-05-25,3.2932375505491605
2011-05-26,3.333383646212375
2011-05-27,3.376038932676942
2011-05-31,3.481841070957383
2011-06-01,3.2530914548859453
2011-06-02,3.2351088410463857
2011-06-03,3.1422709350028
2011-06-06,3.0385604271624334
2011-06-07,3.031451611567681
2011-06-08,2.995486623178167
2011-06-09,3.058633474994041
2011-06-10,2.9356859972030445
2011-06-13,2.940704378805749
2011-06-14,3.0527792547999657
2011-06-15,2.890103002417427
2011-06-16,2.905157907935935
2011-06-17,2.93401288428267
2011-06-20,2.9825235873893394
2011-06-21,3.10087024393891
2011-06-22,3.047761112486867
2011-06-23,3.0197419747315033
2011-06-24,2.914776871490461
2011-06-27,2.9908869983847683
2011-06-28,3.10756173846199
2011-06-29,3.1882724473081185
2011-06-30,3.2773468064392812
2011-07-01,3.4245484393355863
2011-07-05,3.4107483685073596
2011-07-06,3.4237126007442145
2011-07-07,3.5408056190515294
2011-07-08,3.462604101006753
2011-07-11,3.279855757951028
2011-07-12,3.2309277337726856
2011-07-13,3.266473008194474
2011-07-14,3.1974719361845243
2011-07-15,3.244728043890518
2011-07-18,3.1690354773574883
2011-07-19,3.3212564490149195
2011-07-20,3.315401271662422
2011-07-21,3.452149059571251
2011-07-22,3.4605134277251004
2011-07-25,3.4028034750316305
2011-07-26,3.3651663308801623
2011-07-27,3.1627625003541073
2011-07-28,3.1351621194080486
2011-07-29,3.0678341603184736
2011-08-01,3.0251788738539065
2011-08-02,2.801028882575869
2011-08-03,2.840757417877806
2011-08-04,2.4388777044363534
2011-08-05,2.4284226630008505
2011-08-08,1.9487605472583338
2011-08-09,2.219747051919442
2011-08-10,1.9282689819070273
2011-08-11,2.1854551764503034
2011-08-12,2.2335471227476686
2011-08-15,2.366948924105352
2011-08-16,2.3092387321222767
2011-08-17,2.3155114698360517
2011-08-18,2.0135794351913585
2011-08-19,1.9203231312728763
2011-08-22,1.922832202429426
2011-08-23,2.107253419115921
2011-08-24,2.198000891167459
2011-08-25,2.0976354127198165
2011-08-26,2.1896374801720304
2011-08-29,2.3786583216519257
2011-08-30,2.3912040363690816
2011-08-31,2.420895090596794
2011-09-01,2.3535671315072193
2011-09-02,2.172490944213448
2011-09-06,2.124399955074504
2011-09-07,2.3025484340472238
2011-09-08,2.2302011361965235
2011-09-09,2.0574893170566018
2011-09-12,2.0963808173191403
2011-09-13,2.148654110179812
2011-09-14,2.240656177632026
2011-09-15,2.358166756300619
2011-09-16,2.398313091253439
2011-09-19,2.327221106672231
2011-09-20,2.320529851438756
2011-09-21,2.110348708831459
2011-09-22,1.9103193877788276
2011-09-23,1.9391938227824488
2011-09-26,2.078963390927269
2011-09-27,2.1446637093876095
2011-09-28,2.015356113419997
2011-09-29,2.067245857574292
2011-09-30,1.9199448379826296
2011-10-03,1.7496264739070257
2011-10-04,1.8538257197708974
2011-10-05,1.966812936061273
2011-10-06,2.0731052228782123
2011-10-07,2.030421171372436
2011-10-10,2.2379820635973955
2011-10-11,2.2396563047990714
2011-10-12,2.3032635823063434
2011-10-13,2.286106441204727
2011-10-14,2.403696503819362
2011-10-17,2.2664386566535155
2011-10-18,2.4003492186708737
2011-10-19,2.315817757358214
2011-10-20,2.343855550662943
2011-10-21,2.476510431779044
2011-10-24,2.573596068143574
2011-10-25,2.420854602724869
2011-10-26,2.4936685306845505
2011-10-27,2.74851715881795
2011-10-28,2.7589782929167526
2011-10-31,2.5459770745902364
2011-11-01,2.3413446677623737
2011-11-02,2.453912964575871
2011-11-03,2.585731443444052
2011-11-04,2.5396998673388147
2011-11-07,2.585731443444052
2011-11-08,2.68574652300957
2011-11-09,2.389886887317206
2011-11-10,2.4551684060261545
2011-11-11,2.5974489767970295
2011-11-14,2.5196132830362106
2011-11-15,2.5610418930917023
2011-11-16,2.4355006214749424
2011-11-17,2.3195838422580928
2011-11-18,2.30912270815929
2011-11-21,2.1760490272917976
2011-11-22,2.1526139605858416
2011-11-23,2.013263072466927
2011-11-25,1.992339966190917
2011-11-28,2.1714451034381606
2011-11-29,2.1886032023436677
2011-11-30,2.4606089715786834
2011-12-01,2.4568426472278304
2011-12-02,2.4530765623279502
2011-12-05,2.5325862578394727
2011-12-06,2.5346783409886493
2011-12-07,2.5643894176911632
2011-12-08,2.3957462526211266
2011-12-09,2.515428158933965
2011-12-12,2.407044986222713
2011-12-13,2.336323141412208
2011-12-14,2.2597428891016733
2011-12-15,2.2840145975065216
2011-12-16,2.29698637505492
2011-12-19,2.222080603397034
2011-12-20,2.4258761290750317
2011-12-21,2.439266945825795
2011-12-22,2.5099887906363
2011-12-23,2.5689933415447994
2011-12-27,2.5706663854916116
2011-12-28,2.480276756129895
2011-12-29,2.550579801189008
2011-12-30,2.517102400135641
2012-01-03,2.6388775868525203
2012-01-04,2.643062471503792
2012-01-05,2.669844105005318
2012-01-06,2.6501763204541064
2012-01-09,2.663149295257369
2012-01-10,2.7326147408136983
2012-01-11,2.7401471500644314
2012-01-12,2.7577228514664665
2012-01-13,2.7284305745153445
2012-01-17,2.744332274166676
2012-01-18,2.835977344978677
2012-01-19,2.8803356376861293
2012-01-20,2.886612605486578
2012-01-23,2.8891234883871464
2012-01-24,2.880753479633629
2012-01-25,2.951475324444134
2012-01-26,2.90921007268975
2012-01-27,2.903350707385829
2012-01-30,2.8736396306833156
2012-01-31,2.8669438631314748
2012-02-01,2.9435241154420093
2012-02-02,2.9594265334462597
2012-02-03,3.08538564701052
2012-02-06,3.0782720375111787
2012-02-07,3.101705906962271
2012-02-08,3.1243033741654433
2012-02-09,3.137276348968706
2012-02-10,3.0757611546106105
2012-02-13,3.13853179041899
2012-02-14,3.1263964151185117
2012-02-15,3.0816193226596673
2012-02-16,3.1812158419247663
2012-02-17,3.2113457183786718
2012-02-21,3.216367484179809
2012-02-22,3.179960400474482
2012-02-23,3.2280850175327873
2012-02-24,3.2444052774845384
2012-02-27,3.259051296234613
2012-02-28,3.2900178143874115
2012-02-29,3.2464973606337155
2012-03-01,3.3042462306409583
2012-03-02,3.274116354187053
2012-03-05,3.2314323026812763
2012-03-06,3.087478687963589
2012-03-07,3.15359684837143
2012-03-08,3.2481716018353914
2012-03-09,3.284578446089746
2012-03-12,3.28583388754003
2012-03-13,3.4661945859630445
2012-03-14,3.4519661697094977
2012-03-15,3.5084598377174285
2012-03-16,3.5314758652210196
2012-03-19,3.569557190128023
2012-03-20,3.5356609893232647
2012-03-21,3.520596170821798
2012-03-22,3.4419228775581954
2012-03-23,3.475819078362954
2012-03-26,3.6206102925834247
2012-03-27,3.5883883329803425
2012-03-28,3.5356609893232647
2012-03-29,3.5164110467195537
2012-03-30,3.548215164375135
2012-04-02,3.636094150287256
2012-04-03,3.5934100987814794
2012-04-04,3.489210852917608
2012-04-05,3.4812594044645104
2012-04-09,3.3670168664493367
2012-04-10,3.1941888167280283
2012-04-11,3.261562179135181
2012-04-12,3.403423950154664
2012-04-13,3.27369755443566
2012-04-16,3.2644918617871417
2012-04-17,3.41179300110429
2012-04-18,3.3795710415012077
2012-04-19,3.316800405692828
2012-04-20,3.330610022194983
2012-04-23,3.249426803834703
2012-04-24,3.287089328990314
2012-04-25,3.4230917347058765
2012-04-26,3.490883896864421
2012-04-27,3.5067865543196444
2012-04-30,3.4636837030624763
2012-05-01,3.5289652217714247
2012-05-02,3.501345988767115
2012-05-03,3.4243471761561612
2012-05-04,3.255704011086125
2012-05-07,3.260306737684898
2012-05-08,3.2213890105299745
2012-05-09,3.161548057373555
2012-05-10,3.1820524836236594
2012-05-11,3.1527602066725375
2012-05-14,3.0493976025075584
2012-05-15,2.997925460849792
2012-05-16,2.9631928577971136
2012-05-17,2.8255152530759844
2012-05-18,2.755631007768263
2012-05-21,2.9000034222373423
2012-05-22,2.903350707385831
2012-05-23,2.915487040490201
2012-05-24,2.9355736247928053
2012-05-25,2.9092100726897527
2012-05-29,3.0117350773519482
2012-05-30,2.879080196235847
2012-05-31,2.8627596968331233
2012-06-01,2.6455733544043625
2012-06-04,2.644735754901579
2012-06-05,2.6957898151608717
2012-06-06,2.88661260548658
2012-06-07,2.8853571640362956
2012-06-08,2.9556604485463813
2012-06-11,2.8460206371299805
2012-06-12,2.946872358394391
2012-06-13,2.8857750059837963
2012-06-14,2.978675518246082
2012-06-15,3.064043621257634
2012-06-18,3.082874764109954
2012-06-19,3.174519834921955
2012-06-20,3.1580318230972075
2012-06-21,2.9466320356403832
2012-06-22,3.0140286107814256
2012-06-25,2.8666757623803587
2012-06-26,2.9131421421913
2012-06-27,2.993516161828093
2012-06-28,2.9654696665510722
2012-06-29,3.191102772502157
2012-07-02,3.2141269694525065
2012-07-03,3.2790120361300037
2012-07-05,3.2329646003631956
2012-07-06,3.141287954273294
2012-07-09,3.1316591877289364
2012-07-10,3.048773420095125
2012-07-11,3.0475175460966164
2012-07-12,3.0081684243664863
2012-07-13,3.156357963188456
2012-07-16,3.1299853278201857
2012-07-17,3.197381902961228
2012-07-18,3.270221157673913
2012-07-19,3.292407227002523
2012-07-20,3.203242328909639
2012-07-23,3.105286312827192
2012-07-24,3.02909885923006
2012-07-25,3.0265871112330416
2012-07-26,3.1751958336326176
2012-07-27,3.356874307769778
2012-07-30,3.3493393033121968
2012-07-31,3.303291867545389
2012-08-01,3.278175106175628
2012-08-02,3.2053360909964153
2012-08-03,3.3953864995455323
2012-08-06,3.4121315660368103
2012-08-07,3.4636212023083153
2012-08-08,3.4786914507569504
2012-08-09,3.488319259167416
2012-08-10,3.503808212126712
2012-08-13,3.499203899710283
2012-08-14,3.501715408173828
2012-08-15,3.51092427254016
2012-08-16,3.5866939797605237
2012-08-17,3.6042759762061767
2012-08-20,3.6055316106712127
2012-08-21,3.572460900799737
2012-08-22,3.572460900799737
2012-08-23,3.489157147255684
2012-08-24,3.553205283978806
2012-08-27,3.553205283978806
2012-08-28,3.542320403902467
2012-08-29,3.5494376619832795
2012-08-30,3.4728310248085403
2012-08-31,3.5188784605753485
2012-09-04,3.5021333940840704
2012-09-05,3.5033892680825796
2012-09-06,3.713953323252393
2012-09-07,3.7633491974371216
2012-09-10,3.6980454262489637
2012-09-11,3.7265118237040102
2012-09-12,3.762093323438613
2012-09-13,3.9429351071548706
2012-09-14,3.9914952490525883
2012-09-17,3.9559125516506213
2012-09-18,3.9416792331563615
2012-09-19,3.9479586031489067
2012-09-20,3.947540617238665
2012-09-21,3.9391677246928167
2012-09-24,3.922004672291297
2012-09-25,3.8014436428361074
2012-09-26,3.7336278841174586
2012-09-27,3.843305470697147
2012-09-28,3.783442702346321
2012-10-01,3.8085597032495557
2012-10-02,3.8253045302073603
2012-10-03,3.8717709100183018
2012-10-04,3.9588432436917738
2012-10-05,3.9542377336079797
2012-10-08,3.9119579198366985
2012-10-09,3.799350838883223
2012-10-10,3.7315353196980467
2012-10-11,3.7353027021601006
2012-10-12,3.6896732523035345
2012-10-15,3.7897220723388654
2012-10-16,3.9023301114262323
2012-10-17,3.9542377336079793
2012-10-18,3.9253533502426907
2012-10-19,3.720232693244938
2012-10-22,3.7281856836127614
2012-10-23,3.5758102973515498
2012-10-24,3.544832151899485
2012-10-25,3.5745546628865132
2012-10-26,3.567437404805701
2012-10-31,3.557809596395235
2012-11-01,3.679626499848934
2012-11-02,3.575391353307415
2012-11-05,3.6017642282091584
2012-11-06,3.681301317891576
2012-11-07,3.435573748897402
2012-11-08,3.306640545496782
2012-11-09,3.3133386199999877
2012-11-12,3.3258971204516046
2012-11-13,3.2953379190436736
2012-11-14,3.1609625151383574
2012-11-15,3.1425438282718017
2012-11-16,3.1877540945507614
2012-11-19,3.3765488686348424
2012-11-20,3.392038061127611
2012-11-21,3.4100387620839245
2012-11-23,3.5435762779009736
2012-11-26,3.5230647870815335
2012-11-27,3.473667954762913
2012-11-28,3.5506935359817855
2012-11-29,3.6051126666270776
2012-11-30,3.5938102797074425
2012-12-03,3.5469259139862586
2012-12-04,3.5293441570740782
2012-12-05,3.5481817879847677
2012-12-06,3.5875309097148973
2012-12-07,3.6189270410772036
2012-12-10,3.6293927375759365
2012-12-11,3.6997200047581305
2012-12-12,3.70809217870356
2012-12-13,3.6436260560701963
2012-12-14,3.594229223751576
2012-12-17,3.7210693836658377
2012-12-18,3.8512584610649663
2012-12-19,3.770466455517931
2012-12-20,3.8273973341602403
2012-12-21,3.727348753658382
2012-12-24,3.6779516818062885
2012-12-26,3.637220108741527
2012-12-27,3.6284275107663286
2012-12-28,3.503237446642014
2012-12-31,3.6950004147762034
2013-01-02,3.969666321541181
2013-01-03,3.9374259970310312
2013-01-04,3.99646218313617
2013-01-07,3.9671540822396025
2013-01-08,3.9236089204526756
2013-01-09,3.9587795519337967
2013-01-10,4.044612797535556
2013-01-11,4.0534053955107545
2013-01-14,4.035400933989332
2013-01-15,4.044612797535555
2013-01-16,4.04419353196453
2013-01-17,4.1183029142988135
2013-01-18,4.154311837341657
2013-01-22,4.212928997456098
2013-01-23,4.2321893390479834
2013-01-24,4.238887525810671
2013-01-25,4.310903934414401
2013-01-28,4.294993884105491
2013-01-29,4.345237232655105
2013-01-30,4.298762003477533
2013-01-31,4.263591611576738
2013-02-01,4.393805914723884
2013-02-04,4.247262295696803
2013-02-05,4.374964838703024
2013-02-06,4.383757436678223
2013-02-07,4.370777453759958
2013-02-08,4.440281143901457
2013-02-11,4.434000785227837
2013-02-12,4.4557733661213
2013-02-13,4.471264630019839
2013-02-14,4.485081706598195
2013-02-15,4.47084632277012
2013-02-19,4.559609875342851
2013-02-20,4.390874889011935
2013-02-21,4.314253267376073
2013-02-22,4.4402811439014584
2013-02-25,4.189482229242456
2013-02-26,4.274896448853517
2013-02-27,4.433163691567747
2013-02-28,4.415578495617349
2013-03-01,4.457029725352416
2013-03-04,4.5156468854668566
2013-03-05,4.64125597558187
2013-03-06,4.665121530205887
2013-03-07,4.6910805377211116
2013-03-08,4.750116963406576
2013-03-11,4.80036031195619
2013-03-12,4.766445800125858
2013-03-13,4.785287355307371
2013-03-14,4.863584122584721
2013-03-15,4.844742567403208
2013-03-18,4.761003493433634
2013-03-19,4.7300195281546
2013-03-20,4.827785416903385
2013-03-21,4.7050913912638626
2013-03-22,4.813966542630979
2013-03-25,4.7662287440234845
2013-03-26,4.876360418082453
2013-03-27,4.8700787630691815
2013-03-28,4.902741643935412
2013-04-01,4.855842006345481
2013-04-02,4.924097737466953
2013-04-03,4.773347122385335
2013-04-04,4.8378352023232285
2013-04-05,4.768741310184193
2013-04-08,4.857516411488627
2013-04-09,4.920747968734669
2013-04-10,5.104580305579803
2013-04-11,5.153155306758871
2013-04-12,5.111698683941652
2013-04-15,4.763716177862773
2013-04-16,4.961367388980312
2013-04-17,4.746548014081078
2013-04-18,4.659027997799513
2013-04-19,4.77879157482703
2013-04-22,4.848722669537639
2013-04-23,4.994448152297839
2013-04-24,5.004080055266388
2013-04-25,5.066473930717862
2013-04-26,5.03423036997191
2013-04-29,5.135986663754181
2013-04-30,5.169905588089271
2013-05-01,5.032135686262495
2013-05-02,5.175767922982263
2013-05-03,5.331962511282584
2013-05-06,5.375512380140233
2013-05-07,5.454237216801827
2013-05-08,5.530450445748701
2013-05-09,5.486899618445063
2013-05-10,5.538825346802404
2013-05-13,5.548038408873668
2013-05-14,5.723075566098831
2013-05-15,5.811013464831691
2013-05-16,5.728519539317535
2013-05-17,5.899789524582114
2013-05-20,5.898114160992978
2013-05-21,5.921563979787944
2013-05-22,5.784632238978731
2013-05-23,5.738569803960373
2013-05-24,5.718050433777412
2013-05-28,5.824413977429808
2013-05-29,5.748200748482933
2013-05-30,5.774581974335893
2013-05-31,5.5216567037977144
2013-06-03,5.610431805102148
2013-06-04,5.536312780641694
2013-06-05,5.288830524876229
2013-06-06,5.439162299060563
2013-06-07,5.648538659187082
2013-06-10,5.648956541638377
2013-06-11,5.4806184426547855
2013-06-12,5.337405526055296
2013-06-13,5.584469420146471
2013-06-14,5.479781240083211
2013-06-17,5.606243875352301
2013-06-18,5.734381874210527
2013-06-19,5.503231058878177
2013-06-20,5.088667226820974
2013-06-21,5.130542690535475
2013-06-24,4.937916611739356
2013-06-25,5.086154660660264
2013-06-26,5.229786594327077
2013-06-27,5.329489072578117
2013-06-28,5.2331377044694305
2013-07-01,5.352110264576248
2013-07-02,5.331164627649294
2013-07-03,5.347922096020655
2013-07-05,5.514651571267746
2013-07-08,5.60765134981918
2013-07-09,5.720759706884328
2013-07-10,5.732489551212362
2013-07-11,5.974624757641185
2013-07-12,5.97630079212726
2013-07-15,6.054219616208308
2013-07-16,5.9804889606828535
2013-07-17,6.021544134953319
2013-07-18,6.119571058133182
2013-07-19,6.159787256330813
2013-07-22,6.191624240927864
2013-07-23,6.154760111702385
2013-07-24,6.086895097463295
2013-07-25,6.124598202761611
2013-07-26,6.144706301860426
2013-07-29,6.083543507906042
2013-07-30,6.091083745433787
2013-07-31,6.091922242091724
2013-08-01,6.308084666965164
2013-08-02,6.340760148220152
2013-08-05,6.316462442321047
2013-08-06,6.213408374512756
2013-08-07,6.146381377516705
2013-08-08,6.213408374512756
2013-08-09,6.159787256330813
2013-08-12,6.132138440289355
2013-08-13,6.19748988221423
2013-08-14,6.0977869245482905
2013-08-15,5.832192029463401
2013-08-16,5.783597576494988
2013-08-19,5.67467882623013
2013-08-20,5.754272725967455
2013-08-21,5.647867548016811
2013-08-22,5.793651386336949
2013-08-23,5.8556517181194705
2013-08-26,5.800354565451453
2013-08-27,5.507110854325105
2013-08-28,5.565759117135475
2013-08-29,5.5984350778053615
2013-08-30,5.530570063566272
2013-09-03,5.614354528933685
2013-09-04,5.755948760453532
2013-09-05,5.765165511882251
2013-09-06,5.780246466352637
2013-09-09,5.953679120714232
2013-09-10,6.082705970077907
2013-09-11,6.139679157231999
2013-09-12,6.098624462376432
2013-09-13,6.130462405803281
2013-09-16,6.242733225040291
2013-09-17,6.317299980149187
2013-09-18,6.540165584137131
2013-09-19,6.5175439127241015
2013-09-20,6.3667329297755355
2013-09-23,6.282949423237921
2013-09-24,6.241894728382354
2013-09-25,6.184670097518063
2013-09-26,6.254246016678951
2013-09-27,6.17042049801421
2013-09-30,6.061446172577341
2013-10-01,6.214847130747675
2013-10-02,6.18969976294143
2013-10-03,6.027077911380022
2013-10-04,6.156169459544476
2013-10-07,6.002768501374142
2013-10-08,5.787335642522675
2013-10-09,5.791527350145677
2013-10-10,6.167905665302527
2013-10-11,6.292805505843978
2013-10-14,6.374955108907988
2013-10-15,6.228260211417045
2013-10-16,6.489796577913295
2013-10-17,6.622240916589796
2013-10-18,6.739597218306786
2013-10-21,6.756363089488206
2013-10-22,6.86701285087051
2013-10-23,6.776481271526379
2013-10-24,6.838511733241627
2013-10-25,6.927367396985029
2013-10-28,6.956705992758982
2013-10-29,7.082444750411387
2013-10-30,6.96844171886174
2013-10-31,6.895513488844099
2013-11-01,6.9516763273356155
2013-11-04,7.0287967446315545
2013-11-05,6.9617356581823495
2013-11-06,7.060650652772486
2013-11-07,6.79408462085287
2013-11-08,7.065680318195853
2013-11-11,7.066518275996218
2013-11-12,7.037178720911675
2013-11-13,7.192257033648622
2013-11-14,7.307936460454293
2013-11-15,7.403498184877087
2013-11-18,7.335599140627517
2013-11-19,7.280274259936365
2013-11-20,7.215728006198844
2013-11-21,7.38086517012723
2013-11-22,7.485647787941097
2013-11-25,7.482294038118459
2013-11-26,7.470559271326291
2013-11-27,7.524207277106124
2013-11-29,7.50744188558
2013-12-02,7.453793400144871
2013-12-03,7.369128964369177
2013-12-04,7.344820513673886
2013-12-05,7.2618329528095105
2013-12-06,7.493191806420853
2013-12-09,7.549355124567665
2013-12-10,7.476426414894728
2013-12-11,7.2157280061988445
2013-12-12,7.153697544483596
2013-12-13,7.136094195157106
2013-12-16,7.27189180400095
2013-12-17,7.199801052128378
2013-12-18,7.5736650142288395
2013-12-19,7.556061185247055
2013-12-20,7.68179994289946
2013-12-23,7.798317807160791
2013-12-24,7.856995478363991
2013-12-26,7.975189737881346
2013-12-27,7.970160552113274
2013-12-30,7.962616053978223
2013-12-31,8.073266295015822
2014-01-02,7.842745878860139
2014-01-03,7.829332798190767
2014-01-06,7.7773616673222525
2014-01-07,7.912320359055141
2014-01-08,7.920703774301146
2014-01-09,7.926571397524878
2014-01-10,7.994470441774447
2014-01-13,7.683475858500187
2014-01-14,7.923218607012829
2014-01-15,8.05482450823367
2014-01-16,8.02129468449201
2014-01-17,7.917350024478508
2014-01-21,7.986925943639396
2014-01-22,8.004529292965886
2014-01-23,7.81256836597523
2014-01-24,7.3003924419745365
2014-01-27,7.196448741271623
2014-01-28,7.323025456724392
2014-01-29,7.1042398073608775
2014-01-30,7.344820513673883
2014-01-31,7.20818350806379
2014-02-03,6.720316994068977
2014-02-04,6.856115082568116
2014-02-05,6.8326441100178945
2014-02-06,7.096695309225828
2014-02-07,7.376673462504225
2014-02-10,7.410204245556475
2014-02-11,7.6491080769581625
2014-02-12,7.670064216796701
2014-02-13,7.7865816014027365
2014-02-14,7.904776340575387
2014-02-18,7.939983039228366
2014-02-19,7.776522750211298
2014-02-20,7.905615257686342
2014-02-21,7.894717009728653
2014-02-24,8.012073791100939
2014-02-25,8.007044125677572
2014-02-26,8.007882083477936
2014-02-27,8.140326901809733
2014-02-28,8.19229947164413
2014-03-03,8.022132642292377
2014-03-04,8.362464862029999
2014-03-05,8.368333924219614
2014-03-06,8.445452902549668
2014-03-07,8.4446154244046
2014-03-10,8.437908884069913
2014-03-11,8.312170126417508
2014-03-12,8.318038229296535
2014-03-13,8.041412866530186
2014-03-14,7.967645719401589
2014-03-17,8.177210475374029
2014-03-18,8.359113030828539
2014-03-19,8.234211751321203
2014-03-20,8.364141736941315
2014-03-21,8.2710953248855
2014-03-24,8.163798354015245
2014-03-25,8.284507446244284
2014-03-26,8.099253059588314
2014-03-27,8.051471717721624
2014-03-28,8.164636791470906
2014-03-31,8.368333924219614
2014-04-01,8.535984961549094
2014-04-02,8.624001708181542
2014-04-03,8.582089428504467
2014-04-04,8.283669008788625
2014-04-07,7.999499627542519
2014-04-08,8.105958640612412
2014-04-09,8.366657049308298
2014-04-10,7.836039338525455
2014-04-11,7.623121312385671
2014-04-14,7.800832639872476
2014-04-15,7.96177809617786
2014-04-16,8.212418133337602
2014-04-17,8.244271082167943
2014-04-21,8.338156890990009
2014-04-22,8.442100112037627
2014-04-23,8.390127542203228
2014-04-24,8.440423237126309
2014-04-25,8.229182085897843
2014-04-28,8.306302023538487
2014-04-29,8.422819887799818
2014-04-30,8.506646365775149
2014-05-01,8.502455137807441
2014-05-02,8.468085917299533
2014-05-05,8.512513509343586
2014-05-06,8.29037554912332
2014-05-07,8.437070446614262
2014-05-08,8.40857028829597
2014-05-09,8.448806652372316
2014-05-12,8.686871087007754
2014-05-13,8.712019414124589
2014-05-14,8.587119093927843
2014-05-15,8.352406490493863
2014-05-16,8.448806652372314
2014-05-19,8.541014626972467
2014-05-20,8.375039505243716
2014-05-21,8.583765344105203
2014-05-22,8.652503785121022
2014-05-23,8.753932653112251
2014-05-27,8.919069337385343
2014-05-28,8.893921969579099
2014-05-29,9.032234411134626
2014-05-30,9.069956422154583
2014-06-02,9.110192786230929
2014-06-03,9.095941268105898
2014-06-04,9.140369819460542
2014-06-05,9.32981543408422
2014-06-06,9.462260732071309
2014-06-09,9.488246537333213
2014-06-10,9.494953077667898
2014-06-11,9.399391353245106
2014-06-12,9.19401830489567
2014-06-13,9.27784382356041
2014-06-16,9.29377125728617
2014-06-17,9.368374923249245
2014-06-18,9.582131386844686
2014-06-19,9.613985294985618
2014-06-20,9.672663445844114
2014-06-23,9.66092819939665
2014-06-24,9.485732184276825
2014-06-25,9.610212902021505
2014-06-26,9.595953014482708
2014-06-27,9.649637579316588
2014-06-30,9.634538705462818
2014-07-01,9.822431322596382
2014-07-02,9.848435098667638
2014-07-03,9.996903998444695
2014-07-07,9.897923771988081
2014-07-08,9.709192168539545
2014-07-09,9.830820225807525
2014-07-10,9.712548113799432
2014-07-11,9.758681801798563
2014-07-14,9.895407772981738
2014-07-15,9.844240167092774
2014-07-16,9.951608336821957
2014-07-17,9.610212902021505
2014-07-18,9.902956729939335
2014-07-21,9.84256219446283
2014-07-22,9.97509419400972
2014-07-23,10.042199660067425
2014-07-24,10.044715659073766
2014-07-25,9.907150701575619
2014-07-28,9.913022645841847
2014-07-29,9.787201576876157
2014-07-30,9.787201576876157
2014-07-31,9.206746878991755
2014-08-01,9.11783352837623
2014-08-04,9.314114088782363
2014-08-05,9.038147107348246
2014-08-06,9.047373076997212
2014-08-07,8.898904177220155
2014-08-08,9.209263837936671
2014-08-11,9.297338202237224
2014-08-12,9.252881526929462
2014-08-13,9.453357018910454
2014-08-14,9.572467157294943
2014-08-15,9.568272225720083
2014-08-18,9.803977463421296
2014-08-19,9.958318307464582
2014-08-20,10.042199660067425
2014-08-21,10.131112050744374
2014-08-22,10.078267432164042
2014-08-25,10.229253290886014
2014-08-26,10.256933119710062
2014-08-27,10.246029177431152
2014-08-28,10.224220332934756
2014-08-29,10.307261739284053
2014-09-02,10.28629188110263
2014-09-03,10.2804199368364
2014-09-04,10.222542360304812
2014-09-05,10.367656274760558
2014-09-08,10.287968893793998
2014-09-09,10.094204332394206
2014-09-10,10.20828343270459
2014-09-11,10.230931263515957
2014-09-12,10.057297573982618
2014-09-15,10.032971770541307
2014-09-16,10.261128051284922
2014-09-17,10.298873796011483
2014-09-18,10.459925570635969
2014-09-19,10.443148724152254
2014-09-22,10.18815160089956
2014-09-23,10.015356897681192
2014-09-24,10.25282402986668
2014-09-25,9.755121622972263
2014-09-26,9.993481322844389
2014-09-29,9.9313736963524
2014-09-30,9.849962010641148
2014-10-01,9.453815783139225
2014-10-02,9.447939465381067
2014-10-03,9.760996980233891
2014-10-06,9.724907283691717
2014-10-07,9.280920645124361
2014-10-08,9.76855128542642
2014-10-09,9.17600849086312
2014-10-10,8.863790449975747
2014-10-13,8.426518642635472
2014-10-14,8.470161683873648
2014-10-15,8.263695271212969
2014-10-16,8.25865938791679
2014-10-17,8.569198480873261
2014-10-20,8.811755550572641
2014-10-21,9.332117031058543
2014-10-22,9.13740133292112
2014-10-23,9.45801123197342
2014-10-24,9.657763773903548
2014-10-27,9.6241915387612
2014-10-28,9.944803358806556
2014-10-29,9.918784468360213
2014-10-30,10.110983665594336
2014-10-31,10.44418279263882
2014-11-03,10.460969390458258
2014-11-04,10.360253645527743
2014-11-05,10.548255472934612
2014-11-06,10.680863544580044
2014-11-07,10.709399896426213
2014-11-10,10.79920440079892
2014-11-11,10.831097688010365
2014-11-12,10.800043874764372
2014-11-13,10.831937161975816
2014-11-14,10.843687876499075
2014-11-17,10.864669923152713
2014-11-18,11.050154289159755
2014-11-19,10.993921059432868
2014-11-20,11.050992802628677
2014-11-21,11.237316642601172
2014-11-24,11.324603685574052
2014-11-25,11.314531918981695
2014-11-26,11.390068247431318
2014-11-28,11.315370432450619
2014-12-01,11.084564077274498
2014-12-02,11.2817991578048
2014-12-03,11.426157943973491
2014-12-04,11.381674468273335
2014-12-05,11.432032340738592
2014-12-08,11.209619764720454
2014-12-09,11.176048490074635
2014-12-10,10.647292269934225
2014-12-11,10.79416851750274
2014-12-12,10.281359421216315
2014-12-15,10.051392540005645
2014-12-16,9.827301016056605
2014-12-17,10.422361272019732
2014-12-18,11.1651362890203
2014-12-19,11.30949603568552
2014-12-22,11.45981351947858
2014-12-23,11.522825689885178
2014-12-24,11.521985348135066
2014-12-26,11.6244849273922
2014-12-29,11.66649336149307
2014-12-30,11.48753902829579
2014-12-31,11.141391300445141
2015-01-02,11.11114572786701
2015-01-05,10.512950279879384
2015-01-06,10.22813596191394
2015-01-07,10.605368642603418
2015-01-08,11.164917023490624
2015-01-09,10.891023302318976
2015-01-12,10.628053062409371
2015-01-13,10.540675788696596
2015-01-14,10.355840024737947
2015-01-15,10.072705428783312
2015-01-16,10.448257425972564
2015-01-20,10.531433952424193
2015-01-21,10.68602414380471
2015-01-22,11.168277429001655
2015-01-23,10.97335948702049
2015-01-26,11.06493750799441
2015-01-27,10.623852315148223
2015-01-28,10.19116765533491
2015-01-29,10.493626265584465
2015-01-30,10.086148012316858
2015-02-02,10.454979198484045
2015-02-03,10.912027038624702
2015-02-04,10.788523723061843
2015-02-05,11.124589272889978
2015-02-06,11.026290440893991
2015-02-09,10.875900996774618
2015-02-10,11.226248510396998
2015-02-11,11.244731221452387
2015-02-12,11.565674465736164
2015-02-13,11.715222606616008
2015-02-17,11.775714713261685
2015-02-18,11.763951851738945
2015-02-19,11.741267431932993
2015-02-20,11.954669046458964
2015-02-23,11.946267551936673
2015-02-24,12.047087409182998
2015-02-25,12.007599038843047
2015-02-26,11.968111629992514
2015-02-27,11.849648441951496
2015-03-02,12.071451550999758
2015-03-03,11.921902448630497
2015-03-04,11.764792193489058
2015-03-05,11.805960285839815
2015-03-06,11.299342858826108
2015-03-09,11.44805065795584
2015-03-10,10.888503238558052
2015-03-11,10.808687117617456
2015-03-12,11.221207421385738
2015-03-13,11.014527579371249
2015-03-16,11.464014266739728
2015-03-17,11.353953534710417
2015-03-18,11.753030293455733
2015-03-19,11.595920038314294
2015-03-20,11.902578434335577
2015-03-23,11.838726883668283
2015-03-24,11.63036635815357
2015-03-25,11.118875464347537
2015-03-26,11.045708137671244
2015-03-27,11.112989123946702
2015-03-30,11.523396788061097
2015-03-31,11.224000922647388
2015-04-01,11.106260640339405
2015-04-02,11.20633997654613
2015-04-06,11.445183339291678
2015-04-07,11.349309906870376
2015-04-08,11.469572769000235
2015-04-09,11.625158485781991
2015-04-10,11.806815031337097
2015-04-13,11.65291167606951
2015-04-14,11.715144615353081
2015-04-15,11.86989011382713
2015-04-16,11.85895572643441
2015-04-17,11.4493892430771
2015-04-20,11.760558751741856
2015-04-21,11.721032880652672
2015-04-22,11.891755038815056
2015-04-23,11.981743093284903
2015-04-24,12.067525243969326
2015-04-27,11.90857576660861
2015-04-28,12.017905203795129
2015-04-29,11.871571512891922
2015-04-30,11.51498690538901
2015-05-01,11.883345156142969
2015-05-04,11.998562858629079
2015-05-05,11.57133350427175
2015-05-06,11.432568515283547
2015-05-07,11.57133350427175
2015-05-08,12.021269926823466
2015-05-11,11.855592928304832
2015-05-12,11.742057587332893
2015-05-13,11.75551262964873
2015-05-14,12.123871842852065
2015-05-15,12.16003491581167
2015-05-18,12.272729076026526
2015-05-19,12.25590931068235
2015-05-20,12.233202242487963
2015-05-21,12.33748652003073
2015-05-22,12.251704369346305
2015-05-26,11.863161630219833
2015-05-27,12.181059622491887
2015-05-28,12.149101490868325
2015-05-29,11.910258128122777
2015-06-01,11.987629433685735
2015-06-02,11.953989902997385
2015-06-03,12.046500537289107
2015-06-04,11.767287235349153
2015-06-05,11.691597328850987
2015-06-08,11.472936529579194
2015-06-09,11.454435365170228
2015-06-10,11.87661763498505
2015-06-11,11.984265673106778
2015-06-12,11.701689573037244
2015-06-15,11.546945037012572
2015-06-16,11.750467470004978
2015-06-17,11.8076552496448
2015-06-18,12.155829974475623
2015-06-19,11.945580020325297
2015-06-22,12.189469505163974
2015-06-23,12.216381514694405
2015-06-24,11.948103023624897
2015-06-25,11.830337873615198
2015-06-26,11.832020590457752
2015-06-29,11.093464808959633
2015-06-30,11.170853418621947
2015-07-01,11.41984160277115
2015-07-02,11.384512250298771
2015-07-06,11.291984002316752
2015-07-07,11.49386670405367
2015-07-08,10.92522874285254
2015-07-09,10.97906509263504
2015-07-10,11.396289342891334
2015-07-13,11.768089864925242
2015-07-14,11.932961459999882
2015-07-15,11.911090954309966
2015-07-16,12.181949644149086
2015-07-17,12.220644430306573
2015-07-20,12.245880369681599
2015-07-21,12.091103150356968
2015-07-22,12.01876172856966
2015-07-23,11.820243497865194
2015-07-24,11.461900859961093
2015-07-27,11.256653687191724
2015-07-28,11.667148995383116
2015-07-29,11.907726483277518
2015-07-30,11.909408237467416
2015-07-31,11.860620038212577
2015-08-03,11.73107875826297
2015-08-04,11.667148995383117
2015-08-05,11.781549674360367
2015-08-06,11.524148868651052
2015-08-07,11.424888790646163
2015-08-10,11.852208379305123
2015-08-11,11.534243244401061
2015-08-12,11.566207163188333
2015-08-13,11.532560527558507
2015-08-14,11.653690148600658
2015-08-17,11.850525662462571
2015-08-18,11.747902076077887
2015-08-19,11.475359706743557
2015-08-20,10.750263734680553
2015-08-21,9.742531980185865
2015-08-24,8.62039954671393
2015-08-25,8.216634143240096
2015-08-26,9.185672074229954
2015-08-27,9.872073260135473
2015-08-28,9.873755976978027
2015-08-31,9.623084113333613
2015-09-01,8.76844782397366
2015-09-02,9.25633077917471
2015-09-03,9.271472342799726
2015-09-04,8.859294317765778
2015-09-08,9.52718946901383
2015-09-09,9.140248346007565
2015-09-10,9.288295660614638
2015-09-11,9.419519657406799
2015-09-14,9.303437224239653
2015-09-15,9.670190558398556
2015-09-16,9.905719895765298
2015-09-17,9.855249942320562
2015-09-18,9.362318836591848
2015-09-21,9.50700168016647
2015-09-22,9.141931062850121
2015-09-23,9.083047525192615
2015-09-24,9.003977161340403
2015-09-25,8.980423938807933
2015-09-28,8.300751694967317
2015-09-29,8.319257729624782
2015-09-30,8.792000083853477
2015-10-01,8.862658788798234
2015-10-02,9.232777556642242
2015-10-05,9.740849263343314
2015-10-06,9.639908393801184
2015-10-07,9.888897540603041
2015-10-08,10.144615629469804
2015-10-09,10.163120701474615
2015-10-12,10.206862675507105
2015-10-13,10.003297256927635
2015-10-14,9.850202754445556
2015-10-15,10.299391886141779
2015-10-16,10.43902850449405
2015-10-19,10.460898047531312
2015-10-20,10.415474319308924
2015-10-21,10.233780369072026
2015-10-22,10.7401703215832
2015-10-23,11.096829279992093
2015-10-26,11.026170575047336
2015-10-27,10.945417494352569
2015-10-28,11.323947921104033
2015-10-29,11.322266166914135
2015-10-30,11.147300196089484
2015-11-02,11.546018411688312
2015-11-03,11.645278489693201
2015-11-04,11.561159975313327
2015-11-05,11.51405449290104
2015-11-06,11.490501270368568
2015-11-09,11.174217889654404
2015-11-10,11.233100464659254
2015-11-11,11.111970843617103
2015-11-12,10.652687336170871
2015-11-13,10.292662944076872
2015-11-16,10.758675393588007
2015-11-17,10.72166428692573
2015-11-18,11.23646589834436
2015-11-19,11.21964161787679
2015-11-20,11.342453955761496
2015-11-23,11.293664793854001
2015-11-24,11.347501143636501
2015-11-25,11.33404229685404
2015-11-27,11.366007178293968
2015-11-30,11.23814765253426
2015-12-01,11.556112787438321
2015-12-02,11.18935945327942
2015-12-03,10.72334604111563
2015-12-04,11.350865614668953
2015-12-07,11.143935725057032
2015-12-08,10.918499800787643
2015-12-09,10.669510653985785
2015-12-10,10.731758662675741
2015-12-11,10.102556372279864
2015-12-14,10.277522343104515
2015-12-15,10.593804761166023
2015-12-16,11.056452739644707
2015-12-17,10.565205313411203
2015-12-18,9.966285187612698
2015-12-21,10.238827556947028
2015-12-22,10.513219720934046
2015-12-23,10.897602142211316
2015-12-24,10.821737216029614
2015-12-28,10.772846528698068
2015-12-29,11.111710766006217
2015-12-30,10.880744448773562
2015-12-31,10.557053582571704
2016-01-04,10.101862096131748
2016-01-05,10.15749682551327
2016-01-06,9.771427187879913
2016-01-07,9.06672447441346
2016-01-08,8.764950056692992
2016-01-11,8.780123427799282
2016-01-12,9.006031954663174
2016-01-13,8.326618193040538
2016-01-14,8.732918027474074
2016-01-15,8.161400256577185
2016-01-19,8.208605656902392
2016-01-20,7.8967161407818365
2016-01-21,8.011356655894994
2016-01-22,8.517124116672836
2016-01-25,8.137798521089454
2016-01-26,8.461489387291312
2016-01-27,8.185003921414662
2016-01-28,8.313131073615459
2016-01-29,8.933539531843895
2016-02-01,8.90656529299374
2016-02-02,8.429457358072392
2016-02-03,8.571072594373142
2016-02-04,8.608162413960823
2016-02-05,8.115881107933184
2016-02-08,7.7820751433312365
2016-02-09,7.7803898563248985
2016-02-10,7.771959562593709
2016-02-11,7.490416306348297
2016-02-12,7.9287476876633125
2016-02-16,8.321561367346645
2016-02-17,8.734604279155281
2016-02-18,8.626706359079787
2016-02-19,8.62502107207345
2016-02-22,8.987488009544201
2016-02-23,8.660425604654792
2016-02-24,8.775065637430513
2016-02-25,9.083583132526082
2016-02-26,9.029635619500647
2016-02-29,8.783494966486828
2016-03-01,9.435934489259308
2016-03-02,9.565748857816194
2016-03-03,9.663530232479287
2016-03-04,9.766369397511143
2016-03-07,9.786600558986196
2016-03-08,9.461223441103126
2016-03-09,9.607895503097764
2016-03-10,9.624755125885265
2016-03-11,10.095118054081762
2016-03-14,10.058028234494081
2016-03-15,10.012509085850086
2016-03-16,10.19290039341973
2016-03-17,10.381720065370814
2016-03-18,10.50310414019651
2016-03-21,10.541880211465406
2016-03-22,10.53176463072788
2016-03-23,10.324400048982953
2016-03-24,10.299112061814013
2016-03-28,10.324400048982955
2016-03-29,10.617745137647107
2016-03-30,10.744187002841567
2016-03-31,10.671693615347417
2016-04-01,10.870628868036027
2016-04-04,10.771160277016847
2016-04-05,10.455899704546178
2016-04-06,10.781275857754375
2016-04-07,10.40532276553342
2016-04-08,10.487930769090223
2016-04-11,10.407008052539759
2016-04-12,10.707097183253888
2016-04-13,11.020673433393094
2016-04-14,11.029101797774533
2016-04-15,10.97852582343665
2016-04-18,11.219608686081704
2016-04-19,11.325819389801111
2016-04-20,11.352793628651266
2016-04-21,11.174089537437709
2016-04-22,11.180832614812811
2016-04-25,11.115082304693763
2016-04-26,11.175774824444048
2016-04-27,11.23478109251312
2016-04-28,10.938063500486543
2016-04-29,10.757674122266648
2016-05-02,10.99707073323049
2016-05-03,10.713841225303865
2016-05-04,10.525020588677906
2016-05-05,10.53344991773422
2016-05-06,10.636290047440951
2016-05-09,10.676751405716184
2016-05-10,11.06282104334954
2016-05-11,10.75936037394786
2016-05-12,10.757674122266646
2016-05-13,10.472758362658809
2016-05-16,10.782962109435589
2016-05-17,10.489617020771437
2016-05-18,10.503104140196514
2016-05-19,10.391834681433469
2016-05-20,10.580655318059428
2016-05-23,10.528392127365455
2016-05-24,10.944807542536518
2016-05-25,11.163973956700183
2016-05-26,11.175774824444048
2016-05-27,11.312332270376034
2016-05-31,11.258383792675724
2016-06-01,11.320761599432348
2016-06-02,11.43034480651418
2016-06-03,11.330877180169873
2016-06-06,11.497780403639565
2016-06-07,11.539927048921136
2016-06-08,11.654568046371732
2016-06-09,11.61073514940895
2016-06-10,11.27692773779469
2016-06-13,11.025730259086982
2016-06-14,10.96503870401157
2016-06-15,10.906032435942498
2016-06-16,11.005500062286803
2016-06-17,10.880744448773555
2016-06-20,11.089794317524818
2016-06-21,11.182518866494023
2016-06-22,11.120645538207327
2016-06-23,11.561218004255307
2016-06-24,10.305334716736086
2016-06-27,9.74828941417653
2016-06-28,10.276638118683584
2016-06-29,10.815115147902135
2016-06-30,11.235430964527126
2016-07-01,11.314768220246897
2016-07-05,11.0851973676073
2016-07-06,11.270879135127151
2016-07-07,11.247246699430399
2016-07-08,11.745212361583384
2016-07-11,11.871813522806455
2016-07-12,12.131767417800125
2016-07-13,12.133454827991903
2016-07-14,12.32082497159374
2016-07-15,12.283688424911729
2016-07-18,12.38328233005449
2016-07-19,12.339393244934746
2016-07-20,12.498066790484081
2016-07-21,12.352897355920003
2016-07-22,12.52001085009885
2016-07-25,12.425482073202042
2016-07-26,12.430545269667585
2016-07-27,12.400161261423305
2016-07-28,12.44067359437908
2016-07-29,12.486250089690602
2016-08-01,12.455866081446322
2016-08-02,12.216168835875644
2016-08-03,12.325889133949486
2016-08-04,12.369777253179025
2016-08-05,12.671932823100661
2016-08-08,12.646612011321924
2016-08-09,12.660116122307183
2016-08-10,12.568963131684137
2016-08-11,12.749580736848243
2016-08-12,12.712445156056438
2016-08-15,12.830605402759792
2016-08-16,12.619603789351409
2016-08-17,12.687124344277699
2016-08-18,12.776588958818758
2016-08-19,12.717509318412185
2016-08-22,12.714132566248214
2016-08-23,12.786717283530253
2016-08-24,12.606099678366148
2016-08-25,12.553771610507098
2016-08-26,12.494691004210319
2016-08-29,12.673620233292437
2016-08-30,12.606099678366148
2016-08-31,12.499755166566066
2016-09-01,12.509883491277561
2016-09-02,12.670244447018675
2016-09-06,12.791781445885999
2016-09-07,12.788405659612236
2016-09-08,12.692188506633443
2016-09-09,11.787412104730933
2016-09-12,12.278624262555976
2016-09-13,11.746899771775157
2016-09-14,11.730019874516135
2016-09-15,12.086190922488596
2016-09-16,11.94946143655403
2016-09-19,11.946085650280267
2016-09-20,11.961278137347511
2016-09-21,12.358467899924726
2016-09-22,12.581325791773676
2016-09-23,12.385481885237173
2016-09-26,12.07989625965987
2016-09-27,12.30781824731427
2016-09-28,12.485091548419982
2016-09-29,12.147428807786554
2016-09-30,12.432753219833193
2016-10-03,12.314571985157823
2016-10-04,12.144051455833893
2016-10-05,12.30444186142338
2016-10-06,12.324702108892271
2016-10-07,12.19132472255346
2016-10-10,12.37535176150273
2016-10-11,11.924570915937611
2016-10-12,11.968466830704513
2016-10-13,11.846908244076479
2016-10-14,11.858727043787255
2016-10-17,11.743921228941003
2016-10-18,11.9448311634065
2016-10-19,12.044441792651082
2016-10-20,11.978596954438956
2016-10-21,11.985350692282509
2016-10-24,12.137298684052109
2016-10-25,12.034311668916633
2016-10-26,11.958337673031833
2016-10-27,11.857038367810919
2016-10-28,11.742233519026438
2016-10-31,11.733791105206555
2016-11-01,11.49742766979404
2016-11-02,11.277946163835983
2016-11-03,11.127685881980943
2016-11-04,11.075348519455925
2016-11-07,11.804700039224128
2016-11-08,11.965091410875385
2016-11-09,12.37197440955006
2016-11-10,12.44794840543486
2016-11-11,12.365221637768277
2016-11-14,12.388857305066288
2016-11-15,12.677560035127362
2016-11-16,12.613403872891567
2016-11-17,12.797429945779065
2016-11-18,12.71301450213615
2016-11-21,12.998339880244563
2016-11-22,13.074313876129363
2016-11-23,13.097950509489147
2016-11-25,13.248209825282416
2016-11-28,13.060807366504026
2016-11-29,13.135093652474266
2016-11-30,13.030416995300689
2016-12-01,12.88015767950742
2016-12-02,12.90379334680543
2016-12-05,13.121586176787156
2016-12-06,13.266782362836745
2016-12-07,13.77327695681777
2016-12-08,13.877951681867804
2016-12-09,14.126133916991094
2016-12-12,14.087303064091413
2016-12-13,14.355745546683595
2016-12-14,14.02821196372284
2016-12-15,14.171718507734326
2016-12-16,14.110939697451194
2016-12-19,14.188602369312324
2016-12-20,14.338861685105593
2016-12-21,14.232498284079227
2016-12-22,14.164964769890771
2016-12-23,14.207172974743113
2016-12-27,14.315226017807582
2016-12-28,13.97418592522149
2016-12-29,13.950549291861709
2016-12-30,13.807042747850224
2017-01-03,14.105874635583971
2017-01-04,14.357433256598153
2017-01-05,14.31353734183125
2017-01-06,14.475615457335294
2017-01-09,14.338861685105591
2017-01-10,14.31522601780758
2017-01-11,14.431719542568391
2017-01-12,14.33717300912926
2017-01-13,14.42665448070117
2017-01-17,14.29327709436236
2017-01-18,14.367563380332598
2017-01-19,14.217303098477558
2017-01-20,14.364186994441708
2017-01-23,14.252757565486348
2017-01-24,14.524576433969422
2017-01-25,14.877435326266289
2017-01-26,14.84366760311029
2017-01-27,14.791331206647044
2017-01-30,14.52457643396942
2017-01-31,14.516134986211306
2017-02-01,14.52457643396942
2017-02-02,14.54483571537654
2017-02-03,14.836914831328503
2017-02-06,14.77444734506904
2017-02-07,14.764317221334595
2017-02-08,14.823408321703168
2017-02-09,15.076655618693682
2017-02-10,15.253928919799396
2017-02-13,15.486915969321018
2017-02-14,15.686137227810184
2017-02-15,15.920813919369909
2017-02-16,15.890424514228343
2017-02-17,15.952891034426035
2017-02-21,16.228087254861773
2017-02-22,16.199385559634766
2017-02-23,16.23990605457255
2017-02-24,16.293930160950353
2017-02-27,16.366529703067805
2017-02-28,16.244970150378
2017-03-01,16.900035384175965
2017-03-02,16.613022296152995
2017-03-03,16.628218447816433
2017-03-06,16.483023227828614
2017-03-07,16.336139331864466
2017-03-08,16.2297759308381
2017-03-09,16.287177389168573
2017-03-10,16.44756876081983
2017-03-13,16.472893104094176
2017-03-14,16.3040602846848
2017-03-15,16.690685934075898
2017-03-16,16.624841095863772
2017-03-17,16.515100342884743
2017-03-20,16.467827076165175
2017-03-21,15.841462571532444
2017-03-22,15.937695848824365
2017-03-23,15.883670776384788
2017-03-24,15.851591729205118
2017-03-27,15.79419027087465
2017-03-28,16.123411563749965
2017-03-29,16.197696883658434
2017-03-30,16.324320532153692
2017-03-31,16.20951568336921
2017-04-03,16.147047231047978
2017-04-04,16.17406121636042
2017-04-05,16.010294424880044
2017-04-06,16.141983135242523
2017-04-07,16.094709868522955
2017-04-10,16.120034211797297
2017-04-11,16.062631787405056
2017-04-12,15.860034143025
2017-04-13,15.55782490333859
2017-04-17,15.951203324511468
2017-04-18,15.799255332741868
2017-04-19,15.718216274989846
2017-04-20,16.08457974478851
2017-04-21,15.94951464853514
2017-04-24,16.456010208577936
2017-04-25,16.74471197257724
2017-04-26,16.721074373155684
2017-04-27,16.761594868093464
2017-04-28,16.65860688689622
2017-05-01,16.763281611946255
2017-05-02,16.791985239296803
2017-05-03,16.737957268671913
2017-05-04,16.77003631585158
2017-05-05,16.98107444192798
2017-05-08,16.970944318193535
2017-05-09,16.9253597274503
2017-05-10,17.003023365373203
2017-05-11,16.910165507910403
2017-05-12,16.82575103032926
2017-05-15,17.075620975367112
2017-05-16,17.038477832381993
2017-05-17,16.14198313524252
2017-05-18,16.309126312613785
2017-05-19,16.62652977184009
2017-05-22,16.89328261239417
2017-05-23,16.99964794554408
2017-05-24,17.095881222836002
2017-05-25,17.337309720115737
2017-05-26,17.34575116787385
2017-05-30,17.30354392908328
2017-05-31,17.274842233856273
2017-06-01,17.678350778763598
2017-06-02,17.84887034202576
2017-06-05,17.825232742604204
2017-06-06,17.66484330307649
2017-06-07,17.74419368485218
2017-06-08,17.766142608297404
2017-06-09,17.691856322327162
2017-06-12,17.66822065502915
2017-06-13,17.92315469587245
2017-06-14,17.860687209612987
2017-06-15,17.74757103680484
2017-06-16,17.74757103680484
2017-06-19,18.196662240331854
2017-06-20,17.84887034202575
2017-06-21,17.81172526691709
2017-06-22,17.791466951571742
2017-06-23,17.86743998139477
2017-06-26,17.882636133058213
2017-06-27,17.467310720563653
2017-06-28,17.906271800356222
2017-06-29,17.453803244876543
2017-06-30,17.536530978604898
2017-07-03,17.622636064285917
2017-07-05,17.737440913070397
2017-07-06,17.264712110121827
2017-07-07,17.582115569348133
2017-07-10,17.63107751204403
2017-07-11,17.590557017106246
2017-07-12,17.987310858108245
2017-07-13,18.071727267812932
2017-07-14,18.31146902123988
2017-07-17,18.31315576509267
2017-07-18,18.341857460319673
2017-07-19,18.63900067207709
2017-07-20,18.6525081477642
2017-07-21,18.61536500477908
2017-07-24,18.596793433286518
2017-07-25,18.708220930118333
2017-07-26,18.723417081781776
2017-07-27,18.679521167014872
2017-07-28,18.591727405357524
2017-07-31,18.56640306208318
2017-08-01,18.676143815062204
2017-08-02,18.698090806383885
2017-08-03,18.61030090897362
2017-08-04,18.68965129074931
2017-08-07,18.78925998787035
2017-08-08,18.67276646310954
2017-08-09,18.644066700006075
2017-08-10,17.869128657371093
2017-08-11,17.93666217155955
2017-08-14,18.46341701300947
2017-08-15,18.460039661056808
2017-08-16,18.542767394785162
2017-08-17,17.68510161842183
2017-08-18,17.58549292130079
2017-08-21,17.63951895980214
2017-08-22,18.15951909734673
2017-08-23,17.978869410350125
2017-08-24,17.855623113807532
2017-08-25,17.973805314544673
2017-08-28,17.977182666497338
2017-08-29,18.02783135304602
2017-08-30,18.29627286957643
2017-08-31,18.605234881044623
2017-09-01,18.70653418626554
2017-09-05,18.282765393889324
2017-09-06,18.468481108814924
2017-09-07,18.454973633127814
2017-09-08,18.377311927328453
2017-09-11,18.956404131303387
2017-09-12,19.164066837550667
2017-09-13,19.199521304559457
2017-09-14,19.172508285308783
2017-09-15,19.25692469501347
2017-09-18,19.359912676210715
2017-09-19,19.40549726695395
2017-09-20,19.435885706033748
2017-09-21,19.27043023857704
2017-09-22,19.280560362311483
2017-09-25,19.16069141772155
2017-09-26,19.19445720875401
2017-09-27,19.402119915001286
2017-09-28,19.476406200971528
2017-09-29,19.663808659749915
2017-10-02,19.913678604787766
2017-10-03,20.057185148799253
2017-10-04,20.121341311035046
2017-10-05,20.467446465488358
2017-10-06,20.41510910296334
2017-10-09,20.313809797742422
2017-10-10,20.450563569972125
2017-10-11,20.546796847264044
2017-10-12,20.45900501773024
2017-10-13,20.51303105623159
2017-10-16,20.60251156174173
2017-10-17,20.64640747650863
2017-10-18,20.705499542938973
2017-10-19,20.72406918230799
2017-10-20,21.021214326188947
2017-10-23,20.791602696496444
2017-10-24,20.889526581888237
2017-10-25,20.59913420978906
2017-10-26,20.641343380703173
2017-10-27,21.16640954617676
2017-10-30,20.931733820678808
2017-10-31,21.007706850501837
2017-11-01,21.115758927504533
2017-11-02,21.129266403191643
2017-11-03,21.320046213922694
2017-11-06,21.406149367480168
2017-11-07,21.387577795987607
2017-11-08,21.492254453161184
2017-11-09,21.245759927952452
2017-11-10,21.217058232725446
2017-11-13,21.272772947203126
2017-11-14,21.139396526926085
2017-11-15,20.81186294396533
2017-11-16,21.309916090188242
2017-11-17,21.151213394513317
2017-11-20,21.240693900023455
2017-11-21,21.652643892688893
2017-11-22,21.5884877304531
2017-11-24,21.72693017865913
2017-11-27,21.71342270297202
2017-11-28,22.35667106918275
2017-11-29,22.31615250636851
2017-11-30,22.87160711092189
2017-12-01,22.746672138402964
2017-12-04,22.658880308869158
2017-12-05,22.420827231418542
2017-12-06,22.420827231418542
2017-12-07,22.631867289618484
2017-12-08,22.994855339588028
2017-12-11,23.216023589398873
2017-12-12,23.329141694330563
2017-12-13,23.315634218643456
2017-12-14,23.03030980659682
2017-12-15,23.590830439079195
2017-12-18,24.041610318582546
2017-12-19,23.766414098146807
2017-12-20,23.724206859356237
2017-12-21,23.847455088022375
2017-12-22,23.825506164577153
2017-12-26,23.732648307114356
2017-12-27,23.78329699366304
2017-12-28,23.893037746642065
2017-12-29,23.661739373096776
2018-01-02,24.146285043632577
2018-01-03,24.58693673152502
2018-01-04,24.897585486846005
2018-01-05,25.38381983335814
2018-01-08,25.510443481853397
2018-01-09,25.691095100973545
2018-01-10,25.571224224260074
2018-01-11,26.09966580956278
2018-01-12,26.61460185130192
2018-01-16,26.337718887013395
2018-01-17,27.094085358155816
2018-01-18,26.97083712948968
2018-01-19,27.3017480644031
2018-01-22,27.972007517740963
2018-01-23,28.167853356401007
2018-01-24,28.115514061752446
2018-01-25,28.15265913686111
2018-01-26,29.113309030174605
2018-01-29,28.51733393068344
2018-01-30,27.63096839121664
2018-01-31,27.97200751774096
2018-02-01,27.580319704667954
2018-02-02,25.797458501999916
2018-02-05,22.625112585713172
2018-02-06,23.93186956560352
2018-02-07,23.479401010123844
2018-02-08,20.864200306490357
2018-02-09,21.831604903709177
2018-02-12,22.68758200409618
2018-02-13,22.8868013304618
2018-02-14,23.827194840553492
2018-02-15,24.698364228356848
2018-02-16,24.716935799849406
2018-02-20,24.281350139885955
2018-02-21,23.893037746642072
2018-02-22,23.990959699910324
2018-02-23,25.133949888320295
2018-02-26,26.006807952099983
2018-02-27,25.002262144019586
2018-02-28,24.186805538570365
2018-03-01,23.202518045835316
2018-03-02,23.560440067875863
2018-03-05,24.355636425856193
2018-03-06,24.548104912563577
2018-03-07,24.521091893312903
2018-03-08,24.848625476273657
2018-03-09,26.141874980476896
2018-03-12,26.049017123014096
2018-03-13,25.54758662483852
2018-03-14,25.139015916249285
2018-03-15,25.049533478615604
2018-03-16,25.13563856429662
2018-03-19,24.110830576623787
2018-03-20,24.218882653626483
2018-03-21,24.09428562478668
2018-03-22,22.494420122247536
2018-03-23,20.828665374466958
2018-03-26,22.55354837304621
2018-03-27,21.369276191475635
2018-03-28,21.190199740441514
2018-03-29,22.085583928981986
2018-04-02,20.57018735615524
2018-04-03,21.349002874996714
2018-04-04,22.090651291416783
2018-04-05,22.540034117640175
2018-04-06,21.056735351430163
2018-04-09,21.308458175408738
2018-04-10,22.325478396083007
2018-04-11,21.99435593819671
2018-04-12,22.516381270624812
2018-04-13,22.320411033648213
2018-04-16,22.857640386750575
2018-04-17,23.599290736540514
2018-04-18,23.64828232909973
2018-04-19,23.234378773399385
2018-04-20,22.64984372626629
2018-04-23,22.639707068026826
2018-04-24,21.732498389348542
2018-04-25,21.879475100396057
2018-04-26,22.546791245343194
2018-04-27,22.583958347764593
2018-04-30,22.0551739542636
2018-05-01,22.176809986397398
2018-05-02,21.708847475703045
2018-05-03,21.56186883128566
2018-05-04,22.40319213146225
2018-05-07,22.622813282084348
2018-05-08,22.629572343157236
2018-05-09,23.291817258929836
2018-05-10,23.930413194426812
2018-05-11,24.06556541533651
2018-05-14,24.168617896259605
2018-05-15,23.651659926266294
2018-05-16,23.952374342804085
2018-05-17,23.89493585727363
2018-05-18,23.70910034516662
2018-05-21,24.23957450393583
2018-05-22,24.0334656753499
2018-05-23,24.21930118745691
2018-05-24,24.084148966547207
2018-05-25,23.88141966849772
2018-05-29,23.095847021953233
2018-05-30,23.977716955087672
2018-05-31,23.481032301573286
2018-06-01,24.220990952725135
2018-06-04,24.565629599387343
2018-06-05,24.6365842736937
2018-06-06,25.25490689271175
2018-06-07,25.219427622188697
2018-06-08,25.41708955780339
2018-06-11,25.52352156926293
2018-06-12,25.635022876527135
2018-06-13,25.341065587692366
2018-06-14,25.553929610611444
2018-06-15,25.44749759915191
2018-06-18,25.265041617581343
2018-06-19,24.986290282790698
2018-06-20,25.08664167586591
2018-06-21,24.63005895717811
2018-06-22,24.746740777454647
2018-06-25,23.762553726917837
2018-06-26,23.889382044859275
2018-06-27,23.29075222935596
2018-06-28,23.706748957384157
2018-06-29,23.78284672224764
2018-07-02,23.914747321398256
2018-07-03,23.640797690185575
2018-07-05,24.234355224479714
2018-07-06,24.817764325862402
2018-07-09,25.502638403894103
2018-07-10,25.771513818651055
2018-07-11,25.228688772681423
2018-07-12,25.87297686005352
2018-07-13,25.923707413131474
2018-07-16,25.867904578844342
2018-07-17,26.192584763134974
2018-07-18,26.339704141159665
2018-07-19,26.035316952198833
2018-07-20,25.944000408461275
2018-07-23,26.09619400294169
2018-07-24,26.451313680227027
2018-07-25,27.171699532462608
2018-07-26,26.912968680124003
2018-07-27,26.39043662948417
2018-07-30,25.949074624917
2018-07-31,26.33463185995049
2018-08-01,26.228096537338853
2018-08-02,26.613653772372345
2018-08-03,26.973845730866856
2018-08-06,27.26808835740934
2018-08-07,27.511598495627318
2018-08-08,27.45072144488446
2018-08-09,27.344186122272824
2018-08-10,26.79121457863829
2018-08-13,26.50711844976071
2018-08-14,27.00428522386156
2018-08-15,26.41072962481397
2018-08-16,27.009359440317287
2018-08-17,27.273160638618517
2018-08-20,27.481159002632616
2018-08-21,27.633354532359583
2018-08-22,27.618133818238956
2018-08-23,27.460867942549363
2018-08-24,27.958034716650218
2018-08-27,28.607395085231488
2018-08-28,28.647981075891092
2018-08-29,29.11470835699724
2018-08-30,28.739297619628648
2018-08-31,28.729151121963746
2018-09-04,28.602322804022307
2018-09-05,28.368957228222683
2018-09-06,28.095009532256555
2018-09-07,27.912376444781437
2018-09-10,28.069644255717577
2018-09-11,28.36388494701351
2018-09-12,28.368957228222687
2018-09-13,28.835686444575387
2018-09-14,28.866125937570093
2018-09-17,28.384177942343314
2018-09-18,28.840758725784564
2018-09-19,28.937149485977848
2018-09-20,29.611875131098095
2018-09-21,29.53070508502544
2018-09-24,29.256755453812758
2018-09-25,29.14007363353622
2018-09-26,28.87018312777656
2018-09-27,29.103704636265597
2018-09-28,29.073244803887114
2018-10-01,29.403217606892188
2018-10-02,29.37275971105337
2018-10-03,29.413370884351682
2018-10-04,28.70773456150398
2018-10-05,28.25084869506472
2018-10-08,28.20515991476683
2018-10-09,28.09347579925206
2018-10-10,25.387688357296266
2018-10-11,23.74289613965148
2018-10-12,24.70235858936755
2018-10-15,24.286083896226607
2018-10-16,25.809040657436785
2018-10-17,25.86488271519417
2018-10-18,24.753123040125356
2018-10-19,24.68205203444856
2018-10-22,24.37238384982281
2018-10-23,23.95610915668187
2018-10-24,21.76305157546238
2018-10-25,22.971264481586896
2018-10-26,21.722440402164068
2018-10-29,21.346776882321436
2018-10-30,22.336699164415986
2018-10-31,23.032182209804198
2018-11-01,23.753049417110976
2018-11-02,23.286008336672563
2018-11-05,23.712436307273002
2018-11-06,24.138864277873438
2018-11-07,25.67197431654311
2018-11-08,25.519679027730028
2018-11-09,24.814042704882322
2018-11-12,23.37231022680843
2018-11-13,23.255550440833744
2018-11-14,22.747898187097014
2018-11-15,23.47384106486371
2018-11-16,23.641365301596203
2018-11-19,22.483918782769155
2018-11-20,21.204634870967844
2018-11-21,21.407694610538737
2018-11-23,20.976190969478385
2018-11-26,21.966113251572935
2018-11-27,22.179326268603322
2018-11-28,23.69720735935359
2018-11-29,23.544912070540505
2018-11-30,24.01702882143883
2018-12-03,24.91049593593802
2018-12-04,22.54483651098646
2018-12-06,22.40269449963287
2018-12-07,20.834048958124797
2018-12-10,20.930502189180494
2018-12-11,20.925426518720577
2018-12-12,21.25539932172565
2018-12-13,21.23001709634675
2018-12-14,20.042110745141223
2018-12-17,18.82882216855679
2018-12-18,18.79328666571839
2018-12-19,17.93027744705802
2018-12-20,17.052039280478244
2018-12-21,15.980892715247405
2018-12-24,14.721915358365083
2018-12-26,16.881468820376984
2018-12-27,17.32960292329688
2018-12-28,17.24812381889189
2018-12-31,17.71153658943559
2019-01-02,17.74718357619933
2019-01-03,16.423147643964505
2019-01-04,18.093470255574303
2019-01-07,18.50595931434554
2019-01-08,19.020295796661696
2019-01-09,19.285103371631678
2019-01-10,19.519357496584217
2019-01-11,19.504078828960413
2019-01-14,19.173070817209247
2019-01-15,19.819810115702857
2019-01-16,19.936938149486668
2019-01-17,20.395257383284072
2019-01-18,21.19477170232523
2019-01-22,20.34942526564282
2019-01-23,20.446183037671613
2019-01-24,20.502198343575287
2019-01-25,21.001260043497805
2019-01-28,20.537847272954107
2019-01-29,20.44618303767161
2019-01-30,21.408655565522743
2019-01-31,21.94336230959392
2019-02-01,21.973917702226448
2019-02-04,22.442422066901358
2019-02-05,22.73269149775757
2019-02-06,22.620657000720055
2019-02-07,21.96882416548015
2019-02-08,22.050303269885138
2019-02-11,22.08595025664888
2019-02-12,22.931296693331287
2019-02-13,23.134995425651297
2019-02-14,22.977128810972534
2019-02-15,23.71553428736372
2019-02-19,23.832660378532445
2019-02-20,23.975250268202487
2019-02-21,23.710442693232505
2019-02-22,24.158576796152396
2019-02-25,24.260426162312402
2019-02-26,24.18404059465371
2019-02-27,24.143300071143674
2019-02-28,23.9803418623337
2019-03-01,24.45903135788612
2019-03-04,24.168761927029905
2019-03-05,24.066912560869902
2019-03-06,23.623870052081223
2019-03-07,23.03314605949129
2019-03-08,22.890558112436334
2019-03-11,23.888677627051212
2019-03-12,24.133114940266175
2019-03-13,24.611806378433677
2019-03-14,24.560880724046132
2019-03-15,24.91735253429861
2019-03-18,25.197436834277315
2019-03-19,25.21271355928604
2019-03-20,24.949944828779277
2019-03-21,25.771403519426304
2019-03-22,24.30196036323772
2019-03-25,24.240732105301177
2019-03-26,24.75095591000955
2019-03-27,24.40400551344926
2019-03-28,24.664218797456815
2019-03-29,25.14382847319692
2019-04-01,26.021414040127116
2019-04-02,26.016312658473748
2019-04-03,26.16937941061639
2019-04-04,26.33775225406849
2019-04-05,26.679603215324768
2019-04-08,26.781648365536313
2019-04-09,26.353060291727303
2019-04-10,26.62347828539095
2019-04-11,26.592864156422678
2019-04-12,27.1285987620966
2019-04-15,27.057167740853323
2019-04-16,27.13370209009932
2019-04-17,26.898999607057313
2019-04-18,27.041861649543865
2019-04-22,27.1285987620966
2019-04-23,27.82250344791589
2019-04-24,27.659231986117156
2019-04-25,27.57249487356442
2019-04-26,27.97046881840516
2019-04-29,28.067410640613982
2019-04-30,28.11333086089171
2019-05-01,27.480654433008965
2019-05-02,27.31227964320751
2019-05-03,28.08271867827279
2019-05-06,27.751072426672604
2019-05-07,26.363263055034032
2019-05-08,26.240810431859657
2019-05-09,25.97549381984938
2019-05-10,26.342855582071202
2019-05-13,24.39380080379316
2019-05-14,25.006067812363725
2019-05-15,25.439759214175453
2019-05-16,26.128560571992015
2019-05-17,25.63874618659582
2019-05-20,25.143828473196905
2019-05-21,25.79181293873846
2019-05-22,25.57241654700591
2019-05-23,24.654014087800707
2019-05-24,24.75095591000953
2019-05-28,24.087665353158513
2019-05-29,23.60805567741841
2019-05-30,23.776428520870507
2019-05-31,22.801901131731483
2019-06-03,22.618222196969924
2019-06-04,24.08766535315851
2019-06-05,24.69483292642506
2019-06-06,25.164237892509078
2019-06-07,25.92447221791827
2019-06-10,26.28162732413465
2019-06-11,26.261219851171827
2019-06-12,26.11835586233592
2019-06-13,26.4602068235922
2019-06-14,26.327547544412383
2019-06-17,26.373467764690112
2019-06-18,27.154111509411482
2019-06-19,27.3786092827974
2019-06-20,28.138843608206592
2019-06-21,28.031695129992325
2019-06-24,27.91944721647404
2019-06-25,27.107680987475067
2019-06-26,26.990132833052193
2019-06-27,27.29167008122053
2019-06-28,27.674980043318488
2019-07-01,28.395602694078033
2019-07-02,28.66647444341703
2019-07-03,29.300214438583044
2019-07-05,29.172444451217057
2019-07-08,28.738025324403537
2019-07-09,28.835129812940185
2019-07-10,29.243995332203564
2019-07-11,29.422872534669832
2019-07-12,29.836847995597125
2019-07-15,29.84195793726104
2019-07-16,29.5455325803719
2019-07-17,28.957789858642254
2019-07-18,29.254217165146677
2019-07-19,28.753357099010564
2019-07-22,28.962899800306168
2019-07-23,29.55575441331501
2019-07-24,29.96461798296311
2019-07-25,29.519977023206476
2019-07-26,30.123051519543147
2019-07-29,29.969727924627023
2019-07-30,29.755075281667505
2019-07-31,28.727803491460428
2019-08-01,28.00207089903697
2019-08-02,27.3938845114211
2019-08-05,24.956034868139554
2019-08-06,25.911753827744842
2019-08-07,25.967972934124322
2019-08-08,27.460325450743692
2019-08-09,26.89813828617947
2019-08-12,25.906641936465643
2019-08-13,27.102569096195875
2019-08-14,24.726048500957724
2019-08-15,24.910037594703187
2019-08-16,25.998636483338373
2019-08-19,26.93391372667272
2019-08-20,26.30528562278591
2019-08-21,26.944135559615837
2019-08-22,26.908360119122584
2019-08-23,24.818043047830454
2019-08-26,25.63066024546273
2019-08-27,25.349564713565336
2019-08-28,25.87597838725159
2019-08-29,26.852141012743104
2019-08-30,26.826587405192967
2019-09-03,26.35128289622228
2019-09-04,27.215007308954835
2019-09-05,28.272942648375967
2019-09-06,28.344493529362474
2019-09-09,28.364937195248697
2019-09-10,28.364937195248697
2019-09-11,28.96801169158537
2019-09-12,29.213329833374225
2019-09-13,29.14688889405163
2019-09-16,28.89646081059886
2019-09-17,29.12133528650149
2019-09-18,29.167332559937858
2019-09-19,29.12133528650149
2019-09-20,28.686918109303257
2019-09-23,28.712471716853393
2019-09-24,28.007180840700876
2019-09-25,28.49781712427859
2019-09-26,28.32404986347624
2019-09-27,27.84363541284164
2019-09-30,28.247389040825823
2019-10-01,27.235450974841058
2019-10-02,25.783983840378855
2019-10-03,26.397280169658643
2019-10-04,27.455215509079775
2019-10-07,27.10768098747507
2019-10-08,25.845312888422246
2019-10-09,26.545491873295564
2019-10-10,27.08212737992493
2019-10-11,27.899854519221122
2019-10-14,27.83852547117773
2019-10-15,28.671584385080948
2019-10-16,28.528482623107937
2019-10-17,28.753357099010568
2019-10-18,28.3649371952487
2019-10-21,28.97312163324929
2019-10-22,28.661364501753123
2019-10-23,28.90668264354198
2019-10-24,29.02934073962877
2019-10-25,29.407540760062812
2019-10-28,29.898177043640526
2019-10-29,29.841957937261046
2019-10-30,30.13327335248627
2019-10-31,29.857289711868077
2019-11-01,30.685240633722668
2019-11-04,31.05321687159831
2019-11-05,30.940780608454634
2019-11-06,30.976556048947888
2019-11-07,31.29342507172325
2019-11-08,31.48763599841183
2019-11-11,31.33942234515962
2019-11-12,31.492745940075743
2019-11-13,31.533633271848196
2019-11-14,31.66140325921418
2019-11-15,32.351360411144384
2019-11-18,32.407579517523864
2019-11-19,32.361582244087494
2019-11-20,32.01404772248279
2019-11-21,31.855614185902752
2019-11-22,32.03960133003293
2019-11-25,32.7755557553995
2019-11-26,32.979988515031195
2019-11-27,33.4092977001808
2019-11-29,33.0617631785761
2019-12-02,32.21336859083529
2019-12-03,31.55407693773442
2019-12-04,32.116264102298636
2019-12-05,32.305363137708014
2019-12-06,33.15886571749746
2019-12-09,32.862442310223614
2019-12-10,32.73467232285763
2019-12-11,33.01065206424525
2019-12-12,33.85904665198607
2019-12-13,33.91526575836555
2019-12-16,34.625666576181985
2019-12-17,34.630778467461184
2019-12-18,34.625666576181985
2019-12-19,35.03964008749399
2019-12-20,35.57116370284416
2019-12-23,35.673382032275285
2019-12-24,35.663670109512466
2019-12-26,36.1857255577302
2019-12-27,36.170371559971215
2019-12-30,35.57154221807611
2019-12-31,35.8325718946262
2020-01-02,36.79991280226674
2020-01-03,36.00146977485749
2020-01-06,36.37510064148339
2020-01-07,36.057770369895394
2020-01-08,36.61565701939402
2020-01-09,37.3629148477634
2020-01-10,37.0455845761754
2020-01-13,37.79284240454478
2020-01-14,37.61370592255254
2020-01-15,37.87473559910263
2020-01-16,38.79601451346621
2020-01-17,39.15940677833117
2020-01-21,38.939323699060004
2020-01-22,38.95979699769946
2020-01-23,39.04168628737487
2020-01-24,37.99245609005893
2020-01-27,36.1754908608517
2020-01-28,37.29637955584698
2020-01-29,37.19913236353015
2020-01-30,37.52157803111618
2020-01-31,35.505006926159695
2020-02-03,36.282972750047044
2020-02-04,37.93615549502102
2020-02-05,39.22082276936712
2020-02-06,39.625161631511
2020-02-07,39.01609759273738
2020-02-10,39.8708373103021
2020-02-11,40.07556639181428
2020-02-12,40.82793961618169
2020-02-13,40.67439573370938
2020-02-14,40.874005514341086
2020-02-18,40.551559846755055
2020-02-19,41.1299158900107
2020-02-20,40.59250253915154
2020-02-21,39.34366256120389
2020-02-24,35.40775973384287
2020-02-25,32.19864338865299
2020-02-26,31.845487773107763
2020-02-27,27.51036538448334
2020-02-28,27.32610960161062
2020-03-02,30.637590487556597
2020-03-03,28.032422785142295
2020-03-04,31.55886744947896
2020-03-05,28.390697701567998
2020-03-06,26.972953986065395
2020-03-09,20.672439834200695
2020-03-10,23.93785677442849
2020-03-11,20.411412110091824
2020-03-12,14.489645197071681
2020-03-13,18.51255563876797
2020-03-16,12.043142630451376
2020-03-17,14.290035416439977
2020-03-18,12.099442249268677
2020-03-19,12.022669331811915
2020-03-20,10.389960861698018
2020-03-23,9.535220167912689
2020-03-24,12.201806790024767
2020-03-25,12.676264079832686
2020-03-26,14.887300810570972
2020-03-27,13.54323671676145
2020-03-30,14.8667802849762
2020-03-31,14.174228201712927
2020-04-01,12.281253746858498
2020-04-02,13.1225757267938
2020-04-03,12.558273993080299
2020-04-06,15.097631305554797
2020-04-07,15.097631305554795
2020-04-08,16.631504390280856
2020-04-09,17.385617071855926
2020-04-13,16.877746783528043
2020-04-14,18.411619868254103
2020-04-15,17.226587890859026
2020-04-16,17.477957480087362
2020-04-17,18.90410074085842
2020-04-20,17.888358207257628
2020-04-21,16.236494057306665
2020-04-22,17.334317714814027
2020-04-23,17.313797189219255
2020-04-24,18.047389345199555
2020-04-27,18.842541121019135
2020-04-28,18.56551989632482
2020-04-29,20.00192537683829
2020-04-30,19.44275377452348
2020-05-01,17.883229054331444
2020-05-04,18.073039023720497
2020-05-05,18.55525963352743
2020-05-06,18.18589995754671
2020-05-07,18.832280858221747
2020-05-08,19.755682983591104
2020-05-11,19.78646377198326
2020-05-12,18.57065100619603
2020-05-13,17.611338939508343
2020-05-14,18.252590687257204
2020-05-15,18.468050335167206
2020-05-18,20.176345930503786
2020-05-19,19.555612751404663
2020-05-20,20.54057645355833
2020-05-21,20.0942638281247
2020-05-22,20.20199560902473
2020-05-26,20.976626859249542
2020-05-27,21.89489983169272
2020-05-28,21.787170007737718
2020-05-29,22.04367070683726
2020-06-01,22.33608134725514
2020-06-02,22.900382102496124
2020-06-03,23.823784227865477
2020-06-04,23.59293516423191
2020-06-05,25.40895862657846
2020-06-08,26.36314154033997
2020-06-09,25.788580522301597
2020-06-10,25.342269853813
2020-06-11,20.915067239410256
2020-06-12,21.679438226837682
2020-06-15,22.289911143139417
2020-06-16,23.56728352876593
2020-06-17,23.259483472624492
2020-06-18,23.29026426101665
2020-06-19,22.87986157690135
2020-06-22,23.367213296579493
2020-06-23,23.66475504686858
2020-06-24,21.874379306097946
2020-06-25,22.541280732367756
2020-06-26,20.93045665513382
2020-06-29,21.86411904330056
2020-06-30,22.756742337222786
2020-07-01,23.177403327190433
2020-07-02,23.54676496011619
2020-07-06,24.644587639151034
2020-07-07,23.864825279055015
2020-07-08,24.418865771498616
2020-07-09,24.003335891402173
2020-07-10,24.74205720030865
2020-07-13,24.09567629963361
2020-07-14,25.019078425002963
2020-07-15,25.71676063966493
2020-07-16,25.460259940565383
2020-07-17,25.680850698346593
2020-07-20,26.296450810629477
2020-07-21,26.455481948571403
2020-07-22,26.922313142654772
2020-07-23,25.947611660243524
2020-07-24,25.465389093491563
2020-07-27,25.99377990741421
2020-07-28,25.51669040747849
2020-07-29,26.44522168577402
2020-07-30,26.16307130815353
2020-07-31,26.78380253030762
2020-08-03,27.32758471689887
2020-08-04,27.635384773040307
2020-08-05,28.158646434036783
2020-08-06,28.733207452075156
2020-08-07,28.789637918988262
2020-08-10,29.04613861808781
2020-08-11,28.35358751329705
2020-08-12,29.502709549373794
2020-08-13,29.374459199824024
2020-08-14,29.353940631174286
2020-08-17,29.641220161720955
2020-08-18,29.81051156246027
2020-08-19,29.466799608055464
2020-08-20,29.733560569952395
2020-08-21,30.041362583038868
2020-08-24,30.959633598537017
2020-08-25,31.272564764549667
2020-08-26,32.22674767831118
2020-08-27,32.42681791049762
2020-08-28,33.06293854837527
2020-08-31,32.68844971946837
2020-09-01,33.62211210763512
2020-09-02,35.07390700387215
2020-09-03,31.436725055417778
2020-09-04,30.6980037465113
2020-09-08,28.174035849760365
2020-09-09,29.800251299662893
2020-09-10,28.256117952139448
2020-09-11,28.29202789345778
2020-09-14,29.420629403939753
2020-09-15,29.861810919502172
2020-09-16,29.518100922042397
2020-09-17,28.748598824743762
2020-09-18,27.743116553940357
2020-09-21,26.82484358149718
2020-09-22,27.61999535731676
2020-09-23,25.701369266996352
2020-09-24,25.911699761980177
2020-09-25,27.142903900436004
2020-09-28,28.52287695709134
2020-09-29,28.05604576300797
2020-09-30,28.68190809503327
2020-10-01,29.21543001882713
2020-10-02,28.410017980210164
2020-10-05,29.887460598023118
2020-10-06,28.635737890917554
2020-10-07,30.123442728472927
2020-10-08,30.898073978697738
2020-10-09,31.73939595863304
2020-10-12,33.26813989043292
2020-10-13,32.63201925255527
2020-10-14,32.0420668618483
2020-10-15,31.88816683377758
2020-10-16,31.821476104067088
2020-10-19,30.379943427572467
2020-10-20,30.718524272106066
2020-10-21,30.554363981237962
2020-10-22,31.08788394808679
2020-10-23,31.364905172781107
2020-10-26,29.64635127159217
2020-10-27,29.338549258505697
2020-10-28,26.327231599021655
2020-10-29,27.11212311204385
2020-10-30,26.250280606513776
2020-11-02,27.15316416323339
2020-11-03,28.57417827107827
2020-11-04,30.477412988730087
2020-11-05,32.262657619629515
2020-11-06,32.2729178824269
2020-11-09,33.48873064821414
2020-11-10,33.339959773069594
2020-11-11,34.05303140345512
2020-11-12,33.068069658246486
2020-11-13,34.437782452104436
2020-11-16,35.689507116155035
2020-11-17,35.16624741210359
2020-11-18,33.86835058699224
2020-11-19,34.304404906573524
2020-11-20,33.60159158204035
2020-11-23,34.21206449834209
2020-11-24,35.84853629715194
2020-11-25,35.67924881030269
2020-11-27,35.95626612110694
2020-11-30,35.48943688396861
2020-12-01,36.65394833576891
2020-12-02,36.864280787697766
2020-12-03,36.843760262103
2020-12-04,37.78255376014095
2020-12-07,37.59274183380686
2020-12-08,37.9005418899483
2020-12-09,36.88993242316374
2020-12-10,36.81810862663701
2020-12-11,36.679599971234886
2020-12-14,36.20250851435413
2020-12-15,37.659434520462376
2020-12-16,37.844111423035194
2020-12-17,38.48023597480291
2020-12-18,38.033923349369275
2020-12-21,37.65430341059117
2020-12-22,37.402933821362836
2020-12-23,37.5142524633268
2020-12-24,37.95046392731075
2020-12-28,38.91526528542683
2020-12-29,38.68432704072778
2020-12-30,38.838285870527145
2020-12-31,39.44385126422327
2021-01-04,37.82729921267267
2021-01-05,38.576557426002495
2021-01-06,39.300158444589556
2021-01-07,41.029609200612576
2021-01-08,41.73268211420401
2021-01-11,40.90131148089167
2021-01-12,40.932105596052956
2021-01-13,41.229753330150345
2021-01-14,40.803807876332044
2021-01-15,39.90059083320285
2021-01-19,40.84486017098761
2021-01-20,42.52299653752509
2021-01-21,42.6205040574204
2021-01-22,42.18942168318359
2021-01-25,42.6974795569844
2021-01-26,42.497335427446636
2021-01-27,39.36687184932358
2021-01-28,40.357330402182434
2021-01-29,37.981258042472035
2021-02-01,39.79282121847757
2021-02-02,41.49661477975782
2021-02-03,41.62491249947873
2021-02-04,43.02079231649594
2021-02-05,43.518588095466775
2021-02-08,44.5039136432428
2021-02-09,44.38074892860472
2021-02-10,44.34995481344343
2021-02-11,44.5347038430684
2021-02-12,45.20698264149855
2021-02-16,45.07355583203049
2021-02-17,45.11461204202175
2021-02-18,44.54496985323406
2021-02-19,44.29863650862221
2021-02-22,43.29278285585056
2021-02-23,43.4262135806543
2021-02-24,44.85801660257993
2021-02-25,41.64030759939154
2021-02-26,40.92183958588731
2021-03-01,43.888082239381035
2021-03-02,42.88736159169221
2021-03-03,41.19896313032476
2021-03-04,39.63886238867822
2021-03-05,41.835318723846484
2021-03-08,41.21949123532039
2021-03-09,42.964341006591894
2021-03-10,43.74952242483015
2021-03-11,45.09921302677327
2021-03-12,45.28396205639824
2021-03-15,46.099937589797776
2021-03-16,45.935716665168435
2021-03-17,46.35653302923959
2021-03-18,44.33969271861346
2021-03-19,44.10362538416727
2021-03-22,45.114612042021754
2021-03-23,44.09797981465927
2021-03-24,43.404939018336606
2021-03-25,44.11851484998125
2021-03-26,46.27977738023718
2021-03-29,46.19250641761186
2021-03-30,45.807483317804
2021-03-31,46.377313902194736
2021-04-01,47.819869779468654
2021-04-05,49.89386134709927
2021-04-06,49.81685594380619
2021-04-07,50.017067642373675
2021-04-08,50.69984287936409
2021-04-09,51.80357654881148
2021-04-12,51.84977744079281
2021-04-13,52.286136170576896
2021-04-14,51.783041513489486
2021-04-15,53.44120547000049
2021-04-16,54.01617470904361
2021-04-19,53.2050584387839
2021-04-20,52.04485440136542
2021-04-21,53.48227554064446
2021-04-22,52.03458884203318
2021-04-23,53.69788753653907
2021-04-26,54.04184056570296
2021-04-27,53.98537411438939
2021-04-28,53.908368711096315
2021-04-29,54.91456194192864
2021-04-30,53.87756419978457
2021-05-03,54.226651966943336
2021-05-04,53.225593474105885
2021-05-05,53.220458736111006
2021-05-06,54.503869068803894
2021-05-07,55.710273998203704
2021-05-10,54.057244779687565
2021-05-11,52.64035867573052
2021-05-12,49.28809151340189
2021-05-13,50.99759109988911
2021-05-14,53.35393450737516
2021-05-17,52.95351111024018
2021-05-18,51.62389596890844
2021-05-19,51.17727167979212
2021-05-20,52.81490060098114
2021-05-21,52.68655956771185
2021-05-24,54.29852263224152
2021-05-25,53.94430404374539
2021-05-26,54.26258729959242
2021-05-27,54.293391810904154
2021-05-28,54.61167506675119
2021-06-01,54.45253343882768
2021-06-02,54.734885278683116
2021-06-03,54.12398070699089
2021-06-04,55.551132370280186
2021-06-07,55.46386140765487
2021-06-08,55.47926170498198
2021-06-09,55.21744490044853
2021-06-10,55.982360278726894
2021-06-11,56.259573463929954
2021-06-14,56.65486603972757
2021-06-15,56.31091301056368
2021-06-16,55.386856004361796
2021-06-17,55.34578593371782
2021-06-18,53.11778747615857
2021-06-21,55.366320969039805
2021-06-22,56.19283753662663
2021-06-23,56.03883064669799
2021-06-24,57.01935410421345
2021-06-25,57.60972364058368
2021-06-28,57.9844772644018
2021-06-29,58.051217108362636
2021-06-30,58.21035873628615
2021-07-01,59.18575137246425
2021-07-02,60.53589763246047
2021-07-06,60.14060897332036
2021-07-07,60.81311473432103
2021-07-08,59.360293297714875
2021-07-09,61.213538131456005
2021-07-12,61.9014481064413
2021-07-13,61.27000849942709
2021-07-14,61.48048967398433
2021-07-15,60.859319542959874
2021-07-16,59.45269899833506
2021-07-19,56.83967744096794
2021-07-20,59.267887597094685
2021-07-21,60.6745081417195
2021-07-22,61.069796800859606
2021-07-23,62.9127760752685
2021-07-26,63.38507013770168
2021-07-27,62.532883796798
2021-07-28,62.43021253684557
2021-07-29,63.20539347445618
2021-07-30,62.24540113560519
2021-08-02,61.860378035797325
2021-08-03,63.37480066171193
2021-08-04,62.47128260748954
2021-08-05,63.61608243092339
2021-08-06,63.97543967407191
2021-08-09,63.77522797550442
2021-08-10,63.970304936077035
2021-08-11,64.43746426051534
2021-08-12,65.00729876156359
2021-08-13,65.36665600471211
2021-08-16,65.85435036447241
2021-08-17,64.58120950776927
2021-08-18,62.46101313149981
2021-08-19,62.68175986538929
2021-08-20,64.24752203793763
2021-08-23,65.89028961377903
2021-08-24,66.21884234561581
2021-08-25,66.60386544542368
2021-08-26,65.45906170533232
2021-08-27,67.14289151850268
2021-08-30,68.03614793005033
2021-08-31,67.83080541014547
2021-09-01,67.94374614608765
2021-09-02,68.50844199248351
2021-09-03,68.42630185119556
2021-09-07,67.72299549554066
2021-09-08,67.47658290499183
2021-09-09,66.56279537477968
2021-09-10,65.01756823755335
2021-09-13,65.4590617053323
2021-09-14,64.44259899851023
2021-09-15,66.05969288437727
2021-09-16,65.69007399855403
2021-09-17,63.82142886748578
2021-09-20,60.63857280907041
2021-09-21,60.46402696716227
2021-09-22,62.173530470307
2021-09-23,64.43746426051536
2021-09-24,64.76088617101477
2021-09-27,64.20645196729365
2021-09-28,60.33055119589811
2021-09-29,60.57183296510958
2021-09-30,58.37463510220455
2021-10-01,60.45376140783004
2021-10-04,58.09228717900662
2021-10-05,59.85825713346493
2021-10-06,60.63857280907042
2021-10-07,62.17866520830189
2021-10-08,61.81930796515337
2021-10-11,60.50509703780625
2021-10-12,60.08413860534928
2021-10-13,60.679638963056874
2021-10-14,63.73929264285534
2021-10-15,65.20751046013109
2021-10-18,65.81841894848081
2021-10-19,67.31744127706831
2021-10-20,68.07208717935693
2021-10-21,68.62138272842567
2021-10-22,68.39037043520395
2021-10-25,69.427368177348
2021-10-26,69.69431188656131
2021-10-27,68.74459294035758
2021-10-28,70.70563985538851
2021-10-29,71.15740279915721
2021-11-01,71.54242589896508
2021-11-02,72.384342763879
2021-11-03,73.73449294053273
2021-11-04,74.72528195738043
2021-11-05,75.53639822764013
2021-11-08,75.74687940219738
2021-11-09,74.96656372659189
2021-11-10,73.1749200821592
2021-11-11,73.25706022344716
2021-11-12,74.88442358530394
2021-11-15,74.91522417995816
2021-11-16,75.81361141284317
2021-11-17,75.23864609045756
2021-11-18,75.9932919927462
2021-11-19,75.62880784491783
2021-11-22,74.95629425060214
2021-11-23,75.31051675575578
2021-11-24,75.81875006749557
2021-11-26,70.88018961395414
2021-11-29,73.39053991136883
2021-11-30,69.2271564787805
2021-12-01,66.77840737067426
2021-12-02,69.79185232517636
2021-12-03,67.95400778876235
2021-12-06,70.38222577820412
2021-12-07,74.74068225470755
2021-12-08,75.39778771838111
2021-12-09,73.84229502182252
2021-12-10,75.97276087408173
2021-12-13,73.94496628177495
2021-12-14,72.39461223986875
2021-12-15,75.741740747545
2021-12-16,73.71395398855324
2021-12-17,71.39868456836867
2021-12-20,69.10907708818594
2021-12-21,72.76936586368687
2021-12-22,74.94089395327504
2021-12-23,76.31208986605672
2021-12-27,79.52707364403902
2021-12-28,79.38327330394412
2021-12-29,79.67087398413393
2021-12-30,78.98781845041775
2021-12-31,78.35098277533261
2022-01-03,79.72222677043597
2022-01-04,79.65546736459028
2022-01-05,75.02815266054454
2022-01-06,74.82272584227489
2022-01-07,73.97532258471836
2022-01-10,73.6415020458975
2022-01-11,75.66498833562967
2022-01-12,76.33263724980218
2022-01-13,73.10224685227618
2022-01-14,73.16388116698171
2022-01-18,69.29152216669962
2022-01-19,67.14478292061797
2022-01-20,64.90559220247805
2022-01-21,61.08459774329416
2022-01-24,61.844686374728774
2022-01-25,59.543873096679505
2022-01-26,59.163824862696806
2022-01-27,58.24966219929457
2022-01-28,62.543148527988656
2022-01-31,65.90193264606586
2022-02-01,67.35020973888763
2022-02-02,69.20934830477947
2022-02-03,64.34066061570576
2022-02-04,65.23427981362795
2022-02-07,64.56663481772084
2022-02-08,66.11763315620821
2022-02-09,69.02446103372446
2022-02-10,65.36781038011553
2022-02-11,61.47491183261879
2022-02-14,60.86889331488641
2022-02-15,63.755185563453416
2022-02-16,64.00170323094854
2022-02-17,59.94446087787685
2022-02-18,58.74269361601941
2022-02-22,56.87328135825486
2022-02-23,53.70966212137076
2022-02-24,56.20563636234775
2022-02-25,59.87256070782941
2022-02-28,59.410342530191926
2022-03-01,56.78083772272736
2022-03-02,59.86228701595668
2022-03-03,58.98921128351453
2022-03-04,57.561473737907406
2022-03-07,52.446268381338584
2022-03-08,51.20341418852105
2022-03-09,55.36337386899295
2022-03-10,54.57246808020558
2022-03-11,52.52843832499335
2022-03-14,51.35748822048867
2022-03-15,54.74708165938784
2022-03-16,58.321562369342
2022-03-17,60.509392464649125
2022-03-18,62.502061597028536
2022-03-21,62.502061597028536
2022-03-22,64.63853498776825
2022-03-23,62.17851098854562
2022-03-24,64.93286517738326
2022-03-25,65.90921882507519
2022-03-28,67.3069512696235
2022-03-29,69.85575979823052
2022-03-30,68.57107981912834
2022-03-31,65.39535075396647
2022-04-01,65.85783633054969
2022-04-04,67.59471833037209
2022-04-05,65.08702834308838
2022-04-06,63.103482141712036
2022-04-07,64.02844937434631
2022-04-08,63.57624343309392
2022-04-11,60.25663083755774
2022-04-12,59.55776461528358
2022-04-13,61.59269723171758
2022-04-14,59.331659684391305
2022-04-18,59.3522150345208
2022-04-19,62.1990663386751
2022-04-20,62.0551828083008
2022-04-21,59.29054898413232
2022-04-22,54.460155399133846
2022-04-25,55.33373621671046
2022-04-26,50.55472512623748
2022-04-27,50.92471358750406
2022-04-28,54.778753524810604
2022-04-29,48.77672850562392
2022-05-02,49.62975789360321
2022-05-03,50.297789130417044
2022-05-04,54.86097492532858
2022-05-05,49.06449948690468
2022-05-06,48.170359398666406
2022-05-09,43.54551147389855
2022-05-10,43.78189211958949
2022-05-11,41.70585272342867
2022-05-12,41.56196527252221
2022-05-13,44.53214867745347
2022-05-16,44.0182766858126
2022-05-17,46.64929877387329
2022-05-18,41.08920398114033
2022-05-19,40.24645422849187
2022-05-20,40.31839599367902
2022-05-23,42.599988891134785
2022-05-24,41.62363132291069
2022-05-25,42.74387242150908
2022-05-26,45.25156632932496
2022-05-27,48.59173427499063
2022-05-31,47.7387088075435
2022-06-01,46.608188073614286
2022-06-02,49.20838301727897
2022-06-03,46.813737654377064
2022-06-06,47.1940018304423
2022-06-07,48.550627495263804
2022-06-08,46.99873188501036
2022-06-09,43.6174532390857
2022-06-10,39.80452400203814
2022-06-13,35.251617842457435
2022-06-14,34.90218473132036
2022-06-15,36.37185894105583
2022-06-16,32.887807465015854
2022-06-17,32.959749230203
2022-06-21,35.45716742322022
2022-06-22,35.241342127658775
2022-06-23,36.26908611094052
2022-06-24,39.7120268867215
2022-06-27,39.32148307532543
2022-06-28,36.906286282826194
2022-06-29,36.77267846725056
2022-06-30,35.83743159928546
2022-07-01,36.947396983085184
2022-07-05,37.163222278646636
2022-07-06,37.5537660900427
2022-07-07,39.20843453041145
2022-07-08,39.136492765224304
2022-07-11,37.77986710040281
2022-07-12,36.772678467250564
2022-07-13,36.18686471042254
2022-07-14,35.89909764967394
2022-07-15,37.9648613310361
2022-07-18,37.0090591129415
2022-07-19,39.96896288254193
2022-07-20,40.71921551987375
2022-07-21,41.962788719249104
2022-07-22,40.84254762065072
2022-07-25,40.945320450766026
2022-07-26,39.465370526231894
2022-07-27,42.538322840746304
2022-07-28,44.131325230726574
2022-07-29,46.094316081973425
2022-08-01,45.63183442592237
2022-08-02,44.74797397301492
2022-08-03,46.78290658944892
2022-08-04,46.70068518893094
2022-08-05,46.43347347831184
2022-08-08,46.29986566273621
2022-08-09,45.70377619110952
2022-08-10,48.560903210062484
2022-08-11,48.57117892486115
2022-08-12,51.006934988022046
2022-08-15,51.63385944510906
2022-08-16,51.93190222065632
2022-08-17,50.81166112205793
2022-08-18,51.2227602835835
2022-08-19,49.177548031818674
2022-08-22,46.073764652376106
2022-08-23,45.724331541239025
2022-08-24,46.11487143210292
2022-08-25,48.07786228334977
2022-08-26,43.165247297833325
2022-08-29,42.322497545184866
2022-08-30,40.90420975050705
2022-08-31,39.94840753241245
2022-09-01,40.297840643549534
2022-09-02,39.03371601457685
2022-09-06,38.57123043799363
2022-09-07,40.63699803988795
2022-09-08,41.40780602734926
2022-09-09,43.32968617833711
2022-09-12,44.717138987554605
2022-09-13,38.91038783433204
2022-09-14,39.30093164572811
2022-09-15,37.97514096636694
2022-09-16,37.10155622825816
2022-09-19,37.91347491597846
2022-09-20,36.649350287005774
2022-09-21,34.6966351505576
2022-09-22,33.80249898285148
2022-09-23,32.06561306249691
2022-09-26,31.12008851946706
2022-09-27,30.893983588574784
2022-09-28,32.66170449438968
2022-09-29,30.60621652782619
2022-09-30,29.198206408213125
2022-10-03,31.500352695532307
2022-10-04,34.39859237501034
2022-10-05,34.13137674385907
2022-10-06,33.07280169564916
2022-10-07,30.308169831746763
2022-10-10,29.640136634666845
2022-10-11,29.013212177579835
2022-10-12,28.74599850669465
2022-10-13,30.97620302882668
2022-10-14,28.859050972140786
2022-10-17,31.04814479401383
2022-10-18,31.97311594718027
2022-10-19,31.479797345402808
2022-10-20,30.6473252678191
2022-10-21,32.856974439821634
2022-10-24,34.04915926387326
2022-10-25,35.693548068911184
2022-10-26,34.90218473132038
2022-10-27,34.29581562436287
2022-10-28,36.70073670206344
2022-10-31,35.92992871460213
2022-11-01,35.45716742322024
2022-11-02,32.764477324504995
2022-11-03,31.69562460123034
2022-11-04,33.07280169564917
2022-11-07,34.028603913743765
2022-11-08,34.54247590538464
2022-11-09,32.384213148439756
2022-11-10,37.70792533521569
2022-11-11,38.82816643381408
2022-11-14,37.84153315079132
2022-11-15,38.79733536888592
2022-11-16,37.89291956584898
2022-11-17,37.48182432485558
2022-11-18,37.985416681165624
2022-11-21,37.55376609004273
2022-11-22,39.064547079505026
2022-11-23,39.75313758698052
2022-11-25,39.71202688672153
2022-11-28,37.84153315079133
2022-11-29,37.59487679030172
2022-11-30,41.09948361647118
2022-12-01,41.0378175660827
2022-12-02,40.86309905024808
2022-12-05,38.63289648838213
2022-12-06,36.97822804801338
2022-12-07,36.77267846725059
2022-12-08,37.61542821989905
2022-12-09,36.752123117121094
2022-12-12,38.334849792302705
2022-12-13,39.1673238301525
2022-12-14,38.447902257748844
2022-12-15,35.590775238795885
2022-12-16,34.295815624362874
2022-12-19,33.42223480678625
2022-12-20,33.52500763690156
2022-12-21,35.03579254689602
2022-12-22,33.53117692358441
2022-12-23,34.03687726871932
2022-12-27,33.655021343645984
2022-12-28,32.39592393936675
2022-12-29,34.04719993360795
2022-12-30,33.82014854937579
2023-01-03,33.3763684458001
2023-01-04,34.10912017516717
2023-01-05,32.932588342224406
2023-01-06,35.16180758804836
2023-01-09,35.120524802380125
2023-01-10,35.83263907585621
2023-01-11,37.163975449640155
2023-01-12,37.54583531165663
2023-01-13,37.96897402239821
2023-01-17,37.76256403100017
2023-01-18,35.97712488875191
2023-01-19,35.141166195214254
2023-01-20,37.05045369446722
2023-01-23,38.402431461085285
2023-01-24,38.26826831307822
2023-01-25,38.30954716180332
2023-01-26,39.496401659634714
2023-01-27,39.78537328542609
2023-01-30,38.29922843385783
2023-01-31,39.95050049115589
2023-02-01,41.18895650260101
2023-02-02,42.96407691690378
2023-02-03,41.59145382050847
2023-02-06,40.858702091141396
2023-02-07,42.4170898491575
2023-02-08,41.0238292968712
2023-02-09,39.91954037037628
2023-02-10,40.13626908971982
2023-02-13,41.53985230689474
2023-02-14,41.477928128392385
2023-02-15,41.859787990408854
2023-02-16,40.1053089689402
2023-02-17,39.77505455748059
2023-02-21,37.39102683387232
2023-02-22,37.225899628142514
2023-02-23,37.74192263816605
2023-02-24,36.52410801955506
2023-02-27,36.875003823848786
2023-02-28,36.46218777799584
2023-03-01,36.03904513031113
2023-03-02,36.82340231023506
2023-03-03,38.56755866681509
2023-03-06,38.681084358931166
2023-03-07,36.89564521668291
2023-03-08,37.06077242241272
2023-03-09,34.97603898948445
2023-03-10,33.45893008019345
2023-03-13,33.23188263290442
2023-03-14,34.924437475870725
2023-03-15,34.2639286529515
2023-03-16,36.00808500953153
2023-03-17,34.790270390920526
2023-03-20,35.739754776574266
2023-03-21,37.112373936026444
2023-03-22,35.2577900726009
2023-03-23,35.48539048165966
2023-03-24,36.17854740707891
2023-03-27,36.35442062983028
2023-03-28,36.11647241559123
2023-03-29,37.65796782535188
2023-03-30,38.2993936179324
2023-03-31,39.90296007264938
2023-04-03,40.31678545617114
2023-04-04,39.66501185841034
2023-04-05,39.3029176077273
2023-04-06,39.737430708546945
2023-04-10,39.851232886342
2023-04-11,39.851232886342
2023-04-12,39.396028121693135
2023-04-13,40.87544459343477
2023-04-14,40.59611699806863
2023-04-17,40.999594576410104
2023-04-18,41.08235728519565
2023-04-19,41.040973957537204
2023-04-20,40.31678545617114
2023-04-21,40.40989597013697
2023-04-24,40.53404200658096
2023-04-25,38.578725159829894
2023-04-26,38.08213706752259
2023-04-27,40.28574598716164
2023-04-28,41.34099716326392
2023-05-01,41.19615946299071
2023-05-02,39.80984955868355
2023-05-03,38.96151107434215
2023-05-04,38.102828731351806
2023-05-05,40.161599950717644
2023-05-08,40.21332713702503
2023-05-09,39.665011858410345
2023-05-10,40.202983278376095
2023-05-11,39.965035064137055
2023-05-12,39.80984955868356
2023-05-15,40.17194775589794
2023-05-16,39.36498865268364
2023-05-17,40.76164636217108
2023-05-18,41.94104357471735
2023-05-19,41.734130882956464
2023-05-22,41.734130882956464
2023-05-23,40.358164837298254
2023-05-24,39.45809916664947
2023-05-25,40.38920430630776
2023-05-26,41.98242690237579
2023-05-30,42.00311461967367
2023-05-31,41.278926118307595
2023-06-01,42.427283861844366
2023-06-02,44.268802477331725
2023-06-05,43.968779271605015
2023-06-06,44.258454672151444
2023-06-07,43.803249907502575
2023-06-08,44.55847787787815
2023-06-09,44.75504276445874
2023-06-12,45.96547944601452
2023-06-13,46.886236780492524
2023-06-14,47.01038281693652
2023-06-15,48.70706373215067
2023-06-16,48.23116335714125
2023-06-20,47.47593538676568
2023-06-21,46.70518918156726
2023-06-22,47.1514835282643
2023-06-23,46.09283209837236
2023-06-26,45.50123335214568
2023-06-27,46.94390411782998
2023-06-28,47.0165563175948
2023-06-29,47.52512567519651
2023-06-30,49.175375851315145
2023-07-03,49.39333245060962
2023-07-05,49.10272365155032
2023-07-06,47.919522199849006
2023-07-07,47.504367338228285
2023-07-10,47.85725114819226
2023-07-11,48.780975367414705
2023-07-12,49.89152066010325
2023-07-13,51.043582626728245
2023-07-14,50.919036564166824
2023-07-17,51.437983110628686
2023-07-18,52.590041118005736
2023-07-19,52.891031065173124
2023-07-20,51.82200244642104
2023-07-21,51.80124410945281
2023-07-24,52.4758762035524
2023-07-25,52.880653876312984
2023-07-26,52.859895539344755
2023-07-27,51.79086692059267
2023-07-28,53.275054360213424
2023-07-31,53.576040348132864
2023-08-01,53.06747494977909
2023-08-02,50.86713874212229
2023-08-03,50.368950532628666
2023-08-04,49.663182912700705
2023-08-07,50.919036564166845
2023-08-08,50.234027281207105
2023-08-09,49.227269714111756
2023-08-10,49.21688856600367
2023-08-11,49.12348198851856
2023-08-14,49.88114347124313
2023-08-15,48.199753810048186
2023-08-16,47.05807299153127
2023-08-17,45.95790488770287
2023-08-18,45.978663224671095
2023-08-21,46.89201025503339
2023-08-22,46.48723258227281
2023-08-23,47.971420021893564
2023-08-24,45.98904437277918
2023-08-25,46.93352692896985
2023-08-28,47.794976137287605
2023-08-29,49.83962679730667
2023-08-30,50.472742217469815
2023-08-31,50.16137508144229
2023-09-01,50.41046720656513
2023-09-05,49.77735178640199
2023-09-06,48.73945869347827
2023-09-07,48.24127048398464
2023-09-08,48.40733322048252
2023-09-11,49.37257411364141
2023-09-12,48.5215020941838
2023-09-13,48.70832316764991
2023-09-14,49.90190180821136
2023-09-15,48.07520774748678
2023-09-18,48.147859947251604
2023-09-19,47.846870000084216
2023-09-20,46.483079584571875
2023-09-21,44.16568080844509
2023-09-22,43.80196502276332
2023-09-25,44.37352009920813
2023-09-26,42.36787827712354
2023-09-27,42.44062143425989
2023-09-28,43.12648831883461
2023-09-29,42.783552894444874
2023-10-02,42.741988207656064
2023-10-03,40.996144507974094
2023-10-04,41.86906635781508
2023-10-05,41.76514473033118
2023-10-06,43.23040598211376
2023-10-09,44.03058467481839
2023-10-10,44.7060613787471
2023-10-11,45.27761645519191
2023-10-12,44.41508875020169
2023-10-13,43.73961204627298
2023-10-16,45.09056148992565
2023-10-17,45.048992838932094
2023-10-18,43.261584452461314
2023-10-19,42.07690564857813
2023-10-20,40.4661541183181
2023-10-23,40.26870897240582
2023-10-24,41.16241514774358
2023-10-25,39.37500279706804
2023-10-26,37.92013569013623
2023-10-27,37.37975511983421
2023-10-30,38.7099202379901
2023-10-31,39.40617730321084
2023-11-01,40.66360322843512
2023-11-02,42.94982749841911
2023-11-03,44.10332783195474
2023-11-06,44.38391027985414
2023-11-07,44.758020210386675
2023-11-08,44.86193787366582
2023-11-09,43.750002226918994
2023-11-10,45.786822519351134
2023-11-13,45.64133224087368
2023-11-14,48.2704919352474
2023-11-15,48.582248889289595
2023-11-16,48.70695087806553
2023-11-17,48.89400584333179
2023-11-20,49.97476698393582
2023-11-21,49.600657053403296
2023-11-22,50.172212129848106
2023-11-24,50.21378078084166
2023-11-27,49.95398265843904
2023-11-28,50.06829446656895
2023-11-29,49.92280815229624
2023-11-30,50.48397304809504
2023-12-01,51.336110572439246
2023-12-04,50.55671620523139
2023-12-05,50.49436322874106
2023-12-06,49.86045517580591
2023-12-07,50.941216316409935
2023-12-08,51.59590869484186
2023-12-11,52.18824809678345
2023-12-12,52.88450516200419
2023-12-13,55.02524311771547
2023-12-14,55.513660892173164
2023-12-15,55.264256914621306
2023-12-18,56.14756894510831
2023-12-19,57.124412422433196
2023-12-20,54.67087943016744
2023-12-21,56.233202092063884
2023-12-22,56.545665829804776
2023-12-26,57.212256196503205
2023-12-27,57.5247199342441
2023-12-28,57.51430619803593
2023-12-29,57.01436342301211
2024-01-02,55.983228717955974
2024-01-03,54.629216538950786
2024-01-04,54.05636569089382
2024-01-05,54.26467220059309
2024-01-08,56.524834384196446
2024-01-09,56.24361582827205
2024-01-10,57.212256196503205
2024-01-11,57.066440050436924
2024-01-12,57.149761859678236
2024-01-16,56.514416674796294
2024-01-17,55.51453112474865
2024-01-18,56.95186908618714
2024-01-19,59.08704259614055
2024-01-22,59.42033777948976
2024-01-23,59.909866818305424
2024-01-24,60.07651440998003
2024-01-25,61.034737068811026
2024-01-26,60.78476766789511
2024-01-29,62.201274183725275
2024-01-30,62.00337743704218
2024-01-31,58.98288934129092
2024-02-01,61.2118023698858
2024-02-02,63.10742021513147
2024-02-05,62.39916695721639
2024-02-06,62.90952744164037
2024-02-07,64.45101865792849
2024-02-08,64.52392673096163
2024-02-09,65.58630661783425
2024-02-12,65.4613179441843
2024-02-13,62.78453876799041
2024-02-14,64.44060094852833
2024-02-15,65.65921469086739
2024-02-16,64.64891143141958
2024-02-20,63.565700098938635
2024-02-21,63.711516245004916
2024-02-22,67.63815831854635
2024-02-23,67.72147615459566
2024-02-26,66.97156795184792
2024-02-27,67.30486313519712
2024-02-28,66.98197771486407
2024-02-29,67.63815831854633
2024-03-01,69.54418592680817
2024-03-04,69.27338905347592
2024-03-05,67.16945675214701
2024-03-06,68.21100519341131
2024-03-07,70.18994882109027
2024-03-08,68.8880132695099
2024-03-11,68.65887134101033
2024-03-12,70.85653918778871
2024-03-13,70.48158111322284
2024-03-14,69.9920520744072
2024-03-15,68.4713923037274
2024-03-18,69.70041978227464
2024-03-19,70.86695689718889
2024-03-20,72.77611423646027
2024-03-21,73.39170765417241
2024-03-22,73.04739660446073
2024-03-25,72.43179522635162
2024-03-26,71.82662992865711
2024-03-27,73.65255394175827
2024-03-28,73.61082554089386
2024-04-01,73.23520624993843
2024-04-02,71.75359328654895
2024-04-03,71.96227509285583
2024-04-04,69.21816705279834
2024-04-05,71.36754587557591
2024-04-08,71.43014643726949
2024-04-09,71.68055664444078
2024-04-10,69.57292214332155
2024-04-11,71.05452714631407
2024-04-12,68.02870861823848
2024-04-15,65.49328636468634
2024-04-16,65.07593071246954
2024-04-17,63.91777255875648
2024-04-18,63.41694816421541
2024-04-19,61.72666533511449
2024-04-22,63.38564788336862
2024-04-23,65.66022782953337
2024-04-24,65.60805936805589
2024-04-25,64.72117960214482
2024-04-26,66.58883997650734
2024-04-29,67.23574163546323
2024-04-30,64.06384982317131
2024-05-01,63.33347942189115
2024-05-02,65.07593071246956
2024-05-03,67.49658792304912
2024-05-06,69.58335822373616
2024-05-07,69.79203206964608
2024-05-08,69.76073178879929
2024-05-09,70.88758966166556
2024-05-10,71.1901723105128
2024-05-13,71.14843594925142
2024-05-14,72.10834837707219
2024-05-15,74.74811153377777
2024-05-16,74.24729111943519
2024-05-17,74.53943768786786
2024-05-20,74.75854761419237
2024-05-21,75.26980410894954
2024-05-22,74.58117404912925
2024-05-23,72.84915087856847
2024-05-24,74.2994556007142
2024-05-28,74.43509280451595
2024-05-29,72.82828667813627
2024-05-30,71.33624559472916
2024-05-31,73.21433408910931
2024-06-03,73.39170765417244
2024-06-04,73.57951729965013
2024-06-05,76.18798017550893
2024-06-06,76.15667989466213
2024-06-07,75.79149668412128
2024-06-10,76.48013470433855
2024-06-11,77.00182727951031
2024-06-12,78.87991577389046
2024-06-13,79.37030806821542
2024-06-14,79.38074414863
2024-06-17,81.24840452299253
2024-06-18,81.84313374027246
2024-06-20,81.12319543920842
2024-06-21,80.5493304223607
2024-06-24,79.91286484381939
2024-06-25,80.79974858992895
2024-06-26,81.12632432099593
2024-06-27,81.42977729012895
2024-06-28,80.40431525708311
2024-07-01,80.86472775967025
2024-07-02,82.4447732253996
2024-07-03,83.48069337292715
2024-07-05,84.88285509294546
2024-07-08,85.14445165427115
2024-07-09,85.3537257100143
2024-07-10,87.8127317898171
2024-07-11,85.55254165127575
2024-07-12,87.08026461142255
2024-07-15,87.79180757756016
2024-07-16,89.32999663548217
2024-07-17,85.52115134124361
2024-07-18,83.49115947070234
2024-07-19,81.73323025926196
2024-07-22,84.2759491546794
2024-07-23,83.83646884764268
2024-07-24,78.10226871073442
2024-07-25,76.8256762141381
2024-07-26,79.35792901178034
2024-07-29,79.43118371291328
2024-07-30,78.206905738606
2024-07-31,81.85879948268393
2024-08-01,78.48943449548209
2024-08-02,74.05275106742707
2024-08-05,67.52330313206004
2024-08-06,69.37541125689029
2024-08-07,67.92093501458294
2024-08-08,72.60874092289494
2024-08-09,73.49816763474358
2024-08-12,73.58188045035824
2024-08-13,77.19190980333536
2024-08-14,77.9348510627986
2024-08-15,81.89018979271606
2024-08-16,82.31920400197757
2024-08-19,84.68403915168398
2024-08-20,84.22362664909684
2024-08-21,85.1339855564959
2024-08-22,83.06213727814729
2024-08-23,85.60485617356473
2024-08-26,84.93516961523444
2024-08-27,85.29094508995
2024-08-28,83.78414634206011
2024-08-29,83.74228993425278
2024-08-30,86.01294617056932
2024-09-03,80.71823432399128
2024-09-04,80.12179448350045
2024-09-05,79.53582074078483
2024-09-06,75.46537888522059
2024-09-09,77.93485106279859
2024-09-10,78.92891480251882
2024-09-11,81.30420806670695
2024-09-12,83.35513213279864
2024-09-13,84.57940212381243
2024-09-16,84.97702602304182
2024-09-17,85.05027274088127
2024-09-18,84.23409274687208
2024-09-19,88.51380865817949
2024-09-20,87.91736881768865
2024-09-23,88.59752147379415
2024-09-24,89.35092084773909
2024-09-25,88.70216520763226
2024-09-26,89.77225281826335
2024-09-27,89.26867699886476
2024-09-30,90.42270325080608
2024-10-01,87.91533349261744
2024-10-02,87.92581881922337
2024-10-03,87.43273633049682
2024-10-04,89.71979416896926
2024-10-07,87.30684837869677
2024-10-08,89.73028749964132
2024-10-09,91.55573483733723
2024-10-10,91.05216702200475
2024-10-11,92.55239314546235
2024-10-14,94.82895765326273
2024-10-15,92.6258304520344
2024-10-16,93.75887004263164
2024-10-17,93.7798486999096
2024-10-18,94.74502701601861
2024-10-21,94.29390984591413
2024-10-22,94.09458458754199
2024-10-23,91.45082554281511
2024-10-24,92.01734533811373
2024-10-25,91.83899873701957
2024-10-28,92.66779577065645
2024-10-29,93.06645429146684
2024-10-30,92.21667860055197
2024-10-31,86.71934992612017
2024-11-01,87.76845887947329
2024-11-04,87.17045909215855
2024-11-05,90.31778595221789
2024-11-06,97.04257818516308
2024-11-07,99.22472672911343
2024-11-08,100.48365427151072
2024-11-11,100.693480864621
2024-11-12,99.71780921783996
2024-11-13,99.84369716964001
2024-11-14,97.881868549472
2024-11-15,94.0211472809699
2024-11-18,95.16467219817306
2024-11-19,96.20328782085414
2024-11-20,96.25574647014824
2024-11-21,97.74547926293378
2024-11-22,98.55329763929271
2024-11-25,99.51847595540171
2024-11-26,101.11311804270936
2024-11-27,100.07450242002828
2024-11-29,101.81602712454618
2024-12-02,102.41401890779481
2024-12-03,102.4664695530228
2024-12-04,104.32339688273484
2024-12-05,103.81982106333626
2024-12-06,104.3653622013569
2024-12-09,102.66580281546105
2024-12-10,101.70062449935205
2024-12-11,104.05062631372452
2024-12-12,102.39303224645073
2024-12-13,102.24615763330658
2024-12-16,103.47361318775387
2024-12-17,102.15174166945654
2024-12-18,93.09792627941685
2024-12-19,92.88810769037268
2024-12-20,95.97249057453199
2024-12-23,97.84514877561672
2024-12-24,100.96954620201203
2024-12-26,100.95902410239836
2024-12-27,97.73995185751126
2024-12-30,94.32099985001653
2024-12-31,93.24797041771392
2025-01-02,92.4695035925211
2025-01-03,95.85689732718524
2025-01-06,97.51902789567632
2025-01-07,94.25787527834495
2025-01-08,94.51034948700011
2025-01-10,90.1551312641492
2025-01-13,90.58644906219506
2025-01-14,90.84944537046388
2025-01-15,95.80429485512731
2025-01-16,95.25726606537272
2025-01-17,97.9398235941085
2025-01-21,100.4961480315219
2025-01-22,102.23192527129822
2025-01-23,103.90457793940296
2025-01-24,102.92623135160251
2025-01-27,98.539454855921
2025-01-28,101.0011044748426
2025-01-29,99.61248428822361
2025-01-30,101.20097621143985
2025-01-31,99.48624317089084
2025-02-03,97.42435307718449
2025-02-04,99.39156835239903
2025-02-05,100.5487505035798
2025-02-06,101.59021363704144
2025-02-07,98.71829041930131
2025-02-10,100.62238914885468
2025-02-11,100.83278298506558
2025-02-12,99.8965167697094
2025-02-13,103.01039209649103
2025-02-14,102.89467307877192
2025-02-18,103.68366200357839
2025-02-19,104.45161475516792
2025-02-20,103.11558901459647
2025-02-21,97.7820242039451
2025-02-24,96.37236784410919
2025-02-25,94.84699246655416
2025-02-26,94.95218938465962
2025-02-27,90.418127572418
2025-02-28,94.52087158661375
2025-03-03,89.68174111966944
2025-03-04,86.36798603028016
2025-03-05,89.07158775824328
2025-03-06,84.37973458184868
2025-03-07,85.62107747791795
2025-03-10,78.85681210820334
2025-03-11,76.87908275938551
2025-03-12,78.00470663773567
2025-03-13,74.89083131095401
2025-03-14,79.40384892396831
2025-03-17,81.19222060979217
2025-03-18,78.61485999916184
2025-03-19,81.0659794924594
2025-03-20,80.47687033026055
2025-03-21,80.47687033026055
2025-03-24,84.65325298973116
2025-03-25,85.2108038790994
2025-03-26,82.26314350330532
2025-03-27,81.4933400259967
2025-03-28,76.60036572535091
2025-03-31,77.92906376033095
2025-04-01,78.68831978031953
2025-04-02,80.17518944833665
2025-04-03,68.68091480207075
2025-04-04,56.75429094991573
2025-04-07,55.942309711355996
2025-04-08,53.41146301585455
2025-04-09,68.34346857600389
2025-04-10,61.19382113003236
2025-04-11,64.41011175766387
2025-04-14,66.20279332514043
2025-04-15,65.68608055139644
2025-04-16,61.28872813253093
2025-04-17,61.45745124556436
2025-04-21,57.09173717598259
2025-04-22,61.37309170038581
2025-04-23,64.31520475516528
2025-04-24,68.30128679207644
2025-04-25,69.74598272151877
2025-04-28,69.89361494258848
2025-04-29,71.07468075649882
2025-04-30,71.14849686703367
2025-05-01,72.67754831897824
2025-05-02,75.83057029339491
2025-05-05,74.58623582626974
2025-05-06,72.68809577629825
2025-05-07,73.60553147467658
2025-05-08,75.0396799467989
2025-05-09,74.7022256753794
2025-05-12,82.0311477143807
2025-05-13,83.69729197542759
2025-05-14,83.98200896024699
2025-05-15,85.18416164344471
2025-05-16,86.77648979395676
2025-05-19,87.05066736680878
2025-05-20,86.10159734182304
2025-05-21,81.78860446813607
2025-05-22,81.76751759884868
2025-05-23,80.05919155387436
2025-05-27,84.95216585452013
2025-05-28,83.4863830557904
2025-05-29,84.42490562345611
2025-05-30,84.12964118131669
2025-06-02,85.45833921629672
2025-06-03,86.9768512562739
2025-06-04,86.83975844717156
2025-06-05,85.53215532683156
2025-06-06,88.08409291429672
2025-06-09,88.29500183393391
2025-06-10,89.82405328587848
2025-06-11,89.04371039660249
2025-06-12,90.05604907480307
2025-06-13,86.91357455770643
2025-06-16,89.4233384065968
2025-06-17,87.08230169341618
2025-06-18,87.0190249948487
2025-06-20,86.25977702021275
2025-06-23,88.82226206499793
2025-06-24,91.7538276624574
2025-06-25,91.93203614971722
2025-06-26,94.01491400817731
2025-06-27,95.28367614829325
2025-06-30,96.6793088558416
2025-07-01,96.4889949381513
2025-07-02,97.76832424785881
2025-07-03,100.02036555174271
2025-07-07,97.77889948399208
2025-07-08,97.53571745217714
2025-07-09,99.25910988098147
2025-07-10,100.08380890200057
2025-07-11,98.91020775400062
2025-07-14,99.44942379867176
2025-07-15,98.15951925283099
2025-07-16,99.10052167169093
2025-07-17,100.92964226220283
2025-07-18,100.62302494667169
2025-07-21,101.16224905788451
2025-07-22,101.15167382175125
2025-07-23,103.69976527157469
2025-07-24,103.83721107514037
2025-07-25,104.96851934514893
2025-07-28,104.90508406143272
2025-07-29,104.06981787082204
2025-07-30,103.65747239358333
2025-07-31,102.38871025346741
2025-08-01,97.29253542036221
2025-08-04,101.64860505497272
2025-08-05,100.15781942185006
2025-08-06,102.32527496975122
2025-08-07,102.13496105206092
2025-08-08,104.40815282821131
2025-08-11,103.68919003544146
2025-08-12,107.00910432561771
2025-08-13,108.11927018990144
2025-08-14,108.1086949537682
2025-08-15,107.28400399929076
2025-08-18,107.13598295959183
2025-08-19,105.32800477480475
2025-08-20,104.45044570620269
2025-08-21,103.23455168021138
2025-08-22,107.82322811050355
2025-08-25,106.43816257254679
2025-08-26,107.71749188225431
2025-08-27,108.39416179703281
2025-08-28,109.53604530317465
2025-08-29,107.45316744471454
2025-09-02,105.07424750685657
2025-09-03,106.64962696250363
2025-09-04,109.30343850749297
2025-09-05,108.24614075733386
2025-09-08,109.06026454221971
2025-09-09,109.81094497684767
2025-09-10,110.74136409303267
2025-09-11,113.4269013464218
2025-09-12,113.21544502300665
2025-09-15,114.95998792407751
2025-09-16,114.4524814547228
2025-09-17,114.04013597748408
2025-09-18,115.61550736658947
2025-09-19,117.15916111383675
2025-09-22,118.82969349505812
2025-09-23,116.93712955428833
2025-09-24,115.72758028278298
2025-09-25,114.07493705472064
2025-09-26,115.91827050775106
2025-09-29,116.8717216325915
2025-09-30,118.11120405363826
2025-10-01,119.39306297828811
2025-10-02,119.72147886058914
2025-10-03,119.5837532032562
2025-10-06,120.88680442095341
2025-10-07,119.53078863562106
2025-10-08,121.596592670699
2025-10-09,120.54780047462032
2025-10-10,110.69548565542182
2025-10-13,115.72758028278297
2025-10-14,115.21907840452916
2025-10-15,116.6916275541471
2025-10-16,114.33978414037122
2025-10-17,116.15133723632225
2025-10-20,119.76385536419225
2025-10-21,119.73206692462122
2025-10-22,117.83576890395564
2025-10-23,119.8168199318274
2025-10-24,122.63479680274563
2025-10-27,127.02066389452003
2025-10-28,127.9529227263131
2025-10-29,128.09064838364606
2025-10-30,123.98021644155429
2025-10-31,124.94426371291841
2025-11-03,125.72820882334649
2025-11-04,121.25758872436592
2025-11-05,122.31697706696826
2025-11-06,118.39724343233623
2025-11-07,118.7044670215899
2025-11-10,124.07556559528415
2025-11-11,124.93366756639473
2025-11-12,125.14554200191856
2025-11-13,118.91634145711373
2025-11-14,118.73624737866932
2025-11-17,115.37798827241785
2025-11-18,112.4964506873408
2025-11-19,113.69355660478446
2025-11-20,108.46017560593152
2025-11-21,111.63834063373857
2025-11-24,116.54331383278209
2025-11-25,119.7320669246212
2025-11-26,122.16866334560325
2025-11-28,124.08615365931618
2025-12-01,122.34875742404766
2025-12-02,122.96320460255501
2025-12-03,124.17090666652236
2025-12-04,124.49931446633177
2025-12-05,125.03960478415662
2025-12-08,123.89546343434809
2025-12-09,123.53527527745928
2025-12-10,125.90830290179089
2025-12-11,126.66046765513957
2025-12-12,122.59242029914252
2025-12-15,122.02034962423826
2025-12-16,120.98214549219165
2025-12-17,116.94587849327401
2025-12-18,119.56256899270048
2025-12-19,122.68776137038076
2025-12-22,124.90188720931532
2025-12-23,126.60750308750443
2025-12-24,127.8257970950998
2025-12-26,127.73018660926463
2025-12-29,126.33846073012535
2025-12-30,125.82852192834223
2025-12-31,122.98133795150466
2026-01-02,123.58689534445405
2026-01-05,125.9878727380675
2026-01-06,128.17638508715763
2026-01-07,126.96527030125885
2026-01-08,126.80591138620245
2026-01-09,129.23876704709207
2026-01-12,129.85495052913353
2026-01-13,129.00504171905354
2026-01-14,127.1352472000762
2026-01-15,128.05952242313836
2026-01-16,127.6239419290063
2026-01-20,119.81543614455433
2026-01-21,123.86310881819863
2026-01-22,125.78602567730513
2026-01-23,125.80726975015813
2026-01-26,127.73018660926463
2026-01-27,129.2600111199451
2026-01-28,129.18564470696293
2026-01-29,128.2719955729928
2026-01-30,127.07150687618608
2026-02-02,129.00504171905354
2026-02-03,125.62666676224875
2026-02-04,123.7568722432714
2026-02-05,119.01864967460348
2026-02-06,125.87101817937935
2026-02-09,127.63456801809836
2026-02-10,126.58281214725596
2026-02-11,126.42345323219956
2026-02-12,120.56972636346802
2026-02-13,120.59097854165213
2026-02-17,121.17528375641741
2026-02-18,122.99195593526558
2026-02-19,122.05706272844247
2026-02-20,124.5536587132222
2026-02-23,120.75033745670852
2026-02-24,123.31067376537837
2026-02-25,126.37033089207038
2026-02-26,124.27744523947766
2026-02-27,122.50326120633548
2026-03-02,122.51388729542754
2026-03-03,119.24174891354996
2026-03-04,121.7595970765138
2026-03-05,119.73044364248007
2026-03-06,114.90723667706905
2026-03-09,117.8925273907789
2026-03-10,117.19135140666322
2026-03-11,116.79827526889937
2026-03-12,111.43324312909796
2026-03-13,109.4359679623404
2026-03-16,112.7187243279789
2026-03-17,113.58987721091191
2026-03-18,108.86228073133606
2026-03-19,107.96987567021894
2026-03-20,103.1466605994768
2026-03-23,106.46129523239149
2026-03-24,105.35641702141993
2026-03-25,107.02647984137066
2026-03-26,101.34083490009951
2026-03-27,96.0491342114499
2026-03-30,95.06958617353703
2026-03-31,103.25734899447846
2026-04-01,105.58909833220235
2026-04-02,105.81269028934126
2026-04-06,107.26072135548719
2026-04-07,107.37784211254547
2026-04-08,115.48042472412965
2026-04-09,117.50341001858925
2026-04-10,117.13075675669108
2026-04-13,120.55918301261798
2026-04-14,124.93520863552486
2026-04-15,127.83127076781668
2026-04-16,128.78952781500615
2026-04-17,133.33592197985942
2026-04-20,132.5480172281526
2026-04-21,129.97137681933455
2026-04-22,133.82569599881586
2026-04-23,132.19666308020967
2026-04-24,135.2098378463279
2026-04-27,135.8486731700436
2026-04-28,133.8256959988159
2026-04-29,133.75116534643624
2026-04-30,137.5415871840518
2026-05-01,138.73409386858967
2026-05-04,137.19024115934076
2026-05-05,140.3844259011511
2026-05-06,146.1871915994805
2026-05-07,144.82434074269187
2026-05-08,148.23146788466352
2026-05-11,149.15777626092012
2026-05-12,148.56153104188306
2026-05-13,151.01040925989707
2026-05-14,154.49207517748022
2026-05-15,148.77447344204433
2026-05-18,148.38052918942276
2026-05-19,145.48446705713093
2026-05-20,149.94568101262692
2026-05-21,150.7442271980795
2026-05-22,152.3413195689847
2026-05-26,155.30126279667854
2026-05-27,155.2799636827233
2026-05-28,157.78208156239359
2026-05-29,158.8361521294542
2026-06-01,160.0180011337826
2026-06-02,160.63554546677491
2026-06-03,157.28165798645952
2026-06-04,158.99587111442298
2026-06-05,146.43207454734278
2026-06-08,147.53940102252338
2026-06-09,146.11265282386898
2026-06-10,139.14933723516643
2026-06-11,146.17653391927098
2026-06-12,148.43376885107898
2026-06-15,156.23822885314462
2026-06-16,153.4699289116568
2026-06-17,147.72040287498365
2026-06-18,152.0538383932119
2026-06-22,150.57386677936498
2026-06-23,144.14291531429748
2026-06-24,143.73724540392644
2026-06-25,143.76925685158272
2026-06-26,140.94147042509718
2026-06-29,148.06963500036542
2026-06-30,151.30292147386652
2026-07-01,150.8760913167646
2026-07-02,150.21449968849856
2026-07-06,154.0987127352225
2026-07-07,151.75111430610835
2026-07-08,150.27852258381117
2026-07-09,154.07736634260937
2026-07-10,155.9661231669653
2026-07-13,152.3059902538355
2026-07-14,153.95998560702733
2026-07-15,155.65665746291867
2026-07-16,153.24503613849188
2026-07-17,148.37910070441205
2026-07-20,147.7601855788455
2026-07-21,151.40963715440537
2026-07-22,150.74804552613935
2026-07-23,145.263194966493
2026-07-24,145.41258714973134
2026-07-27,145.50862149270026
2026-07-28,146.51169027266923
2026-07-29,139.79967451693295
2026-07-30,146.79980958410275
2026-07-31,149.69161890590087
2026-08-03,156.13686174281673
2026-08-04,164.48151017660493
2026-08-05,163.5211341818622
2026-08-06,162.65677624756162
2026-08-07,165.46323256396082
2026-08-10,165.37786327603507
2026-08-11,163.64917997248745
2026-08-12,164.91902167127685
2026-08-13,168.25900754279004
2026-08-14,167.1385743097658
2026-08-17,164.75894815046854
