date,value
2001-06-15,55.665000915527344
2001-06-18,55.310001373291016
2001-06-19,55.46500015258789
2001-06-20,56.04999923706055
2001-06-21,56.5
2001-06-22,56.13999938964844
2001-06-25,55.77999938964844
2001-06-26,55.63463408529401
2001-06-27,55.63964773697401
2001-06-28,56.32135904221753
2001-06-29,56.642163912414986
2001-07-02,56.79254286844942
2001-07-03,56.7624647826651
2001-07-05,56.11584139059019
2001-07-06,54.637131561533046
2001-07-09,54.9880106932191
2001-07-10,54.26118799574268
2001-07-11,54.33136382207989
2001-07-12,55.619596954549706
2001-07-13,55.885263129154254
2001-07-16,55.238639737079346
2001-07-17,55.89027678083427
2001-07-18,55.308815563416566
2001-07-19,55.61959695454972
2001-07-20,55.62461060622973
2001-07-23,54.66219599563736
2001-07-24,53.90529521237662
2001-07-25,54.58700651762014
2001-07-26,55.28375495360796
2001-07-27,55.37899521404948
2001-07-30,55.333879997520874
2001-07-31,55.55944460727681
2001-08-01,55.80005017207275
2001-08-02,55.97548973791578
2001-08-03,55.779999389648445
2001-08-06,55.13838964925353
2001-08-07,55.238639737079346
2001-08-08,54.23612356163838
2001-08-09,54.396525996737104
2001-08-10,54.61708077910874
2001-08-13,54.71232103955026
2001-08-14,54.59202016930015
2001-08-15,54.12083634306826
2001-08-16,54.28625242984699
2001-08-17,53.45917582024904
2001-08-20,53.8351193860394
2001-08-21,53.08323225445867
2001-08-22,53.57446303881915
2001-08-23,53.504287212481934
2001-08-24,54.48174277811431
2001-08-27,54.28625242984698
2001-08-28,53.37897269055182
2001-08-29,52.87771460283134
2001-08-30,52.085729730697715
2001-08-31,52.30628068877364
2001-09-04,52.0305910351048
2001-09-05,51.95540155708758
2001-09-06,50.9027603377337
2001-09-07,49.87517972818842
2001-09-10,50.251123293978786
2001-09-17,47.865133725626464
2001-09-18,47.25359824672015
2001-09-19,46.617002158005256
2001-09-20,45.113227894843796
2001-09-21,44.386405197367374
2001-09-24,45.96787262846357
2001-09-25,46.400440729799165
2001-09-26,46.04332126706437
2001-09-27,46.50103635628213
2001-09-28,47.75850087470487
2001-10-01,47.325932773369274
2001-10-02,47.909398151906466
2001-10-03,48.75441446178563
2001-10-04,48.91536976664465
2001-10-05,48.94052059200397
2001-10-08,48.61357904971862
2001-10-09,48.29166844000058
2001-10-10,49.43847546680577
2001-10-11,50.34384761758384
2001-10-12,49.96158116696689
2001-10-15,50.03199887300039
2001-10-16,50.313669697134394
2001-10-17,49.29260912217148
2001-10-18,49.03608528591963
2001-10-19,49.1718936028965
2001-10-22,49.90625242115813
2001-10-23,49.72014629093978
2001-10-24,49.69499930305763
2001-10-25,50.399176363392634
2001-10-26,50.6707891598692
2001-10-29,49.493804212614556
2001-10-30,48.67896582318484
2001-10-31,48.73932550156091
2001-11-01,49.76541700909113
2001-11-02,49.845892742782056
2001-11-05,50.56013166825166
2001-11-06,51.29449432399045
2001-11-07,51.20395672516493
2001-11-08,51.23413464561438
2001-11-09,51.344792137231934
2001-11-12,51.25425453840641
2001-11-13,52.159626689184485
2001-11-14,52.48153729890254
2001-11-15,52.31555489895339
2001-11-16,52.29543500616136
2001-11-19,52.82859873397991
2001-11-20,52.451359378453084
2001-11-21,52.12944876873504
2001-11-23,52.76824289308101
2001-11-26,53.090153502799055
2001-11-27,52.944287158164755
2001-11-28,51.82765805180901
2001-11-29,52.62237654844671
2001-11-30,52.45135937845309
2001-12-03,52.089208983150996
2001-12-04,52.773269988171144
2001-12-05,54.07097429217794
2001-12-06,53.97037866569499
2001-12-07,53.85469024151014
2001-12-10,52.83866059911452
2001-12-11,52.70285228213765
2001-12-12,52.672674361688195
2001-12-13,51.8880177301851
2001-12-14,52.12441783616775
2001-12-17,52.50668812426187
2001-12-18,53.04991371721501
2001-12-19,53.29134475576497
2001-12-20,52.81350977375519
2001-12-21,53.09518059788919
2001-12-24,53.212378286494314
2001-12-26,53.47490445042196
2001-12-27,53.7828701312863
2001-12-28,53.94442558257696
2001-12-31,53.207328595326736
2002-01-02,53.641509592880205
2002-01-03,54.21705112883978
2002-01-04,54.575502166022616
2002-01-07,54.22210082000736
2002-01-08,54.0655912080985
2002-01-09,53.88384469570908
2002-01-10,53.84345486993996
2002-01-11,53.394128650669515
2002-01-14,52.97509287483302
2002-01-15,53.33859360318344
2002-01-16,52.455086386359525
2002-01-17,53.00033747888516
2002-01-18,52.510621433845614
2002-01-22,52.101681188558494
2002-01-23,52.55100740782893
2002-01-24,52.78324698010842
2002-01-25,52.86907247102844
2002-01-28,52.82868264525933
2002-01-29,51.51604412204953
2002-01-30,52.000710475921494
2002-01-31,52.7428571543393
2002-02-01,52.434891473474956
2002-02-04,51.167688615416075
2002-02-05,50.98593825124086
2002-02-06,50.647682126942584
2002-02-07,50.435641319333435
2002-02-08,51.15759308486669
2002-02-11,51.864399628682975
2002-02-12,51.73818431199385
2002-02-13,52.21780097469823
2002-02-14,52.14712070549518
2002-02-15,51.581674700085
2002-02-19,50.62243752289046
2002-02-20,51.25351410633611
2002-02-21,50.435641319333456
2002-02-22,50.80418788706567
2002-02-25,51.707890016774144
2002-02-26,51.87954485039997
2002-02-27,51.69779448622476
2002-02-28,51.81896011174631
2002-03-01,52.85392724931149
2002-03-04,53.843454869939976
2002-03-05,53.540538880243226
2002-03-06,54.31802184147677
2002-03-07,54.09083581215065
2002-03-08,54.49472636627018
2002-03-11,54.6714270392778
2002-03-12,54.565406635473224
2002-03-13,54.05549567754912
2002-03-14,54.01006001239821
2002-03-15,54.48462698393501
2002-03-18,54.52501680970412
2002-03-19,54.77744744308238
2002-03-20,53.89394022625847
2002-03-21,54.13122563791976
2002-03-22,53.91918483031061
2002-03-25,53.11140603314303
2002-03-26,53.48100659485724
2002-03-27,53.799981281675166
2002-03-28,53.72403474372798
2002-04-01,53.75947594639648
2002-04-02,53.410124189520225
2002-04-03,52.827872548993604
2002-04-04,52.98989389010835
2002-04-05,52.90381908694079
2002-04-08,53.03545949519583
2002-04-09,52.75699014365659
2002-04-10,53.3797471194619
2002-04-11,52.174742365931344
2002-04-12,52.58484826292424
2002-04-15,52.27093770871649
2002-04-16,53.36455858443273
2002-04-17,53.28354791387536
2002-04-18,53.23291817617769
2002-04-19,53.25317084381703
2002-04-22,52.49877732255806
2002-04-23,52.22030797101882
2002-04-24,51.795013538996756
2002-04-25,51.881084479362926
2002-04-26,50.91403987929154
2002-04-29,50.68113999564117
2002-04-30,51.329209908894626
2002-05-01,51.75450820371807
2002-05-02,51.50641978503853
2002-05-03,51.03049175251742
2002-05-06,50.06851128505621
2002-05-07,49.84067553401602
2002-05-08,51.68868606818986
2002-05-09,51.0001146824591
2002-05-10,50.12420515536407
2002-05-13,51.070997087796115
2002-05-14,52.23043623623919
2002-05-15,51.94183861947958
2002-05-16,52.14942556568182
2002-05-17,52.51902999019741
2002-05-20,51.820326476444905
2002-05-21,51.202633633249775
2002-05-22,51.41528471206219
2002-05-23,51.96209128711893
2002-05-24,51.34440230672518
2002-05-28,51.030491752517435
2002-05-29,50.7469621311694
2002-05-30,50.59506905527501
2002-05-31,50.60519345769399
2002-06-03,49.36474750149493
2002-06-04,49.288800963547736
2002-06-05,49.830547268795684
2002-06-06,48.893883601584
2002-06-07,48.96476600692102
2002-06-10,49.05083694728719
2002-06-11,48.22049688808102
2002-06-12,48.458460904341585
2002-06-13,47.947091669151966
2002-06-14,47.83570779133765
2002-06-17,49.212854425600554
2002-06-18,49.2634880260996
2002-06-19,48.498966239620266
2002-06-20,47.88127339642514
2002-06-21,47.09143867249766
2002-06-24,47.25345506922664
2002-06-25,46.385255164085336
2002-06-26,46.25324700568247
2002-06-27,47.0300572432514
2002-06-28,47.11637250466432
2002-07-01,45.93846338572734
2002-07-02,44.99410477867698
2002-07-03,45.217498731059734
2002-07-05,46.90820564435239
2002-07-08,46.19232314302921
2002-07-09,45.049954235170794
2002-07-10,43.674030941833266
2002-07-11,43.99389671513281
2002-07-12,43.89235048805657
2002-07-15,43.46078967536189
2002-07-16,42.91245166992765
2002-07-17,43.14092777565482
2002-07-18,41.87162898914547
2002-07-19,40.46524376448131
2002-07-22,39.30764389095957
2002-07-23,38.18050594876446
2002-07-24,40.41447258773943
2002-07-25,40.07430144261712
2002-07-26,40.617561168299424
2002-07-29,42.871837052689635
2002-07-30,43.085078319161006
2002-07-31,43.18662067264476
2002-08-01,42.0797919758649
2002-08-02,41.09989315773598
2002-08-05,39.729052017742866
2002-08-06,41.02373832941941
2002-08-07,41.66854040858547
2002-08-08,42.97845768592532
2002-08-09,43.05461638783438
2002-08-12,42.95307016075814
2002-08-13,42.01378983345971
2002-08-14,43.61310707918
2002-08-15,44.070055417041864
2002-08-16,44.04466789187468
2002-08-19,45.10579981807211
2002-08-20,44.52699988131124
2002-08-21,45.181958519981166
2002-08-22,45.674447068921594
2002-08-23,44.755475987038416
2002-08-26,45.06010692108216
2002-08-27,44.328989580503176
2002-08-28,43.62325976509137
2002-08-29,43.663878255921865
2002-08-30,43.51663913185568
2002-09-03,41.820857812403574
2002-09-04,42.51643106831151
2002-09-05,41.98840230829252
2002-09-06,42.74998158019813
2002-09-09,43.08507831916099
2002-09-10,43.38463097345281
2002-09-11,43.33385979671093
2002-09-12,42.34380829267063
2002-09-13,42.44535064615438
2002-09-16,42.49612182289626
2002-09-17,41.72438986507926
2002-09-18,41.45022086236214
2002-09-19,40.38401065641278
2002-09-20,40.38401065641278
2002-09-23,39.95244984371809
2002-09-24,39.39903355853192
2002-09-25,40.180922075852784
2002-09-26,40.85111168018603
2002-09-27,39.60720041884385
2002-09-30,39.119788600218364
2002-10-01,40.58773496794371
2002-10-02,39.62949268621469
2002-10-03,39.19624499086452
2002-10-04,38.39091160169426
2002-10-07,37.565189582436126
2002-10-08,38.1003804282257
2002-10-09,37.106459016026285
2002-10-10,38.22780644972479
2002-10-11,39.8741523585357
2002-10-14,40.08822714135811
2002-10-15,41.87219144234527
2002-10-16,40.91904340158805
2002-10-17,41.81612368178699
2002-10-18,41.98432696346183
2002-10-21,42.738686833045605
2002-10-22,42.20349987598959
2002-10-23,42.48383479004743
2002-10-24,41.92316107319818
2002-10-25,42.73358870334024
2002-10-28,42.27485813693039
2002-10-29,41.948647832991426
2002-10-30,42.25956763654787
2002-10-31,42.05058709469726
2002-11-01,42.9170824853976
2002-11-04,43.192323158483646
2002-11-05,43.45227333118717
2002-11-06,44.03843380782966
2002-11-07,43.019025635837004
2002-11-08,42.50932154984068
2002-11-11,41.77024829190586
2002-11-12,41.96903257434574
2002-11-13,42.05058709469726
2002-11-14,43.05470476630741
2002-11-15,43.324847309688096
2002-11-18,42.92727874480833
2002-11-19,42.77946409322137
2002-11-20,43.60008798277415
2002-11-21,44.49207013326773
2002-11-22,44.39522511253369
2002-11-25,44.47168150317985
2002-11-26,43.630668983539195
2002-11-27,44.8539595676771
2002-11-29,44.573620764885696
2002-12-02,44.716341175500865
2002-12-03,44.012947048036445
2002-12-04,43.89571728594809
2002-12-05,43.40130370033428
2002-12-06,43.58989172336344
2002-12-09,42.560291180693625
2002-12-10,43.29936054989488
2002-12-11,43.37581694054104
2002-12-12,43.22290804798228
2002-12-13,42.560291180693625
2002-12-16,43.57969935268628
2002-12-17,43.23310041865943
2002-12-18,42.6163589412519
2002-12-19,42.35640876854838
2002-12-20,42.85082235416219
2002-12-23,42.86713257381538
2002-12-24,42.66229541425125
2002-12-26,42.70838563095151
2002-12-27,41.991457525948974
2002-12-30,42.221896888618716
2002-12-31,42.314073415075384
2003-01-02,43.52773036226419
2003-01-03,43.50212425221472
2003-01-06,44.444373623432185
2003-01-07,44.12175773430578
2003-01-08,43.568698575565776
2003-01-09,44.24465846726671
2003-01-10,44.367559200227646
2003-01-13,44.32659098692605
2003-01-14,44.52630614309152
2003-01-15,44.09102962085765
2003-01-16,43.96300688449805
2003-01-17,43.32289320270005
2003-01-21,42.580362894591914
2003-01-22,42.145086372358044
2003-01-23,42.42673404818285
2003-01-24,41.46400447725845
2003-01-27,40.69074605570218
2003-01-28,41.069692261382315
2003-01-29,41.55618100371511
2003-01-30,40.48079079968324
2003-01-31,41.141384681188185
2003-02-03,41.29501352759725
2003-02-04,41.47936658051058
2003-02-05,40.6600218491979
2003-02-06,40.286193739972575
2003-02-07,39.8918854310403
2003-02-10,40.214501320166704
2003-02-11,39.91748763414591
2003-02-12,39.3797944856019
2003-02-13,39.318342165649504
2003-02-14,39.98406195749697
2003-02-18,40.900705218664974
2003-02-19,40.57296732613991
2003-02-20,40.25034753006965
2003-02-21,40.793166588956176
2003-02-24,39.96869985424484
2003-02-25,40.450062686235114
2003-02-26,39.897007434438976
2003-02-27,40.35788615977845
2003-02-28,40.506393002788855
2003-03-03,40.20426122031325
2003-03-04,39.635839958321114
2003-03-05,39.87652332778818
2003-03-06,39.66144216142671
2003-03-07,39.93797174079671
2003-03-10,38.96499816307497
2003-03-11,38.6526262807459
2003-03-12,38.79088911695897
2003-03-13,40.096722590604436
2003-03-14,40.25034753006964
2003-03-17,41.37694995420044
2003-03-18,41.75077415648191
2003-03-19,41.91464310274444
2003-03-20,42.11948026230857
2003-03-21,43.01563941682578
2003-03-24,41.5561810037151
2003-03-25,42.04778784250271
2003-03-26,41.84295068293857
2003-03-27,41.76101816327923
2003-03-28,41.561303007113764
2003-03-31,40.81364913282941
2003-04-01,41.40477958468642
2003-04-02,42.39684953138566
2003-04-03,42.15011542287204
2003-04-04,42.29918337485029
2003-04-07,42.30432473090625
2003-04-08,42.27862187233202
2003-04-09,41.79029893306635
2003-04-10,42.01133018300573
2003-04-11,41.83655937245325
2003-04-14,42.705264225748486
2003-04-15,42.98283862718671
2003-04-16,42.412269677847966
2003-04-17,43.07022207161015
2003-04-21,43.05993935949821
2003-04-22,43.93892692490538
2003-04-23,44.309022205117394
2003-04-24,43.95434707136768
2003-04-25,43.34779647304837
2003-04-28,44.113693813752256
2003-04-29,44.25762040967453
2003-04-30,44.32958370763567
2003-05-01,44.27818191219281
2003-05-02,44.90015265697441
2003-05-05,44.874453720105784
2003-05-06,45.1828684144686
2003-05-07,45.02865910643438
2003-05-08,44.56603510403735
2003-05-09,45.20856735133722
2003-05-12,45.748296007751364
2003-05-13,45.6968942123085
2003-05-14,45.53240611386796
2003-05-15,45.892222603673645
2003-05-16,45.79455644713827
2003-05-19,44.720244412071565
2003-05-20,44.67398397268467
2003-05-21,44.859029651937874
2003-05-22,45.157165555894366
2003-05-23,45.34735651290915
2003-05-27,46.25204301518495
2003-05-28,46.303444810627816
2003-05-29,46.2263401566107
2003-05-30,46.91513284329748
2003-06-02,47.110465156368235
2003-06-03,47.39317699215682
2003-06-04,48.07169088843726
2003-06-05,48.33384514341318
2003-06-06,48.21562140606514
2003-06-09,47.573089158765264
2003-06-10,48.01001030258806
2003-06-11,48.58571668627715
2003-06-12,48.68338284281253
2003-06-13,48.20533869395319
2003-06-16,49.192267284596454
2003-06-17,49.26937193861357
2003-06-18,49.16656834772783
2003-06-19,48.41094979743028
2003-06-20,48.472634304985085
2003-06-23,47.778698693560095
2003-06-24,47.90762124592567
2003-06-25,47.59820790712912
2003-06-26,48.11389811659139
2003-06-27,47.706502378987715
2003-06-30,47.67555829102522
2003-07-01,48.01591571778427
2003-07-02,48.547076004025755
2003-07-03,48.21703458472223
2003-07-07,49.145278535515935
2003-07-08,49.42890579007775
2003-07-09,49.24841500364677
2003-07-10,48.62958832605367
2003-07-11,48.995727902643395
2003-07-14,49.37217955228458
2003-07-15,49.12465045500896
2003-07-16,48.871959419601524
2003-07-17,48.2376626652292
2003-07-18,48.7327247941845
2003-07-21,48.01591571778427
2003-07-22,48.49550776996034
2003-07-23,48.55223400775351
2003-07-24,48.17577842370827
2003-07-25,49.02151005247408
2003-07-28,48.97509982213642
2003-07-29,48.67599855639133
2003-07-30,48.66568648333987
2003-07-31,48.78429302824992
2003-08-01,48.22219258845
2003-08-04,48.34595713708781
2003-08-05,47.484755431542794
2003-08-06,47.520853588828984
2003-08-07,47.83026692762554
2003-08-08,47.96434748371887
2003-08-11,48.1912485004875
2003-08-12,48.732724794184506
2003-08-13,48.443939535894934
2003-08-14,48.743036867235965
2003-08-15,48.70693870994977
2003-08-18,49.263885080425986
2003-08-19,49.444375866856966
2003-08-20,49.43922179753327
2003-08-21,49.66096874497821
2003-08-22,49.14527853551594
2003-08-25,49.093706367046465
2003-08-26,49.258727076698236
2003-08-27,49.32576932194693
2003-08-28,49.68675089480889
2003-08-29,49.94975400326779
2003-09-02,50.67687515271948
2003-09-03,50.821271716268335
2003-09-04,50.97081841473681
2003-09-05,50.69750323322646
2003-09-08,51.182253289130294
2003-09-09,50.821271716268335
2003-09-10,50.109616709191805
2003-09-11,50.43450405917164
2003-09-12,50.57373868458866
2003-09-15,50.30558150680607
2003-09-16,51.10489897083015
2003-09-17,50.92440818439917
2003-09-18,51.569020946227006
2003-09-19,51.38337215606826
2003-09-22,50.795485632033596
2003-09-23,51.079116820999474
2003-09-24,50.197283100543416
2003-09-25,49.76926321683682
2003-09-26,49.434063793805535
2003-09-29,49.72285094060906
2003-09-30,49.42269123993042
2003-10-01,50.4111469599259
2003-10-02,50.63885091533141
2003-10-03,51.19259190532217
2003-10-06,51.41512355260781
2003-10-07,51.648007712786814
2003-10-08,51.45134945108097
2003-10-09,51.58590448040705
2003-10-10,51.668704841919926
2003-10-13,52.03614403142501
2003-10-14,52.2690242432772
2003-10-15,52.0878947509114
2003-10-16,52.300073885303675
2003-10-17,51.73598433074636
2003-10-20,51.9326386441254
2003-10-21,52.005090441071715
2003-10-22,51.337495499214796
2003-10-23,51.415123552607795
2003-10-24,51.125316364822524
2003-10-27,51.42029980905448
2003-10-28,52.103419571924626
2003-10-29,52.320774962763586
2003-10-30,52.17587136887095
2003-10-31,52.41392783716983
2003-11-03,52.73478861530839
2003-11-04,52.57953250852239
2003-11-05,52.67268538292863
2003-11-06,52.89521703021427
2003-11-07,52.65716056191539
2003-11-10,52.393226759709904
2003-11-11,52.294901577183786
2003-11-12,52.926266672240736
2003-11-13,53.00907098208042
2003-11-14,52.600233585982295
2003-11-17,52.18621993343749
2003-11-18,51.7463328953129
2003-11-19,52.113768136491174
2003-11-20,51.73080807429966
2003-11-21,51.76185771632613
2003-11-24,52.65716056191537
2003-11-25,52.78653933479477
2003-11-26,53.076346522580046
2003-11-28,53.20055298733957
2003-12-01,53.74394146443696
2003-12-02,53.60938643511088
2003-12-03,53.417908378178524
2003-12-04,53.61456269155756
2003-12-05,53.16432708886641
2003-12-08,53.604214126991
2003-12-09,53.04012062410688
2003-12-10,52.89004077376756
2003-12-11,53.599037870544315
2003-12-12,53.76981879834356
2003-12-15,53.3454565812322
2003-12-16,53.61456269155755
2003-12-17,53.76981879834355
2003-12-18,54.339084609347545
2003-12-19,54.261456555954545
2003-12-22,54.567826279798325
2003-12-23,54.775704506234646
2003-12-24,54.72373594086241
2003-12-26,54.72373594086241
2003-12-29,55.39933522059624
2003-12-30,55.48248809714973
2003-12-31,55.32657843608563
2004-01-02,55.362956828340934
2004-01-05,55.98139346162848
2004-01-06,56.173677550000484
2004-01-07,56.33478525708602
2004-01-08,56.54266348352235
2004-01-09,56.178875596021925
2004-01-12,56.43872238783049
2004-01-13,56.3087989919262
2004-01-14,56.71415935275598
2004-01-15,56.95321792542617
2004-01-16,57.124717759607194
2004-01-20,57.270231328628405
2004-01-21,57.514487947320035
2004-01-22,57.47291150904329
2004-01-23,57.36897437829882
2004-01-26,57.971820838469434
2004-01-27,57.478109555064734
2004-01-28,56.75053774501128
2004-01-29,56.85447884070313
2004-01-30,56.771325964149646
2004-02-02,56.875267059841505
2004-02-03,56.85967688672457
2004-02-04,56.32958721106457
2004-02-05,56.55825365663927
2004-02-06,57.28582546669273
2004-02-09,57.21306471723474
2004-02-10,57.57685260473516
2004-02-11,58.05496975007554
2004-02-12,57.89906405395884
2004-02-13,57.602834904947585
2004-02-17,58.205681365118195
2004-02-18,57.94583457330963
2004-02-19,57.62882117010739
2004-02-20,57.452127254852314
2004-02-23,57.067551148213525
2004-02-24,57.09353741337334
2004-02-25,57.4001547245327
2004-02-26,57.48330760108618
2004-02-27,57.56645651269228
2004-03-01,58.127726534586145
2004-03-02,57.914654227075765
2004-03-03,57.945834573309625
2004-03-04,58.20568136511819
2004-03-05,58.38757332639471
2004-03-08,57.85228956966065
2004-03-09,57.55086633957534
2004-03-10,56.521875264383965
2004-03-11,55.79950150035195
2004-03-12,56.58943400287314
2004-03-15,55.7319387969154
2004-03-16,56.03856007302214
2004-03-17,56.64140256824537
2004-03-18,56.5738438297562
2004-03-19,55.919028804213355
2004-03-22,55.207051132224215
2004-03-23,55.144686474809106
2004-03-24,55.08751986341543
2004-03-25,55.86706023884112
2004-03-26,56.00218168076684
2004-03-29,56.55825444962874
2004-03-30,56.87107584821474
2004-03-31,56.975348321830104
2004-04-01,57.26731443014505
2004-04-02,57.78868475370168
2004-04-05,58.169286840103574
2004-04-06,58.01287415194063
2004-04-07,57.77304428043336
2004-04-08,57.689627097089044
2004-04-12,57.872105914785884
2004-04-13,57.09526524645368
2004-04-14,56.9075716117541
2004-04-15,56.933637741287995
2004-04-16,57.20475253707178
2004-04-19,57.27252924714778
2004-04-20,56.36013118092368
2004-04-21,56.725092794057254
2004-04-22,57.627061226275885
2004-04-23,57.62184640927315
2004-04-26,57.37680569850304
2004-04-27,57.507148279392204
2004-04-28,56.699022686783465
2004-04-29,56.16201188995852
2004-04-30,55.70841827647789
2004-05-03,56.30278012711326
2004-05-04,56.36013118092368
2004-05-05,56.594750213168105
2004-05-06,56.03688412607211
2004-05-07,55.254828640737166
2004-05-10,54.48841362867054
2004-05-11,54.96285855468233
2004-05-12,55.16098182338738
2004-05-13,55.00456913522443
2004-05-14,54.98371384495338
2004-05-17,54.35807104778139
2004-05-18,54.79080539325107
2004-05-19,54.717813866172335
2004-05-20,54.73866915644339
2004-05-21,54.94721808141402
2004-05-24,55.15576700638465
2004-05-25,56.0890203628798
2004-05-26,56.203722470500644
2004-05-27,56.464407632278956
2004-05-28,56.51654386908665
2004-06-01,56.56868010589433
2004-06-02,56.725092794057275
2004-06-03,56.27149918057665
2004-06-04,56.61039068643643
2004-06-07,57.45500806484464
2004-06-08,57.52799959192338
2004-06-09,57.01705890237222
2004-06-10,57.14740148326138
2004-06-14,56.55825444962875
2004-06-15,57.02227371937496
2004-06-16,57.06398032217717
2004-06-17,57.04833984890886
2004-06-18,57.06398032217717
2004-06-21,56.92321208502244
2004-06-22,57.07440995618265
2004-06-23,57.663556989815284
2004-06-24,57.55406969919718
2004-06-25,57.491503828384026
2004-06-28,57.18910951804997
2004-06-29,57.43500606808877
2004-06-30,57.66520777307282
2004-07-01,57.10540234723534
2004-07-02,56.958911804633814
2004-07-06,56.4985083946657
2004-07-07,56.53513103031608
2004-07-08,56.032876030724616
2004-07-09,56.20552730946265
2004-07-12,56.18983246440791
2004-07-13,56.289234480277266
2004-07-14,56.0328760307246
2004-07-15,55.89684738763694
2004-07-16,55.64048893808428
2004-07-19,55.64048893808428
2004-07-20,56.0328760307246
2004-07-21,55.09114940332858
2004-07-22,55.27949552712137
2004-07-23,54.672601574551734
2004-07-26,54.51041618689546
2004-07-27,55.0492938221373
2004-07-28,55.09114940332857
2004-07-29,55.441680914777635
2004-07-30,55.61433219351568
2004-08-02,55.755589790576316
2004-08-03,55.32658006228561
2004-08-04,55.18008951968409
2004-08-05,54.25405374577489
2004-08-06,53.49544029663077
2004-08-09,53.511135141685514
2004-08-10,54.14941878436464
2004-08-11,54.01339014127698
2004-08-12,53.41696207978912
2004-08-13,53.50067324217166
2004-08-16,54.17557952050117
2004-08-17,54.44763281510858
2004-08-18,55.10161130284245
2004-08-19,54.934192969645295
2004-08-20,55.39459238804549
2004-08-23,55.269029636039605
2004-08-24,55.1800895196841
2004-08-25,55.67188261976171
2004-08-26,55.64572188362519
2004-08-27,55.84976285247272
2004-08-30,55.45214281429151
2004-08-31,55.64572188362519
2004-09-01,55.75035684503544
2004-09-02,56.37817858820071
2004-09-03,56.18983246440792
2004-09-07,56.58221955704824
2004-09-08,56.3467849065233
2004-09-09,56.461885759015324
2004-09-10,56.8385780066009
2004-09-13,56.92751812295641
2004-09-14,57.09493645615356
2004-09-15,56.739171999163624
2004-09-16,56.92228916898344
2004-09-17,57.09493645615356
2004-09-20,56.87520064225128
2004-09-21,57.241430990322996
2004-09-22,56.45665680504234
2004-09-23,56.21598920897651
2004-09-24,56.341555952550316
2004-09-27,56.05746753781601
2004-09-28,56.362010489119044
2004-09-29,56.488032406248394
2004-09-30,56.58254684107683
2004-10-01,57.496183707060254
2004-10-04,57.68521257671712
2004-10-05,57.66946083858524
2004-10-06,58.02126301032107
2004-10-07,57.496183707060254
2004-10-08,57.01835961819507
2004-10-11,57.154881358733284
2004-10-12,57.02886344764109
2004-10-13,56.60879840261757
2004-10-14,56.104722752211636
2004-10-15,56.409269709551836
2004-10-18,56.65605762305037
2004-10-19,56.157229881330295
2004-10-20,56.17298562549934
2004-10-21,56.43027336240673
2004-10-22,55.92094579727779
2004-10-25,55.87893849156801
2004-10-26,56.76107188128768
2004-10-27,57.4594283160735
2004-10-28,57.43317274849559
2004-10-29,57.60119796529757
2004-11-01,57.68521257671714
2004-11-02,57.54869083617892
2004-11-03,58.29430248536037
2004-11-04,59.20794335738096
2004-11-05,59.41797587989273
2004-11-08,59.27095030990848
2004-11-09,59.33396126847316
2004-11-10,59.36546474473691
2004-11-11,59.92205153029865
2004-11-12,60.43662700411345
2004-11-15,60.47863430982323
2004-11-16,60.12158022336438
2004-11-17,60.47338239510021
2004-11-18,60.56789682992864
2004-11-19,59.83278500415606
2004-11-22,60.22659448160167
2004-11-23,60.24759813445657
2004-11-24,60.594152397506555
2004-11-26,60.594152397506555
2004-11-29,60.46288257169135
2004-11-30,60.33161274587615
2004-12-01,61.113979786044375
2004-12-02,61.08247630978062
2004-12-03,61.09297613318949
2004-12-06,61.05622074220272
2004-12-07,60.45763065696835
2004-12-08,60.699166655743866
2004-12-09,60.98270996022917
2004-12-10,60.90919917825563
2004-12-13,61.48678561063511
2004-12-14,61.759829091711545
2004-12-15,61.95935778477728
2004-12-16,61.854343526539985
2004-12-17,61.539292739753755
2004-12-20,61.429026566793446
2004-12-21,62.00136509048708
2004-12-22,62.232397259816565
2004-12-23,62.30066013310426
2004-12-27,62.00399112796933
2004-12-28,62.52201026535135
2004-12-29,62.6118701518375
2004-12-30,62.559011632307204
2004-12-31,62.40043607371633
2005-01-03,61.9511285755925
2005-01-04,61.12652437894963
2005-01-05,60.70364815701422
2005-01-06,60.994376063700635
2005-01-07,60.79879510530736
2005-01-10,61.041951554270476
2005-01-11,60.671933851865354
2005-01-12,60.941517544170345
2005-01-13,60.46578280270464
2005-01-14,60.73536649500963
2005-01-18,61.39610807125463
2005-01-19,60.84637059587721
2005-01-20,60.47635692631862
2005-01-21,60.16448480525079
2005-01-24,59.8420425934155
2005-01-25,59.99533512304592
2005-01-26,60.3653487926045
2005-01-27,60.4499256501302
2005-01-28,60.22791744839505
2005-01-31,60.84108353407021
2005-02-01,61.18466996028691
2005-02-02,61.46482374335935
2005-02-03,61.1582386840985
2005-02-04,61.92470133225062
2005-02-07,61.89827005606221
2005-02-08,62.00399112796933
2005-02-09,61.4225353145965
2005-02-10,61.63397342556421
2005-02-11,62.13613944321833
2005-02-14,62.15199659579277
2005-02-15,62.37400479752792
2005-02-16,62.38457488829536
2005-02-17,61.97755985178092
2005-02-18,61.9511285755925
2005-02-22,61.01552027808206
2005-02-23,61.33796248991734
2005-02-24,61.80312310776907
2005-02-25,62.42157625525122
2005-02-28,62.109708167029915
2005-03-01,62.46386468401406
2005-03-02,62.41100616448377
2005-03-03,62.479721836588496
2005-03-04,63.10874910768463
2005-03-07,63.26732869912205
2005-03-08,62.86559669156806
2005-03-09,62.29471500180921
2005-03-10,62.183710900941634
2005-03-11,61.982846913587906
2005-03-14,62.28942794000222
2005-03-15,61.961702699206484
2005-03-16,61.4278223764035
2005-03-17,61.50182511031522
2005-03-18,61.36967679506622
2005-03-21,61.17938289847994
2005-03-22,60.656076699290935
2005-03-23,60.608505241567634
2005-03-24,60.62330391710918
2005-03-28,60.6763650802417
2005-03-29,60.16697062721648
2005-03-30,60.98412549404046
2005-03-31,60.94698227501697
2005-04-01,60.686979741852554
2005-04-04,60.88861378107902
2005-04-05,61.07963720700189
2005-04-06,61.21759946979224
2005-04-07,61.551888441003626
2005-04-08,61.02126871306394
2005-04-11,60.97351488073685
2005-04-12,61.28657857703379
2005-04-13,60.623303917109176
2005-04-14,59.90696809405205
2005-04-15,58.95185096443771
2005-04-18,59.16409966527503
2005-04-19,59.66288350499666
2005-04-20,58.81388870164736
2005-04-21,59.928193368966504
2005-04-22,59.535531855509916
2005-04-25,60.119216794889375
2005-04-26,59.4718600790738
2005-04-27,59.689412062409296
2005-04-28,58.89878980130519
2005-04-29,59.604515011058716
2005-05-02,59.906968094052054
2005-05-03,60.092684189169496
2005-05-04,60.60738597300015
2005-05-05,60.49595631592968
2005-05-06,60.480038371820655
2005-05-09,60.81432734303205
2005-05-10,60.2624823401779
2005-05-11,60.56493542317123
2005-05-12,59.87512815752674
2005-05-13,59.62043295516774
2005-05-16,60.2147285078508
2005-05-17,60.62861124791459
2005-05-18,61.36086501508075
2005-05-19,61.63678954066145
2005-05-20,61.55188844100361
2005-05-23,61.87025946810597
2005-05-24,61.87025946810597
2005-05-25,61.642092823159615
2005-05-26,61.99230378678729
2005-05-27,62.08781549974872
2005-05-31,61.918017348740314
2005-06-01,62.43271913257097
2005-06-02,62.52822679722516
2005-06-03,62.16740926860113
2005-06-06,62.26822426406075
2005-06-07,62.31067481388966
2005-06-08,62.16740926860114
2005-06-09,62.49108357820168
2005-06-10,62.41149385765653
2005-06-13,62.55475940294506
2005-06-14,62.76700810378239
2005-06-15,62.85190515513297
2005-06-16,63.143747624822694
2005-06-17,63.414364819597964
2005-06-20,63.409057488792534
2005-06-21,63.287013170111216
2005-06-22,63.409057488792534
2005-06-23,62.639660502602894
2005-06-24,62.10904077466321
2005-06-27,62.16900031812353
2005-06-28,62.80261445389757
2005-06-29,62.69612584383069
2005-06-30,62.38730318744465
2005-07-01,62.616257355140505
2005-07-05,63.15935982840976
2005-07-06,62.6748273093613
2005-07-07,62.855862821211076
2005-07-08,63.62791539989611
2005-07-11,64.08049808610045
2005-07-12,64.18699075844741
2005-07-13,64.26685518485752
2005-07-14,64.33075078826569
2005-07-15,64.38399509329913
2005-07-18,64.11776950585187
2005-07-19,64.53840642149216
2005-07-20,64.74606205471862
2005-07-21,64.3520493227351
2005-07-22,64.78865912365741
2005-07-25,64.62892214627702
2005-07-26,64.70879063496722
2005-07-27,64.96436898631983
2005-07-28,65.4116260233368
2005-07-29,65.11878031451285
2005-08-01,65.02826052744791
2005-08-02,65.4275989086188
2005-08-03,65.48084727593232
2005-08-04,64.90047338291164
2005-08-05,64.39996797858116
2005-08-08,64.18699075844741
2005-08-09,64.51710788702276
2005-08-10,64.61294926099498
2005-08-11,64.92709756656839
2005-08-12,64.5277591853975
2005-08-15,64.85787631397285
2005-08-16,64.01128089578499
2005-08-17,64.00595524659762
2005-08-18,63.93673805628216
2005-08-19,64.16036657479064
2005-08-22,64.10179662056984
2005-08-23,64.01660654497236
2005-08-24,63.595969629332075
2005-08-25,63.79829961337117
2005-08-26,63.361689812448866
2005-08-29,63.80362526255855
2005-08-30,63.59064398014472
2005-08-31,64.4106192769559
2005-09-01,64.40529362776853
2005-09-02,64.24023506348085
2005-09-06,64.9856675207892
2005-09-07,65.19864474092294
2005-09-08,64.9696905732271
2005-09-09,65.41162602333678
2005-09-12,65.4275989086188
2005-09-13,65.01228764216589
2005-09-14,64.74606205471862
2005-09-15,64.76203494000065
2005-09-16,65.20397039011033
2005-09-19,64.96436898631983
2005-09-20,64.32542513907835
2005-09-21,63.713109537773704
2005-09-22,63.93141240709482
2005-09-23,64.05919955163108
2005-09-26,64.13906820281248
2005-09-27,64.13906820281248
2005-09-28,64.19791661957458
2005-09-29,64.73289925807104
2005-09-30,64.92014236522608
2005-10-03,64.95224409901954
2005-10-04,64.16046799814359
2005-10-05,63.170750933243866
2005-10-06,62.913957470864375
2005-10-07,63.13864919945041
2005-10-10,62.58761773485404
2005-10-11,62.37362386313674
2005-10-12,61.90819157986474
2005-10-13,61.860041019971376
2005-10-14,62.51807146122321
2005-10-17,62.68391477304715
2005-10-18,62.047288208720026
2005-10-19,62.95675706152655
2005-10-20,62.01518647492658
2005-10-21,62.26662896807489
2005-10-24,63.35264307116772
2005-10-25,63.197497616212516
2005-10-26,62.96210803075774
2005-10-27,62.132883308450786
2005-10-28,63.10655154725059
2005-10-31,63.395442661829904
2005-11-01,63.5131394953541
2005-11-02,64.27816483166778
2005-11-03,64.51355441712256
2005-11-04,64.508207529485
2005-11-07,64.55635400778475
2005-11-08,64.51890538635374
2005-11-09,64.67405084130894
2005-11-10,65.05923899408137
2005-11-11,65.34813010866068
2005-11-14,65.21438444903657
2005-11-15,64.95759098665708
2005-11-16,65.08063878941246
2005-11-17,65.69051867077093
2005-11-18,66.11315544497437
2005-11-21,66.40739344719124
2005-11-22,66.77653277386375
2005-11-23,67.08682368377416
2005-11-25,67.17776975273608
2005-11-28,66.57324084060879
2005-11-29,66.58393869747754
2005-11-30,66.32179834746049
2005-12-01,67.15101898817383
2005-12-02,67.17241878350492
2005-12-05,67.0226242977809
2005-12-06,67.01192644091216
2005-12-07,66.72838629556402
2005-12-08,66.73908415243275
2005-12-09,66.89422960738796
2005-12-12,67.00657547168097
2005-12-13,67.38641265522223
2005-12-14,67.52015831484634
2005-12-15,67.34896403379122
2005-12-16,67.26871582169802
2005-12-19,66.70163553100174
2005-12-20,66.75513297853267
2005-12-21,66.99587761481224
2005-12-22,67.30616444312905
2005-12-23,67.34896403379123
2005-12-27,66.73480412806104
2005-12-28,66.83162273963873
2005-12-29,66.5841983108737
2005-12-30,66.33677388210866
2006-01-03,67.31571579752716
2006-01-04,67.80518470338605
2006-01-05,67.76215740111876
2006-01-06,68.42912777882019
2006-01-09,68.6819321592564
2006-01-10,68.7787507708341
2006-01-11,68.97238389028873
2006-01-12,68.57973359600753
2006-01-13,68.65503650460121
2006-01-17,68.41299202750736
2006-01-18,68.20321905303916
2006-01-19,68.57435364433634
2006-01-20,67.3695030031368
2006-01-23,67.56852017796336
2006-01-24,67.77291320076037
2006-01-25,67.62230738357302
2006-01-26,68.19783910136795
2006-01-27,68.74109931653724
2006-01-30,68.81102227345973
2006-01-31,68.4721591847882
2006-02-01,68.73571936486606
2006-02-02,68.12253619277428
2006-02-03,67.78904895207319
2006-02-06,67.9504146726029
2006-02-07,67.28882014287191
2006-02-08,67.77291320076034
2006-02-09,67.643823086557
2006-02-10,67.78366900040197
2006-02-13,67.47707741435609
2006-02-14,68.11715624110306
2006-02-15,68.37534057321048
2006-02-16,68.9078408850374
2006-02-17,68.82715802477253
2006-02-21,68.63352080161715
2006-02-22,69.171405168816
2006-02-23,68.99927954494389
2006-02-24,69.1068539561632
2006-02-27,69.3058752346905
2006-02-28,68.62276500197551
2006-03-01,69.2251882707249
2006-03-02,69.17678101678642
2006-03-03,69.06382255019517
2006-03-06,68.55821789302347
2006-03-07,68.27852196163278
2006-03-08,68.47215918478815
2006-03-09,68.10640044146142
2006-03-10,68.63890075328834
2006-03-13,68.80564232178851
2006-03-14,69.51564820915871
2006-03-15,69.8276197468758
2006-03-16,69.97822556406314
2006-03-17,70.03200866597207
2006-03-20,69.88462783229329
2006-03-21,69.49577914820536
2006-03-22,69.91703875660384
2006-03-23,69.90082917406663
2006-03-24,69.99264776513407
2006-03-27,69.94403549905016
2006-03-28,69.5335877728524
2006-03-29,70.18166616607766
2006-03-30,69.99264776513405
2006-03-31,70.03044814901722
2006-04-03,69.954839140487
2006-04-04,70.35988916634827
2006-04-05,70.61911887548561
2006-04-06,70.58671619193893
2006-04-07,69.83062610663676
2006-04-10,69.92243645694032
2006-04-11,69.2905594054884
2006-04-12,69.43097378111197
2006-04-13,69.41477243933863
2006-04-17,69.30676074726173
2006-04-18,70.50030354197186
2006-04-19,70.71092922578917
2006-04-20,70.80814551719308
2006-04-21,70.7757428336464
2006-04-24,70.5705148501656
2006-04-25,70.34368782457494
2006-04-26,70.3598891663483
2006-04-27,70.56511714982912
2006-04-28,70.70013382511621
2006-05-01,70.35988916634831
2006-05-02,70.77574283364643
2006-05-03,70.57051485016562
2006-05-04,70.89995586749669
2006-05-05,71.50482793573842
2006-05-08,71.56964154359565
2006-05-09,71.56423560249529
2006-05-10,71.46702755185524
2006-05-11,70.54350986695543
2006-05-12,69.5983931399458
2006-05-15,69.67400214847602
2006-05-16,69.45258106398573
2006-05-17,68.18342101998152
2006-05-18,67.86478364408731
2006-05-19,68.24823050745681
2006-05-22,67.84318048159554
2006-05-23,67.31391330150208
2006-05-24,67.54614214781115
2006-05-25,68.48045935376588
2006-05-26,68.86930391747188
2006-05-30,67.62175115634136
2006-05-31,68.421051687009
2006-06-01,69.29055940548842
2006-06-02,69.42557608077551
2006-06-05,68.2590300285117
2006-06-06,67.95119217367241
2006-06-07,67.50833764354601
2006-06-08,67.44352815607071
2006-06-09,67.18429844693338
2006-06-12,66.30398708701709
2006-06-13,65.5154901977863
2006-06-14,65.93134386508443
2006-06-15,67.45433179750755
2006-06-16,67.10328761768473
2006-06-19,66.42820424124928
2006-06-20,66.44440558302261
2006-06-21,67.18429844693338
2006-06-22,66.81705292533721
2006-06-23,66.91966691707762
2006-06-26,67.24640710645711
2006-06-27,66.60637824084121
2006-06-28,67.07826115943243
2006-06-29,68.54273609168692
2006-06-30,68.51018944552865
2006-07-03,69.03631539499625
2006-07-05,68.47222180681254
2006-07-06,68.69460664655134
2006-07-07,68.12508792764754
2006-07-10,68.20644833579983
2006-07-11,68.45595055281454
2006-07-12,67.72371515576843
2006-07-13,66.71485602626942
2006-07-14,66.32432937766822
2006-07-17,66.21042646151992
2006-07-18,66.4328113012587
2006-07-19,67.52845183146782
2006-07-20,66.8396092038579
2006-07-21,66.30805812367022
2006-07-24,67.59896197817994
2006-07-25,67.82677194863882
2006-07-26,68.01118501149925
2006-07-27,67.83761807191675
2006-07-28,68.43425416809646
2006-07-31,68.42883317553863
2006-08-01,68.07627416565353
2006-08-02,68.50476845297082
2006-08-03,68.65663900783524
2006-08-04,68.62409236167697
2006-08-07,68.39628652938036
2006-08-08,68.08169515821137
2006-08-09,67.73456127904637
2006-08-10,67.99491375750125
2006-08-11,67.78337917920265
2006-08-14,67.90812821862889
2006-08-15,68.77596705470367
2006-08-16,69.44853429015333
2006-08-17,69.60583411390009
2006-08-18,69.88245370819072
2006-08-21,69.61668437534027
2006-08-22,69.6383766218961
2006-08-23,69.302088866009
2006-08-24,69.29666787345117
2006-08-25,69.3237852507271
2006-08-28,69.72516216076848
2006-08-29,69.86076146163487
2006-08-30,70.01263201649928
2006-08-31,70.00178175505911
2006-09-01,70.40857965765831
2006-09-05,70.54960822740705
2006-09-06,69.79566816931832
2006-09-07,69.5353198290257
2006-09-08,69.67634839877444
2006-09-11,69.69804064533027
2006-09-12,70.48994420397284
2006-09-13,70.86419132225151
2006-09-14,70.71232076738711
2006-09-15,70.88046257624953
2006-09-18,70.9347056071259
2006-09-19,70.75029254426548
2006-09-20,71.17336170086269
2006-09-21,70.72859202138513
2006-09-22,70.54960822740705
2006-09-25,71.15111944288483
2006-09-26,71.64670139681517
2006-09-27,71.73383832912198
2006-09-28,71.80463812535066
2006-09-29,71.58135285250268
2006-10-02,71.37985596764901
2006-10-03,71.48877297811491
2006-10-04,72.24575741913044
2006-10-05,72.59429683852245
2006-10-06,72.45269724606509
2006-10-09,72.52349704229377
2006-10-10,72.68687671291022
2006-10-11,72.55617131445
2006-10-12,73.28048148330929
2006-10-13,73.53644102831352
2006-10-16,73.73793791316719
2006-10-17,73.44930409600671
2006-10-18,73.55277816439164
2006-10-19,73.63447215461748
2006-10-20,73.61268376662316
2006-10-23,73.92854891385892
2006-10-24,74.10826572055349
2006-10-25,74.35333107156056
2006-10-26,74.74543895710597
2006-10-27,74.17361426486598
2006-10-30,74.20084559494126
2006-10-31,74.10826572055349
2006-11-01,73.50920969823821
2006-11-02,73.4656412320848
2006-11-03,73.45475534792288
2006-11-06,74.27164539116994
2006-11-07,74.52760493617417
2006-11-08,74.71820762703068
2006-11-09,74.30976260540716
2006-11-10,74.47858521810458
2006-11-13,74.64741614063725
2006-11-14,75.23012671703917
2006-11-15,75.51331759211868
2006-11-16,75.67669726273515
2006-11-17,75.6385717386627
2006-11-20,75.68214020481611
2006-11-21,75.87819414758881
2006-11-22,76.09058522643964
2006-11-24,75.86729995359165
2006-11-27,74.66375327671538
2006-11-28,74.94693584195966
2006-11-29,75.71481447697235
2006-11-30,75.8346256814354
2006-12-01,75.62223460258457
2006-12-04,76.36288190752198
2006-12-05,76.6406215306853
2006-12-06,76.59705306453189
2006-12-07,76.2539648970561
2006-12-08,76.38466198568106
2006-12-11,76.54804165629751
2006-12-12,76.42823045183447
2006-12-13,76.55893585029469
2006-12-14,77.1416464266966
2006-12-15,77.16343481469092
2006-12-18,76.84756966745516
2006-12-19,76.95648667792105
2006-12-20,76.9238124057648
2006-12-21,76.62428439460716
2006-12-22,76.19514482522136
2006-12-26,76.6385204188866
2006-12-27,77.16400786285179
2006-12-28,77.05453374812475
2006-12-29,76.7480028859532
2007-01-03,76.60567901970244
2007-01-04,76.7589444507882
2007-01-05,76.15135350886261
2007-01-08,76.43052210660707
2007-01-09,76.43052210660707
2007-01-10,76.60020823728493
2007-01-11,77.18042856244386
2007-01-12,77.68948695447742
2007-01-16,77.54170065814871
2007-01-17,77.59643353934246
2007-01-18,77.18042856244386
2007-01-19,77.48148864219792
2007-01-22,77.17495778002638
2007-01-23,77.39390600948046
2007-01-24,78.07812966694893
2007-01-25,77.20232004445344
2007-01-26,77.15305794567722
2007-01-29,77.1694786452693
2007-01-30,77.61285423893455
2007-01-31,78.17666221684097
2007-02-01,78.62550859292371
2007-02-02,78.72404114281574
2007-02-05,78.8170945579507
2007-02-06,78.8225653403682
2007-02-07,79.07983410376352
2007-02-08,78.98130155387148
2007-02-09,78.38466052912045
2007-02-12,78.10550028371556
2007-02-13,78.76782410683488
2007-02-14,79.29331155080008
2007-02-15,79.30973225039216
2007-02-16,79.36447348392547
2007-02-20,79.59984241297163
2007-02-21,79.63268381215579
2007-02-22,79.60531319538913
2007-02-23,79.34805278433339
2007-02-26,79.24404945202386
2007-02-27,76.3046189399484
2007-02-28,76.90673909945649
2007-03-01,76.6877908700024
2007-03-02,75.59303301805285
2007-03-05,74.71722339555738
2007-03-06,75.97619659576729
2007-03-07,75.91598457981648
2007-03-08,76.55094613850872
2007-03-09,76.5783084029358
2007-03-12,76.78084428513738
2007-03-13,75.40144705302585
2007-03-14,75.78461063074027
2007-03-15,76.08567071049433
2007-03-16,75.75724001397363
2007-03-19,76.62209971929454
2007-03-20,77.12568732891059
2007-03-21,78.35728991235383
2007-03-22,78.40108122871256
2007-03-23,78.55434665979833
2007-03-26,78.42352810789409
2007-03-27,78.11018180013392
2007-03-28,77.59894315666655
2007-03-29,77.81333490846123
2007-03-30,77.76935603782233
2007-04-02,77.96176254835352
2007-04-03,78.67090191563997
2007-04-04,78.75335705551798
2007-04-05,78.97325140871246
2007-04-09,79.06670336327815
2007-04-10,79.28658932836075
2007-04-11,78.78084489818129
2007-04-12,79.29758614304845
2007-04-13,79.56145097876993
2007-04-16,80.36405068873397
2007-04-17,80.49048469925087
2007-04-18,80.56195141255307
2007-04-19,80.4135237726608
2007-04-20,81.12816574134705
2007-04-23,80.96874128676707
2007-04-24,80.95775286019126
2007-04-25,81.6778890421654
2007-04-26,81.7053768848287
2007-04-27,81.6174191435509
2007-04-30,80.89728296157675
2007-05-01,81.07869265742023
2007-05-02,81.67788904216539
2007-05-03,82.04070843385236
2007-05-04,82.28257964019845
2007-05-07,82.41451625211513
2007-05-08,82.33206111223714
2007-05-09,82.62341379062192
2007-05-10,81.5844370875997
2007-05-11,82.34855214021273
2007-05-14,82.10117833246684
2007-05-15,81.88128397927237
2007-05-16,82.58492913327092
2007-05-17,82.38702840945184
2007-05-18,83.0027242102845
2007-05-21,83.23910120334268
2007-05-22,83.228104388655
2007-05-23,83.184133906128
2007-05-24,82.33206111223716
2007-05-25,82.73335677316322
2007-05-29,83.06319410889898
2007-05-30,83.77782768947334
2007-05-31,83.90976430139003
2007-06-01,84.25059006370161
2007-06-04,84.3880208889062
2007-06-05,83.95923738531684
2007-06-06,83.1016703781381
2007-06-07,81.46349729037071
2007-06-08,82.57943491998303
2007-06-11,82.67838108783663
2007-06-12,81.6613980141898
2007-06-13,82.93675171027022
2007-06-14,83.53045388172747
2007-06-15,83.97572841329243
2007-06-18,83.84380018948764
2007-06-19,84.07468296925792
2007-06-20,82.96973376622141
2007-06-21,83.38202624183518
2007-06-22,82.67838108783663
2007-06-25,82.09622981618607
2007-06-26,81.42850792058915
2007-06-27,82.63150870877105
2007-06-28,82.62046968677673
2007-06-29,82.43284841440646
2007-07-02,83.38751751940264
2007-07-03,83.74620574130503
2007-07-05,83.70205807363438
2007-07-06,84.16560437402285
2007-07-09,84.12145670635219
2007-07-10,82.96812730699142
2007-07-11,83.57513879177289
2007-07-12,84.83884157046359
2007-07-13,85.09268013418652
2007-07-16,85.0319781436777
2007-07-17,84.98231517516321
2007-07-18,84.78917018164245
2007-07-19,84.99335419715752
2007-07-20,84.23182166537546
2007-07-23,84.39737331406373
2007-07-24,82.91845591817027
2007-07-25,82.93501024100844
2007-07-26,80.97048534135114
2007-07-27,79.44742869809367
2007-07-30,80.62283614144307
2007-07-31,79.5191697105968
2007-08-01,79.98822289152248
2007-08-02,80.66697538880709
2007-08-03,78.57001590644448
2007-08-06,79.89441225533736
2007-08-07,80.49590843927498
2007-08-08,81.70994824945119
2007-08-09,79.49157636576432
2007-08-10,79.30947039423789
2007-08-13,79.46398302093183
2007-08-14,78.07888468153016
2007-08-15,77.0359202411927
2007-08-16,77.53256676695086
2007-08-17,78.94525845118503
2007-08-20,79.11081009987329
2007-08-21,79.12184912186761
2007-08-22,80.22551555271389
2007-08-23,80.09858785054578
2007-08-24,81.03671105301044
2007-08-27,80.19240690703757
2007-08-28,78.54793786245584
2007-08-29,80.1096268725401
2007-08-30,79.8999275561812
2007-08-31,80.68905343279573
2007-09-04,81.62716821495374
2007-09-05,80.90978335084235
2007-09-06,81.15259131287759
2007-09-07,79.97718386952818
2007-09-10,79.63504997046395
2007-09-11,80.67801441080142
2007-09-12,80.95393101851299
2007-09-13,81.25744097105705
2007-09-14,81.32918198356018
2007-09-17,80.89875274915465
2007-09-18,83.1557485793617
2007-09-19,83.75724476329933
2007-09-20,83.24955921554684
2007-09-21,83.44821950991143
2007-09-24,83.21203085196314
2007-09-25,83.01806847998083
2007-09-26,83.62767537860893
2007-09-27,84.08765633618742
2007-09-28,83.79393488052916
2007-10-01,84.8746089585463
2007-10-02,84.7360607829977
2007-10-03,84.60305994650915
2007-10-04,84.76377210936931
2007-10-05,85.68373402452629
2007-10-08,85.57289717534933
2007-10-09,86.17142630847641
2007-10-10,86.00516680655619
2007-10-11,85.51747452260608
2007-10-12,85.94420527106243
2007-10-15,85.27362838063102
2007-10-16,84.66956036475342
2007-10-17,84.73052190024718
2007-10-18,84.75268588755875
2007-10-19,82.5747126269634
2007-10-22,82.97927093179864
2007-10-23,83.57226118217521
2007-10-24,83.51683852943196
2007-10-25,83.46142433299825
2007-10-26,84.46451177096057
2007-10-29,84.80256965755153
2007-10-30,84.1984931853644
2007-10-31,85.29580082425215
2007-11-01,83.13444421190833
2007-11-02,83.11781910734727
2007-11-05,82.46387577778648
2007-11-06,83.60551139129738
2007-11-07,81.30006772065445
2007-11-08,81.19476975422799
2007-11-09,80.12518189802141
2007-11-12,79.0832969118769
2007-11-13,81.39427946527034
2007-11-14,81.11164423142264
2007-11-15,79.9422972915401
2007-11-16,80.25819119081947
2007-11-19,78.9447487363283
2007-11-20,79.24955641379711
2007-11-21,77.86407465831114
2007-11-23,79.02788271544317
2007-11-26,77.48168034078749
2007-11-27,78.42935358231608
2007-11-28,80.82900899757492
2007-11-29,80.86779808944756
2007-11-30,81.43861589620302
2007-12-03,80.9453847295024
2007-12-04,80.42444223643015
2007-12-05,81.62703938543483
2007-12-06,82.80747254712793
2007-12-07,82.90723163080389
2007-12-10,83.61659761310794
2007-12-11,81.33886526883663
2007-12-12,81.85426042284882
2007-12-13,81.86534664465938
2007-12-14,80.74587501846005
2007-12-17,79.51002766033325
2007-12-18,80.0808454670887
2007-12-19,79.99771994428336
2007-12-20,80.55246447141326
2007-12-21,81.7949022175678
2007-12-24,82.55819231028899
2007-12-26,82.62505585590127
2007-12-27,81.58876016365727
2007-12-28,81.27675862214801
2007-12-31,80.87003443280506
2008-01-02,79.91173912593837
2008-01-03,79.81702497950909
2008-01-04,77.68314697069574
2008-01-07,77.72215141408661
2008-01-08,76.32928131705997
2008-01-09,77.13714427305453
2008-01-10,77.64415102870929
2008-01-11,76.91428845809205
2008-01-14,77.65529636987876
2008-01-15,75.77213327824933
2008-01-16,75.31526780575048
2008-01-17,73.24268492266688
2008-01-18,72.74682350818158
2008-01-22,71.9389520507826
2008-01-23,73.82211514241203
2008-01-24,74.29569437596285
2008-01-25,73.21482582044547
2008-01-28,74.74698292717478
2008-01-29,75.05341604880154
2008-01-30,74.37369476134019
2008-01-31,75.88356118573061
2008-02-01,77.10928517083318
2008-02-04,76.19556272723987
2008-02-05,74.03383411760952
2008-02-06,73.47110915751193
2008-02-07,74.14526202509077
2008-02-08,73.71068723493082
2008-02-11,74.13969360520825
2008-02-12,74.82498331255212
2008-02-13,75.67741913182007
2008-02-14,74.6968416440189
2008-02-15,74.71355540507086
2008-02-19,74.95312498108534
2008-02-20,75.30413096598546
2008-02-21,74.46283198648256
2008-02-22,74.80826955150015
2008-02-25,76.06185263882412
2008-02-26,76.55213713202251
2008-02-27,76.42956388337181
2008-02-28,75.6607053707681
2008-02-29,73.98926125433613
2008-03-03,73.72740099598276
2008-03-04,73.49339983985081
2008-03-05,73.90568394767189
2008-03-06,72.37352684094259
2008-03-07,71.59352298716944
2008-03-10,70.50151334118482
2008-03-11,72.99753842536553
2008-03-12,72.30110337685221
2008-03-13,72.76910568911612
2008-03-14,71.43195379653231
2008-03-17,70.60737282878357
2008-03-18,73.54354112300676
2008-03-19,71.5768092261175
2008-03-20,73.07553881074287
2008-03-24,74.65783720062808
2008-03-25,74.76537085279264
2008-03-26,73.88656443368473
2008-03-27,73.61228547577923
2008-03-28,72.95738286140748
2008-03-31,73.32681773342954
2008-04-01,75.82888616685477
2008-04-02,75.8792613200241
2008-04-03,75.96882284191857
2008-04-04,75.99681188514269
2008-04-07,76.035989712811
2008-04-08,75.8960530377472
2008-04-09,75.21316138015132
2008-04-10,75.59379357767439
2008-04-11,74.04888721869371
2008-04-14,73.79700291179023
2008-04-15,74.14964606608919
2008-04-16,75.98561455964166
2008-04-17,76.08077047375822
2008-04-18,77.12749407009724
2008-04-21,76.96517128508825
2008-04-22,76.32146599621751
2008-04-23,76.55655858539787
2008-04-24,76.98196300281134
2008-04-25,77.57529313851275
2008-04-28,77.54170970306653
2008-04-29,77.21705559199171
2008-04-30,76.90919319863998
2008-05-01,78.26378772938754
2008-05-02,78.48768299306688
2008-05-05,78.0846646855986
2008-05-06,78.75076462547136
2008-05-07,77.642468550462
2008-05-08,77.48573161661827
2008-05-09,77.44095939672786
2008-05-12,78.24139307838551
2008-05-13,78.33095460027998
2008-05-14,78.57724451496135
2008-05-15,79.4112616320652
2008-05-16,79.55119830712901
2008-05-19,79.67434326446971
2008-05-20,79.01944065009796
2008-05-21,77.69284370363135
2008-05-22,77.95592533603583
2008-05-23,76.83082900224653
2008-05-27,77.50253187539822
2008-05-28,77.96711412048002
2008-05-29,78.30855994927796
2008-05-30,78.45969394984277
2008-06-02,77.83278037869515
2008-06-03,77.41297035350377
2008-06-04,77.55290702856756
2008-06-05,79.0642214110452
2008-06-06,76.67970354273855
2008-06-09,76.7412760214089
2008-06-10,76.35504943166372
2008-06-11,75.20197259570712
2008-06-12,75.42586785938646
2008-06-13,76.54536125989682
2008-06-16,76.6741006094596
2008-06-17,76.12555123470543
2008-06-18,75.56580453445024
2008-06-19,75.78969979812959
2008-06-20,74.55825876577954
2008-06-23,74.3343635021002
2008-06-24,73.96828984341785
2008-06-25,74.49695750446367
2008-06-26,72.33729295490309
2008-06-27,72.23606310408664
2008-06-30,72.08983076618291
2008-07-01,72.42728076565768
2008-07-02,70.94251621504665
2008-07-03,70.8750253569807
2008-07-07,70.1888876088243
2008-07-08,71.4824302070093
2008-07-09,70.03140894000374
2008-07-10,70.47009308114995
2008-07-11,69.85143760934953
2008-07-14,69.16529986119313
2008-07-15,68.27668953883888
2008-07-16,69.85143760934953
2008-07-17,70.58257355373821
2008-07-18,70.97625949865213
2008-07-21,71.16748145107816
2008-07-22,72.11233200972654
2008-07-23,72.46102404926316
2008-07-24,70.76254488439243
2008-07-25,70.97625949865211
2008-07-28,70.0201626090869
2008-07-29,71.50492715969793
2008-07-30,72.46102404926314
2008-07-31,71.63990458497484
2008-08-01,71.3249558290437
2008-08-04,70.72880160078692
2008-08-05,72.53976123824593
2008-08-06,72.62974904900052
2008-08-07,71.59491497045254
2008-08-08,73.11342280466906
2008-08-11,73.84455874905774
2008-08-12,73.03468561568627
2008-08-13,72.86596061594888
2008-08-14,73.24840452080095
2008-08-15,73.67583374932035
2008-08-18,72.59600576539505
2008-08-19,71.83112653740088
2008-08-20,72.0898307661829
2008-08-21,72.28105700946391
2008-08-22,73.29339842617824
2008-08-25,71.75238934841809
2008-08-26,71.98860091536645
2008-08-27,72.47227467103497
2008-08-28,73.65334108748668
2008-08-29,72.68599357614964
2008-09-02,72.38228686028035
2008-09-03,72.24731372585842
2008-09-04,70.03140894000371
2008-09-05,70.44759612846127
2008-09-08,71.6736521594353
2008-09-09,69.18779252302677
2008-09-10,69.64896932600664
2008-09-11,70.6275674591155
2008-09-12,71.32495582904372
2008-09-15,68.05172430280734
2008-09-16,68.92908400338978
2008-09-17,65.84707442957945
2008-09-18,68.05172430280736
2008-09-19,71.33620215996056
2008-09-22,68.87284376709567
2008-09-23,67.70302797241577
2008-09-24,67.64228930673542
2008-09-25,68.85180181894901
2008-09-26,68.79528338897339
2008-09-29,64.26243372440337
2008-09-30,65.96931876939401
2008-10-01,65.89019210501216
2008-10-02,62.92857807899551
2008-10-03,61.96775183317043
2008-10-06,59.80871503629497
2008-10-07,56.15756926524798
2008-10-08,55.08370184739184
2008-10-09,51.62471960067794
2008-10-10,50.132610626506406
2008-10-13,56.56450886040017
2008-10-14,56.078442600866126
2008-10-15,50.83345295685955
2008-10-16,53.173351316904906
2008-10-17,52.67597878412786
2008-10-20,55.37760458259279
2008-10-21,53.70462973317156
2008-10-22,50.709109823665294
2008-10-23,51.342123138720005
2008-10-24,48.8778859575602
2008-10-27,47.29534404576383
2008-10-28,52.04296546907316
2008-10-29,51.522989013969706
2008-10-30,53.26377994244996
2008-10-31,54.43938225909413
2008-11-03,54.25852069592424
2008-11-04,56.214087695223604
2008-11-05,53.433339544456636
2008-11-06,50.810844722453346
2008-11-07,52.12209213345499
2008-11-10,51.5455929362961
2008-11-11,50.36999493173173
2008-11-12,47.79271226646106
2008-11-13,50.94648981681081
2008-11-14,48.77615105877215
2008-11-17,47.498813843339924
2008-11-18,47.939663634061546
2008-11-19,45.03457235010032
2008-11-20,42.02774616735104
2008-11-21,44.412860996208806
2008-11-24,47.0579640526183
2008-11-25,47.71358560207922
2008-11-26,49.47698907704548
2008-11-28,50.07609219653077
2008-12-01,45.59976527401618
2008-12-02,47.39707894455186
2008-12-03,48.617893417928656
2008-12-04,47.171000912569546
2008-12-05,48.84397144991097
2008-12-08,50.70910982366529
2008-12-09,49.78219377340963
2008-12-10,50.34738669732551
2008-12-11,48.934404387535814
2008-12-12,49.42047064706985
2008-12-15,48.60659145676545
2008-12-16,51.1612615755501
2008-12-17,50.78823648804712
2008-12-18,49.90653690660388
2008-12-19,49.861320437791456
2008-12-22,49.16613227895896
2008-12-23,48.64211986201409
2008-12-24,48.8357749243657
2008-12-26,49.348397656398454
2008-12-29,48.97247721660735
2008-12-30,50.259724543595915
2008-12-31,50.966006683529656
2009-01-02,52.43551938795772
2009-01-05,52.4241297030456
2009-01-06,52.85701160404542
2009-01-07,51.37610052360649
2009-01-08,51.6039333317932
2009-01-09,50.339465374628865
2009-01-12,49.234483425079794
2009-01-13,49.30283022565124
2009-01-14,47.69661522898153
2009-01-15,47.8674909215089
2009-01-16,48.22063199147578
2009-01-20,45.71447979252072
2009-01-21,47.58270099766287
2009-01-22,46.76250462641046
2009-01-23,47.0472945502565
2009-01-26,47.30930075872894
2009-01-27,47.86749092150891
2009-01-28,49.519273348925836
2009-01-29,47.890274636882516
2009-01-30,46.86502917281701
2009-02-02,46.78528834178407
2009-02-03,47.44600305097059
2009-02-04,47.19538652741027
2009-02-05,47.94723175254185
2009-02-06,49.325613941024855
2009-02-09,49.33700797148635
2009-02-10,47.08147229609161
2009-02-11,47.36626221993766
2009-02-12,47.491566136168444
2009-02-13,47.01312114997079
2009-02-17,44.985418282762765
2009-02-18,44.837326305609
2009-02-19,44.35887697386197
2009-02-20,43.8348645569171
2009-02-23,42.34256379156606
2009-02-24,43.880431987664316
2009-02-25,43.53868494815894
2009-02-26,42.74127229228014
2009-02-27,41.932469951489225
2009-03-02,39.98450356976476
2009-03-03,39.64275653025939
2009-03-04,40.50852033225901
2009-03-05,38.8681275897542
2009-03-06,38.856737904842085
2009-03-09,38.38968260355655
2009-03-10,40.8388733413029
2009-03-11,40.98696531845667
2009-03-12,42.67292114615932
2009-03-13,43.12858676253274
2009-03-16,42.88936426943391
2009-03-17,44.2449627425433
2009-03-18,45.19046303002649
2009-03-19,44.73480175920245
2009-03-20,43.78929712616988
2009-03-23,46.830855772531294
2009-03-24,45.89674516996022
2009-03-25,46.372913227342906
2009-03-26,47.531373879598334
2009-03-27,46.63672101200642
2009-03-30,44.996521171134766
2009-03-31,45.39797122421991
2009-04-01,46.30409209313209
2009-04-02,47.69195652609023
2009-04-03,48.28838885419835
2009-04-06,47.81812204233213
2009-04-07,46.602312632615885
2009-04-08,47.25609809361455
2009-04-09,49.17157372046999
2009-04-13,49.2403948546808
2009-04-14,48.32280160901862
2009-04-15,48.83894917702539
2009-04-16,49.676253287156484
2009-04-17,50.00887783060108
2009-04-20,47.88694317654293
2009-04-21,48.838949177025384
2009-04-22,48.63249014982268
2009-04-23,48.97658707001729
2009-04-24,49.836831558218655
2009-04-27,49.32068399021189
2009-04-28,49.22892247793081
2009-04-29,50.398855506936236
2009-04-30,50.38738750561596
2009-05-01,50.67413566834975
2009-05-04,52.406092646072764
2009-05-05,52.222573996940326
2009-05-06,53.036942104430885
2009-05-07,52.21110599562006
2009-05-08,53.39250702594576
2009-05-11,52.47491378028357
2009-05-12,52.337275887291675
2009-05-13,50.84618631616192
2009-05-14,51.36232950873896
2009-05-15,50.823245938091645
2009-05-18,52.38315226800249
2009-05-19,52.39462464475249
2009-05-20,52.096404105268704
2009-05-21,51.15587048153625
2009-05-22,51.190283236356514
2009-05-26,52.56667529256465
2009-05-27,51.68349042629301
2009-05-28,52.325803510541675
2009-05-29,53.140171618032234
2009-06-01,54.45921054134983
2009-06-02,54.67713756987281
2009-06-03,54.011884107553875
2009-06-04,54.550972053630915
2009-06-05,54.447742540029566
2009-06-08,54.29863227028767
2009-06-09,54.58538043302146
2009-06-10,54.447742540029566
2009-06-11,54.7688990821539
2009-06-12,54.81477983829444
2009-06-15,53.541617295687665
2009-06-16,52.796070322407914
2009-06-17,52.72725356362683
2009-06-18,53.014001726360625
2009-06-19,53.20898837681333
2009-06-22,51.67201804954302
2009-06-23,51.67201804954301
2009-06-24,52.07690768044345
2009-06-25,53.287193491943846
2009-06-26,53.18345445684233
2009-06-29,53.690625027128
2009-06-30,53.33330070688364
2009-07-01,53.64451781218821
2009-07-02,52.23827853570669
2009-07-06,52.042329467751614
2009-07-07,50.97036090404456
2009-07-08,50.90120008163487
2009-07-09,51.00493911673639
2009-07-10,50.87814647416497
2009-07-13,52.05385407297355
2009-07-14,52.422702998439846
2009-07-15,53.99031313018461
2009-07-16,54.520532910914156
2009-07-17,54.54358651838405
2009-07-20,55.15449172674522
2009-07-21,55.39655240666613
2009-07-22,55.43113061935796
2009-07-23,56.74515546595989
2009-07-24,56.929579928693045
2009-07-27,57.17163621158792
2009-07-28,57.03331896379457
2009-07-29,56.756684468207865
2009-07-30,57.36758967656903
2009-07-31,57.45979970942259
2009-08-03,58.42802923802812
2009-08-04,58.64703631047912
2009-08-05,58.508714665659745
2009-08-06,58.105287527501616
2009-08-07,58.92367080606583
2009-08-10,58.785353558272476
2009-08-11,58.024602099869995
2009-08-12,58.65856091570106
2009-08-13,59.17725609120867
2009-08-14,58.63550730823116
2009-08-17,57.114004391426185
2009-08-18,57.713384994565416
2009-08-19,58.20902656260313
2009-08-20,58.762299950802564
2009-08-21,59.857322121979514
2009-08-24,59.938007549611136
2009-08-25,60.05327118993459
2009-08-26,60.00716837202083
2009-08-27,60.214646442223874
2009-08-28,60.16853922728408
2009-08-31,59.59221223161474
2009-09-01,58.278187385012814
2009-09-02,58.03612670509191
2009-09-03,58.56635088284748
2009-09-04,59.31557333900201
2009-09-08,59.91495394214124
2009-09-09,60.51433454528047
2009-09-10,61.136768755889605
2009-09-11,61.1828759708294
2009-09-14,61.5056176813559
2009-09-15,61.805305784412504
2009-09-16,62.77353531301804
2009-09-17,62.65827167269458
2009-09-18,62.75048170554814
2009-09-21,62.57758624506296
2009-09-22,62.946435170529256
2009-09-23,62.30094735245023
2009-09-24,61.641629621166594
2009-09-25,61.24790120378547
2009-09-28,62.39434714241378
2009-09-29,62.29012478435666
2009-09-30,62.058519053395074
2009-10-01,60.41412233932852
2009-10-02,60.055137652974366
2009-10-05,60.981556159308816
2009-10-06,61.88481365079593
2009-10-07,62.02377973988001
2009-10-08,62.568048127501065
2009-10-09,62.99652027590916
2009-10-12,63.22812158935886
2009-10-13,63.05442060427159
2009-10-14,64.17770111054065
2009-10-15,64.39772854283451
2009-10-16,63.92293878224362
2009-10-19,64.44405057252922
2009-10-20,64.0503221551481
2009-10-21,63.42498800680538
2009-10-22,64.10822248351052
2009-10-23,63.28602633523319
2009-10-26,62.56804812750108
2009-10-27,62.23222445599427
2009-10-28,60.877333801251716
2009-10-29,62.104841083089795
2009-10-30,60.42570505550816
2009-11-02,60.76153314452687
2009-11-03,61.03945648767126
2009-11-04,61.143678845728374
2009-11-05,62.313285799204024
2009-11-06,62.47540848562357
2009-11-09,63.87661675254892
2009-11-10,63.89977776739627
2009-11-11,64.22402314023536
2009-11-12,63.50604935001515
2009-11-13,63.87661675254893
2009-11-16,64.83777898991035
2009-11-17,64.9072576169405
2009-11-18,64.8609355872458
2009-11-19,63.934517080911355
2009-11-20,63.73765508097674
2009-11-23,64.49036818471203
2009-11-24,64.53669021440672
2009-11-25,64.79145696021565
2009-11-27,63.70291134994977
2009-11-30,63.86503845388121
2009-12-01,64.65249528864346
2009-12-02,64.83777898991036
2009-12-03,64.25876687126235
2009-12-04,64.73355663185326
2009-12-07,64.6524952886435
2009-12-08,63.980839110606084
2009-12-09,64.18928382672033
2009-12-10,64.51352919955941
2009-12-11,64.83777898991039
2009-12-14,65.32414704916901
2009-12-15,65.04621928851273
2009-12-16,65.20834639244416
2009-12-17,64.47878988604432
2009-12-18,64.87251830342545
2009-12-21,65.5094307504359
2009-12-22,65.8429420841781
2009-12-23,66.06435922708913
2009-12-24,66.40231521798161
2009-12-28,66.48389018881738
2009-12-29,66.36735578633842
2009-12-30,66.34404801674212
2009-12-31,65.69144380455343
2010-01-04,66.78688674806666
2010-01-05,67.04326332262089
2010-01-06,67.13649440100606
2010-01-07,67.41617874515657
2010-01-08,67.6376003335701
2010-01-11,67.73082696645278
2010-01-12,67.03161166057401
2010-01-13,67.6609081031664
2010-01-14,67.77744250564537
2010-01-15,67.00830389097773
2010-01-19,67.89397690812433
2010-01-20,67.26468491103444
2010-01-21,66.02939979544595
2010-01-22,64.57269753694644
2010-01-25,64.85238632659944
2010-01-26,64.56104587489953
2010-01-27,64.87568965069323
2010-01-28,64.10655103602559
2010-01-29,63.34906852890734
2010-02-01,64.31631651688973
2010-02-02,65.14372677829935
2010-02-03,64.81742244945377
2010-02-04,62.801347057150736
2010-02-05,62.9062297975828
2010-02-08,62.416779972568165
2010-02-09,63.24418578847529
2010-02-10,63.150954710090126
2010-02-11,63.826866691875104
2010-02-12,63.826866691875104
2010-02-16,64.89899742028955
2010-02-17,65.26026118077833
2010-02-18,65.63317660331401
2010-02-19,65.86624985377443
2010-02-22,65.76136711334237
2010-02-23,64.96892072907843
2010-02-24,65.55160163247824
2010-02-25,65.52829386288194
2010-02-26,65.52829386288194
2010-03-01,66.30908858509898
2010-03-02,66.51885406596311
2010-03-03,66.60042903679889
2010-03-04,66.77523064051734
2010-03-05,67.83570970688488
2010-03-08,67.84736581443427
2010-03-09,67.98720798650953
2010-03-10,68.34847174699831
2010-03-11,68.60484832155254
2010-03-12,68.60484832155254
2010-03-15,68.58154055195624
2010-03-16,69.14091813126225
2010-03-17,69.58375241708431
2010-03-18,69.50217744624854
2010-03-19,69.0476870528771
2010-03-22,69.53713687789174
2010-03-23,70.02659114840888
2010-03-24,69.61871629423001
2010-03-25,69.49751848850275
2010-03-26,69.48581607049357
2010-03-29,69.89531590068422
2010-03-30,69.93041422838222
2010-03-31,69.71981533586468
2010-04-01,70.22291219430494
2010-04-05,70.90150515439996
2010-04-06,71.10040609207309
2010-04-07,70.72600905274518
2010-04-08,70.88980719955555
2010-04-09,71.36950368514222
2010-04-12,71.53330183195257
2010-04-13,71.60350295051333
2010-04-14,72.48099684828148
2010-04-15,72.57459387653107
2010-04-16,71.43970480370298
2010-04-19,71.62690332336693
2010-04-20,72.30549628346195
2010-04-21,72.24699758291035
2010-04-22,72.59799424938467
2010-04-23,73.0893931529805
2010-04-26,72.8319935147558
2010-04-27,71.0770057192195
2010-04-28,71.54500424996175
2010-04-29,72.48099684828148
2010-04-30,71.24080386602985
2010-05-03,72.20019683720318
2010-05-04,70.4452090416669
2010-05-05,69.87191552783064
2010-05-06,67.52022938243975
2010-05-07,66.24493807249013
2010-05-10,69.28691959598521
2010-05-11,69.22841643226886
2010-05-12,70.33990959540812
2010-05-13,69.49751848850273
2010-05-14,68.2456275514067
2010-05-17,68.29242383394912
2010-05-18,67.32133290793138
2010-05-19,66.84163642234472
2010-05-20,64.2442530567383
2010-05-21,65.18024565505803
2010-05-24,64.36125045784148
2010-05-25,64.36125045784148
2010-05-26,64.09215286477236
2010-05-27,66.33853956390448
2010-05-28,65.6248438129467
2010-06-01,64.26765342959189
2010-06-02,65.94074215172299
2010-06-03,66.29173881819729
2010-06-04,63.96345304565999
2010-06-07,62.92216100108149
2010-06-08,63.46036065038451
2010-06-09,63.167862684461795
2010-06-10,65.11004899966203
2010-06-11,65.5078464118435
2010-06-14,65.51954436668791
2010-06-15,66.99373215114589
2010-06-16,66.92353549574989
2010-06-17,67.04053289685307
2010-06-18,67.08733364256024
2010-06-21,66.82993400433553
2010-06-22,65.68334251349826
2010-06-23,65.42594287527355
2010-06-24,64.39518272126077
2010-06-25,64.72438798698752
2010-06-28,64.51275474899595
2010-06-29,62.47872817059714
2010-06-30,61.79680233657953
2010-07-01,61.526383084720365
2010-07-02,61.23244853029709
2010-07-06,61.42056646572457
2010-07-07,63.419317847734526
2010-07-08,64.0424621529699
2010-07-09,64.53627005156002
2010-07-12,64.55978535412413
2010-07-13,65.61795154408206
2010-07-14,65.60619165025732
2010-07-15,65.6649776641249
2010-07-16,63.760283007286
2010-07-19,64.12476346940159
2010-07-20,64.86547531728677
2010-07-21,64.05421756170927
2010-07-22,65.4768597286974
2010-07-23,66.14703015397563
2010-07-26,66.9582923946385
2010-07-27,66.87599107820682
2010-07-28,66.40569399709544
2010-07-29,66.06472883754395
2010-07-30,66.13527474523627
2010-08-02,67.55791691222443
2010-08-03,67.1934409351942
2010-08-04,67.7225195450878
2010-08-05,67.58143221478853
2010-08-06,67.33452826549347
2010-08-09,67.68724883378432
2010-08-10,67.26398235780115
2010-08-11,65.27698638453056
2010-08-12,64.91250592241497
2010-08-13,64.6656019731199
2010-08-16,64.60681595925232
2010-08-17,65.5238903338256
2010-08-18,65.67673755794961
2010-08-19,64.52451464282062
2010-08-20,64.3011215110043
2010-08-23,63.96016083653818
2010-08-24,63.04308197687952
2010-08-25,63.242959806131736
2010-08-26,62.854964041452035
2010-08-27,63.936645533974065
2010-08-30,63.00781126557604
2010-08-31,63.019566674315406
2010-09-01,64.86547531728672
2010-09-02,65.54740563638968
2010-09-03,66.41745389092013
2010-09-07,65.70025286051369
2010-09-08,66.0412135349798
2010-09-09,66.37042328579192
2010-09-10,66.65259794639044
2010-09-13,67.49913089835678
2010-09-14,67.4873754896174
2010-09-15,67.71076413634836
2010-09-16,67.68724883378425
2010-09-17,67.72251954508772
2010-09-20,68.83947174891323
2010-09-21,68.67486911604985
2010-09-22,68.31038865393425
2010-09-23,67.7225195450877
2010-09-24,69.15339528826459
2010-09-27,68.85796896073843
2010-09-28,69.24792936899199
2010-09-29,69.12976064112074
2010-09-30,68.9761376886097
2010-10-01,69.2833835936318
2010-10-04,68.66889629143563
2010-10-05,70.0987586347787
2010-10-06,70.02785469334715
2010-10-07,69.93332061261975
2010-10-08,70.4060045398008
2010-10-11,70.51235369017613
2010-10-12,70.7605152312626
2010-10-13,71.31591366167513
2010-10-14,71.12684099237231
2010-10-15,71.18592986415595
2010-10-18,71.57589027240952
2010-10-19,70.53598833732
2010-10-20,71.24501422809159
2010-10-21,71.36318295596284
2010-10-22,71.57589027240951
2010-10-25,71.81223223600003
2010-10-26,71.80041265850409
2010-10-27,71.65860928348897
2010-10-28,71.65860928348897
2010-10-29,71.75314787206439
2010-11-01,71.76496294171231
2010-11-02,72.33218094962076
2010-11-03,72.62760727714692
2010-11-04,74.04565455084207
2010-11-05,74.37653059515999
2010-11-08,74.28199651443259
2010-11-09,73.7029589290282
2010-11-10,74.02201990369821
2010-11-11,73.82113216474747
2010-11-12,72.88758388788129
2010-11-15,72.78123022965795
2010-11-16,71.62315956669718
2010-11-17,71.74132829456843
2010-11-18,72.74578051286618
2010-11-19,73.04120684039233
2010-11-22,73.05302191004026
2010-11-23,72.01311997495074
2010-11-24,73.17119063791152
2010-11-26,72.67487657143462
2010-11-29,72.56852291321128
2010-11-30,72.11947363317408
2010-12-01,73.66750921223642
2010-12-02,74.61287255875052
2010-12-03,74.84921452234106
2010-12-06,74.8255798751972
2010-12-07,74.90829888627668
2010-12-08,75.12100620272336
2010-12-09,75.39279788310567
2010-12-10,75.87729687993465
2010-12-13,75.90093603492652
2010-12-14,75.92456617422235
2010-12-15,75.59369012990443
2010-12-16,76.04273490209361
2010-12-17,76.18454278495675
2010-12-20,76.38543052390749
2010-12-21,76.84629487359261
2010-12-22,77.13699618301756
2010-12-23,77.03007125388926
2010-12-27,77.07759243753084
2010-12-28,77.14887874486271
2010-12-29,77.26767717209715
2010-12-30,77.172634804814
2010-12-31,77.13699618301757
2011-01-03,77.93295561560122
2011-01-04,77.77851856657036
2011-01-05,78.20620015560554
2011-01-06,78.02799798288437
2011-01-07,77.8497958101632
2011-01-10,77.90919955564992
2011-01-11,78.21807365371166
2011-01-12,78.91899978275116
2011-01-13,78.80020135551672
2011-01-14,79.31104274998991
2011-01-18,79.51300098266235
2011-01-19,78.56259543730883
2011-01-20,78.32499858283995
2011-01-21,78.45567957191955
2011-01-24,78.89524372279988
2011-01-25,78.94275584270244
2011-01-26,79.39420255542792
2011-01-27,79.6317994098968
2011-01-28,78.20620015560554
2011-01-31,78.71704155007873
2011-02-01,80.01195981529042
2011-02-02,79.91691744800727
2011-02-03,80.09511962072843
2011-02-04,80.32084297709116
2011-02-07,80.85544043151563
2011-02-08,81.25936596059954
2011-02-09,81.04552516608194
2011-02-10,81.1405675333651
2011-02-11,81.67516498778957
2011-02-14,81.88900578230717
2011-02-15,81.62764380414801
2011-02-16,82.1622503223115
2011-02-17,82.45925092226709
2011-02-18,82.61368797129795
2011-02-22,80.8435669334095
2011-02-23,80.1664059280603
2011-02-24,80.17827942616644
2011-02-25,81.18807965326768
2011-02-28,81.62764380414801
2011-03-01,80.24956573349832
2011-03-02,80.41588534437433
2011-03-03,81.87712322046202
2011-03-04,81.33064320419241
2011-03-07,80.59407845335649
2011-03-08,81.31876064234727
2011-03-09,81.19996221511283
2011-03-10,79.64368197174198
2011-03-11,80.17827942616645
2011-03-14,79.69120315538356
2011-03-15,78.84772253915834
2011-03-16,77.48151796661477
2011-03-17,78.37251976648157
2011-03-18,78.74079761003004
2011-03-21,79.97632119349402
2011-03-22,79.71495921533484
2011-03-23,79.90504394990114
2011-03-24,80.66536476068836
2011-03-25,80.95404825619651
2011-03-28,80.76317080162728
2011-03-29,81.35964919484917
2011-03-30,81.96805970436611
2011-03-31,81.96805970436611
2011-04-01,82.36173762826166
2011-04-04,82.43331212295614
2011-04-05,82.48103148659845
2011-04-06,82.69576407221986
2011-04-07,82.4571763555463
2011-04-08,82.11121779529304
2011-04-11,81.81297859868211
2011-04-12,81.1210614781756
2011-04-13,81.16878084181792
2011-04-14,81.21650020546022
2011-04-15,81.61017812935579
2011-04-18,80.63194482699545
2011-04-19,81.09720634712346
2011-04-20,82.27823101727215
2011-04-21,82.68383195592479
2011-04-25,82.60032534493524
2011-04-26,83.32802971278898
2011-04-27,83.87678874236855
2011-04-28,84.12730857533718
2011-04-29,84.34204116095857
2011-05-02,84.19889217156964
2011-05-03,83.7336397529796
2011-05-04,83.11329712716757
2011-05-05,82.44524423925122
2011-05-06,82.80313491579953
2011-05-09,83.24452310179942
2011-05-10,83.98415958594822
2011-05-11,83.12522924346264
2011-05-12,83.51890716735821
2011-05-13,82.75541555215725
2011-05-16,82.18279228998753
2011-05-17,82.11121779529306
2011-05-18,82.8985645415462
2011-05-19,83.10137411241051
2011-05-20,82.48103148659848
2011-05-23,81.43123279108164
2011-05-24,81.3477261800921
2011-05-25,81.68175262405028
2011-05-26,82.17086017369246
2011-05-27,82.55260598129296
2011-05-31,83.44732357112578
2011-06-01,81.55052664941843
2011-06-02,81.39544554373441
2011-06-03,80.56037033230099
2011-06-06,79.62986549512094
2011-06-07,79.59407824777371
2011-06-08,79.176545192826
2011-06-09,79.73722723716266
2011-06-10,78.60392193065627
2011-06-13,78.5919898143612
2011-06-14,79.67758485876325
2011-06-15,78.25796337040302
2011-06-16,78.38918934503488
2011-06-17,78.6397091780035
2011-06-20,79.0095319708469
2011-06-21,80.21441177204774
2011-06-22,79.77302358604786
2011-06-23,79.64179761141601
2011-06-24,78.73872823189353
2011-06-27,79.40965785389037
2011-06-28,80.51190198737959
2011-06-29,81.21878210260957
2011-06-30,81.94962007259777
2011-07-01,83.12374691109221
2011-07-05,83.11177255407837
2011-07-06,83.27950495957758
2011-07-07,84.17807533506499
2011-07-08,83.57902841807339
2011-07-11,82.03348627534739
2011-07-12,81.6740544688602
2011-07-13,81.98556142510039
2011-07-14,81.29066480761479
2011-07-15,81.80584552185678
2011-07-18,81.05104969711036
2011-07-19,82.41687593659277
2011-07-20,82.36895108634579
2011-07-21,83.37534551934102
2011-07-22,83.51912007008201
2011-07-25,82.97998150108178
2011-07-26,82.632533192339
2011-07-27,80.81142544587541
2011-07-28,80.53586898286838
2011-07-29,80.0925709736316
2011-08-01,79.73314830787496
2011-08-02,77.62450060065996
2011-08-03,78.05581511215236
2011-08-04,74.13804772658342
2011-08-05,73.82654077034324
2011-08-08,68.7106795507911
2011-08-09,72.14921214498591
2011-08-10,69.08209028465738
2011-08-11,72.24505727511462
2011-08-12,72.724296636854
2011-08-15,74.30578013208263
2011-08-16,73.59890458721793
2011-08-17,73.61088351459705
2011-08-18,70.3281089688876
2011-08-19,69.07011135727828
2011-08-22,69.0820902846574
2011-08-23,71.45431552750033
2011-08-24,72.47269802860522
2011-08-25,71.26262069687763
2011-08-26,72.44873560348174
2011-08-29,74.71313221845156
2011-08-30,74.91680597645338
2011-08-31,75.21632943494917
2011-09-01,74.36568390970875
2011-09-02,72.32892347786424
2011-09-06,71.87365111161361
2011-09-07,74.01823560096597
2011-09-08,73.13164872322294
2011-09-09,71.22667934437501
2011-09-12,71.72987656087264
2011-09-13,72.44873560348174
2011-09-14,73.47909703196575
2011-09-15,74.76105706869858
2011-09-16,75.12048430482048
2011-09-19,74.32974255720617
2011-09-20,74.06616045121298
2011-09-21,71.65799385586745
2011-09-22,69.45350101852372
2011-09-23,69.8560590842252
2011-09-26,71.50610608993325
2011-09-27,72.40941719878099
2011-09-28,70.75937019307293
2011-09-29,71.27726892970387
2011-09-30,69.51882440715495
2011-10-03,67.21839230040183
2011-10-04,68.90457028023089
2011-10-05,70.31373799916186
2011-10-06,71.67472342846838
2011-10-07,71.02434292190121
2011-10-10,73.46930351961618
2011-10-11,73.52952334131045
2011-10-12,74.22808613750209
2011-10-13,74.13173074720893
2011-10-14,75.48067404996775
2011-10-17,73.95107128212612
2011-10-18,75.44454307584677
2011-10-19,74.44488117118377
2011-10-20,74.782115848254
2011-10-21,76.19127897270708
2011-10-24,77.46796032722392
2011-10-25,75.89017526975783
2011-10-26,76.70917770933802
2011-10-27,79.35889121418697
2011-10-28,79.43115316242894
2011-10-31,77.41978263207736
2011-11-01,75.36023440657921
2011-11-02,76.60078019249717
2011-11-03,78.09425198621781
2011-11-04,77.67270863988003
2011-11-07,78.07016773312242
2011-11-08,79.00960981609114
2011-11-09,75.99857278659869
2011-11-10,76.67304673521704
2011-11-11,78.19060737651097
2011-11-14,77.41978263207736
2011-11-15,77.88950367356172
2011-11-16,76.58873806594947
2011-11-17,75.33614555900591
2011-11-18,75.22774804216506
2011-11-21,73.83062704425967
2011-11-22,73.48134564616386
2011-11-23,71.84334536148138
2011-11-25,71.61450360677411
2011-11-28,73.7704072225654
2011-11-29,73.99924438279479
2011-11-30,77.13072565015368
2011-12-01,77.13072565015368
2011-12-02,77.0945946760327
2011-12-05,77.93768136870828
2011-12-06,77.97381234282928
2011-12-07,78.17856984444116
2011-12-08,76.40807400638877
2011-12-09,77.76906403017317
2011-12-12,76.57669593940177
2011-12-13,75.75769349982158
2011-12-14,74.89051336509482
2011-12-15,75.16752822047077
2011-12-16,75.42045422827344
2011-12-19,74.54123196699899
2011-12-20,76.877799642351
2011-12-21,77.02353181300815
2011-12-22,77.82295812409077
2011-12-23,78.41646914717295
2011-12-27,78.42858425735217
2011-12-28,77.47169385786458
2011-12-29,78.23477945897025
2011-12-30,77.88352443386547
2012-01-03,78.9857591910181
2012-01-04,79.02209528043436
2012-01-05,79.37335954666055
2012-01-06,79.19166985845784
2012-01-09,79.37335954666055
2012-01-10,80.16067536812467
2012-01-11,80.30602896691113
2012-01-12,80.49982452417164
2012-01-13,80.12433927870842
2012-01-17,80.30602896691113
2012-01-18,81.27502523545652
2012-01-19,81.77164310046916
2012-01-20,81.79586407970619
2012-01-23,81.82009430006464
2012-01-24,81.80797918988542
2012-01-25,82.55895892193327
2012-01-26,82.13501323575315
2012-01-27,82.19557954552786
2012-01-30,81.86853625853871
2012-01-31,81.83220016912246
2012-02-01,82.77697545843083
2012-02-02,82.92232905721727
2012-02-03,84.15781154409852
2012-02-06,84.10936034450305
2012-02-07,84.30315590176355
2012-02-08,84.48484558996626
2012-02-09,84.61808407857347
2012-02-10,83.95189163553736
2012-02-13,84.59385385821503
2012-02-14,84.47273047978703
2012-02-15,84.10936034450303
2012-02-16,85.1146927024647
2012-02-17,85.23582532201411
2012-02-21,85.19947999147644
2012-02-22,84.93301225538342
2012-02-23,85.40539990003761
2012-02-24,85.5265232784656
2012-02-27,85.59919545729812
2012-02-28,85.84145145527553
2012-02-29,85.28427652160961
2012-03-01,85.93834461334508
2012-03-02,85.51440816828638
2012-03-05,85.12680781264393
2012-03-06,83.75809607827686
2012-03-07,84.48484558996627
2012-03-08,85.35694870044212
2012-03-09,85.78088514550082
2012-03-12,85.7203188357261
2012-03-13,87.30706558883355
2012-03-14,87.12537590063084
2012-03-15,87.63409963470127
2012-03-16,87.76733812330849
2012-03-19,88.09438141029764
2012-03-20,87.79156834366694
2012-03-21,87.69466594447597
2012-03-22,86.99213741202361
2012-03-23,87.34340167824979
2012-03-26,88.55223439739842
2012-03-27,88.26029728481042
2012-03-28,87.82240089614689
2012-03-29,87.66427525365891
2012-03-30,87.89538981440313
2012-04-02,88.63738040184863
2012-04-03,88.34544328926063
2012-04-04,87.36018105487693
2012-04-05,87.29935850303315
2012-04-09,86.27760644963058
2012-04-10,84.65982308485805
2012-04-11,85.36532385328465
2012-04-12,86.65468028645031
2012-04-13,85.59643841402887
2012-04-16,85.51129240957864
2012-04-17,86.81281520915675
2012-04-18,86.50872101037477
2012-04-19,86.01000206986747
2012-04-20,86.14380425974902
2012-04-23,85.40181367230352
2012-04-24,85.68158441847906
2012-04-25,86.94661739903829
2012-04-26,87.57912924920866
2012-04-27,87.78591107712798
2012-04-30,87.33585760227047
2012-05-01,87.89538981440309
2012-05-02,87.70076507267775
2012-05-03,86.93445103262583
2012-05-04,85.48695967675373
2012-05-07,85.54778222859751
2012-05-08,85.23152166340309
2012-05-09,84.72064563670179
2012-05-10,84.93959383103355
2012-05-11,84.70847927028933
2012-05-14,83.74754048851207
2012-05-15,83.29748701365456
2012-05-16,82.90824681042237
2012-05-17,81.47292182096271
2012-05-18,80.79174450514253
2012-05-21,82.28789204644598
2012-05-22,82.3122154990524
2012-05-23,82.45818405534641
2012-05-24,82.61630969783438
2012-05-25,82.42169423632751
2012-05-29,83.41912283712364
2012-05-30,82.10543367113308
2012-05-31,81.89865184321377
2012-06-01,79.79431590434639
2012-06-04,79.72133626630863
2012-06-05,80.32952466387258
2012-06-06,82.20274604199575
2012-06-07,82.1054336711331
2012-06-08,82.8230915257537
2012-06-11,81.66753728246958
2012-06-12,82.55549642620907
2012-06-13,81.94730802864514
2012-06-14,82.79876807314727
2012-06-15,83.6502281176494
2012-06-18,83.89350904480607
2012-06-19,84.7814589083271
2012-06-20,84.62333326583912
2012-06-21,82.71362206869706
2012-06-22,83.3826330181048
2012-06-25,82.02758110174007
2012-06-26,82.4188380427645
2012-06-27,83.21355305200346
2012-06-28,83.04238280434471
2012-06-29,85.21869823435928
2012-07-02,85.45100471107283
2012-07-03,86.14791481313456
2012-07-05,85.79334520639033
2012-07-06,84.98640108572464
2012-07-09,84.77854350378568
2012-07-10,84.02050650074806
2012-07-11,83.95937027169327
2012-07-12,83.62925888780251
2012-07-13,84.9374939680966
2012-07-16,84.72964571423654
2012-07-17,85.29206357484084
2012-07-18,85.9033885530732
2012-07-19,86.05010057787848
2012-07-20,85.26760535198737
2012-07-23,84.32616898986426
2012-07-24,83.56812265874774
2012-07-25,83.58035177017447
2012-07-26,84.85190884426726
2012-07-27,86.52693331465343
2012-07-30,86.44134819082406
2012-07-31,85.96451545404912
2012-08-01,85.62217495873162
2012-08-02,85.03530820335273
2012-08-03,86.75923979136695
2012-08-06,86.97931715665375
2012-08-07,87.50505701105673
2012-08-08,87.61510035773959
2012-08-09,87.68845637014223
2012-08-10,87.85962661780098
2012-08-13,87.78627060539834
2012-08-14,87.76181238254487
2012-08-15,87.95744085305711
2012-08-16,88.62989273226536
2012-08-17,88.80106297992411
2012-08-20,88.78884319657627
2012-08-21,88.60544383749078
2012-08-22,88.49540049080794
2012-08-23,87.83516839494752
2012-08-24,88.33645935457591
2012-08-27,88.32423024314917
2012-08-28,88.31201045980133
2012-08-29,88.42204447840528
2012-08-30,87.76181238254487
2012-08-31,88.28755223694786
2012-09-04,88.22642533597195
2012-09-05,88.22642533597195
2012-09-06,89.9870349301875
2012-09-07,90.42718966076112
2012-09-10,89.8892206949314
2012-09-11,90.08484916544363
2012-09-12,90.46386766696244
2012-09-13,91.82100986488459
2012-09-14,92.31007171308624
2012-09-17,91.93105321156742
2012-09-18,91.77210274725651
2012-09-19,91.84546808773804
2012-09-20,91.72319562962845
2012-09-21,91.74765385248193
2012-09-24,91.54469545220141
2012-09-25,90.61093941798423
2012-09-26,90.00891681799828
2012-09-27,90.90580629112952
2012-09-28,90.48807900197774
2012-10-01,90.64779660542126
2012-10-02,90.78294587512305
2012-10-03,91.1146793093543
2012-10-04,91.80270513790965
2012-10-05,91.77812743051904
2012-10-08,91.42183503619493
2012-10-09,90.50036785567306
2012-10-10,89.97205963056123
2012-10-11,90.10719952661412
2012-10-12,89.71404057120408
2012-10-15,90.45122181454069
2012-10-16,91.38496847510899
2012-10-17,91.81499399160498
2012-10-18,91.63069868077083
2012-10-19,90.04577400543535
2012-10-22,90.04577400543535
2012-10-23,88.90315432664227
2012-10-24,88.65743349462933
2012-10-25,88.90315432664227
2012-10-26,88.80486224437753
2012-10-31,88.85400828550989
2012-11-01,89.97205963056123
2012-11-02,89.03830359634405
2012-11-05,89.32088161579405
2012-11-06,89.99662796430297
2012-11-07,87.98168714612038
2012-11-08,86.86363580106904
2012-11-09,86.94963902963845
2012-11-12,86.99878507077081
2012-11-13,86.66706101018845
2012-11-14,85.45072695652127
2012-11-15,85.22957445825006
2012-11-16,85.6964477885342
2012-11-19,87.46566777470385
2012-11-20,87.56395048331969
2012-11-21,87.78510298159088
2012-11-23,88.92772266038396
2012-11-26,88.8171510980728
2012-11-27,88.35027776778864
2012-11-28,89.0505924500393
2012-11-29,89.56661182145581
2012-11-30,89.54203411406517
2012-12-03,89.14887515865513
2012-12-04,89.02601474264866
2012-12-05,89.19802119978749
2012-12-06,89.48060859288638
2012-12-07,89.73861827859464
2012-12-10,89.8491898409058
2012-12-11,90.41435525345467
2012-12-12,90.45122181454062
2012-12-13,89.93519306947522
2012-12-14,89.55432296776048
2012-12-17,90.67237431281183
2012-12-18,91.72899076303548
2012-12-19,91.16381597683771
2012-12-20,91.66140900421144
2012-12-21,90.8816839458709
2012-12-24,90.57226789123327
2012-12-26,90.13908730326631
2012-12-27,90.06482102916581
2012-12-28,89.08707460602409
2012-12-31,90.69603242456262
2013-01-02,92.9980886264769
2013-01-03,92.86194480702606
2013-01-04,93.33226325335758
2013-01-07,93.0847247440703
2013-01-08,92.83719567741164
2013-01-09,93.12185315980624
2013-01-10,93.76544384132454
2013-01-11,93.77781368481743
2013-01-14,93.67880772373114
2013-01-15,93.85207995891793
2013-01-16,93.77781368481743
2013-01-17,94.42140436633574
2013-01-18,94.68131271911591
2013-01-22,95.17638029506185
2013-01-23,95.28776554226967
2013-01-24,95.3991602321061
2013-01-25,95.93135622378797
2013-01-28,95.84472010619459
2013-01-29,96.16650600432511
2013-01-30,95.7828331182156
2013-01-31,95.60956088302882
2013-02-01,96.53780904694172
2013-02-04,95.52292476543542
2013-02-05,96.42642379973391
2013-02-06,96.5996960349207
2013-02-07,96.42642379973391
2013-02-08,97.00811805064463
2013-02-11,96.95861034878718
2013-02-12,97.11951274048107
2013-02-13,97.25565655993192
2013-02-14,97.37942109326126
2013-02-15,97.26802640342483
2013-02-19,97.94874550067908
2013-02-20,96.64919429414957
2013-02-21,95.99323376913837
2013-02-22,96.92148193305127
2013-02-25,95.13925187932595
2013-02-26,95.74570470247971
2013-02-27,96.92148193305128
2013-02-28,96.83484581545788
2013-03-01,97.05762575250212
2013-03-04,97.50318562659061
2013-03-05,98.48094149236096
2013-03-06,98.62946459793332
2013-03-07,98.86461437847046
2013-03-08,99.34730266829489
2013-03-11,99.6319695933181
2013-03-12,99.45869735813132
2013-03-13,99.64434887943962
2013-03-14,100.20129400073591
2013-03-15,100.0899087535281
2013-03-18,99.54533347572472
2013-03-19,99.27304583682302
2013-03-20,100.01564247942761
2013-03-21,99.21116829147266
2013-03-22,99.82257101609032
2013-03-25,99.48688138655929
2013-03-26,100.23285412532275
2013-03-27,100.30744760502414
2013-03-28,100.65556315754714
2013-04-01,100.12095442033326
2013-04-02,100.4193378245762
2013-04-03,99.32525901872715
2013-04-04,99.76040345938091
2013-04-05,99.41228790685791
2013-04-08,100.02149012377316
2013-04-09,100.30744760502414
2013-04-10,101.60045500399343
2013-04-11,101.98586729636713
2013-04-12,101.62531633541477
2013-04-15,99.15120124246567
2013-04-16,100.61826641769646
2013-04-17,99.11390450261499
2013-04-18,98.49226687727037
2013-04-19,99.43715872371665
2013-04-22,99.85986775594104
2013-04-23,100.94152063879812
2013-04-24,101.0907075982009
2013-04-25,101.50099070743332
2013-04-26,101.31449752274246
2013-04-29,101.96100596494581
2013-04-30,102.27182477761812
2013-05-01,101.22746863461171
2013-05-02,102.28425070061007
2013-05-03,103.24157795548572
2013-05-06,103.63942565628876
2013-05-07,104.21133113335333
2013-05-08,104.69620772228714
2013-05-09,104.34809216976414
2013-05-10,104.80810742727662
2013-05-13,104.83296875869796
2013-05-14,105.91462164155504
2013-05-15,106.37462741363012
2013-05-16,105.93948297297636
2013-05-17,107.02113585583345
2013-05-20,107.00870044740408
2013-05-21,107.18275822366559
2013-05-22,106.12597615766722
2013-05-23,105.927047564547
2013-05-24,105.79028652813619
2013-05-28,106.47409171019022
2013-05-29,105.7529897882855
2013-05-30,106.18814371437665
2013-05-31,104.77080120198853
2013-06-03,105.19351971965031
2013-06-04,104.68377231385777
2013-06-05,103.20428121563504
2013-06-06,104.17403439350264
2013-06-07,105.46704179247193
2013-06-10,105.50433853232263
2013-06-11,104.4351210578949
2013-06-12,103.55239676815803
2013-06-13,105.15622297979962
2013-06-14,104.55944668587632
2013-06-17,105.29298401621041
2013-06-18,106.08867941781651
2013-06-19,104.7335044621378
2013-06-20,102.13506374120728
2013-06-21,102.39615040559953
2013-06-24,101.0857352560331
2013-06-25,102.097598477014
2013-06-26,103.04698806243715
2013-06-27,103.80900439460855
2013-06-28,103.27184549702353
2013-07-01,104.13380058471873
2013-07-02,104.0213671020834
2013-07-03,104.1712752353691
2013-07-05,105.28306768118948
2013-07-08,105.84521603299758
2013-07-09,106.59473763805745
2013-07-10,106.64470701581936
2013-07-11,108.19371960370097
2013-07-12,108.29365835922476
2013-07-15,108.70588904706288
2013-07-16,108.21869952723976
2013-07-17,108.56848517157303
2013-07-18,109.18059337045874
2013-07-19,109.34298670017168
2013-07-22,109.5803388618696
2013-07-23,109.38046135082202
2013-07-24,108.9432412087608
2013-07-25,109.34298670017168
2013-07-26,109.35548142728324
2013-07-29,108.98071585941116
2013-07-30,109.0931493420465
2013-07-31,109.20557329399756
2013-08-01,110.59219255216624
2013-08-02,110.64216192992814
2013-08-05,110.6546566570397
2013-08-06,109.93011497551863
2013-08-07,109.49289483345741
2013-08-08,109.9426097026302
2013-08-09,109.6677828902819
2013-08-12,109.5928335889812
2013-08-13,109.83017621999483
2013-08-14,109.25554267175946
2013-08-15,107.63158078257715
2013-08-16,107.28179513824387
2013-08-19,106.5572629874071
2013-08-20,107.25681521470506
2013-08-21,106.63221228870779
2013-08-22,107.58161140481523
2013-08-23,108.03132627398801
2013-08-26,107.75649946163972
2013-08-27,105.84521603299757
2013-08-28,106.23246679729691
2013-08-29,106.51977880607245
2013-08-30,105.89517588007517
2013-09-03,106.4323347776602
2013-09-04,107.38173389376765
2013-09-05,107.50665257283023
2013-09-06,107.59409660124248
2013-09-09,108.80582780258668
2013-09-10,109.65528816317033
2013-09-11,109.94260970263016
2013-09-12,109.60531878540844
2013-09-13,109.83017621999483
2013-09-16,110.46727387310364
2013-09-17,111.05440214845055
2013-09-18,112.35357737820696
2013-09-19,112.17868932138248
2013-09-20,111.42915818563833
2013-09-23,110.92823388230859
2013-09-24,110.75249681593283
2013-09-25,110.55164898181661
2013-09-26,110.97844584083764
2013-09-27,110.53909359794639
2013-09-30,110.02443778268933
2013-10-01,110.97844584083764
2013-10-02,110.79015339059164
2013-10-03,109.84870071631354
2013-10-04,110.65207289887469
2013-10-07,109.66040826606755
2013-10-08,108.20429019958056
2013-10-09,108.1289770502629
2013-10-10,110.56420436568682
2013-10-11,111.34246578050751
2013-10-14,111.83202040497596
2013-10-15,110.97844584083761
2013-10-16,112.53497824743086
2013-10-17,113.36345162078062
2013-10-18,114.16682380334179
2013-10-21,114.10406603789436
2013-10-22,114.75680234486835
2013-10-23,114.21703576187083
2013-10-24,114.65637842781024
2013-10-25,115.07061990296104
2013-10-28,115.15848843614893
2013-10-29,115.73591159380527
2013-10-30,115.05807409604267
2013-10-31,114.71914577020954
2013-11-01,114.86978164579669
2013-11-04,115.39699284492399
2013-11-05,115.05807409604267
2013-11-06,115.35933627026516
2013-11-07,113.82790505446052
2013-11-08,115.34678088639495
2013-11-11,115.4220940357126
2013-11-12,115.24635696933684
2013-11-13,116.22546621827377
2013-11-14,116.7777881851415
2013-11-15,117.29245357735041
2013-11-18,116.74013161048268
2013-11-19,116.40121286160138
2013-11-20,116.03718334497962
2013-11-21,117.07905035936396
2013-11-22,117.65648309397214
2013-11-25,117.53094840917359
2013-11-26,117.6439277101019
2013-11-27,117.9828464589832
2013-11-29,117.81966477647767
2013-12-02,117.56861456078424
2013-12-03,117.11671651097461
2013-12-04,116.95352525151722
2013-12-05,116.61460650263594
2013-12-06,117.81966477647767
2013-12-09,118.0832703760413
2013-12-10,117.69413966863095
2013-12-11,116.23802160214396
2013-12-12,116.02462796110937
2013-12-13,116.0622845357682
2013-12-16,116.87821210219957
2013-12-17,116.52673796944805
2013-12-18,118.40964331800421
2013-12-19,118.24645205854684
2013-12-20,119.0297468127954
2013-12-23,119.73637637201642
2013-12-24,120.0644585075572
2013-12-26,120.63228445663044
2013-12-27,120.55657689731554
2013-12-30,120.59443067697299
2013-12-31,121.03607415148613
2014-01-02,119.97612981265458
2014-01-03,119.95088754147913
2014-01-06,119.63542654152607
2014-01-07,120.40515215158001
2014-01-08,120.49348084648265
2014-01-09,120.59443067697302
2014-01-10,120.93512432099581
2014-01-13,119.40829423647567
2014-01-14,120.7206131515331
2014-01-15,121.3263025073695
2014-01-16,121.23797381246688
2014-01-17,120.77108806677828
2014-01-21,121.17487776163397
2014-01-22,121.4020100666844
2014-01-23,120.35467723633485
2014-01-24,117.75528167739543
2014-01-27,116.99817720292921
2014-01-28,117.81837772822833
2014-01-29,116.60700864366125
2014-01-30,117.96979284685814
2014-01-31,117.20006723680422
2014-02-03,114.44924693212927
2014-02-04,115.31992237267355
2014-02-05,115.14326498286829
2014-02-06,116.54391259282835
2014-02-07,118.04551003327876
2014-02-10,118.18431364342656
2014-02-11,119.53448633814146
2014-02-12,119.698522592359
2014-02-13,120.43039442275547
2014-02-14,121.01084150741642
2014-02-18,121.36415628702693
2014-02-19,120.55657689731554
2014-02-20,121.36415628702693
2014-02-21,121.26320645653658
2014-02-24,121.95722450727561
2014-02-25,121.90674959203042
2014-02-26,122.03293206659052
2014-02-27,122.67647520208436
2014-02-28,122.9036075071348
2014-03-03,122.00769942252077
2014-03-04,123.92569806630888
2014-03-05,123.95094033748433
2014-03-06,124.17807264253476
2014-03-07,124.14020923577158
2014-03-10,124.05188054086895
2014-03-11,123.35787211723563
2014-03-12,123.44620081213827
2014-03-13,122.02031093100275
2014-03-14,121.86889581237293
2014-03-17,122.84051145630185
2014-03-18,123.88784428665139
2014-03-19,123.18121472743034
2014-03-20,123.79951559174874
2014-03-21,123.34525098164787
2014-03-24,122.62600028683912
2014-03-25,123.05881046826936
2014-03-26,122.03226734150181
2014-03-27,121.77879333739313
2014-03-28,122.32375035992106
2014-03-31,123.527730124087
2014-04-01,124.49091200161082
2014-04-02,124.88378462167356
2014-04-03,124.54159713338797
2014-04-04,122.83068869909384
2014-04-07,121.36057815144181
2014-04-08,121.89285905650317
2014-04-09,123.35030315573319
2014-04-10,120.63819416056008
2014-04-11,119.44689051386072
2014-04-14,120.25798798891934
2014-04-15,121.08176158144454
2014-04-16,122.3491025948542
2014-04-17,122.5899004814963
2014-04-21,123.0841627032025
2014-04-22,123.71783320990733
2014-04-23,123.4009979565549
2014-04-24,123.56574880744209
2014-04-25,122.36177871232076
2014-04-28,122.53920568067454
2014-04-29,123.1475239524462
2014-04-30,123.60376749079725
2014-05-01,123.6417861741524
2014-05-02,123.54040624155353
2014-05-05,123.74317577579588
2014-05-06,122.60256692991827
2014-05-07,123.17287618737937
2014-05-08,122.84336481656038
2014-05-09,123.1475239524462
2014-05-12,124.54159713338791
2014-05-13,124.46555976667761
2014-05-14,123.78119445915104
2014-05-15,122.64058561327343
2014-05-16,123.16020006991279
2014-05-19,123.7304996583293
2014-05-20,122.80534613320522
2014-05-21,123.75585189326246
2014-05-22,124.17407674825834
2014-05-23,124.82041370338517
2014-05-27,125.64418729591037
2014-05-28,125.50477901091173
2014-05-29,126.17646820097171
2014-05-30,126.20182043590488
2014-06-02,126.3538951693255
2014-06-03,126.30321003754835
2014-06-04,126.56935049007903
2014-06-05,127.5958936168466
2014-06-06,128.25490668944
2014-06-09,128.47036201019353
2014-06-10,128.44500977526036
2014-06-11,128.01411847184247
2014-06-12,127.10163139514037
2014-06-13,127.51985625013626
2014-06-16,127.62123618273513
2014-06-17,128.07747972108618
2014-06-18,129.02798548114342
2014-06-19,129.18006988360864
2014-06-20,129.48422901949448
2014-06-23,129.44621033613933
2014-06-24,128.54640169747452
2014-06-25,129.1954261242914
2014-06-26,129.11907259390082
2014-06-27,129.46268289915542
2014-06-30,129.5135787799168
2014-07-01,130.4425888064123
2014-07-02,130.3662352760217
2014-07-03,131.05344617728238
2014-07-07,130.3662352760217
2014-07-08,129.37360054395023
2014-07-09,129.93354261556195
2014-07-10,129.36087171913564
2014-07-11,129.47540201472148
2014-07-14,130.0989882104062
2014-07-15,129.76810672996618
2014-07-16,130.09898821040616
2014-07-17,128.59730728748434
2014-07-18,129.98444820557177
2014-07-21,129.67902437476098
2014-07-22,130.34077762639245
2014-07-23,130.64621116645176
2014-07-24,130.67165910683244
2014-07-25,129.98444820557177
2014-07-28,129.94627144037648
2014-07-29,129.47540201472142
2014-07-30,129.5644843699266
2014-07-31,126.93018076971825
2014-08-01,126.61202811409285
2014-08-04,127.47740372576386
2014-08-05,126.35750987329193
2014-08-06,126.38295781367262
2014-08-07,125.72120456204115
2014-08-08,127.17197989495307
2014-08-11,127.6301204957935
2014-08-12,127.40105019537329
2014-08-13,128.3046025722396
2014-08-14,128.8645543530998
2014-08-15,128.8772734686659
2014-08-18,130.03535379558164
2014-08-19,130.68438793164705
2014-08-20,130.98981176245783
2014-08-21,131.28251647770256
2014-08-22,131.0916229424776
2014-08-25,131.77883384373828
2014-08-26,132.02062325972457
2014-08-27,131.944269729334
2014-08-28,131.80428178411893
2014-08-29,132.1987879701349
2014-09-02,132.30059915015465
2014-09-03,132.1606112049396
2014-09-04,131.8806353145095
2014-09-05,132.49149268537963
2014-09-08,132.22424561976413
2014-09-09,131.29523559326861
2014-09-10,131.79155295930434
2014-09-11,132.03335208453916
2014-09-12,131.18070529768275
2014-09-15,130.83709499242815
2014-09-16,131.76610501892367
2014-09-17,131.9060929641387
2014-09-18,132.5805750405848
2014-09-19,132.32605679978388
2014-09-22,131.10434205804367
2014-09-23,130.26442409600185
2014-09-24,131.27615187111024
2014-09-25,129.21797016293775
2014-09-26,130.26623583547416
2014-09-29,130.0361282608582
2014-09-30,129.42250481081092
2014-10-01,127.72227580454073
2014-10-02,127.78618861497003
2014-10-03,129.21797016293772
2014-10-06,128.96228966157892
2014-10-07,126.96803051704958
2014-10-08,129.07734832549386
2014-10-09,126.4183296306455
2014-10-10,124.8459359984478
2014-10-13,122.8516671007046
2014-10-14,123.23518297613587
2014-10-15,122.5448602522879
2014-10-16,122.81331746380425
2014-10-17,124.15561327459984
2014-10-20,125.39562713163804
2014-10-21,127.87567435214217
2014-10-22,126.87854477987749
2014-10-23,128.41258877517484
2014-10-24,129.30745590010986
2014-10-27,129.12848442576563
2014-10-28,130.80315025850686
2014-10-29,130.61139232079123
2014-10-30,131.4167737085541
2014-10-31,132.97638087738042
2014-11-03,133.053089904395
2014-11-04,132.5673018284202
2014-11-05,133.19371174183885
2014-11-06,133.84567507557261
2014-11-07,133.94794727611614
2014-11-10,134.35702632507636
2014-11-11,134.48486169914884
2014-11-12,134.4592985256199
2014-11-13,134.43373535209093
2014-11-14,134.44651206224847
2014-11-17,134.43373535209093
2014-11-18,135.22632052326856
2014-11-19,134.8811640379515
2014-11-20,135.26467016016892
2014-11-21,135.9805658107597
2014-11-24,136.47913059689205
2014-11-25,136.45355767014922
2014-11-26,136.76037427177977
2014-11-28,136.27458619580497
2014-12-01,135.12404832272503
2014-12-02,135.96777934738827
2014-12-03,136.58139304422167
2014-12-04,136.41520803324886
2014-12-05,136.72201488166556
2014-12-08,135.7504582361437
2014-12-09,135.82715750994439
2014-12-10,133.60279079079905
2014-12-11,134.21640448763245
2014-12-12,132.1070866791882
2014-12-15,131.1483067438239
2014-12-16,130.17675009830202
2014-12-17,132.96360416722285
2014-12-18,136.10840118483213
2014-12-19,136.67088853460763
2014-12-22,137.20907469870204
2014-12-23,137.51750340222384
2014-12-24,137.55605453904906
2014-12-26,137.9672830059514
2014-12-29,138.26284825791808
2014-12-30,137.58175202877916
2014-12-31,136.21955957050136
2015-01-02,136.11675000266078
2015-01-05,133.77788625881738
2015-01-06,132.46709858445988
2015-01-07,134.04775402105392
2015-01-08,136.4123250590875
2015-01-09,135.28143942176098
2015-01-12,134.31762178329046
2015-01-13,134.0092028842287
2015-01-14,133.2767018711695
2015-01-15,131.9273630599868
2015-01-16,133.6750766909768
2015-01-20,133.8678421795629
2015-01-21,134.47183613505138
2015-01-22,136.5151346269281
2015-01-23,135.89828702434454
2015-01-26,136.4637298430078
2015-01-27,134.87021095485863
2015-01-28,133.04538524575818
2015-01-29,134.31762178329046
2015-01-30,132.49279607419
2015-02-02,133.98350539449856
2015-02-03,136.03964772901037
2015-02-04,135.56416083109264
2015-02-05,137.05487015140122
2015-02-06,136.64364168449887
2015-02-09,135.96254545535996
2015-02-10,137.3504354033679
2015-02-11,137.41469383438326
2015-02-12,138.73833515583584
2015-02-13,139.39373389524462
2015-02-17,139.6121968735609
2015-02-18,139.68929914721133
2015-02-19,139.6507480103861
2015-02-20,140.4346538073656
2015-02-23,140.42180016027052
2015-02-24,140.74307270642737
2015-02-25,140.6916777269671
2015-02-26,140.60172180622158
2015-02-27,140.10052761411367
2015-03-02,140.96154548920364
2015-03-03,140.38324902344533
2015-03-04,139.8178160092421
2015-03-05,140.03627898755835
2015-03-06,138.0957900635222
2015-03-09,138.60982809826515
2015-03-10,136.50228097983307
2015-03-11,136.39947141199247
2015-03-12,138.10864371061726
2015-03-13,137.33759156073285
2015-03-16,139.05960770199272
2015-03-17,138.78973993975617
2015-03-18,140.3832490234453
2015-03-19,139.88206463579743
2015-03-20,141.05150140994917
2015-03-23,140.80733113744276
2015-03-24,140.06197647728848
2015-03-25,137.88760780668298
2015-03-26,137.6164562835883
2015-03-27,137.99090643960471
2015-03-30,139.74694379487494
2015-03-31,138.48156016933325
2015-04-01,138.22332343812874
2015-04-02,138.66232785139638
2015-04-06,139.61781557817287
2015-04-07,139.15298158112486
2015-04-08,139.74694379487494
2015-04-09,140.23759752460344
2015-04-10,140.89611399560474
2015-04-13,140.34089615752518
2015-04-14,140.54748357226882
2015-04-15,141.25764935973098
2015-04-16,141.19308525137993
2015-04-17,139.55326132092165
2015-04-20,140.68951672976127
2015-04-21,140.65078220519058
2015-04-22,141.24473456784082
2015-04-23,141.6837488322083
2015-04-24,141.83868693049106
2015-04-27,141.1027014103484
2015-04-28,141.47715156636482
2015-04-29,140.85736961993425
2015-04-30,139.33375911428786
2015-05-01,140.6120476806199
2015-05-04,141.1027014103484
2015-05-05,139.42414295531944
2015-05-06,139.03677800741283
2015-05-07,139.56616626171203
2015-05-08,141.32220361698222
2015-05-11,140.72825125433198
2015-05-12,140.31506657374487
2015-05-13,140.3925454739861
2015-05-14,141.78703761403023
2015-05-15,141.954900355303
2015-05-18,142.4842886096022
2015-05-19,142.41973435235099
2015-05-20,142.32935051131943
2015-05-21,142.69088587544567
2015-05-22,142.41973435235099
2015-05-26,140.93484852017548
2015-05-27,142.2260518783977
2015-05-28,142.09693351279546
2015-05-29,141.14143593491912
2015-06-01,141.49006635825504
2015-06-02,141.3867677253333
2015-06-03,141.8774214550618
2015-06-04,140.7411660462222
2015-06-05,140.6249624725101
2015-06-08,139.75984873566534
2015-06-09,139.64364516195326
2015-06-10,141.3480332007626
2015-06-11,141.74830308945954
2015-06-12,140.81863509536356
2015-06-15,140.17303341625245
2015-06-16,140.94776331206566
2015-06-17,141.18017045948983
2015-06-18,142.57467245063378
2015-06-19,141.95490035530304
2015-06-22,142.82000424104797
2015-06-23,142.9620373985404
2015-06-24,141.8774214550618
2015-06-25,141.43841704179417
2015-06-26,141.35836400976035
2015-06-29,138.40178304407172
2015-06-30,138.7778308901246
2015-07-01,139.68555953845916
2015-07-02,139.50401578747073
2015-07-06,139.14092828549386
2015-07-07,139.90600410846048
2015-07-08,137.5718560337629
2015-07-09,137.857141897714
2015-07-10,139.5299463690152
2015-07-13,141.11197896482216
2015-07-14,141.74738209328166
2015-07-15,141.56583834229323
2015-07-16,142.5513686286536
2015-07-17,142.5902694476665
2015-07-20,142.60323968513492
2015-07-21,141.98079690075144
2015-07-22,141.77332256821856
2015-07-23,140.9563657953782
2015-07-24,139.47807531253386
2015-07-27,138.55738632012327
2015-07-28,140.20426020988
2015-07-29,141.1638500213035
2015-07-30,141.28055247834214
2015-07-31,141.13790954636661
2015-08-03,140.6321791124142
2015-08-04,140.39876430494445
2015-08-05,140.86559391988396
2015-08-06,139.71149012000362
2015-08-07,139.30950179901387
2015-08-10,141.04713767087242
2015-08-11,139.77633141395341
2015-08-12,139.91897434592894
2015-08-13,139.72446035747208
2015-08-14,140.25613126636136
2015-08-17,141.15087978383508
2015-08-18,140.78779228185823
2015-08-19,139.52994636901522
2015-08-20,136.4955637653008
2015-08-21,132.56642275072025
2015-08-24,127.23679289132114
2015-08-25,125.7195916960715
2015-08-26,130.284145732504
2015-08-27,133.4352406866495
2015-08-28,133.53898279961217
2015-08-31,132.54048227578338
2015-09-01,128.65024208021572
2015-09-02,131.0751620304075
2015-09-03,131.23076530645906
2015-09-04,129.36345674009343
2015-09-08,132.6312541512776
2015-09-09,130.81580674800088
2015-09-10,131.49012058886572
2015-09-11,132.08662289831236
2015-09-14,131.58089246435995
2015-09-15,133.2407266981927
2015-09-16,134.3688999165286
2015-09-17,134.18735616554017
2015-09-18,132.06068242337548
2015-09-21,132.59235333226476
2015-09-22,130.81580674800094
2015-09-23,130.55646135898672
2015-09-24,130.0896317440472
2015-09-25,129.8276900914194
2015-09-28,126.3477212860938
2015-09-29,126.32164851760018
2015-09-30,128.6677004896442
2015-10-01,128.9283685114946
2015-10-02,130.80521008912982
2015-10-05,133.2164240947126
2015-10-06,132.7863129091966
2015-10-07,133.98541166371223
2015-10-08,135.14540126548744
2015-10-09,135.32787086955224
2015-10-12,135.35393369419822
2015-10-13,134.363377312241
2015-10-14,133.6725981048746
2015-10-15,135.69281007768183
2015-10-16,136.21415606523024
2015-10-19,136.3705529008014
2015-10-20,136.21415606523024
2015-10-21,135.14540126548744
2015-10-22,137.12650408555425
2015-10-23,138.56019809342666
2015-10-26,138.23435809418987
2015-10-27,137.77818408402788
2015-10-28,139.5898536842767
2015-10-29,139.38132125556592
2015-10-30,138.8469388837707
2015-11-02,140.67164486826633
2015-11-03,141.02354769214912
2015-11-04,140.68468125251314
2015-11-05,140.52827447309434
2015-11-06,140.55433729774032
2015-11-09,139.14671605836153
2015-11-10,139.4595196733515
2015-11-11,138.8599752680175
2015-11-12,136.78762770207067
2015-11-13,135.34089730995146
2015-11-16,137.30897368961908
2015-11-17,137.1395404698011
2015-11-18,139.3291856624263
2015-11-19,139.1467160583615
2015-11-20,139.7462604636955
2015-11-23,139.6028900685235
2015-11-24,139.96782927665308
2015-11-25,140.0721004629323
2015-11-27,140.28063289164308
2015-11-30,139.68108848630908
2015-12-01,140.99748486750312
2015-12-02,139.52469165073794
2015-12-03,137.43930770054428
2015-12-04,139.9678292766531
2015-12-07,138.87301165226432
2015-12-08,138.0388620497259
2015-12-09,136.85279967945706
2015-12-10,137.25683809647944
2015-12-11,134.55888330055262
2015-12-14,135.04113007920824
2015-12-15,136.48786047132745
2015-12-16,138.46896329139426
2015-12-17,136.43572487818787
2015-12-18,134.11574567463745
2015-12-21,135.17537178360087
2015-12-22,136.39434919423812
2015-12-23,138.09829955321433
2015-12-24,137.92790851734102
2015-12-28,137.62643668457662
2015-12-29,139.094455609234
2015-12-30,138.04586923447005
2015-12-31,136.70893110670377
2016-01-04,134.66418867592014
2016-01-05,134.96566050868455
2016-01-06,133.15684951221976
2016-01-07,129.89313967085968
2016-01-08,128.41202066656183
2016-01-11,128.33338018847581
2016-01-12,129.21156552730568
2016-01-13,125.88231528750005
2016-01-14,127.80908700109384
2016-01-15,125.12209066579922
2016-01-19,124.99101986896893
2016-01-20,123.75893237863042
2016-01-21,124.24390532696938
2016-01-22,126.8915714231602
2016-01-25,124.80751875339436
2016-01-26,126.70807030758563
2016-01-27,125.26627154233078
2016-01-28,125.76434457031021
2016-01-29,128.88388353519952
2016-02-01,128.91009369454125
2016-02-02,126.41970855452246
2016-02-03,127.17993317622327
2016-02-04,127.48140500898766
2016-02-05,124.85994907213859
2016-02-08,122.92006727884352
2016-02-09,122.76278632267147
2016-02-10,122.84142680075749
2016-02-11,121.32097755735585
2016-02-12,123.68029190054433
2016-02-16,125.93474560624426
2016-02-17,128.0187982760101
2016-02-18,127.5076151683294
2016-02-19,127.53383532773194
2016-02-22,129.39506664288018
2016-02-23,127.83529716043553
2016-02-24,128.49066114464782
2016-02-25,130.01111038804947
2016-02-26,129.90624975056093
2016-02-29,128.87077345549827
2016-03-01,131.9378821016433
2016-03-02,132.6718865639416
2016-03-03,133.32725054815387
2016-03-04,133.7860033370903
2016-03-07,134.06125501045216
2016-03-08,132.39663489057975
2016-03-09,133.03888879509074
2016-03-10,132.99956855604773
2016-03-11,135.25402226174768
2016-03-14,135.09673130551485
2016-03-15,134.63797411655167
2016-03-16,135.48077755022263
2016-03-17,136.5211152364435
2016-03-18,137.12687957645642
2016-03-21,137.25857577616267
2016-03-22,137.21906088804514
2016-03-23,136.09971351960806
2016-03-24,136.06020867849998
2016-03-28,136.1523899900887
2016-03-29,137.66680586362565
2016-03-30,138.19356052142234
2016-03-31,138.0355311099805
2016-04-01,138.90467780239646
2016-04-04,138.32524667411914
2016-04-05,136.9820217943871
2016-04-06,138.483276085561
2016-04-07,136.82400242995467
2016-04-08,137.2190608880451
2016-04-11,136.83717405932717
2016-04-12,138.16721726267727
2016-04-13,139.78698607717547
2016-04-14,139.73430960669486
2016-04-15,139.66846150684174
2016-04-18,140.6034462521014
2016-04-19,140.9985147572013
2016-04-20,141.14337253927062
2016-04-21,140.445426887669
2016-04-22,140.64296114021892
2016-04-25,140.30056910559964
2016-04-26,140.68246598132703
2016-04-27,141.02484796893685
2016-04-28,139.76064281843043
2016-04-29,138.94418264350452
2016-05-02,140.0240251708335
2016-05-03,138.61496223825776
2016-05-04,137.7984920163224
2016-05-05,137.7458155458418
2016-05-06,138.2462369919029
2016-05-09,138.3910847269628
2016-05-10,140.03718675319658
2016-05-11,138.75982002032708
2016-05-12,138.70714354984648
2016-05-13,137.50877645218375
2016-05-16,138.8783345436514
2016-05-17,137.62730102251749
2016-05-18,137.61412939314496
2016-05-19,137.07420310597576
2016-05-20,138.12771242156916
2016-05-23,137.95652142776424
2016-05-24,139.800157706548
2016-05-25,140.81415213402386
2016-05-26,140.78781892228827
2016-05-27,141.41991647403677
2016-05-31,141.35406837418364
2016-06-01,141.735965249911
2016-06-02,142.21004343722709
2016-06-03,141.81498497913663
2016-06-06,142.55243547184634
2016-06-07,142.82897940661246
2016-06-08,143.32939080566413
2016-06-09,143.0396852885349
2016-06-10,141.56477425610603
2016-06-13,140.39275041718832
2016-06-14,140.14122120501526
2016-06-15,139.99572219310406
2016-06-16,140.4057694500737
2016-06-17,139.94282263557608
2016-06-20,140.8951660433353
2016-06-21,141.1993940022816
2016-06-22,140.88194619969516
2016-06-23,142.8263329120689
2016-06-24,137.62807847160423
2016-06-27,134.8900672070226
2016-06-28,137.3635302265458
2016-06-29,139.82377340242886
2016-06-30,141.74171033603858
2016-07-01,142.01947842473714
2016-07-05,140.96130562747084
2016-07-06,141.82106976381425
2016-07-07,141.75493017967872
2016-07-08,143.96385504562718
2016-07-11,144.55908102839587
2016-07-12,145.7627427460897
2016-07-13,145.68338331831404
2016-07-14,146.3844185076224
2016-07-15,146.22569965207103
2016-07-18,146.63573681755696
2016-07-19,146.34473879373454
2016-07-20,147.12514350230228
2016-07-21,146.54314745465743
2016-07-22,147.2441826439658
2016-07-25,146.86059525724383
2016-07-26,147.0193242042789
2016-07-27,146.84736532212
2016-07-28,147.03255413940275
2016-07-29,147.37645172075315
2016-08-01,147.17804305983026
2016-08-02,146.06697070503597
2016-08-03,146.6092769473093
2016-08-04,146.78123582946822
2016-08-05,147.9981274822859
2016-08-08,147.9055381193864
2016-08-09,148.03780719617376
2016-08-10,147.6013101604401
2016-08-11,148.34203515512002
2016-08-12,148.1965361432088
2016-08-15,148.7388423854821
2016-08-16,147.8923081842625
2016-08-17,148.07748691006154
2016-08-18,148.54044381604285
2016-08-19,148.3288052199961
2016-08-22,148.36848493388393
2016-08-23,148.76530225572975
2016-08-24,147.93198789815034
2016-08-25,147.8393985352508
2016-08-26,147.53518066778824
2016-08-29,148.34203515511996
2016-08-30,148.1039467803092
2016-08-31,147.6806796796994
2016-09-01,147.76003910747508
2016-09-02,148.51398394579513
2016-09-06,148.93725104640492
2016-09-07,149.13565970732782
2016-09-08,148.7520723206059
2016-09-09,145.04848771314118
2016-09-12,147.07223385329058
2016-09-13,144.78261554615386
2016-09-14,144.7959109507521
2016-09-15,146.2846818816651
2016-09-16,145.6998057764096
2016-09-19,145.91248154287015
2016-09-20,145.84602480272346
2016-09-21,147.5208908323228
2016-09-22,148.5975853520684
2016-09-23,147.7468620033816
2016-09-26,146.5771097928706
2016-09-27,147.4145478783814
2016-09-28,148.27856663166642
2016-09-29,146.82967177312588
2016-09-30,147.98612857903865
2016-10-03,147.53417609549876
2016-10-04,146.86954784549832
2016-10-05,147.4411285461556
2016-10-06,147.4943000231263
2016-10-07,146.9360147270673
2016-10-10,147.73356659878337
2016-10-11,145.76627265797853
2016-10-12,145.93907235206663
2016-10-13,145.42066312838008
2016-10-14,145.38078705600762
2016-10-17,144.9687106448402
2016-10-18,145.81943399352699
2016-10-19,146.2846818816651
2016-10-20,146.00552909221332
2016-10-21,145.9523677566649
2016-10-24,146.683452746812
2016-10-25,146.05870056918403
2016-10-26,145.62005363166466
2016-10-27,145.1282250757523
2016-10-28,144.64969192443823
2016-10-31,144.7427394737814
2016-11-01,143.6660449540358
2016-11-02,142.66910257903515
2016-11-03,142.04435040140717
2016-11-04,141.951302852064
2016-11-07,145.08834900337985
2016-11-08,145.71310118100783
2016-11-09,147.5208908323228
2016-11-10,148.03930005600938
2016-11-11,148.0924715329801
2016-11-14,148.47794699352875
2016-11-15,149.63440379944154
2016-11-16,149.42172803298098
2016-11-17,150.1794038323246
2016-11-18,149.9002510428728
2016-11-21,151.03012718101138
2016-11-22,151.46877411853075
2016-11-23,151.68146002641356
2016-11-25,152.26633613166908
2016-11-28,151.38902197378582
2016-11-29,151.60170788166863
2016-11-30,151.24280294747192
2016-12-01,150.61805076984393
2016-12-02,150.61805076984393
2016-12-05,151.6681646218153
2016-12-06,152.43913582575715
2016-12-07,154.32667762181705
2016-12-08,154.88496291787607
2016-12-09,155.7224010033869
2016-12-12,155.32361999681774
2016-12-13,156.22751482247523
2016-12-14,154.81850617772943
2016-12-15,155.4565436185334
2016-12-16,155.21727704287636
2016-12-19,155.65593412181798
2016-12-20,156.3165802815149
2016-12-21,155.87519449812476
2016-12-22,155.47393283967776
2016-12-23,155.71468779384438
2016-12-27,156.1025713424744
2016-12-28,154.805170211938
2016-12-29,154.81854832175497
2016-12-30,154.2434120537185
2017-01-03,155.4204306049176
2017-01-04,156.61082726593378
2017-01-05,156.3032021716979
2017-01-06,156.79809018984815
2017-01-09,156.19619770217764
2017-01-10,156.31658028151492
2017-01-11,156.8114580951573
2017-01-12,156.39682853140118
2017-01-13,156.7847120800312
2017-01-17,156.08919323265744
2017-01-18,156.4503307661613
2017-01-19,155.83507037318165
2017-01-20,156.37008251627503
2017-01-23,155.95544274801102
2017-01-24,157.17259562866116
2017-01-25,158.5234887894498
2017-01-26,158.29611194510017
2017-01-27,158.0419890856244
2017-01-30,156.97196479943764
2017-01-31,157.105715284084
2017-02-01,157.092337174267
2017-02-02,157.19934164378725
2017-02-03,158.38973830480342
2017-02-06,158.01523286599038
2017-02-07,158.00185475617337
2017-02-08,158.17573957027074
2017-02-09,159.2190076368235
2017-02-10,159.88777026456327
2017-02-13,160.69028337694942
2017-02-14,161.27879775480295
2017-02-15,162.16155911707534
2017-02-16,162.01443052261197
2017-02-17,162.2551854767786
2017-02-21,163.21820529344512
2017-02-22,163.0042065589125
2017-02-23,162.88382397957525
2017-02-24,163.15133515337587
2017-02-27,163.5124624823719
2017-02-28,162.91058019920925
2017-03-01,165.10412080183502
2017-03-02,164.04747462546527
2017-03-03,164.18122511011165
2017-03-06,163.539208497498
2017-03-07,163.0175744642216
2017-03-08,162.56282077552237
2017-03-09,162.64306902540864
2017-03-10,163.23158340326216
2017-03-13,163.35195577809156
2017-03-14,162.76345160474594
2017-03-15,164.23472734487183
2017-03-16,164.03409651564832
2017-03-17,163.94047015594504
2017-03-20,163.55258660731502
2017-03-21,161.26541964498597
2017-03-22,161.47942858402646
2017-03-23,161.42592634926635
2017-03-24,161.44197828505338
2017-03-27,161.25387068319571
2017-03-28,162.38246504165753
2017-03-29,162.67804952245794
2017-03-30,163.28264668734104
2017-03-31,163.0005006603598
2017-04-03,162.59742905007982
2017-04-04,162.67804952245794
2017-04-05,162.0196985422982
2017-04-06,162.53025728205773
2017-04-07,162.409331698759
2017-04-10,162.610867503899
2017-04-11,162.5571239391592
2017-04-12,161.72412431203463
2017-04-13,160.62240686121112
2017-04-17,162.01969854229816
2017-04-18,161.67038074729484
2017-04-19,161.53602696071383
2017-04-20,162.8661468737788
2017-04-21,162.34215993073693
2017-04-24,164.0619130002627
2017-04-25,165.08302022924494
2017-04-26,165.12332534016556
2017-04-27,165.28454578384807
2017-04-28,164.73369218370476
2017-05-01,165.1636304510862
2017-05-02,165.1636304510862
2017-05-03,164.7605588408062
2017-05-04,164.88148442410494
2017-05-05,165.7010558479472
2017-05-08,165.44577647806742
2017-05-09,165.39203291332763
2017-05-10,165.75479941268696
2017-05-11,165.27111758056574
2017-05-12,164.948656192127
2017-05-15,165.83540963452822
2017-05-16,165.7413609588678
2017-05-17,162.75865974429917
2017-05-18,163.2423415764204
2017-05-19,164.41124104580283
2017-05-22,165.28454578384802
2017-05-23,165.56670206136613
2017-05-24,166.05037364295052
2017-05-25,166.7490297340309
2017-05-26,166.72215282639257
2017-05-30,166.4534452532305
2017-05-31,166.39970168849072
2017-06-01,167.94479586051483
2017-06-02,168.495659711195
2017-06-05,168.28068545223584
2017-06-06,167.8507471848544
2017-06-07,168.03884453617525
2017-06-08,168.33442901697563
2017-06-09,168.2000752303946
2017-06-12,168.17319832275626
2017-06-13,169.0062082004177
2017-06-14,168.76436728435706
2017-06-15,168.3881725817154
2017-06-16,168.28068545223582
2017-06-19,169.6511104762214
2017-06-20,168.49565971119495
2017-06-21,168.30084210791085
2017-06-22,168.36832363426043
2017-06-23,168.78675440797676
2017-06-26,168.90822733408996
2017-06-27,167.51798225804833
2017-06-28,169.09719208435934
2017-06-29,167.7474379836888
2017-06-30,167.9768937093292
2017-07-03,168.381824058653
2017-07-05,168.57078880892234
2017-07-06,166.91059703186923
2017-07-07,168.0713760844639
2017-07-10,168.19285930838367
2017-07-11,168.15236833301262
2017-07-12,169.3536486587849
2017-07-13,169.62359535979638
2017-07-14,170.37946465868038
2017-07-17,170.37946465868038
2017-07-18,170.48743716040104
2017-07-19,171.47276218492544
2017-07-20,171.58074498445268
2017-07-21,171.35127896100568
2017-07-24,171.3647793853982
2017-07-25,171.93167363620628
2017-07-26,171.81020071009308
2017-07-27,171.5132531602965
2017-07-28,171.22980603489248
2017-07-31,171.1353236597578
2017-08-01,171.48626260931798
2017-08-02,171.32428841002715
2017-08-03,170.9328584850959
2017-08-04,171.29729785904863
2017-08-07,171.63473638421627
2017-08-08,171.16231421073633
2017-08-09,170.97334946046695
2017-08-10,168.46280600939517
2017-08-11,168.77325398358428
2017-08-14,170.50093758479355
2017-08-15,170.33896338550272
2017-08-16,170.64941135969184
2017-08-17,167.93640273395818
2017-08-18,167.65295560855412
2017-08-21,167.8959117585871
2017-08-22,169.5831043844253
2017-08-23,169.07020153338084
2017-08-24,168.80024453456278
2017-08-25,169.20517488388657
2017-08-28,169.27266670804272
2017-08-29,169.34014823439233
2017-08-30,170.23099088378206
2017-08-31,171.39178023418327
2017-09-01,171.78319986130796
2017-09-05,170.4604466094225
2017-09-06,170.9328584850959
2017-09-07,170.85187653435378
2017-09-08,170.73039331043404
2017-09-11,172.56605971117054
2017-09-12,173.2274363371133
2017-09-13,173.30841828785543
2017-09-14,173.25443718589835
2017-09-15,173.57838558448
2017-09-18,173.9968060603898
2017-09-19,174.0777880111319
2017-09-20,174.36122483872938
2017-09-21,173.8753331342766
2017-09-22,174.01434133015516
2017-09-25,173.72968349631304
2017-09-26,173.77034890114763
2017-09-27,174.71924282118155
2017-09-28,175.00392133935978
2017-09-29,175.57325769138012
2017-10-02,176.4950344467456
2017-10-03,176.84749553442686
2017-10-04,177.02370539393135
2017-10-05,177.95905107379912
2017-10-06,177.83705485929536
2017-10-09,177.4845937716141
2017-10-10,177.90483742879837
2017-10-11,178.1488298578059
2017-10-12,177.9319339091307
2017-10-13,178.06749904813674
2017-10-16,178.1894952626405
2017-10-17,178.27082607230966
2017-10-18,178.50127026115103
2017-10-19,178.54195635032175
2017-10-20,179.5043985105218
2017-10-23,178.74528337449468
2017-10-24,179.05705837300522
2017-10-25,178.12171269313745
2017-10-26,178.35217756631496
2017-10-27,179.8026252688662
2017-10-30,179.0163929681706
2017-10-31,179.382402296018
2017-11-01,179.53151567519018
2017-11-02,179.57218108002476
2017-11-03,180.04663838220978
2017-11-06,180.38553054538878
2017-11-07,180.0737348625421
2017-11-08,180.37196162088648
2017-11-09,179.63996364952777
2017-11-10,179.66706012986006
2017-11-13,179.76195986403152
2017-11-14,179.4366159410187
2017-11-15,178.51483918565322
2017-11-16,180.1415174320451
2017-11-17,179.80262526886614
2017-11-20,180.2635136465489
2017-11-21,181.5106343249272
2017-11-22,181.37508987025728
2017-11-24,181.79531284310545
2017-11-27,181.60553405909866
2017-11-28,183.40844284933118
2017-11-29,183.40844284933118
2017-11-30,184.81822514704783
2017-12-01,184.45223650353654
2017-12-04,184.2082233901929
2017-12-05,183.4219910894973
2017-12-06,183.31354311515972
2017-12-07,184.04556177085456
2017-12-08,185.00800393105465
2017-12-11,185.4417958284051
2017-12-12,185.64512285257806
2017-12-13,185.6722400172465
2017-12-14,184.80467690688178
2017-12-15,186.4584723179421
2017-12-18,187.746258401155
2017-12-19,186.98714326512786
2017-12-20,186.97357434062556
2017-12-21,187.39788718588832
2017-12-22,187.32977302034803
2017-12-26,187.1799301703694
2017-12-27,187.24804433590967
2017-12-28,187.65668775810133
2017-12-29,186.96197315485045
2018-01-02,188.28330898133694
2018-01-03,189.37307327340645
2018-01-04,190.09503769997843
2018-01-05,191.21203102984404
2018-01-08,191.64794506088188
2018-01-09,192.00210962195635
2018-01-10,191.70242392199913
2018-01-11,193.32344544844284
2018-01-12,194.45407408273152
2018-01-16,193.59588132507895
2018-01-17,195.38036022039935
2018-01-18,195.03981017822295
2018-01-19,196.04784578585415
2018-01-22,197.6007531467576
2018-01-23,198.09114603891265
2018-01-24,197.90043884671485
2018-01-25,197.98216753115318
2018-01-26,200.05271760753277
2018-01-29,198.74499629994432
2018-01-30,196.67446700908974
2018-01-31,196.742560389105
2018-02-01,196.66083170466666
2018-02-02,192.47888799521334
2018-02-05,184.9050583828939
2018-02-06,187.92914442026247
2018-02-07,187.098201485931
2018-02-08,180.3689293268411
2018-02-09,182.84812282541236
2018-02-12,185.2864727672895
2018-02-13,185.8722088627809
2018-02-14,188.4740161735347
2018-02-15,190.77613778433124
2018-02-16,190.85786646876957
2018-02-20,189.71362331558282
2018-02-21,188.8281807346091
2018-02-22,188.95079454679166
2018-02-23,191.87951659529878
2018-02-26,193.89556702503614
2018-02-27,191.45723786868405
2018-02-28,189.34582345008528
2018-03-01,187.09820148593099
2018-03-02,188.310558804658
2018-03-05,190.4355877421548
2018-03-06,191.13030234540565
2018-03-07,191.29375971428232
2018-03-08,192.01574492637934
2018-03-09,195.20328833262454
2018-03-12,195.0943098248651
2018-03-13,193.88195250613808
2018-03-14,192.901166721828
2018-03-15,192.64234536408992
2018-03-16,192.9692808873683
2018-03-19,190.49006660327203
2018-03-20,190.77613778433124
2018-03-21,190.61265962992954
2018-03-22,185.96211407391547
2018-03-23,182.06369307741903
2018-03-26,186.8649142140958
2018-03-27,183.55466790549596
2018-03-28,183.13063110779163
2018-03-29,185.6475094936931
2018-04-02,181.42079184475074
2018-04-03,183.67777132314018
2018-04-04,185.7432496389515
2018-04-05,187.04274417651163
2018-04-06,183.11693903556807
2018-04-09,183.73249786791183
2018-04-10,186.71444752406572
2018-04-11,185.8526818564335
2018-04-12,187.357348756734
2018-04-13,186.8238797415477
2018-04-16,188.38325231455855
2018-04-17,190.36666168527373
2018-04-18,190.62656059278575
2018-04-19,189.58698583479898
2018-04-20,188.0823189344985
2018-04-23,188.0139211895646
2018-04-24,185.75694171117516
2018-04-25,185.96211407391553
2018-04-26,187.72667988172807
2018-04-27,187.8497832993723
2018-04-30,186.48191188893958
2018-05-01,186.7691531967761
2018-05-02,185.68854396624124
2018-05-03,185.18243822344076
2018-05-04,187.576213191698
2018-05-07,188.39692351472084
2018-05-08,188.46532125965473
2018-05-09,190.24355826762954
2018-05-10,191.8986709858988
2018-05-11,192.28169418311637
2018-05-14,192.3774343283748
2018-05-15,191.21473528068248
2018-05-16,192.1448986932486
2018-05-17,192.19960436595892
2018-05-18,191.7755675682546
2018-05-21,193.2118367236212
2018-05-22,192.500537746019
2018-05-23,193.0066643608808
2018-05-24,192.69203890859714
2018-05-25,192.32272865566446
2018-05-29,190.42138823004544
2018-05-30,192.88354007117528
2018-05-31,191.55670313329065
2018-06-01,193.5538045762294
2018-06-04,194.4566047164097
2018-06-05,194.7438460242462
2018-06-06,196.46737735951066
2018-06-07,196.1801151796128
2018-06-08,196.85037968466693
2018-06-11,197.13762099250346
2018-06-12,197.54798659004553
2018-06-13,196.80934521211884
2018-06-14,197.37015662762965
2018-06-15,197.17865546505152
2018-06-18,196.95981190214889
2018-06-19,196.30321859725703
2018-06-20,196.7546186673472
2018-06-21,195.40043932913804
2018-06-22,195.6781047022191
2018-06-25,192.9307813060197
2018-06-26,193.37036311041035
2018-06-27,191.570869639566
2018-06-28,192.76594860958025
2018-06-29,192.90330220314178
2018-07-02,193.37036311041038
2018-07-03,192.87584406067793
2018-07-05,194.51050483508283
2018-07-06,196.14514464907364
2018-07-09,197.93090904868606
2018-07-10,198.43917813006453
2018-07-11,197.02428729744088
2018-07-12,198.64521900061385
2018-07-13,198.76884352294343
2018-07-16,198.45290720129645
2018-07-17,199.35952895254164
2018-07-18,199.7990897965182
2018-07-19,199.31832077843177
2018-07-20,198.96115532226082
2018-07-23,199.2771126043219
2018-07-24,199.71667344829848
2018-07-25,201.42002149969116
2018-07-26,201.09033514639816
2018-07-27,199.48315347487122
2018-07-30,198.17817905375932
2018-07-31,199.30457074678574
2018-08-01,199.07105077335848
2018-08-02,200.2524006721408
2018-08-03,200.9255024499587
2018-08-06,201.8321032407898
2018-08-07,202.4914759473758
2018-08-08,202.2991641480584
2018-08-09,202.1617895940828
2018-08-10,200.89802334708077
2018-08-13,200.12877614981122
2018-08-14,201.44747964215503
2018-08-15,199.8540480022741
2018-08-16,201.4200214996912
2018-08-17,202.16178959408282
2018-08-20,202.5464131927176
2018-08-21,203.30193131875527
2018-08-22,203.37061859574305
2018-08-23,202.97224496546227
2018-08-24,204.2360112124643
2018-08-27,205.70583929042974
2018-08-28,205.82946381275934
2018-08-29,206.91466829209
2018-08-30,206.0629837861866
2018-08-31,206.14542109482042
2018-09-04,205.8569429156373
2018-09-05,205.18384113781937
2018-09-06,204.56569756575735
2018-09-07,204.09865761890282
2018-09-10,204.5382184628794
2018-09-11,205.22504931192924
2018-09-12,205.23879934357524
2018-09-13,206.26904561715
2018-09-14,206.43387831358947
2018-09-17,205.12890389247758
2018-09-18,206.22783744304016
2018-09-19,206.255295585504
2018-09-20,207.84874818579902
2018-09-21,207.6427073152497
2018-09-24,206.88718918921205
2018-09-25,206.77729373811437
2018-09-26,205.98056743796684
2018-09-27,206.46135741646737
2018-09-28,206.54925918889728
2018-10-01,206.86672394512203
2018-10-02,206.56307482377082
2018-10-03,206.839113735794
2018-10-04,205.08623400079722
2018-10-05,203.76123879891824
2018-10-08,203.60941423824264
2018-10-09,203.25054469823536
2018-10-10,196.77735112867813
2018-10-11,192.58148384841704
2018-10-12,195.1210755357009
2018-10-15,194.25155401584877
2018-10-16,198.5302098032559
2018-10-17,198.47501044501888
2018-10-18,195.60415942705578
2018-10-19,195.0934863867919
2018-10-22,194.32054794854034
2018-10-23,193.174987516665
2018-10-24,187.17104114317007
2018-10-25,190.69059518761816
2018-10-26,187.39188069695624
2018-10-29,186.35671898155496
2018-10-30,189.26897478330062
2018-10-31,191.24267301166455
2018-11-01,193.40962164490563
2018-11-02,192.62288863219953
2018-11-05,193.56144620558123
2018-11-06,194.66560185367402
2018-11-07,198.64062958014893
2018-11-08,198.25417089123266
2018-11-09,196.22525224421267
2018-11-12,192.4572694970694
2018-11-13,192.18123058504622
2018-11-14,190.77340475518318
2018-11-15,192.92653775355075
2018-11-16,193.34060665179504
2018-11-19,189.98667174247706
2018-11-20,186.60514768425008
2018-11-21,187.51609504830375
2018-11-23,186.5085435422305
2018-11-26,189.40698370910263
2018-11-27,189.64161783734332
2018-11-28,194.05832467139058
2018-11-29,193.6994551313833
2018-11-30,195.09348638679182
2018-12-03,197.37083373650697
2018-12-04,190.92522931585873
2018-12-06,190.69059518761807
2018-12-07,186.19107878600576
2018-12-10,186.39812376533743
2018-12-11,186.3567189815549
2018-12-12,187.4194698458652
2018-12-13,186.96401722425736
2018-12-14,183.73429666628698
2018-12-17,179.8144893584681
2018-12-18,179.7592900002311
2018-12-19,176.99885875916107
2018-12-20,174.14180231565246
2018-12-21,170.44282403141023
2018-12-24,166.2069410283631
2018-12-26,174.20487218782387
2018-12-27,175.77390637035825
2018-12-28,175.551747207015
2018-12-31,177.217978009819
2019-01-02,177.35683940475025
2019-01-03,173.24678364971118
2019-01-04,178.98140543289261
2019-01-07,180.78649763062785
2019-01-08,182.64712167397107
2019-01-09,183.50802418545123
2019-01-10,184.41055969068177
2019-01-11,184.4522138717063
2019-01-14,183.28585442847094
2019-01-15,185.2853398667454
2019-01-16,185.8129877427551
2019-01-17,187.31258063418676
2019-01-18,189.74250673456422
2019-01-22,187.1459639100886
2019-01-23,187.34035715062782
2019-01-24,187.72914363170628
2019-01-25,189.49258164841697
2019-01-28,188.1040524482013
2019-01-29,187.84022851019643
2019-01-30,190.67283994350998
2019-01-31,192.35294841089743
2019-02-01,192.63065001348573
2019-02-04,194.00530154911797
2019-02-05,194.81065102771598
2019-02-06,194.61625778717675
2019-02-07,192.769511408417
2019-02-08,192.96390464895623
2019-02-11,193.36656879461816
2019-02-12,195.78261723041217
2019-02-13,196.39357346847095
2019-02-14,196.046441168417
2019-02-15,198.19866566620615
2019-02-19,198.5874521472846
2019-02-20,199.00401514480416
2019-02-21,198.32362820927978
2019-02-22,199.6288490474464
2019-02-25,199.92042831461816
2019-02-26,199.54554068539733
2019-02-27,199.61495019558876
2019-02-28,199.19840838534338
2019-03-01,200.5313845526769
2019-03-04,199.60107253100531
2019-03-05,199.2261637145103
2019-03-06,197.71267197122103
2019-03-07,196.17140371149065
2019-03-08,195.76873956582872
2019-03-11,198.64298399289265
2019-03-12,199.30947207655942
2019-03-13,200.58693758555913
2019-03-14,200.4202996741868
2019-03-15,201.3506116958584
2019-03-18,202.1004293288484
2019-03-19,202.05877514782387
2019-03-20,201.2256491527848
2019-03-21,203.58614455569662
2019-03-22,199.33724859300048
2019-03-25,199.20117951130706
2019-03-26,200.7368124916986
2019-03-27,199.8154412242254
2019-03-28,200.6949329478091
2019-03-29,202.02118951065745
2019-04-01,204.36652917608637
2019-04-02,204.35257642875797
2019-04-03,204.8411782081035
2019-04-04,205.27394769623118
2019-04-05,206.30702614994877
2019-04-08,206.48851837473947
2019-04-09,205.2460422015744
2019-04-10,206.1953402656087
2019-04-11,206.18138751828033
2019-04-12,207.56345507044227
2019-04-15,207.3959368948843
2019-04-16,207.4517904880065
2019-04-17,206.68396334685858
2019-04-18,206.99109420331774
2019-04-22,207.04692649453563
2019-04-23,209.12703614929922
2019-04-24,208.84783208940115
2019-04-25,208.4988216890525
2019-04-26,209.6296119778775
2019-04-29,209.93674283433666
2019-04-30,209.95069558166506
2019-05-01,208.38713580471244
2019-05-02,208.0381254043638
2019-05-03,210.28575323468533
2019-05-06,209.6156379286448
2019-05-07,205.9998952934897
2019-05-08,205.66485894237374
2019-05-09,205.00871768556593
2019-05-10,205.9580157496002
2019-05-13,200.7507865409314
2019-05-14,202.5656448831253
2019-05-15,203.76624151240085
2019-05-16,205.60900534925156
2019-05-17,204.15713145663904
2019-05-20,202.70523626212218
2019-05-21,204.68761277987406
2019-05-22,203.94771243528723
2019-05-23,201.35107420461702
2019-05-24,201.83969728586686
2019-05-28,200.06671848756244
2019-05-29,198.6986036827289
2019-05-30,199.08949362696706
2019-05-31,196.40909630851786
2019-06-03,196.0182063642797
2019-06-04,200.41572888791111
2019-06-05,201.95138317020695
2019-06-06,203.0821734590319
2019-06-07,204.92493729588261
2019-06-10,206.0697016339403
2019-06-11,205.87425666182122
2019-06-12,205.59505260192316
2019-06-13,206.54435066595744
2019-06-14,206.09762843050137
2019-06-17,206.2470014735459
2019-06-18,208.502982129486
2019-06-19,209.21760157413726
2019-06-20,211.13727940732298
2019-06-21,211.1653099878196
2019-06-24,209.9882821797817
2019-06-25,207.9985385858886
2019-06-26,207.60619598320932
2019-06-27,208.85328955195456
2019-06-28,210.31055902175365
2019-07-01,211.79585907204932
2019-07-02,212.28629801593257
2019-07-03,213.88369900714636
2019-07-05,213.75759346651407
2019-07-08,212.6085748579045
2019-07-09,212.98691286086964
2019-07-10,213.85566842664977
2019-07-11,214.14993606919336
2019-07-12,215.24289351680974
2019-07-15,215.102761995395
2019-07-16,214.5562832715868
2019-07-17,213.1410489819985
2019-07-18,213.92573418735708
2019-07-19,212.70667119910843
2019-07-22,213.21111474270586
2019-07-23,214.64035363200833
2019-07-24,215.95751296146096
2019-07-25,214.80851573391968
2019-07-26,216.3638815449227
2019-07-29,215.84541202054282
2019-07-30,215.635236119489
2019-07-31,213.28118050341322
2019-08-01,211.3054415092343
2019-08-02,209.5959395771024
2019-08-05,203.37447633309029
2019-08-06,206.02279959170968
2019-08-07,206.24700147354594
2019-08-08,210.1704488814072
2019-08-09,208.6711228503291
2019-08-12,206.09286535241708
2019-08-13,209.03543487251181
2019-08-14,202.99613833012518
2019-08-15,203.3744763330903
2019-08-16,206.45717737459978
2019-08-19,208.90932933187952
2019-08-20,207.31192834066573
2019-08-21,209.0634654530084
2019-08-22,208.88132013245118
2019-08-23,203.61268281464072
2019-08-26,205.67249216924117
2019-08-27,204.7196662430395
2019-08-28,206.17693571283857
2019-08-29,208.9093293318795
2019-08-30,208.83926357117213
2019-09-03,207.48009044257702
2019-09-04,209.6940145372381
2019-09-05,212.4964739169864
2019-09-06,212.53850909719716
2019-09-09,212.66463601889774
2019-09-10,212.87481191995155
2019-09-11,214.61234443258007
2019-09-12,215.25689811652393
2019-09-13,215.0467222154701
2019-09-16,214.61234870879366
2019-09-17,215.13317723833333
2019-09-18,215.1050179591257
2019-09-19,214.9642645215608
2019-09-20,214.02111124161658
2019-09-23,214.13372687921046
2019-09-24,212.14893801942347
2019-09-25,213.48621381209136
2019-09-26,212.83867926573566
2019-09-27,211.57179093146848
2019-09-30,212.55715091136923
2019-10-01,209.78405258842503
2019-10-02,206.37751009834724
2019-10-03,208.05263280379683
2019-10-04,210.7694125683258
2019-10-07,209.9388964052121
2019-10-08,206.54642281511983
2019-10-09,208.44677679575716
2019-10-10,209.78405258842508
2019-10-11,212.03632238182962
2019-10-14,211.83925038584945
2019-10-15,213.92258598324483
2019-10-16,213.52844199128452
2019-10-17,214.23227361681884
2019-10-18,213.3735981744975
2019-10-21,214.76719252558067
2019-10-22,214.11965797922497
2019-10-23,214.55603015037838
2019-10-24,215.14724613831882
2019-10-25,216.00592158064015
2019-10-28,217.31505957333704
2019-10-29,217.2728313941439
2019-10-30,217.7936599236836
2019-10-31,217.033509739734
2019-11-01,219.35616699153928
2019-11-04,220.15852387544538
2019-11-05,219.96145187946522
2019-11-06,219.86292662109344
2019-11-07,220.60898642582092
2019-11-08,221.22836169296897
2019-11-11,220.79198952181554
2019-11-12,221.17204313455372
2019-11-13,221.2705898721621
2019-11-14,221.4958211473499
2019-11-15,223.18501275278498
2019-11-18,223.31169729036438
2019-11-19,223.38208474876512
2019-11-20,222.6782531232308
2019-11-21,222.1151749352614
2019-11-22,222.6078656648301
2019-11-25,224.7193605414331
2019-11-26,225.19796089177967
2019-11-27,226.26779870930332
2019-11-29,225.25427945019493
2019-12-02,223.21317203199268
2019-12-03,221.88996513931028
2019-12-04,223.32576619034995
2019-12-05,223.64954420314612
2019-12-06,225.6343330629331
2019-12-09,224.91643253741327
2019-12-10,224.71936054143313
2019-12-11,225.25427945019493
2019-12-12,227.09831487241703
2019-12-13,227.098314872417
2019-12-16,228.75934719864446
2019-12-17,228.84382503626736
2019-12-18,228.9423502946391
2019-12-19,229.941800653762
2019-12-20,231.12423262964288
2019-12-23,231.2649860672078
2019-12-24,231.31567483178824
2019-12-26,232.4337476864427
2019-12-27,232.221462206342
2019-12-30,230.96185130117075
2019-12-31,231.57041740790905
2020-01-02,233.4952182782951
2020-01-03,232.0091551305668
2020-01-06,232.8017379795165
2020-01-07,232.24977413558025
2020-01-08,233.39615891947295
2020-01-09,234.85391013796297
2020-01-10,234.17457500596626
2020-01-13,235.77384267929858
2020-01-14,235.64647139123815
2020-01-15,236.22674716441267
2020-01-16,238.2506073936209
2020-01-17,238.84502833357735
2020-01-21,238.3355215856612
2020-01-22,238.47705963617798
2020-01-23,238.7459689747552
2020-01-24,236.48148974053356
2020-01-27,232.92910926757693
2020-01-28,235.17942173934222
2020-01-29,235.02373852204354
2020-01-30,235.58986912843622
2020-01-31,231.4289009530668
2020-02-03,233.46692794473137
2020-02-04,237.1466797057484
2020-02-05,239.48192796522844
2020-02-06,240.14709633476875
2020-02-07,238.77428090399349
2020-02-10,240.52923179462448
2020-02-11,241.1944217598393
2020-02-12,242.70879683680585
2020-02-13,242.60971588230922
2020-02-14,243.00599650894682
2020-02-18,242.43988749822867
2020-02-19,243.67118647416166
2020-02-20,242.93522748368846
2020-02-21,240.44431760258428
2020-02-24,232.5328286409394
2020-02-25,225.42804609935166
2020-02-26,224.18258036096233
2020-02-27,214.36045729138777
2020-02-28,212.91685123967963
2020-03-02,221.73412757587826
2020-03-03,216.01634882319664
2020-03-04,224.64963001285835
2020-03-05,217.16273360708934
2020-03-06,213.12913671978032
2020-03-09,196.01823596208112
2020-03-10,205.7412996728335
2020-03-11,195.32473406762804
2020-03-12,176.33148953556295
2020-03-13,192.38091970140974
2020-03-16,170.4863286969837
2020-03-17,179.03470649244235
2020-03-18,168.71721104389633
2020-03-19,169.96266598444842
2020-03-20,163.0277334226157
2020-03-23,158.3855704285684
2020-03-24,173.4159870985829
2020-03-25,175.80783762086494
2020-03-26,186.4282038520521
2020-03-27,180.48456915319431
2020-03-30,185.95896696436228
2020-03-31,183.29997963092885
2020-04-01,174.83953678784704
2020-04-02,178.47965382310383
2020-04-03,175.436741454868
2020-04-06,187.7079250389815
2020-04-07,187.92122636800906
2020-04-08,194.51894391861427
2020-04-09,198.1590609538711
2020-04-13,195.79866510554368
2020-04-14,201.74231065280597
2020-04-15,197.00730754627287
2020-04-16,197.93154821496532
2020-04-17,203.5339246538689
2020-04-20,200.23507672697076
2020-04-21,194.021262514359
2020-04-22,198.40078510265516
2020-04-23,198.42922961922065
2020-04-24,201.38683013456907
2020-04-27,204.9558467268167
2020-04-28,204.315986133352
2020-04-29,210.10319768790868
2020-04-30,207.3731099114661
2020-05-01,201.64276569323138
2020-05-04,202.41061576283622
2020-05-05,204.28754161678657
2020-05-06,203.1642327257538
2020-05-07,205.82322005918724
2020-05-08,209.69084983334983
2020-05-11,209.71929434991532
2020-05-12,205.25445990873172
2020-05-13,201.13087287909786
2020-05-14,203.29220050508496
2020-05-15,204.51505435569237
2020-05-18,211.29762871875965
2020-05-19,209.05098923988513
2020-05-20,212.91861901404772
2020-05-21,211.63887613030937
2020-05-22,212.23608079733035
2020-05-26,215.19368131267873
2020-05-27,218.5920741991515
2020-05-28,217.83845723623392
2020-05-29,218.563651379395
2020-06-01,220.0424407886647
2020-06-02,221.7060870103965
2020-06-03,225.16136893000018
2020-06-04,224.45040789352632
2020-06-05,230.2091749315175
2020-06-08,233.33742084944973
2020-06-09,231.20453774002812
2020-06-10,229.4840024851654
2020-06-11,215.94729827559627
2020-06-12,218.93334330751014
2020-06-15,221.27950604915037
2020-06-16,225.53106085811538
2020-06-17,224.4361747868391
2020-06-18,224.62103159930118
2020-06-19,223.35552182225007
2020-06-22,224.90541167452898
2020-06-23,225.78699641677773
2020-06-24,219.65851575386236
2020-06-25,222.3032960167793
2020-06-26,217.13279454369237
2020-06-29,220.31793591017478
2020-06-30,223.5744974980672
2020-07-01,224.8742714267974
2020-07-02,225.77411826890165
2020-07-06,229.33061427456772
2020-07-07,227.00245018183023
2020-07-08,228.85926696653172
2020-07-09,227.44524683681547
2020-07-10,229.88765713053897
2020-07-13,227.4023990628478
2020-07-14,230.38757688601723
2020-07-15,233.24421138728366
2020-07-16,232.20154589675107
2020-07-17,233.08709561793836
2020-07-20,234.8724921812299
2020-07-21,235.5438030325788
2020-07-22,236.77215673989903
2020-07-23,234.18690600335555
2020-07-24,232.37293699262167
2020-07-27,234.3725724257515
2020-07-28,232.65859608386998
2020-07-29,235.74376657589173
2020-07-30,235.2152743729711
2020-07-31,236.41507742724065
2020-08-03,238.47185775525514
2020-08-04,239.41453057693545
2020-08-05,241.1570793662593
2020-08-06,242.32830997308653
2020-08-07,242.52827351639954
2020-08-10,243.19958436774849
2020-08-11,241.24277491419463
2020-08-12,244.47078584903633
2020-08-13,244.2850976322487
2020-08-14,244.2136774108387
2020-08-17,245.25636469576293
2020-08-18,245.6277193349466
2020-08-19,244.6707493923493
2020-08-20,245.37061089674893
2020-08-21,245.9847986476049
2020-08-24,248.34151339339303
2020-08-25,249.1699400140873
2020-08-26,251.42668388541477
2020-08-27,252.02657451535376
2020-08-28,253.78339863120297
2020-08-31,253.21208044870633
2020-09-01,255.45454899350847
2020-09-02,258.8682263507462
2020-09-03,249.86982331287862
2020-09-04,247.7416227634541
2020-09-08,240.78572472707563
2020-09-09,245.4991760130436
2020-09-10,241.47131090494995
2020-09-11,241.55700645288528
2020-09-14,245.3277631227813
2020-09-15,246.72752972036383
2020-09-16,245.9133784261949
2020-09-17,243.8851705456227
2020-09-18,241.51415867891757
2020-09-21,238.6004010771581
2020-09-22,240.97141294386324
2020-09-23,235.15815127247805
2020-09-24,235.6580710279563
2020-09-25,239.43454358218187
2020-09-28,243.77981397989356
2020-09-29,242.41741741759674
2020-09-30,244.23870923058305
2020-10-01,246.27510477320925
2020-10-02,244.3534385138488
2020-10-05,248.75608449438
2020-10-06,245.68714728473586
2020-10-07,249.97504209962807
2020-10-08,252.1691876714479
2020-10-09,254.2916465883033
2020-10-12,258.06327056968655
2020-10-13,256.70089588976305
2020-10-14,254.99433336004245
2020-10-15,255.0803748518984
2020-10-16,254.6214796012089
2020-10-19,250.97889597523627
2020-10-20,251.85368761306057
2020-10-21,250.99325081212783
2020-10-22,252.77149999681285
2020-10-23,253.60327088870918
2020-10-26,248.99987601542963
2020-10-27,247.99600025744812
2020-10-28,239.7787095496057
2020-10-29,242.04456365876328
2020-10-30,239.4775643281099
2020-11-02,241.97285512142554
2020-11-03,246.61929262300634
2020-11-04,251.99710468773603
2020-11-05,257.2028337687538
2020-11-06,257.07374964859656
2020-11-09,260.1283539037225
2020-11-10,259.69812456206944
2020-11-11,261.8062286420333
2020-11-12,259.2248744744884
2020-11-13,262.89614589187073
2020-11-16,266.10847829381703
2020-11-17,265.5061659684521
2020-11-18,262.6953532343758
2020-11-19,264.1581242430468
2020-11-20,262.76706177171354
2020-11-23,264.9181865976054
2020-11-24,269.0196654742675
2020-11-25,268.9192910278934
2020-11-27,269.8657693206821
2020-11-30,267.7433322862
2020-12-01,271.142124391123
2020-12-02,271.3715610752811
2020-12-03,271.9165197001998
2020-12-04,274.64126906004685
2020-12-07,274.34012383855105
2020-12-08,275.5304155347627
2020-12-09,272.8199991294339
2020-12-10,273.22154067967716
2020-12-11,272.73393575520464
2020-12-14,271.95954044612785
2020-12-15,275.6881655639564
2020-12-16,276.0753522773081
2020-12-17,278.24083194009154
2020-12-18,277.4520817941232
2020-12-21,276.64899869363666
2020-12-22,276.70635239408284
2020-12-23,277.17960248166384
2020-12-24,277.64138953175103
2020-12-28,279.3980464387571
2020-12-29,278.2317315381091
2020-12-30,278.9804853151263
2020-12-31,280.2619947946323
2021-01-04,276.273467639762
2021-01-05,278.50531591650685
2021-01-06,281.0107485716496
2021-01-07,285.51761837470184
2021-01-08,286.89993134987833
2021-01-11,285.1864476924347
2021-01-12,286.19437279354287
2021-01-13,286.5111523926225
2021-01-14,286.2375680142247
2021-01-15,283.74654841338884
2021-01-19,286.3383715098952
2021-01-20,289.9525107906972
2021-01-21,289.7365346872881
2021-01-22,289.2613652886686
2021-01-25,290.0821184238621
2021-01-26,289.0309761309527
2021-01-27,282.09067303093394
2021-01-28,284.308108253372
2021-01-29,279.3260690517003
2021-02-01,284.0921321499628
2021-02-02,288.16704974619677
2021-02-03,288.599001953015
2021-02-04,292.2563584256182
2021-02-05,293.89784272488566
2021-02-08,296.5328610420738
2021-02-09,296.6480556209318
2021-02-10,296.518447987767
2021-02-11,297.2240065441024
2021-02-12,298.7647093188187
2021-02-16,298.2319316452106
2021-02-17,297.6127855013582
2021-02-18,295.89930184391454
2021-02-19,296.5760562627556
2021-02-22,293.75384400853335
2021-02-23,293.71064878785154
2021-02-24,297.0080304406933
2021-02-25,289.24697420548114
2021-02-26,288.0950503880206
2021-03-01,295.4961318034713
2021-03-02,292.71711476993084
2021-03-03,288.4982204284639
2021-03-04,283.933742350423
2021-03-05,289.059780268447
2021-03-08,287.64868512689554
2021-03-09,292.11235970926595
2021-03-10,294.2002312407779
2021-03-11,298.0447596792959
2021-03-12,298.635101685654
2021-03-15,300.72297321716593
2021-03-16,299.51344112471673
2021-03-17,300.6509738589898
2021-03-18,295.1793522043918
2021-03-19,295.5537181073407
2021-03-22,297.1520071859264
2021-03-23,293.76825706284035
2021-03-24,291.3348237658738
2021-03-25,293.4831420652281
2021-03-26,298.2794315580438
2021-03-29,296.8781073413957
2021-03-30,296.7914311290336
2021-03-31,298.59725903257004
2021-04-01,302.33892915818615
2021-04-05,305.863908752897
2021-04-06,305.979484383979
2021-04-07,305.719433703095
2021-04-08,307.49638423170916
2021-04-09,309.35998892888784
2021-04-12,309.44666514125
2021-04-13,310.3134713524666
2021-04-14,309.62003960977194
2021-04-15,312.91386794231863
2021-04-16,313.7084145848366
2021-04-19,311.6569967316749
2021-04-20,308.79657150473645
2021-04-21,312.4804648367104
2021-04-22,310.03898198412145
2021-04-23,313.7951128409964
2021-04-26,314.9363863767605
2021-04-27,314.7919113269585
2021-04-28,314.7485732207774
2021-04-29,315.94764559398135
2021-04-30,313.63619910373325
2021-05-03,314.1851557966259
2021-05-04,311.83037120019674
2021-05-05,311.7725723627569
2021-05-06,313.36170973538805
2021-05-07,316.0198831188823
2021-05-10,312.3070903681884
2021-05-11,309.7933920344962
2021-05-12,302.8156703699756
2021-05-13,306.15283680870334
2021-05-14,311.3825073633297
2021-05-17,310.71797503935494
2021-05-18,308.2909308742272
2021-05-19,307.39524728808834
2021-05-20,310.73241372681616
2021-05-21,310.55906130209195
2021-05-24,313.69397589737554
2021-05-25,312.827169686159
2021-05-26,313.9540265782596
2021-05-27,314.5318826898722
2021-05-28,315.06640069530374
2021-06-01,315.19641501384694
2021-06-02,315.61537943199414
2021-06-03,314.21405521534604
2021-06-04,316.9444661237413
2021-06-07,317.2045168046253
2021-06-08,317.8546104411389
2021-06-09,316.95890481120244
2021-06-10,318.36022902785055
2021-06-11,319.2992727639681
2021-06-14,319.7904526632185
2021-06-15,318.95254587072185
2021-06-16,317.3634084980907
2021-06-17,317.0600417548232
2021-06-18,313.130558473224
2021-06-21,317.45010675425044
2021-06-22,319.2559346577869
2021-06-23,319.12589829544606
2021-06-24,321.2856790490985
2021-06-25,322.48840185459295
2021-06-28,322.8506669606729
2021-06-29,322.8651496049895
2021-06-30,322.8796543602134
2021-07-01,324.6330050915325
2021-07-02,326.4298479776159
2021-07-06,325.7198004097725
2021-07-07,326.15452295924996
2021-07-08,323.40129488649757
2021-07-09,327.3137757208874
2021-07-12,328.226668752792
2021-07-13,326.40086057807554
2021-07-14,325.9516553842815
2021-07-15,324.8068852669606
2021-07-16,322.25654688008404
2021-07-19,317.6775106326151
2021-07-20,323.1694620228959
2021-07-21,326.0675828715359
2021-07-22,326.3429078899018
2021-07-23,329.60329384462176
2021-07-26,330.26984925770086
2021-07-27,328.48751112684135
2021-07-28,328.99466900880896
2021-07-29,330.4437294331289
2021-07-30,328.4875111268413
2021-08-02,328.0238011778234
2021-08-03,330.37129410063875
2021-08-04,328.8932462767783
2021-08-05,331.2407170886863
2021-08-06,331.64645223862334
2021-08-09,331.5160421070523
2021-08-10,331.7333923263373
2021-08-11,332.38548720600716
2021-08-12,333.31288499313564
2021-08-13,333.50124781288025
2021-08-16,333.6316800553587
2021-08-17,331.15377700097224
2021-08-18,327.84992100239526
2021-08-19,327.60358338356974
2021-08-20,330.54517427606675
2021-08-23,333.74760754261314
2021-08-24,334.9358255928837
2021-08-25,335.89221077955267
2021-08-26,333.64616269967524
2021-08-27,337.2398263609348
2021-08-30,338.5150066098267
2021-08-31,337.8774164853807
2021-09-01,338.4715365659697
2021-09-02,339.6162845723832
2021-09-03,339.50035708512877
2021-09-07,338.0368140164922
2021-09-08,337.2398263609347
2021-09-09,336.0660909549807
2021-09-10,333.3998250808497
2021-09-13,334.15334269255015
2021-09-14,332.1391495871817
2021-09-15,334.87787290471016
2021-09-16,334.57356048680373
2021-09-17,331.8927898574488
2021-09-20,326.1400403149333
2021-09-21,326.11105291539286
2021-09-22,329.4004262696533
2021-09-23,333.4143077251663
2021-09-24,333.8113547036114
2021-09-27,333.0845402209629
2021-09-28,326.107116751413
2021-09-29,326.3251744045782
2021-09-30,322.7928444849849
2021-10-01,327.24094556989536
2021-10-04,322.31314426476274
2021-10-05,325.32216686962437
2021-10-06,326.67403116065424
2021-10-07,329.8138750490443
2021-10-08,329.0870605663958
2021-10-11,326.71763825516376
2021-10-12,326.48507447798573
2021-10-13,327.967760052544
2021-10-14,333.4188686724083
2021-10-15,335.3958049524371
2021-10-18,336.6168701405562
2021-10-19,339.07348446018943
2021-10-20,340.3962921419581
2021-10-21,341.3266137925236
2021-10-22,340.6724851942634
2021-10-25,342.7657144531901
2021-10-26,342.63489316966167
2021-10-27,340.2945496483086
2021-10-28,343.92862206155144
2021-10-29,344.37924349189467
2021-11-01,346.0945150242488
2021-11-02,347.17020844359104
2021-11-03,349.62684494384206
2021-11-04,350.9496304449929
2021-11-05,352.30151691664054
2021-11-08,352.8829596305123
2021-11-09,351.8654237909279
2021-11-10,348.40577975572296
2021-11-11,348.82734457680505
2021-11-12,351.4148023605846
2021-11-15,351.4148023605846
2021-11-16,352.9265667250218
2021-11-17,351.4729377597247
2021-11-18,352.0253238643353
2021-11-19,351.0223163293814
2021-11-22,349.3361235869062
2021-11-23,349.4523943851863
2021-11-24,350.6298524787959
2021-11-26,343.0419075054954
2021-11-29,346.26896558290446
2021-11-30,339.3496775124947
2021-12-01,334.56724797613884
2021-12-02,340.0038061107548
2021-12-03,336.06448403594544
2021-12-06,340.38176383732736
2021-12-07,347.6644369684437
2021-12-08,349.16167302825033
2021-12-09,345.8328724571917
2021-12-10,348.18774428317533
2021-12-13,345.0188437855241
2021-12-14,342.4313860017446
2021-12-15,347.70804406295315
2021-12-16,343.8123290826534
2021-12-17,342.2424071384583
2021-12-20,337.43089881222363
2021-12-21,344.04489285983146
2021-12-22,347.4464014958963
2021-12-23,349.84488041638946
2021-12-27,354.4223704492561
2021-12-28,353.692986269442
2021-12-29,353.89721294942836
2021-12-30,353.3282941795349
2021-12-31,352.2050363100903
2022-01-03,354.4369501195984
2022-01-04,353.76590688019235
2022-01-05,346.0927933218017
2022-01-06,346.00527078167016
2022-01-07,344.429798282187
2022-01-10,343.8316979125701
2022-01-11,347.259812461312
2022-01-12,347.7995496314821
2022-01-13,342.70844004312556
2022-01-14,342.83974611236147
2022-01-18,336.1731640245218
2022-01-19,332.6429472653061
2022-01-20,328.76261808652566
2022-01-21,322.25652366764535
2022-01-24,324.3279720672328
2022-01-25,319.7912015784274
2022-01-26,318.55123956912786
2022-01-27,316.1880419494225
2022-01-28,323.977859647668
2022-01-31,330.86324808583646
2022-02-01,333.38691111546245
2022-02-02,335.58966558428585
2022-02-03,327.6102008763963
2022-02-04,329.78377374549626
2022-02-07,328.95226509616964
2022-02-08,331.97192628493866
2022-02-09,337.3693647637554
2022-02-10,331.65099546509737
2022-02-11,325.21782165696754
2022-02-14,324.0216209177338
2022-02-15,329.7837737454963
2022-02-16,330.09010263595655
2022-02-17,322.59203415782895
2022-02-18,320.01000792875607
2022-02-22,316.33392768900075
2022-02-23,310.5134339208301
2022-02-24,315.9546336697126
2022-02-25,322.9859078474593
2022-02-28,322.6357954278946
2022-03-01,317.6030490389849
2022-03-02,323.62776948714196
2022-03-03,321.16244739792404
2022-03-04,317.95316145854963
2022-03-07,308.1502363011247
2022-03-08,306.41429839172093
2022-03-09,314.91892059943825
2022-03-10,313.5039135098758
2022-03-11,309.244312570846
2022-03-14,306.19546978235354
2022-03-15,312.5848823204176
2022-03-16,320.40388161838655
2022-03-17,324.6926641571398
2022-03-18,328.48544853675
2022-03-21,328.17911964628973
2022-03-22,332.20531230560977
2022-03-23,327.6947960858315
2022-03-24,332.3629836164918
2022-03-25,333.7824645373953
2022-03-28,335.9482838301766
2022-03-29,341.0408418957082
2022-03-30,338.2750535473385
2022-03-31,333.16784738547034
2022-04-01,334.49952904601525
2022-04-04,337.3384908878221
2022-04-05,332.40688324667104
2022-04-06,328.5874591151686
2022-04-07,329.83134151535495
2022-04-08,328.8069795954801
2022-04-11,323.6704995703541
2022-04-12,322.6754115137371
2022-04-13,326.90458041318954
2022-04-14,322.9241835278914
2022-04-18,322.3680917730671
2022-04-19,328.04601545668083
2022-04-20,327.62164492180955
2022-04-21,322.2656667457872
2022-04-22,313.48538343929096
2022-04-25,315.1975360045279
2022-04-26,306.21238031405665
2022-04-27,306.8123716990602
2022-04-28,314.2902472082694
2022-04-29,302.74417555340347
2022-05-02,305.02704564038606
2022-05-03,306.4757780951322
2022-05-04,315.4609561150186
2022-05-05,303.82706287037894
2022-05-06,301.38322002960064
2022-05-09,290.70053754081385
2022-05-10,291.285903158896
2022-05-11,286.01772424323224
2022-05-12,286.3250439839023
2022-05-13,293.99314378074996
2022-05-16,292.5444113260038
2022-05-17,298.79303020194806
2022-05-18,287.1006338896229
2022-05-19,285.8274999555938
2022-05-20,285.8274999555938
2022-05-23,290.7151856371504
2022-05-24,287.80305030190635
2022-05-25,291.0078572814839
2022-05-26,296.96380451309466
2022-05-27,304.4856019818983
2022-05-31,301.98321141460417
2022-06-01,299.99301297195507
2022-06-02,306.10993295736154
2022-06-03,301.22224727580493
2022-06-06,302.11491030514196
2022-06-07,305.3928907781567
2022-06-08,301.9685856476828
2022-06-09,294.7394821526278
2022-06-10,285.98845037997427
2022-06-13,274.3106798345705
2022-06-14,273.5350899288499
2022-06-15,277.51548681414806
2022-06-16,267.82791471139336
2022-06-17,268.83765086434687
2022-06-21,275.3496898507819
2022-06-22,275.3057902206026
2022-06-23,277.7920693110091
2022-06-24,286.76874424545116
2022-06-27,285.88722882615383
2022-06-28,279.99583544138403
2022-06-29,279.5256879063272
2022-06-30,277.11623783383203
2022-07-01,280.0399089705621
2022-07-05,281.0389388557553
2022-07-06,281.5972334491682
2022-07-07,286.2398394774465
2022-07-08,285.9460084769702
2022-07-11,282.33182215929315
2022-07-12,279.89298226138976
2022-07-13,278.6735623124381
2022-07-14,277.43945865971654
2022-07-15,282.83133710188974
2022-07-18,280.87732844281305
2022-07-19,288.72275290452785
2022-07-20,291.0587396224369
2022-07-21,293.938337229989
2022-07-22,290.75020250032236
2022-07-25,291.146886680793
2022-07-26,287.5474064847542
2022-07-27,295.09897752812435
2022-07-28,298.9482151954614
2022-07-29,303.01784292655697
2022-08-01,302.31264404184014
2022-08-02,300.68185620864796
2022-08-03,305.5154400574083
2022-08-04,305.2216090569319
2022-08-05,305.11875587693766
2022-08-08,305.39790317364407
2022-08-09,303.4732843399755
2022-08-10,310.39311985321496
2022-08-11,310.40780355698485
2022-08-12,315.78499829538816
2022-08-15,317.0191019481097
2022-08-16,317.69493342528676
2022-08-17,314.84472564314285
2022-08-18,315.6674614116239
2022-08-19,311.15707597087965
2022-08-22,304.50170405057673
2022-08-23,303.92872575339396
2022-08-24,305.2069253531619
2022-08-25,309.62914131768173
2022-08-26,299.37428920134005
2022-08-29,297.185206774735
2022-08-30,293.8795575791725
2022-08-31,291.7198649779756
2022-09-01,291.8961590946877
2022-09-02,289.00190020123415
2022-09-06,287.8265537814605
2022-09-07,293.14496886904755
2022-09-08,295.4662718831867
2022-09-09,300.37331908653323
2022-09-12,303.6055049275095
2022-09-13,290.55922467984027
2022-09-14,291.69047515256756
2022-09-15,288.5758261953555
2022-09-16,285.9460084769701
2022-09-19,287.9734580727646
2022-09-20,284.6237353480241
2022-09-21,279.76076167385565
2022-09-22,276.63140659500533
2022-09-23,271.88008861134637
2022-09-26,268.89954585435265
2022-09-27,268.50114800506043
2022-09-28,274.15240855131066
2022-09-29,268.4568840789961
2022-09-30,264.81233740161093
2022-10-03,271.5407243399488
2022-10-04,280.2610780100346
2022-10-05,279.7298883825494
2022-10-06,277.05919310800607
2022-10-07,269.13561262179155
2022-10-10,266.99610697473344
2022-10-11,265.2844934512017
2022-10-12,264.561500982342
2022-10-13,271.1275793535395
2022-10-14,264.73855668659934
2022-10-17,271.806330411048
2022-10-18,275.1262599541526
2022-10-19,272.7801592991767
2022-10-20,270.4193340217969
2022-10-21,276.6460481215967
2022-10-24,279.6265908785905
2022-10-25,284.68765073417404
2022-10-26,282.93177328457796
2022-10-27,281.6038104732214
2022-10-28,288.1551191925887
2022-10-31,286.2959667537469
2022-11-01,285.4106432030337
2022-11-02,277.90023021794167
2022-11-03,275.2442820805154
2022-11-04,278.78555376865484
2022-11-07,281.3234572650052
2022-11-08,282.79898150638496
2022-11-09,276.7050591847782
2022-11-10,292.36037228640646
2022-11-11,295.34093755811335
2022-11-14,292.67024228357
2022-11-15,295.6360379034467
2022-11-16,292.62597835750574
2022-11-17,291.40129053539493
2022-11-18,292.7735172728158
2022-11-21,291.53408231358793
2022-11-22,295.3556846952305
2022-11-23,297.1558260708909
2022-11-25,297.3771457012126
2022-11-28,292.55219764249415
2022-11-29,292.0947887300205
2022-11-30,301.0954730936095
2022-12-01,301.2725287978668
2022-12-02,300.9921981043637
2022-12-05,295.07533148701424
2022-12-06,290.6487587628748
2022-12-07,290.1766027132841
2022-12-08,292.68498942068715
2022-12-09,290.2356137764655
2022-12-12,294.41135008133597
2022-12-13,296.6098893062886
2022-12-14,294.95728684593826
2022-12-15,287.60918242798647
2022-12-16,284.3187696738292
2022-12-19,281.4562490431982
2022-12-20,282.0464497338649
2022-12-21,286.31071389086406
2022-12-22,282.26925569549036
2022-12-23,283.8261374914647
2022-12-27,282.6399407600166
2022-12-28,279.08137319049314
2022-12-29,284.2116418136365
2022-12-30,283.4851135670504
2023-01-03,282.3285779757142
2023-01-04,284.83441263188286
2023-01-05,281.4982470511468
2023-01-06,287.7109097277569
2023-01-09,287.8295316633838
2023-01-10,290.0981224482987
2023-01-11,293.9235950291879
2023-01-12,295.34703563188975
2023-01-13,296.60735127638645
2023-01-17,296.2070276965691
2023-01-18,291.5363823086461
2023-01-19,289.16401147057076
2023-01-20,294.70944555599783
2023-01-23,298.44595734137204
2023-01-24,297.9566503412189
2023-01-25,298.1049334169577
2023-01-26,301.1741939863281
2023-01-27,302.39005185788807
2023-01-30,298.3421772882115
2023-01-31,303.1165801044741
2023-02-01,306.80861149209085
2023-02-02,311.39027345967804
2023-02-03,308.17272981456887
2023-02-06,305.85965863189654
2023-02-07,309.71479235289763
2023-02-08,306.4082652874527
2023-02-09,303.4279655135973
2023-02-10,303.9765721691535
2023-02-13,307.5944620189008
2023-02-14,307.7130839545277
2023-02-15,309.0920441594721
2023-02-16,304.97000542710526
2023-02-17,304.0803748471348
2023-02-21,297.7787287501889
2023-02-22,297.52666562128957
2023-02-23,299.113185932555
2023-02-24,295.7770203518189
2023-02-27,296.8297758899946
2023-02-28,295.83634263204283
2023-03-01,296.54805162098336
2023-03-02,297.00769748102454
2023-03-03,301.8414452023319
2023-03-06,301.4410989976937
2023-03-07,296.94839782562144
2023-03-08,297.33390214779325
2023-03-09,291.46226339559746
2023-03-10,286.5543741364207
2023-03-13,285.3682000297934
2023-03-14,290.45398825517924
2023-03-15,288.21505861037633
2023-03-16,293.1970667826017
2023-03-17,289.41607459947005
2023-03-20,291.93672851328427
2023-03-21,296.10322501858775
2023-03-22,290.80985406206
2023-03-23,291.3376978290385
2023-03-24,293.16878688978875
2023-03-27,293.91313462196086
2023-03-28,293.49630170919966
2023-03-29,297.7242140918619
2023-03-30,299.33200791923656
2023-03-31,303.84275335894455
2023-04-03,304.6466389147868
2023-04-04,302.60713339765596
2023-04-05,301.5054905763928
2023-04-06,302.50291381162066
2023-04-10,303.1877237201226
2023-04-11,303.5003370468485
2023-04-12,302.2200580388848
2023-04-13,306.15021315612614
2023-04-14,305.30166855360875
2023-04-17,306.52238702221223
2023-04-18,306.6712656549227
2023-04-19,306.8201442876331
2023-04-20,304.91461591052763
2023-04-21,305.18257019057836
2023-04-24,305.30166855360875
2023-04-25,300.2103327914341
2023-04-26,298.8556144671152
2023-04-27,304.46800272808633
2023-04-28,307.11787883736395
2023-05-01,306.96900020465347
2023-05-02,303.21748127411263
2023-05-03,301.4459527527226
2023-05-04,299.19800806352106
2023-05-05,304.721078231142
2023-05-08,305.04859305055294
2023-05-09,303.79809431226937
2023-05-10,305.1379111439032
2023-05-11,304.735957008137
2023-05-12,304.021389545645
2023-05-15,305.31654733060367
2023-05-16,302.9495269940619
2023-05-17,306.8796821113032
2023-05-18,309.931512356347
2023-05-19,309.1871646241749
2023-05-22,309.72309589996644
2023-05-23,306.44797042154704
2023-05-24,304.08092736931513
2023-05-25,306.1502131561261
2023-05-26,310.1845878594027
2023-05-30,310.288784729748
2023-05-31,308.4279153993176
2023-06-01,311.5095259140415
2023-06-02,316.6604222155763
2023-06-05,315.8267336743638
2023-06-06,317.270770092033
2023-06-07,316.6455207228912
2023-06-08,318.1342161872355
2023-06-09,318.47660978364144
2023-06-12,321.3349250649897
2023-06-13,323.70194540153153
2023-06-14,323.70194540153153
2023-06-15,327.64697929576784
2023-06-16,326.41135933447924
2023-06-20,324.80356550710457
2023-06-21,323.01713549302946
2023-06-22,323.88058158823196
2023-06-23,321.2113578896835
2023-06-26,320.09054037930434
2023-06-27,323.99098622754735
2023-06-28,324.25997148455485
2023-06-29,325.8141845353447
2023-06-30,329.1915730908412
2023-07-03,330.17789797271655
2023-07-05,329.17663706648204
2023-07-06,326.2475572726647
2023-07-07,325.84405658406286
2023-07-10,327.26377700634896
2023-07-11,329.8341869877324
2023-07-12,332.35974328985725
2023-07-13,335.16926647952994
2023-07-14,334.6761040385922
2023-07-17,335.9463730049248
2023-07-18,338.6213807630032
2023-07-19,339.503085065093
2023-07-20,337.05223168785426
2023-07-21,337.0223596391361
2023-07-24,338.21790287749195
2023-07-25,339.06971232777295
2023-07-26,339.32376156042136
2023-07-27,336.70852070287003
2023-07-28,340.22042468996096
2023-07-31,341.2515804480043
2023-08-01,340.3250224666559
2023-08-02,335.49804144015513
2023-08-03,334.52667538572945
2023-08-04,333.1069549634434
2023-08-07,335.66242892046773
2023-08-08,334.1082386727685
2023-08-09,331.71715219605676
2023-08-10,331.77691909658375
2023-08-11,331.46310296340835
2023-08-14,333.10695496344334
2023-08-15,329.32606571934497
2023-08-16,326.60622708509874
2023-08-17,323.93119652392977
2023-08-18,324.3048023607228
2023-08-21,326.17283154468805
2023-08-22,325.3060632669573
2023-08-23,328.8627981302161
2023-08-24,324.4542538166763
2023-08-25,326.6659939856258
2023-08-28,328.7582003535212
2023-08-29,333.54035050385403
2023-08-30,335.01981502357654
2023-08-31,334.6611680142332
2023-09-01,335.7670266971627
2023-09-05,333.7645048846937
2023-09-06,331.67232131988885
2023-09-07,330.53654498206
2023-09-08,330.89521479449394
2023-09-11,332.9724623349396
2023-09-12,331.35848238362274
2023-09-13,331.40331325979065
2023-09-14,334.24273130127216
2023-09-15,330.31239060122033
2023-09-18,330.34228545302915
2023-09-19,329.50541202710724
2023-09-20,326.59126825764895
2023-09-21,321.13363875439427
2023-09-22,320.4586461816945
2023-09-25,321.74864165115736
2023-09-26,317.1136667121207
2023-09-27,317.4436671499894
2023-09-28,319.54364912907454
2023-09-29,318.6136603794921
2023-10-02,318.1936639836751
2023-10-03,313.57368074160087
2023-10-04,315.83866293962035
2023-10-05,315.673662720686
2023-10-06,319.43866147416384
2023-10-09,321.44864749530063
2023-10-10,323.443641819475
2023-10-11,324.7186227038885
2023-10-12,322.108648371038
2023-10-13,320.29364596276037
2023-10-16,324.013623849177
2023-10-17,324.433620244994
2023-10-18,319.63364508702307
2023-10-19,316.61866605531793
2023-10-20,312.70368166795515
2023-10-23,311.8486742912717
2023-10-24,314.2036753353265
2023-10-25,309.5386941142781
2023-10-26,306.3287085816268
2023-10-27,304.6787063922835
2023-10-30,308.1887089688786
2023-10-31,310.18368040496597
2023-11-01,313.2886782827064
2023-11-02,319.51364284706284
2023-11-03,323.1136413816063
2023-11-06,323.2486353185289
2023-11-07,324.2086303501231
2023-11-08,324.1636323711489
2023-11-09,321.4036495163264
2023-11-10,326.18863297733503
2023-11-13,325.99362647638895
2023-11-14,333.2235840513137
2023-11-15,334.0485851459853
2023-11-16,333.82359525111445
2023-11-17,334.6635880427485
2023-11-20,337.18356641765064
2023-11-21,336.26856936503066
2023-11-22,337.7085733564654
2023-11-24,338.0685800763459
2023-11-27,337.6335690954795
2023-11-28,337.843567293388
2023-11-29,337.9935758153599
2023-11-30,339.38855893973357
2023-12-01,342.25355233755374
2023-12-04,341.02356943211447
2023-12-05,340.3635685563771
2023-12-06,338.92356456494235
2023-12-07,341.63854944079065
2023-12-08,343.2735599331715
2023-12-11,344.68353475450755
2023-12-12,345.9885448090198
2023-12-13,351.3585248847797
2023-12-14,353.4435151669024
2023-12-15,352.96350620706176
2023-12-18,354.4935061564449
2023-12-19,357.088488792333
2023-12-20,351.7635066955473
2023-12-21,355.63649309127055
2023-12-22,356.449940285706
2023-12-26,358.2123785600131
2023-12-27,358.8902358985578
2023-12-28,358.7094800710065
2023-12-29,357.338687084803
2024-01-02,354.943580428839
2024-01-03,351.53919244177416
2024-01-04,350.6353903187903
2024-01-05,351.16260247755736
2024-01-08,356.1787835591517
2024-01-09,355.5159815444939
2024-01-10,357.3537424086898
2024-01-11,357.1127423003639
2024-01-12,357.17298658113856
2024-01-16,355.51598154449397
2024-01-17,353.3769533059701
2024-01-18,356.49512924259386
2024-01-19,360.8334300004162
2024-01-22,362.40005712328514
2024-01-23,363.062859137943
2024-01-24,363.00259187194104
2024-01-25,365.02113154891555
2024-01-26,364.7198411893603
2024-01-29,368.03385126264953
2024-01-30,367.521671442542
2024-01-31,361.3305315114097
2024-02-01,366.1960903984537
2024-02-02,369.32929867373696
2024-02-05,367.58193870854404
2024-02-06,368.83222014797093
2024-02-07,371.73948363881505
2024-02-08,372.658364070913
2024-02-09,374.93295918010034
2024-02-12,375.29449382043026
2024-02-13,369.2841097168492
2024-02-14,373.36635504245874
2024-02-15,376.2435078855292
2024-02-16,374.27018015066983
2024-02-20,371.9202394663664
2024-02-21,371.9955620562552
2024-02-22,379.34660551303887
2024-02-23,379.602683930479
2024-02-26,378.4578587139419
2024-02-27,379.51230601670335
2024-02-28,378.8796376350465
2024-02-29,380.4763754056891
2024-03-01,383.9711183213023
2024-03-04,383.59452835708555
2024-03-05,379.5273613405902
2024-03-06,381.77184580200384
2024-03-07,385.4925564872834
2024-03-08,383.26312734975664
2024-03-11,382.6455372772139
2024-03-12,386.42649224326817
2024-03-13,385.9444460561616
2024-03-14,384.4531645084088
2024-03-15,382.1785693992215
2024-03-18,384.12176350107984
2024-03-19,386.3361143294925
2024-03-20,390.25265915143757
2024-03-21,391.8644752311944
2024-03-22,390.7663168297201
2024-03-25,389.88956937650954
2024-03-26,389.19416863408935
2024-03-27,392.6256857379891
2024-03-28,392.88264355511
2024-04-01,392.58033752717586
2024-04-02,388.9522961322644
2024-04-03,389.5570004530581
2024-04-04,384.8859271432103
2024-04-05,388.77090328901136
2024-04-08,389.2244315296066
2024-04-09,389.7837415071243
2024-04-10,385.4301287392007
2024-04-11,388.04533191599916
2024-04-12,382.4521398758962
2024-04-15,377.7508498029938
2024-04-16,376.6170984001996
2024-04-17,374.4100521869518
2024-04-18,373.63910953689503
2024-04-19,370.7064688844038
2024-04-22,374.34959559461123
2024-04-23,378.8090131656886
2024-04-24,378.8997095873151
2024-04-25,377.1008434038494
2024-04-26,380.60790241538575
2024-04-29,382.1044625709173
2024-04-30,375.8159159208568
2024-05-01,374.87868880907433
2024-05-02,378.7636649548753
2024-05-03,383.2533223552387
2024-05-06,387.36506262133736
2024-05-07,387.7127629925475
2024-05-08,387.4406275952052
2024-05-09,389.72326184855217
2024-05-10,390.08604753505824
2024-05-13,390.2977032738286
2024-05-14,392.2024203929108
2024-05-15,397.0246467167256
2024-05-16,395.9513288400407
2024-05-17,396.51063881755846
2024-05-20,396.91881884734045
2024-05-21,397.73508664197914
2024-05-22,396.3897256328773
2024-05-23,393.01868818754946
2024-05-24,395.8606324184142
2024-05-28,395.8606324184142
2024-05-29,392.6105542902301
2024-05-30,390.6907518558519
2024-05-31,393.698957482211
2024-06-03,393.81987066689214
2024-06-04,393.7745224560789
2024-06-05,398.59674877989374
2024-06-06,398.24909454114635
2024-06-07,397.4932602726169
2024-06-10,398.8234898339601
2024-06-11,399.50375912862165
2024-06-12,403.26779902351024
2024-06-13,403.44923799922594
2024-06-14,403.14688583882906
2024-06-17,406.21557112376007
2024-06-18,407.2434946571691
2024-06-20,406.2155711237601
2024-06-21,405.5957814876705
2024-06-24,404.9155121930089
2024-06-25,406.24578788681475
2024-06-26,406.23070257151875
2024-06-27,407.21327789411447
2024-06-28,405.82557355828845
2024-07-01,406.64474624213545
2024-07-02,408.9961986997637
2024-07-03,410.6800999576411
2024-07-05,412.81914344762555
2024-07-08,413.38044386691803
2024-07-09,413.2742856797325
2024-07-10,417.27926880178256
2024-07-11,415.4132828730805
2024-07-12,418.1591826725408
2024-07-15,419.9492884142402
2024-07-16,423.4081564137256
2024-07-17,417.4309828791515
2024-07-18,413.7900765054779
2024-07-19,411.21107608011437
2024-07-22,415.504348356811
2024-07-23,415.20092020207306
2024-07-24,405.8558978551077
2024-07-25,404.2933400811436
2024-07-26,409.13272748040487
2024-07-29,409.1630517772241
2024-07-30,407.4639652226188
2024-07-31,413.5018336474678
2024-08-01,407.02400828723967
2024-08-02,398.8319573723149
2024-08-05,387.12034356762985
2024-08-06,391.04949279931367
2024-08-07,388.0609291803448
2024-08-08,397.14805611443745
2024-08-09,398.86232796577053
2024-08-12,398.6044094045796
2024-08-13,405.2339025455403
2024-08-14,406.3868739775809
2024-08-15,413.42595346046505
2024-08-16,414.41207181504524
2024-08-19,418.3260357500012
2024-08-20,417.30959309860174
2024-08-21,419.4031269950391
2024-08-22,415.85323980845953
2024-08-23,421.11739884637217
2024-08-26,420.0554928980621
2024-08-27,420.43475494316635
2024-08-28,417.87093981453063
2024-08-29,418.28052615645413
2024-08-30,422.31587987195985
2024-09-03,413.22877608618535
2024-09-04,412.30335262188004
2024-09-05,411.0290377059261
2024-09-06,404.20232089404936
2024-09-09,408.52591746756525
2024-09-10,410.11879953834864
2024-09-11,414.1996628474014
2024-09-12,417.64334555015904
2024-09-13,420.55609842707975
2024-09-16,421.39045640765454
2024-09-17,421.8152280463059
2024-09-18,420.75332209799575
2024-09-19,427.88342076797403
2024-09-20,426.9883678971243
2024-09-23,428.0503201420708
2024-09-24,429.12741138710874
2024-09-25,427.7165676905136
2024-09-26,429.62806321276275
2024-09-27,429.20476973311725
2024-09-30,430.89391749462794
2024-10-01,426.96782038815786
2024-10-02,427.0591670916712
2024-10-03,426.1461180129848
2024-10-04,430.2700013981856
2024-10-07,426.3439507313208
2024-10-08,429.9352182839874
2024-10-09,432.9330341212513
2024-10-10,432.03521723308467
2024-10-11,435.3830019354612
2024-10-14,438.7764832093971
2024-10-15,435.76343518161343
2024-10-16,437.9851987756583
2024-10-17,437.8938985117502
2024-10-18,439.61346421469517
2024-10-21,438.22868162594835
2024-10-22,437.72648373484844
2024-10-23,433.7699686869441
2024-10-24,434.92650061592053
2024-10-25,434.51564942833403
2024-10-28,436.28086526323307
2024-10-29,436.8590847881161
2024-10-30,435.7786673721332
2024-10-31,427.65261880707396
2024-11-01,429.47871696444685
2024-11-04,428.7026182816226
2024-11-05,434.1504019330964
2024-11-06,446.2938478685339
2024-11-07,449.41338191114016
2024-11-08,451.51338086023736
2024-11-11,452.7764452436417
2024-11-12,450.9959972182229
2024-11-13,450.78297874897237
2024-11-14,447.4503797975103
2024-11-15,441.774299046661
2024-11-18,443.5699328229943
2024-11-19,445.60904944961766
2024-11-20,445.8677644904275
2024-11-21,448.98729853303377
2024-11-22,451.20906212707865
2024-11-25,453.4155470909985
2024-11-26,455.0742304714696
2024-11-27,453.7807945862362
2024-11-29,456.3068304738345
2024-12-02,457.17422942056686
2024-12-03,457.17422942056686
2024-12-04,460.2481597708243
2024-12-05,458.9698631969001
2024-12-06,460.24815977082426
2024-12-09,457.311179816429
2024-12-10,455.59166055308924
2024-12-11,459.2589961791443
2024-12-12,456.6416135880326
2024-12-13,456.41336292826236
2024-12-16,458.2698790270695
2024-12-17,456.00251174067586
2024-12-18,441.8960636916086
2024-12-19,441.2721475951663
2024-12-20,446.2938478685338
2024-12-23,448.8214482135535
2024-12-24,453.58444388333345
2024-12-26,453.8439869882705
2024-12-27,448.9283216443066
2024-12-30,443.96686005691186
2024-12-31,442.42497554766817
2025-01-02,441.5853622220219
2025-01-03,447.3864371350629
2025-01-06,449.8900893445975
2025-01-07,444.8675505698805
2025-01-08,445.27971676075794
2025-01-10,438.5931856903962
2025-01-13,439.31069122964146
2025-01-14,440.30302081771526
2025-01-15,448.3787201348932
2025-01-16,448.0428654869859
2025-01-17,452.17999469262577
2025-01-21,456.6682129018208
2025-01-22,458.8970410625268
2025-01-23,461.3090541969561
2025-01-24,459.9656356053272
2025-01-27,453.553928583794
2025-01-28,457.44674904014477
2025-01-29,455.4926983400237
2025-01-30,458.34743955311336
2025-01-31,455.84383393182236
2025-02-03,452.515849340533
2025-02-04,455.79803768839156
2025-02-05,457.90475806269654
2025-02-06,459.0344297928192
2025-02-07,454.92786247496224
2025-02-10,457.8436808753742
2025-02-11,457.59941871432864
2025-02-12,456.08809609286783
2025-02-13,460.8510917626478
2025-02-14,460.7900145753255
2025-02-18,462.0876369235236
2025-02-19,462.74406527544653
2025-02-20,460.25569400980345
2025-02-21,451.7525475578567
2025-02-24,449.44736126593693
2025-02-25,447.21853310523085
2025-02-26,447.3711561911712
2025-02-27,440.4404095480075
2025-02-28,447.23376746087877
2025-03-03,439.2190987427796
2025-03-04,433.73859753375433
2025-03-05,438.6695438216097
2025-03-06,430.51748637321805
2025-03-07,432.5478486163093
2025-03-10,420.7624672282604
2025-03-11,417.816133528309
2025-03-12,419.8770576591832
2025-03-13,413.984343671037
2025-03-14,422.8539066586739
2025-03-17,426.3498418680387
2025-03-18,421.7547502280906
2025-03-19,426.54830778565344
2025-03-20,425.52546289804025
2025-03-21,425.69341351611564
2025-03-24,433.57069350392237
2025-03-25,434.30343339881557
2025-03-26,429.21986402501983
2025-03-27,427.41081830125034
2025-03-28,418.8929388451626
2025-03-31,421.05305512217905
2025-04-01,422.4777977455108
2025-04-02,425.8175788473585
2025-04-03,404.384959660482
2025-04-04,380.65439715538736
2025-04-07,379.41348625729484
2025-04-08,373.42338652870194
2025-04-09,411.30959966267795
2025-04-10,394.38104475507356
2025-04-11,400.98393248537315
2025-04-14,404.67604214302014
2025-04-15,403.97133827869385
2025-04-16,395.5759977218563
2025-04-17,396.4032872381606
2025-04-21,386.98153729782814
2025-04-22,396.8322435146281
2025-04-23,403.58833993353625
2025-04-24,412.0908844949449
2025-04-25,414.61871097516746
2025-04-28,415.216164082195
2025-04-29,417.71332077305925
2025-04-30,417.9584453242875
2025-05-01,420.56280601972287
2025-05-02,427.11973581871257
2025-05-05,424.69920684851644
2025-05-06,421.2522217420976
2025-05-07,422.9986698845981
2025-05-08,426.3231160917666
2025-05-09,425.84820188398936
2025-05-12,440.09572162276265
2025-05-13,443.08312741608336
2025-05-14,443.37420989862136
2025-05-15,445.1819508671108
2025-05-16,448.23060273369276
2025-05-19,448.5829780422198
2025-05-20,447.1122774875782
2025-05-21,439.3297249324474
2025-05-22,439.25314396450693
2025-05-23,436.67940630570223
2025-05-27,445.65686507488806
2025-05-28,443.03716948477353
2025-05-29,444.46191210810537
2025-05-30,444.0942486576269
2025-06-02,446.36156893921446
2025-06-03,449.44089059515477
2025-06-04,449.3949326638449
2025-06-05,446.91311086765984
2025-06-06,452.1218790112582
2025-06-09,452.4895424617367
2025-06-10,454.87949514802983
2025-06-11,453.66920728656794
2025-06-12,455.1245729465304
2025-06-13,449.74730797237197
2025-06-16,454.1900794256551
2025-06-17,450.4060539053885
2025-06-18,450.57455073594855
2025-06-20,449.5328064577744
2025-06-23,453.8530390118073
2025-06-24,459.15372301802535
2025-06-25,458.6175159842591
2025-06-26,462.5700850878135
2025-06-27,464.6689085388409
2025-06-30,467.0174469109112
2025-07-01,467.0174469109112
2025-07-02,469.44529399792634
2025-07-03,473.3174976756464
2025-07-07,469.5835819621479
2025-07-08,469.5528200413174
2025-07-09,472.5031039575602
2025-07-10,473.76312348914166
2025-07-11,471.7655212552065
2025-07-14,472.84115683449255
2025-07-15,470.35187969216025
2025-07-16,472.13433605296945
2025-07-17,475.2075269730186
2025-07-18,474.9462851118188
2025-07-21,475.4841029014618
2025-07-22,476.0372547583481
2025-07-23,480.0477932934617
2025-07-24,479.8787434084096
2025-07-25,482.01463360656635
2025-07-28,481.8763456423448
2025-07-29,480.35508424956345
2025-07-30,479.80193239267714
2025-07-31,477.71218507576623
2025-08-01,469.79868094210195
2025-08-04,477.1589863257079
2025-08-05,475.0538580483817
2025-08-06,478.2653369326524
2025-08-07,477.98876100420927
2025-08-08,481.00047497576935
2025-08-11,479.89412436882475
2025-08-12,485.76393028048
2025-08-13,488.1149194585907
2025-08-14,487.39271771665227
2025-08-15,486.2863671097077
2025-08-18,486.4707510620032
2025-08-19,483.52051403893233
2025-08-20,482.2451135469356
2025-08-21,480.5856110831047
2025-08-22,488.9139322162617
2025-08-25,486.56294303815093
2025-08-26,488.7756442520401
2025-08-27,490.0817597716954
2025-08-28,491.8642161325045
2025-08-29,488.94469413709214
2025-09-02,485.548784407354
2025-09-03,487.60781669660633
2025-09-04,491.9256930809937
2025-09-05,491.0190604935879
2025-09-08,492.5864178744431
2025-09-09,493.2164276402338
2025-09-10,494.47640027864327
2025-09-11,499.0554716310584
2025-09-12,498.33326988911995
2025-09-15,500.7611169761351
2025-09-16,500.08501122227057
2025-09-17,499.6393854087753
2025-09-18,502.7893873445569
2025-09-19,504.67941664192904
2025-09-22,506.86135593498767
2025-09-23,504.1415988522861
2025-09-24,502.2977124361598
2025-09-25,499.6086703811168
2025-09-26,502.7432913564831
2025-09-29,504.0140764349191
2025-09-30,505.6628038676054
2025-10-01,507.419355497518
2025-10-02,508.15898340775476
2025-10-03,508.43632624039367
2025-10-06,510.34697289617225
2025-10-07,507.8970171614627
2025-10-08,511.2714960281683
2025-10-09,509.49952078870916
2025-10-10,495.8475102960207
2025-10-13,503.752110188627
2025-10-14,503.598015162761
2025-10-15,505.9863705056841
2025-10-16,501.96471133962126
2025-10-17,504.3222194634512
2025-10-20,509.94638225676044
2025-10-21,509.88473484177405
2025-10-22,506.7875988077073
2025-10-23,510.03882986764
2025-10-24,514.1991134268224
2025-10-27,519.9311004173579
2025-10-28,520.7323757425811
2025-10-29,520.3625382758628
2025-10-30,514.7692227016466
2025-10-31,516.8340114064911
2025-11-03,517.4194972676621
2025-11-04,511.1636248077421
2025-11-05,513.3516613193594
2025-11-06,507.5118031083977
2025-11-07,508.62122146215296
2025-11-10,516.0635833003612
2025-11-11,517.3270496567826
2025-11-12,517.5119448785418
2025-11-13,508.3438786295141
2025-11-14,508.2668076049812
2025-11-17,502.981682082497
2025-11-18,499.5764030198981
2025-11-19,501.20970684303785
2025-11-20,493.2280829490985
2025-11-21,498.92922272054096
2025-11-24,506.3870081682957
2025-11-25,511.8108051070994
2025-11-26,515.3239553901244
2025-11-28,518.2053489833388
2025-12-01,515.6629456377497
2025-12-02,516.2792787180138
2025-12-03,518.5905630364039
2025-12-04,519.4072149479737
2025-12-05,520.131419248664
2025-12-08,518.6059866459505
2025-12-09,518.082101176566
2025-12-10,521.9342417072162
2025-12-11,523.6907933371288
2025-12-12,517.7122637098475
2025-12-15,516.6952929669719
2025-12-16,515.2006605601516
2025-12-17,509.5765447900422
2025-12-18,513.4903327356787
2025-12-19,518.0666775670193
2025-12-22,521.6584209215096
2025-12-23,523.3890336990837
2025-12-24,525.181467548903
2025-12-26,524.8569894420233
2025-12-29,522.8791395311298
2025-12-30,522.0447201006345
2025-12-31,518.0580861648942
2026-01-02,519.6651039536395
2026-01-05,523.5744497601579
2026-01-06,527.2365584333569
2026-01-07,525.4441245835376
2026-01-08,525.5832337850047
2026-01-09,529.0753462984447
2026-01-12,530.0488277747455
2026-01-13,528.9826382679076
2026-01-14,526.9120803264772
2026-01-15,528.5345180165375
2026-01-16,528.2255069666345
2026-01-20,517.8108490315751
2026-01-21,523.9452818823063
2026-01-22,526.7111972084264
2026-01-23,526.2321899987643
2026-01-26,528.5036310582457
2026-01-27,530.4196598968939
2026-01-28,530.126068748306
2026-01-29,528.9053972943473
2026-01-30,526.247657055741
2026-02-02,529.1989884429353
2026-02-03,525.1351135336346
2026-02-04,522.6627893561024
2026-02-05,515.9411742081953
2026-02-06,526.850259254232
2026-02-09,529.4462255762546
2026-02-10,528.1482188374126
2026-02-11,527.6383246694587
2026-02-12,519.2015638009543
2026-02-13,520.1904651785702
2026-02-17,520.8394685479913
2026-02-18,523.5589827031813
2026-02-19,522.5700813255653
2026-02-20,525.784069747394
2026-02-23,519.8968740299822
2026-02-24,524.1461650003571
2026-02-25,528.1945728526811
2026-02-26,526.1240149112505
2026-02-27,523.4662746726442
2026-03-02,524.0071029545516
2026-03-03,518.7689106065608
2026-03-04,522.5700813255653
2026-03-05,519.1860967439775
2026-03-06,512.0936494739223
2026-03-09,516.5283565053712
2026-03-10,515.3385720097044
2026-03-11,514.9213387166261
2026-03-12,506.70092802314923
2026-03-13,503.9350126970291
2026-03-16,509.08049701448283
2026-03-17,510.79568989074176
2026-03-18,503.7650165372701
2026-03-19,502.8688231901912
2026-03-20,494.9883105049093
2026-03-23,500.93732729456633
2026-03-24,499.37666352108965
2026-03-25,502.420702938821
2026-03-26,493.7675918952891
2026-03-27,485.3277406333517
2026-03-30,483.142062714477
2026-03-31,497.29468558194424
2026-04-01,501.06147107137826
2026-04-02,501.86756486913225
2026-04-06,504.115213614008
2026-04-07,504.4562423809099
2026-04-08,517.2757828997441
2026-04-09,519.9884966754719
2026-04-10,519.3684099676691
2026-04-13,524.97989191505
2026-04-14,531.1493478263104
2026-04-15,535.1641585376707
2026-04-16,536.3887682878149
2026-04-17,543.3643179968292
2026-04-20,542.8682675529766
2026-04-21,539.1944856085182
2026-04-22,544.4339060700227
2026-04-23,542.2327117916607
2026-04-24,545.7204866461678
2026-04-27,546.4645623119467
2026-04-28,543.5193396737799
2026-04-29,542.8682675529766
2026-04-30,549.0222544107238
2026-05-01,550.7429146047206
2026-05-04,548.7122583627965
2026-05-05,553.3780938889861
2026-05-06,560.9271812273413
2026-05-07,558.3540200750509
2026-05-08,562.4928197443872
2026-05-11,563.6709277220436
2026-05-12,562.3688307864112
2026-05-13,565.3450388375785
2026-05-14,569.5148712258895
2026-05-15,562.2912962949488
2026-05-18,561.7022423061206
2026-05-19,558.1369802661252
2026-05-20,564.5389923457986
2026-05-21,565.9340928264066
2026-05-22,568.5693194166461
2026-05-26,572.7081190859825
2026-05-27,572.5530974090318
2026-05-28,576.1184067550014
2026-05-29,577.4825218226089
2026-06-01,578.8156041712418
2026-06-02,580.3037081968255
2026-06-03,576.102890395514
2026-06-04,578.7846187582413
2026-06-05,563.2833971826539
2026-06-08,564.973024657676
2026-06-09,563.7329458540187
2026-06-10,555.0057505380071
2026-06-11,564.7094830762626
2026-06-12,567.9027309363557
2026-06-15,577.4670054631218
2026-06-16,574.1187359260781
2026-06-17,566.9726954865998
2026-06-18,573.52968193725
2026-06-22,571.7005491447644
2026-06-23,563.7794476265068
2026-06-24,563.7019131350444
2026-06-25,564.2134799383842
2026-06-26,563.1035773356605
2026-06-29,570.7210586529113
2026-06-30,575.2604822117543
2026-07-01,574.0634175791996
2026-07-02,573.2706089601991
2026-07-06,577.7944714378959
2026-07-07,574.5919724726401
2026-07-08,572.4777528988781
2026-07-09,577.4524597489262
2026-07-10,579.3801361182176
2026-07-13,574.8562736405207
2026-07-14,577.0016153765749
2026-07-15,578.9604139081584
2026-07-16,576.0999266318724
2026-07-17,570.5500765295867
2026-07-20,569.3685729781781
2026-07-21,574.3432798282263
2026-07-22,573.4415910835238
2026-07-23,566.9434164354178
2026-07-24,567.1143985587424
2026-07-27,567.7051503344468
2026-07-28,568.9643644069447
2026-07-29,560.3053343839589
2026-07-30,569.3996476981498
2026-07-31,572.4155560166145
2026-08-03,581.1679050841561
2026-08-04,592.0189600866344
2026-08-05,590.2000689584039
2026-08-06,589.298427656022
2026-08-07,593.5113531647207
2026-08-10,593.2781741591324
2026-08-11,591.754658918754
2026-08-12,593.5890636858101
2026-08-13,597.4289027855673
2026-08-14,596.7293657688022
2026-08-17,594.0554691393074
